geo_id,county,state,has_occupied_units,pct_renter,pct_rent_burden_30_plus,pct_rent_burden_50_plus,pct_overcrowded_renter,renter_population,pct_housing_pre_1980,pct_poverty_under_100,pct_low_income_households,median_household_income,pct_elderly_65_plus,pct_children_under_18,pct_white,pct_black,pct_asian,pct_hispanic,pct_living_alone,pct_limited_english
36005000100,Bronx County,New York,False,,,,,0,,,,,3.08,0.0,33.53,44.68,0.44,21.36,,3.19
36005000200,Bronx County,New York,True,39.97,24.59,18.53,10.95,1816,69.07,12.88,9.53,123729,14.88,17.78,12.09,33.29,7.63,60.58,9.82,12.95
36005000400,Bronx County,New York,True,39.77,51.86,16.74,6.01,2055,32.86,4.47,10.64,105924,14.06,21.15,2.15,35.82,1.85,64.14,24.12,8.99
36005001600,Bronx County,New York,True,77.96,68.1,33.74,16.81,4232,78.01,15.16,30.92,52147,21.65,18.84,2.76,40.88,4.53,57.26,26.16,13.58
36005001901,Bronx County,New York,True,90.25,61.62,33.8,3.95,2131,30.09,22.45,32.9,58083,3.23,21.37,10.97,53.1,3.05,43.14,45.17,1.05
36005001902,Bronx County,New York,True,91.83,61.79,38.03,23.73,1463,74.89,39.56,33.65,48953,3.17,11.45,4.28,19.53,1.3,50.94,43.11,12.36
36005001903,Bronx County,New York,False,,,,,0,,,,,,,,,,,,
36005001904,Bronx County,New York,False,,,,,0,,,,,,,,,,,,
36005002001,Bronx County,New York,True,100.0,55.13,21.03,2.89,4199,81.12,52.39,64.03,22311,15.43,28.05,10.72,35.53,0.0,61.28,36.9,7.61
36005002002,Bronx County,New York,True,77.77,56.76,19.77,9.17,2539,82.44,42.97,62.11,18649,32.22,13.36,13.58,25.08,2.72,77.67,44.03,18.28
36005002300,Bronx County,New York,True,100.0,58.42,29.73,9.87,4562,96.32,60.3,66.49,16332,12.28,30.48,6.81,36.7,0.0,64.35,30.51,18.67
36005002400,Bronx County,New York,False,,,,,0,,74.29,,,0.0,9.52,0.0,75.24,0.0,14.29,,14.29
36005002500,Bronx County,New York,True,97.65,63.38,33.58,19.97,4840,84.34,44.84,42.74,35582,10.22,25.25,4.73,21.13,0.0,78.39,30.88,23.12
36005002701,Bronx County,New York,True,97.58,53.6,38.7,19.78,3066,84.69,46.74,60.9,20266,20.19,37.16,3.05,23.43,1.16,78.72,33.67,18.99
36005002702,Bronx County,New York,True,93.0,75.32,50.64,17.95,3903,67.29,46.07,47.77,30895,8.84,23.76,3.23,29.93,0.69,72.72,26.24,23.39
36005002800,Bronx County,New York,True,83.0,38.77,17.65,12.84,4524,90.51,8.22,16.46,58068,15.62,19.19,8.97,59.01,0.0,45.31,48.15,2.38
36005003100,Bronx County,New York,True,85.03,66.33,35.4,11.44,2465,52.49,21.95,18.07,59297,8.5,31.96,29.09,37.45,11.76,63.34,20.05,14.02
36005003300,Bronx County,New York,True,79.16,55.19,31.23,9.15,2705,39.62,43.25,48.67,31289,14.96,29.91,2.35,32.09,0.0,68.8,28.56,19.97
36005003500,Bronx County,New York,True,97.34,54.08,24.64,12.23,3266,64.44,22.41,33.33,36569,13.59,28.93,6.29,40.97,2.64,69.41,24.65,10.58
36005003700,Bronx County,New York,True,100.0,12.41,6.57,0.0,394,85.23,29.97,14.09,53029,8.13,31.34,8.37,41.39,0.0,78.23,8.05,19.35
36005003800,Bronx County,New York,True,48.47,80.0,33.94,8.95,510,69.98,32.31,27.04,54214,15.76,23.28,15.6,12.08,7.12,81.2,42.35,15.87
36005003900,Bronx County,New York,True,92.13,55.93,34.02,20.55,5075,60.1,37.09,57.35,25625,15.7,27.49,7.56,4.03,0.88,85.59,46.38,16.32
36005004001,Bronx County,New York,True,39.26,51.81,12.65,0.52,440,91.8,8.58,14.72,78935,28.83,21.02,5.8,14.68,34.39,45.75,20.45,15.36
36005004100,Bronx County,New York,True,98.26,63.57,58.31,17.2,5680,76.57,53.9,74.15,14592,12.14,28.82,4.63,33.69,0.94,68.94,49.96,17.84
36005004200,Bronx County,New York,True,87.6,47.59,22.99,9.65,6799,82.86,15.65,26.03,55404,16.42,25.87,17.43,45.82,0.35,67.16,23.32,10.15
36005004300,Bronx County,New York,True,86.19,68.6,39.83,12.9,4335,69.2,47.15,53.05,23393,14.74,29.85,12.56,32.3,0.0,67.37,41.35,16.52
36005004400,Bronx County,New York,True,96.1,54.53,24.93,3.92,3851,86.12,38.2,53.22,24375,13.9,23.73,14.32,35.6,3.02,63.44,28.46,11.49
36005004600,Bronx County,New York,True,77.71,75.26,45.49,9.3,1074,79.47,51.39,49.1,30714,20.16,27.81,9.81,36.33,0.0,64.95,40.51,11.34
36005004800,Bronx County,New York,True,97.13,63.65,40.23,25.5,3876,97.33,25.5,46.13,35870,10.09,28.62,8.11,18.51,0.86,81.33,27.3,34.79
36005005001,Bronx County,New York,True,88.05,74.15,48.3,23.59,4110,87.64,55.94,43.46,33632,7.83,31.43,1.87,31.82,1.46,67.53,23.47,20.09
36005005002,Bronx County,New York,True,93.83,75.34,47.32,26.25,5605,92.69,38.37,45.85,34688,7.55,30.88,1.88,25.47,0.0,71.57,28.83,31.87
36005005100,Bronx County,New York,True,93.52,61.46,22.77,11.64,6960,56.99,38.18,57.82,25851,17.08,31.84,8.35,52.06,1.21,60.46,37.68,12.04
36005005200,Bronx County,New York,True,85.12,47.18,29.47,8.38,1464,84.9,37.89,42.31,39743,15.73,26.73,8.93,30.05,0.0,71.04,26.94,15.45
36005005300,Bronx County,New York,True,98.64,82.53,56.55,9.99,4016,90.83,63.89,66.79,20608,8.83,28.63,5.46,58.03,0.0,37.71,43.31,8.7
36005005400,Bronx County,New York,True,89.18,62.57,31.25,16.86,4905,95.95,24.84,28.36,54884,8.83,31.36,1.09,29.77,0.0,69.45,15.15,23.48
36005005600,Bronx County,New York,True,84.59,59.83,37.68,18.68,2153,100.0,43.7,41.25,41684,18.63,22.07,1.0,16.39,3.08,73.01,34.99,23.8
36005005902,Bronx County,New York,True,64.36,69.6,46.44,13.75,2174,90.78,34.12,25.54,51364,16.1,14.74,25.94,24.61,0.63,51.87,47.59,13.19
36005006000,Bronx County,New York,True,90.67,57.14,33.14,23.43,1115,71.5,14.48,23.32,78269,15.86,27.5,1.8,18.44,0.0,83.83,23.32,17.03
36005006100,Bronx County,New York,True,56.16,38.24,23.2,2.66,2078,97.65,10.71,24.21,72123,27.22,13.27,2.85,80.47,0.89,15.97,50.03,0.0
36005006200,Bronx County,New York,True,98.78,54.61,31.47,12.85,6310,97.08,47.12,54.95,27453,15.37,31.64,3.68,38.94,0.35,68.13,25.43,25.41
36005006301,Bronx County,New York,True,82.3,66.13,45.8,19.47,5207,68.68,34.46,32.28,59924,12.6,16.38,16.01,41.56,0.95,50.38,34.06,14.18
36005006302,Bronx County,New York,False,,,,,0,,,,,,,,,,,,
36005006400,Bronx County,New York,True,83.48,74.72,52.14,13.24,3241,90.61,41.22,40.6,41429,10.52,27.37,11.68,26.11,1.86,58.2,25.6,17.36
36005006500,Bronx County,New York,True,96.12,59.77,42.38,9.78,4402,32.94,54.26,56.93,22740,10.21,27.67,24.32,41.54,1.37,52.23,37.55,9.63
36005006700,Bronx County,New York,True,98.22,70.7,30.12,27.19,7291,75.95,54.88,49.05,30191,10.19,33.61,2.65,25.07,0.48,81.25,44.77,20.66
36005006800,Bronx County,New York,True,71.0,93.86,77.47,14.98,1838,93.3,34.78,42.22,32550,21.28,28.64,12.31,14.48,14.63,62.75,22.73,23.31
36005006900,Bronx County,New York,True,96.82,72.76,44.12,12.14,5531,44.34,39.13,56.04,26608,16.36,19.52,10.93,33.96,0.86,71.55,36.6,22.16
36005007000,Bronx County,New York,True,72.22,74.6,36.74,15.02,2953,80.25,34.98,35.73,40417,16.08,23.03,10.39,22.55,17.79,45.83,23.64,17.57
36005007100,Bronx County,New York,True,75.49,74.96,61.18,8.57,2098,22.27,36.44,57.39,23148,18.93,14.9,6.77,37.86,2.92,63.32,50.46,10.07
36005007200,Bronx County,New York,True,66.89,56.58,26.63,30.82,3439,96.03,18.68,25.85,58244,18.8,18.16,6.4,11.25,41.22,39.24,26.28,24.95
36005007300,Bronx County,New York,True,91.89,69.26,39.91,24.66,3992,80.47,39.77,50.06,29978,12.07,32.25,10.75,36.28,0.83,60.76,33.33,16.7
36005007400,Bronx County,New York,True,73.55,57.25,40.55,13.04,2592,64.83,19.27,30.23,69363,21.1,22.56,4.51,55.76,0.0,51.77,33.94,3.74
36005007500,Bronx County,New York,True,85.56,58.59,36.87,13.28,5570,42.97,43.33,44.2,34259,13.4,32.21,8.53,28.51,0.94,74.48,31.69,9.81
36005007600,Bronx County,New York,True,74.04,72.18,44.8,8.01,3451,93.93,20.42,36.22,53320,14.28,22.85,4.32,25.93,18.34,51.77,26.84,17.58
36005007700,Bronx County,New York,True,80.03,58.24,29.01,16.84,1485,54.38,27.21,23.13,50733,10.94,19.53,4.12,26.96,1.83,72.63,26.62,14.01
36005007800,Bronx County,New York,True,72.41,73.4,51.74,15.01,3648,94.58,29.31,38.87,47216,9.14,29.31,15.52,19.92,1.81,60.96,39.86,13.74
36005007900,Bronx County,New York,True,98.43,57.38,31.18,7.9,6381,76.72,31.25,41.48,43081,12.2,30.11,1.42,30.66,0.0,77.64,15.15,19.5
36005008300,Bronx County,New York,True,89.25,49.12,30.28,11.09,5312,75.71,30.15,38.18,48634,9.11,23.65,3.07,15.19,0.27,85.7,24.27,17.96
36005008400,Bronx County,New York,True,30.69,48.73,19.43,8.6,759,83.38,15.48,11.93,63631,16.83,22.65,10.88,45.01,8.53,53.22,45.75,6.84
36005008500,Bronx County,New York,True,82.37,47.37,29.44,10.65,4229,69.35,26.86,39.93,41535,11.17,25.76,5.4,32.77,3.07,69.52,34.17,15.56
36005008600,Bronx County,New York,True,90.19,66.02,27.98,4.86,3399,95.67,48.05,64.97,22671,19.67,19.07,2.99,38.84,3.17,56.27,31.74,17.02
36005008700,Bronx County,New York,True,94.07,58.01,44.13,9.25,5363,39.8,36.95,42.75,40188,11.79,30.47,5.31,30.71,0.0,70.7,31.23,18.1
36005008900,Bronx County,New York,True,94.95,67.37,36.46,6.34,2679,38.83,25.83,41.83,35914,28.79,14.11,12.58,18.28,0.0,78.3,42.42,24.39
36005009000,Bronx County,New York,True,84.47,63.56,25.38,0.0,2786,77.13,42.85,45.43,36806,15.9,28.1,9.92,38.23,4.74,62.68,15.22,12.63
36005009200,Bronx County,New York,True,73.61,59.77,42.93,25.83,4441,84.95,15.86,27.72,58717,10.61,23.28,15.18,9.39,27.21,56.88,27.51,18.57
36005009301,Bronx County,New York,True,85.25,44.54,23.19,19.39,4846,77.02,25.96,27.35,50962,8.72,30.17,1.81,26.35,0.0,71.12,28.61,17.7
36005009302,Bronx County,New York,False,,,,,0,,33.33,,,16.61,0.0,21.63,47.02,0.0,28.53,,0.0
36005009600,Bronx County,New York,True,78.36,71.7,45.66,7.96,1377,51.41,20.73,39.24,47212,21.64,18.55,8.59,19.31,18.35,58.29,45.35,14.86
36005009800,Bronx County,New York,True,47.39,44.17,34.06,16.94,1589,92.04,12.38,16.72,97896,30.42,8.53,9.26,21.25,11.45,52.67,33.91,11.35
36005011000,Bronx County,New York,False,,,,,0,,,,,,,,,,,,
36005011502,Bronx County,New York,True,94.58,71.73,58.35,17.05,3311,69.96,38.42,48.51,30922,13.27,24.8,4.17,23.3,0.79,76.9,30.27,15.23
36005011701,Bronx County,New York,True,92.83,73.5,50.0,22.95,1164,86.28,15.77,35.02,36857,9.51,29.24,0.0,18.23,0.0,80.98,40.08,10.76
36005011702,Bronx County,New York,False,,,,,0,,,,,,,,,,,,
36005011800,Bronx County,New York,True,42.25,70.18,36.24,4.06,1422,80.19,12.03,18.33,93319,13.43,19.04,66.62,1.94,3.48,30.55,32.5,2.25
36005011900,Bronx County,New York,True,95.09,55.91,23.82,16.6,5534,62.99,22.99,34.83,44122,16.26,34.16,7.74,43.32,0.0,53.75,22.24,18.14
36005012101,Bronx County,New York,True,89.88,69.6,57.49,18.63,2614,49.72,32.4,44.09,34464,13.03,23.08,3.28,25.27,0.73,74.07,35.57,24.0
36005012102,Bronx County,New York,True,97.55,62.54,38.17,15.41,1352,80.0,39.81,56.29,28200,20.5,22.39,5.32,37.58,0.0,71.87,40.38,13.43
36005012300,Bronx County,New York,True,88.15,62.29,53.08,15.3,3964,24.71,32.07,44.36,36435,8.55,26.68,11.74,56.11,1.17,43.95,27.09,10.52
36005012500,Bronx County,New York,True,79.64,55.07,20.98,8.32,3104,17.91,29.78,30.02,55772,6.47,33.24,5.57,21.87,0.32,78.61,29.81,13.84
36005012701,Bronx County,New York,True,76.64,62.55,33.03,11.91,1602,66.45,33.59,43.89,34688,10.15,27.01,4.09,30.01,0.0,73.6,28.05,19.59
36005012901,Bronx County,New York,True,100.0,55.53,35.64,21.96,4637,30.34,45.08,47.02,39409,9.43,33.27,8.31,23.36,0.16,73.99,32.63,21.86
36005013000,Bronx County,New York,True,43.01,48.11,41.62,3.45,625,75.59,23.41,27.12,59595,20.03,2.88,27.31,7.28,1.15,73.99,11.86,12.91
36005013100,Bronx County,New York,True,90.16,74.76,61.53,4.69,4276,38.47,39.47,57.39,19760,12.14,26.15,9.64,44.67,0.0,66.68,50.25,21.72
36005013200,Bronx County,New York,True,29.6,55.12,36.06,0.0,2028,79.13,5.6,12.82,107563,16.01,20.78,30.16,16.89,9.77,52.59,20.04,7.07
36005013300,Bronx County,New York,True,94.98,53.41,31.78,7.75,5822,91.6,46.94,52.67,28560,8.08,25.41,6.26,31.82,3.79,69.48,27.41,20.5
36005013500,Bronx County,New York,True,98.5,62.12,39.19,16.35,3973,58.3,48.52,57.3,26125,5.79,30.97,9.64,46.09,0.88,71.56,38.85,28.95
36005013800,Bronx County,New York,True,26.45,70.81,47.85,8.43,711,64.85,18.55,21.12,92567,16.17,22.18,58.92,8.03,10.32,38.8,35.38,0.88
36005014100,Bronx County,New York,True,92.45,61.66,36.76,10.41,7071,11.06,27.15,42.85,38816,5.31,25.6,4.05,50.55,0.0,44.23,35.4,3.88
36005014300,Bronx County,New York,True,100.0,71.69,44.21,7.0,1443,48.47,49.47,64.87,12367,11.96,22.89,3.83,35.64,7.04,55.68,66.89,22.41
36005014400,Bronx County,New York,True,84.23,47.82,23.23,11.64,4942,82.18,28.3,49.75,30288,19.53,26.44,8.6,29.05,2.45,68.44,40.4,16.31
36005014500,Bronx County,New York,True,98.52,76.9,49.55,20.61,6416,57.99,52.96,56.51,28104,14.05,33.41,8.48,61.84,0.0,38.34,42.09,5.06
36005014701,Bronx County,New York,True,99.0,50.52,26.13,6.03,5698,94.58,60.44,46.19,35277,11.31,33.51,20.71,38.4,0.98,41.02,29.02,4.21
36005014702,Bronx County,New York,True,98.44,31.76,18.52,10.88,4897,96.67,36.26,56.76,23825,16.77,28.53,5.92,48.08,0.69,58.79,38.93,14.63
36005014900,Bronx County,New York,True,77.81,71.83,55.0,18.12,3346,56.18,43.96,44.57,35982,6.77,34.34,4.94,51.04,0.0,51.61,38.68,10.33
36005015100,Bronx County,New York,True,81.06,67.26,45.88,9.03,4206,56.25,31.74,44.87,31298,12.19,21.76,8.67,59.61,2.2,44.92,41.66,21.11
36005015200,Bronx County,New York,True,45.54,54.22,39.52,2.23,1136,87.8,11.56,11.46,81875,15.93,24.79,38.8,11.12,0.59,56.95,18.97,2.86
36005015300,Bronx County,New York,True,91.47,58.62,31.69,0.0,3236,47.26,24.92,45.26,33028,9.88,32.03,1.67,49.38,0.28,67.55,54.63,9.33
36005015500,Bronx County,New York,True,95.3,52.17,24.43,11.74,2705,63.2,27.82,38.16,43913,15.75,21.52,6.17,27.39,0.36,72.35,26.79,24.77
36005015700,Bronx County,New York,True,91.38,61.19,26.7,14.29,5451,19.93,29.83,32.14,46504,10.18,29.49,6.18,47.94,0.28,49.07,42.48,19.0
36005015800,Bronx County,New York,True,52.62,72.6,53.74,7.83,454,84.43,19.13,26.4,87656,25.17,14.77,39.73,8.46,6.31,57.11,41.95,7.1
36005015900,Bronx County,New York,True,90.13,60.7,37.32,3.47,2032,56.5,37.01,59.43,25686,18.94,20.61,0.79,33.94,3.86,84.21,36.95,19.95
36005016000,Bronx County,New York,True,36.49,74.9,63.44,8.47,1215,69.85,15.03,22.55,90221,19.91,16.84,53.77,4.57,12.55,35.5,29.32,6.36
36005016100,Bronx County,New York,True,98.79,68.89,49.92,7.42,4503,64.76,37.49,59.8,23210,26.05,22.54,8.53,41.95,0.0,53.09,39.48,20.18
36005016200,Bronx County,New York,True,42.63,51.15,13.82,3.69,862,79.22,5.72,7.27,121645,16.34,24.77,29.44,11.09,5.89,54.8,10.22,5.88
36005016300,Bronx County,New York,False,,,,,0,,,,,,,,,,,,
36005016400,Bronx County,New York,True,41.07,68.87,42.38,0.0,528,91.16,21.47,28.06,69057,18.73,24.82,23.32,15.99,38.87,26.86,28.57,8.17
36005016500,Bronx County,New York,True,100.0,37.23,23.94,25.27,1197,44.15,21.74,21.28,52446,4.73,27.38,2.52,47.9,0.0,57.28,9.57,6.78
36005016600,Bronx County,New York,True,50.37,45.55,29.52,3.71,1052,95.53,13.43,11.72,109519,9.65,30.35,24.76,8.31,4.63,58.83,11.85,2.62
36005016700,Bronx County,New York,True,96.45,66.26,16.31,21.56,2529,38.56,36.98,35.18,45363,6.7,27.86,3.18,43.32,0.0,55.69,36.57,11.23
36005016900,Bronx County,New York,True,89.46,48.71,36.98,2.58,1295,58.58,52.0,37.23,42168,11.88,27.88,0.93,58.69,0.0,32.3,41.85,13.96
36005017100,Bronx County,New York,False,,,,,0,,,,,,,,,,,,
36005017300,Bronx County,New York,True,91.26,51.49,34.43,22.58,4655,50.34,30.2,49.3,33269,15.32,13.73,4.39,54.12,0.42,46.96,40.6,11.43
36005017500,Bronx County,New York,True,100.0,65.93,46.09,4.94,6098,79.56,39.07,58.35,18474,16.32,32.44,4.25,63.89,0.0,38.14,46.66,7.94
36005017701,Bronx County,New York,True,97.67,47.9,22.14,15.83,4577,56.56,25.09,21.75,62126,12.01,20.83,9.66,32.33,2.08,63.04,7.25,27.19
36005017702,Bronx County,New York,True,76.66,58.7,34.8,23.6,3384,62.76,34.75,31.88,40125,12.84,24.08,3.59,63.51,5.43,27.64,16.18,11.09
36005017901,Bronx County,New York,True,87.32,65.67,40.64,16.35,4292,58.87,20.17,24.35,47778,8.94,24.36,2.8,26.19,5.54,77.52,22.45,25.36
36005017902,Bronx County,New York,True,100.0,71.63,45.67,13.82,3008,66.25,15.94,23.03,42870,12.31,33.73,7.26,44.98,0.0,63.07,23.36,21.9
36005018101,Bronx County,New York,True,91.7,62.78,44.22,12.88,2675,64.67,23.12,38.28,55664,9.02,25.48,4.27,37.45,0.07,60.15,31.18,22.23
36005018102,Bronx County,New York,True,98.09,64.3,52.2,20.77,4916,95.91,31.25,47.44,31618,21.43,26.15,3.04,47.45,0.11,54.24,51.95,13.78
36005018301,Bronx County,New York,True,74.82,67.45,33.4,12.65,3018,89.02,28.38,37.95,46389,24.66,18.76,14.42,30.31,4.75,52.38,48.24,15.68
36005018302,Bronx County,New York,True,85.4,68.36,37.23,18.23,3022,78.78,23.88,25.9,68627,9.86,29.92,3.22,49.44,0.03,48.92,53.99,11.03
36005018400,Bronx County,New York,True,54.18,48.45,35.49,8.54,2001,88.73,13.0,19.18,92273,15.72,25.99,47.35,4.97,13.54,36.95,21.27,8.55
36005018501,Bronx County,New York,True,98.98,39.21,30.88,7.79,3656,0.96,30.9,43.52,49444,10.2,32.98,4.45,47.07,0.0,50.38,43.18,9.33
36005018502,Bronx County,New York,True,96.87,63.55,36.4,5.64,4525,48.72,50.81,53.7,28963,8.9,19.69,5.1,23.2,0.0,72.0,34.38,15.66
36005018900,Bronx County,New York,True,90.79,64.07,29.91,21.13,7300,59.23,25.88,29.48,54056,6.71,28.24,11.84,35.94,0.01,64.94,28.92,11.92
36005019300,Bronx County,New York,True,97.7,46.13,18.62,7.23,5716,72.85,14.98,29.26,46794,10.3,23.6,10.14,55.12,0.0,41.87,32.24,5.23
36005019400,Bronx County,New York,True,48.56,47.35,23.99,8.28,960,83.31,7.84,14.08,100950,14.79,25.32,16.63,21.92,6.05,62.26,23.42,9.31
36005019500,Bronx County,New York,True,99.3,67.27,40.85,19.9,7605,74.92,39.75,39.36,45661,10.51,26.8,5.8,42.32,0.16,52.96,33.33,12.36
36005019700,Bronx County,New York,True,100.0,72.73,62.2,27.29,7566,87.68,56.84,56.69,25439,6.97,33.35,6.74,27.81,4.35,76.94,25.75,14.16
36005019900,Bronx County,New York,True,95.1,65.58,46.14,21.03,6377,84.86,35.7,47.32,34311,13.16,21.0,0.54,40.56,0.0,62.39,32.31,16.89
36005020000,Bronx County,New York,True,80.14,69.68,42.08,23.82,3586,80.92,26.28,33.43,46622,10.14,29.26,5.09,10.05,26.21,60.85,26.29,14.31
36005020100,Bronx County,New York,True,100.0,80.29,41.82,17.78,3281,72.97,44.55,44.88,32692,13.29,24.76,6.84,27.07,0.47,70.17,35.35,26.07
36005020200,Bronx County,New York,True,81.95,58.32,31.39,14.02,2045,78.31,25.76,32.0,53491,20.25,23.44,15.72,8.95,11.22,67.76,32.0,21.43
36005020400,Bronx County,New York,True,75.61,65.49,36.54,8.97,2077,82.85,26.46,37.96,55947,9.16,26.94,5.97,12.16,16.83,62.07,29.76,9.02
36005020501,Bronx County,New York,True,92.02,64.31,37.85,24.08,7296,74.56,43.85,50.21,27349,11.31,33.11,11.19,39.66,0.0,61.95,26.82,16.0
36005020502,Bronx County,New York,True,87.79,58.42,37.23,16.32,1747,76.09,23.92,43.56,39688,15.74,19.09,11.37,29.82,0.99,70.7,40.77,25.02
36005020601,Bronx County,New York,True,69.9,57.58,17.34,7.94,1533,85.28,19.47,28.92,86701,14.06,24.68,5.93,5.43,33.98,48.98,27.85,19.67
36005020900,Bronx County,New York,True,96.81,58.77,29.97,17.75,4419,70.21,26.71,39.2,38333,7.53,32.88,9.96,38.49,0.21,64.4,38.48,20.23
36005021001,Bronx County,New York,True,71.57,61.62,33.66,10.43,5126,92.41,18.96,31.27,52629,15.53,19.18,5.02,52.89,15.38,34.22,41.23,10.41
36005021002,Bronx County,New York,True,79.64,47.42,36.26,21.63,5976,96.88,23.47,25.68,73188,14.96,25.28,8.11,40.1,20.0,31.11,39.77,5.71
36005021100,Bronx County,New York,True,92.86,51.18,30.07,14.52,5059,57.87,30.25,32.22,52128,13.36,29.03,12.68,33.55,0.39,69.93,40.36,15.47
36005021200,Bronx County,New York,True,64.9,55.27,33.79,17.03,3313,95.31,21.2,27.61,68926,18.09,22.44,9.19,27.0,40.49,29.73,40.43,19.44
36005021301,Bronx County,New York,True,70.02,72.82,53.69,7.03,775,69.57,32.04,42.73,37171,7.68,27.0,2.64,43.75,0.0,67.42,22.6,18.95
36005021302,Bronx County,New York,True,98.84,61.95,42.23,18.28,5810,47.2,41.39,39.85,37049,23.43,18.85,1.95,40.74,0.83,60.14,37.31,24.5
36005021501,Bronx County,New York,True,95.99,67.7,45.9,15.61,3757,89.89,39.65,33.98,37171,5.82,33.27,16.24,19.31,2.55,78.88,27.15,19.6
36005021502,Bronx County,New York,True,96.68,55.8,40.63,19.64,5366,74.72,46.73,67.31,20415,7.28,28.0,13.86,19.71,0.03,73.44,38.37,18.2
36005021601,Bronx County,New York,True,89.25,66.62,50.44,19.9,3595,89.62,30.14,37.99,33990,9.98,26.69,7.36,18.26,7.97,74.6,27.18,22.68
36005021602,Bronx County,New York,True,78.72,64.03,31.29,19.93,4593,99.05,17.84,17.95,58569,16.26,24.39,1.83,27.18,34.79,27.71,34.97,14.19
36005021700,Bronx County,New York,True,97.89,64.33,45.16,18.97,4521,55.91,38.26,45.02,36195,8.81,24.83,3.74,29.9,1.88,59.73,37.18,24.29
36005021800,Bronx County,New York,True,80.25,61.83,43.84,4.82,4537,96.42,25.31,26.53,60108,10.43,19.98,5.06,18.93,4.3,71.87,36.15,14.75
36005021900,Bronx County,New York,True,100.0,75.0,41.67,15.13,1415,73.54,14.01,30.47,48444,9.21,17.61,4.77,20.09,0.47,78.16,38.04,17.06
36005022000,Bronx County,New York,True,91.38,69.38,54.44,17.17,1465,62.81,61.4,53.38,23910,10.79,32.69,5.34,28.37,4.75,69.55,37.23,24.4
36005022101,Bronx County,New York,True,100.0,51.18,25.47,34.35,3752,57.36,23.93,32.71,52176,7.28,29.85,8.61,22.87,0.69,70.5,24.57,20.12
36005022102,Bronx County,New York,True,100.0,57.56,44.74,24.69,4937,85.27,35.3,45.15,33614,12.36,28.07,7.15,18.64,0.0,77.39,28.73,28.29
36005022200,Bronx County,New York,True,83.84,68.07,45.17,23.44,2491,88.82,26.81,30.03,48110,10.0,28.05,4.41,7.75,36.28,49.52,29.48,20.62
36005022300,Bronx County,New York,True,100.0,63.87,23.38,10.22,4844,70.77,33.08,36.9,45257,8.86,25.05,6.68,18.62,0.53,77.25,26.3,23.89
36005022401,Bronx County,New York,True,79.38,59.16,38.67,8.88,2007,99.53,23.06,29.43,53398,17.67,26.14,15.04,19.11,7.77,64.69,38.45,11.94
36005022403,Bronx County,New York,True,82.32,56.52,30.34,5.05,2208,96.9,14.02,24.61,72143,7.84,19.12,9.49,27.61,3.59,61.29,35.53,16.57
36005022404,Bronx County,New York,True,72.96,59.43,39.4,7.53,3133,81.47,16.24,26.29,61760,13.79,21.92,16.31,26.23,5.82,52.94,33.07,11.06
36005022500,Bronx County,New York,True,95.55,42.41,25.33,25.92,7073,83.72,25.73,32.31,50243,10.63,25.65,8.48,18.56,0.83,77.38,23.55,24.53
36005022701,Bronx County,New York,True,98.37,70.79,43.87,11.9,4679,58.67,28.73,42.17,37828,6.45,23.01,1.05,48.46,0.65,50.28,32.89,16.74
36005022702,Bronx County,New York,True,93.94,64.68,50.92,11.13,1023,66.06,47.53,47.71,34145,16.53,9.8,2.8,32.49,2.24,64.52,32.11,21.8
36005022703,Bronx County,New York,True,100.0,58.27,44.89,6.04,1685,98.85,37.51,37.84,60694,17.51,26.59,27.48,21.07,3.68,72.05,37.99,19.08
36005022800,Bronx County,New York,True,86.98,45.07,24.21,6.37,5130,100.0,9.79,17.51,83859,12.05,23.59,21.1,20.11,8.83,55.24,33.64,10.42
36005022901,Bronx County,New York,True,98.48,52.86,35.22,14.69,5705,77.19,30.3,42.18,52222,4.1,27.05,3.53,42.84,0.67,56.27,23.91,22.81
36005022902,Bronx County,New York,True,89.12,65.28,49.95,3.5,2887,77.66,30.73,34.57,47833,11.01,27.53,1.78,29.46,0.0,67.85,22.68,21.03
36005023000,Bronx County,New York,True,81.97,75.62,47.47,35.15,2356,96.39,38.32,24.35,53826,5.92,33.96,37.31,7.72,10.8,48.39,24.04,20.03
36005023100,Bronx County,New York,True,93.81,52.49,33.7,20.84,1008,86.32,29.11,39.11,,12.89,30.21,5.77,59.65,4.01,30.85,19.8,18.1
36005023200,Bronx County,New York,True,82.01,70.86,44.23,3.66,2096,79.58,33.17,32.3,50893,10.43,31.26,30.65,9.33,8.68,47.45,21.68,14.02
36005023301,Bronx County,New York,True,94.64,73.48,34.26,15.24,3464,90.88,31.17,42.23,37936,10.8,23.01,3.78,38.27,1.04,70.42,36.99,15.4
36005023302,Bronx County,New York,True,93.62,40.66,23.88,23.3,3547,84.75,24.1,33.92,69030,6.35,28.17,1.16,16.36,2.0,76.28,12.57,18.27
36005023501,Bronx County,New York,True,99.09,73.02,53.97,18.42,2949,65.07,40.6,54.34,19940,12.01,20.99,9.65,15.22,0.54,78.64,44.1,22.4
36005023502,Bronx County,New York,True,95.54,47.48,27.47,16.84,4142,91.46,30.71,44.57,41780,15.41,23.96,2.65,32.25,2.76,68.75,33.59,25.51
36005023600,Bronx County,New York,True,92.23,53.0,31.91,19.92,1537,89.51,26.45,18.9,52368,10.72,29.29,24.35,11.34,0.28,65.77,21.02,29.06
36005023702,Bronx County,New York,True,94.01,53.17,35.92,17.11,917,90.54,33.2,43.53,34922,9.11,27.82,0.59,42.41,0.0,56.81,22.4,29.51
36005023703,Bronx County,New York,True,98.15,77.48,48.79,13.16,4475,71.34,39.39,49.26,32892,8.83,28.76,6.67,22.79,1.25,76.29,28.07,19.04
36005023704,Bronx County,New York,True,100.0,82.62,58.21,8.84,3287,63.29,37.14,40.01,32228,8.78,22.01,13.61,16.32,0.0,81.3,23.42,23.23
36005023800,Bronx County,New York,True,69.83,65.25,36.97,6.61,1654,96.44,21.94,21.32,64408,6.74,27.19,25.55,15.71,7.45,56.11,16.46,17.64
36005023900,Bronx County,New York,True,98.92,59.3,29.78,38.12,8166,84.53,39.33,41.54,37543,5.54,26.02,5.39,17.3,0.88,87.21,20.56,27.54
36005024000,Bronx County,New York,True,54.81,73.33,47.23,2.49,1789,79.35,18.81,19.71,68832,13.46,15.98,21.4,38.81,6.67,44.05,17.97,6.41
36005024100,Bronx County,New York,True,100.0,57.87,38.94,22.39,5839,67.39,40.4,58.38,22361,17.41,25.47,11.55,27.56,0.0,68.76,37.07,27.09
36005024300,Bronx County,New York,True,100.0,67.05,55.79,21.62,4085,51.61,28.79,49.38,30446,10.26,20.49,6.7,36.36,0.19,66.69,53.31,14.65
36005024400,Bronx County,New York,True,67.95,51.49,30.67,5.14,1467,94.03,17.31,16.02,82083,10.17,22.34,25.8,5.91,9.06,59.55,22.89,8.95
36005024501,Bronx County,New York,True,90.67,58.01,32.63,10.28,4133,76.56,32.83,35.83,45900,18.49,21.42,7.99,28.46,0.0,76.96,29.88,33.82
36005024502,Bronx County,New York,True,87.5,55.25,28.15,1.82,3263,85.29,24.0,29.78,60221,10.1,24.14,18.03,27.85,0.0,71.01,20.54,28.8
36005024600,Bronx County,New York,True,62.14,48.73,34.11,9.15,1346,95.07,7.16,15.37,97115,22.09,19.05,24.64,7.81,18.8,42.51,28.17,11.1
36005024700,Bronx County,New York,True,98.5,54.14,26.56,4.01,1729,84.49,16.0,25.17,48906,14.35,16.34,4.1,50.8,7.74,44.42,48.16,12.5
36005024800,Bronx County,New York,True,73.36,72.36,27.86,5.56,2302,92.19,15.16,21.92,61210,22.9,18.28,34.9,16.46,15.17,45.69,28.96,7.51
36005024900,Bronx County,New York,False,,,,,0,,,,,,,,,,,,
36005025000,Bronx County,New York,True,47.18,66.98,26.93,17.33,1321,96.54,10.77,9.72,109896,15.92,27.61,49.91,8.03,21.86,32.28,22.87,14.26
36005025100,Bronx County,New York,True,84.18,72.52,44.71,15.61,5810,68.67,40.5,39.76,36845,11.24,31.18,7.38,25.13,1.69,67.71,22.08,18.43
36005025200,Bronx County,New York,True,71.23,57.39,20.06,7.01,1862,92.32,4.98,7.93,83688,11.04,20.45,30.64,10.38,17.82,31.45,21.17,11.0
36005025300,Bronx County,New York,True,98.55,57.46,36.88,7.9,5140,89.14,33.38,37.7,42976,9.27,22.53,4.05,22.44,4.0,79.74,29.54,27.38
36005025400,Bronx County,New York,True,59.54,52.07,30.99,25.2,1371,96.76,13.32,23.41,90108,16.0,25.17,52.83,4.76,7.09,34.08,21.37,8.91
36005025500,Bronx County,New York,True,99.65,66.88,31.6,21.93,5840,70.65,22.55,35.66,49159,18.46,21.68,6.04,14.06,1.38,85.0,31.29,24.76
36005025600,Bronx County,New York,True,72.04,58.77,19.13,7.98,1027,92.84,6.68,30.51,60815,17.32,18.52,30.34,12.45,7.46,51.45,40.42,12.7
36005025700,Bronx County,New York,True,92.53,63.15,32.78,24.88,1505,82.04,39.94,46.65,38667,10.21,17.15,6.53,34.42,0.0,71.16,39.94,19.44
36005026100,Bronx County,New York,True,11.63,69.37,27.03,11.45,244,93.47,14.52,29.84,59242,22.77,14.9,7.57,52.03,2.83,42.11,55.6,9.22
36005026300,Bronx County,New York,True,100.0,67.83,39.04,21.66,5728,96.36,23.63,37.5,42100,21.3,23.76,7.11,12.91,0.69,82.98,28.87,30.64
36005026400,Bronx County,New York,True,71.53,60.69,50.77,2.01,4032,79.9,12.5,15.9,65337,8.18,28.82,44.29,9.37,6.47,58.64,21.37,7.57
36005026500,Bronx County,New York,True,96.1,58.4,26.77,20.52,6557,92.61,15.16,21.23,71688,9.06,26.47,3.21,5.05,4.26,89.86,18.98,22.19
36005026601,Bronx County,New York,True,86.14,58.21,37.69,9.62,2855,94.84,30.74,38.07,51042,11.95,21.03,40.63,11.7,1.43,55.07,35.86,5.1
36005026602,Bronx County,New York,True,81.83,53.9,27.49,4.87,4585,83.75,16.98,27.84,53969,19.39,21.0,19.08,15.29,14.98,51.98,32.86,12.03
36005026701,Bronx County,New York,True,98.76,56.14,34.65,25.82,3549,96.86,29.04,25.43,52286,10.97,30.6,3.68,22.06,6.46,67.53,31.01,31.49
36005026702,Bronx County,New York,True,82.36,51.45,33.79,12.35,5805,90.3,20.2,28.87,75924,17.67,23.02,6.74,14.92,0.0,80.22,37.43,25.81
36005026900,Bronx County,New York,True,93.77,63.07,48.01,15.84,3620,72.2,37.73,53.63,27569,12.03,22.35,11.53,20.54,2.0,77.5,47.56,27.75
36005027300,Bronx County,New York,True,92.25,64.21,31.84,11.75,5557,96.71,26.73,34.71,51730,17.46,18.69,11.65,27.71,0.09,71.11,42.13,18.46
36005027401,Bronx County,New York,True,27.66,59.72,35.17,6.88,1549,89.49,9.19,15.92,105346,16.59,24.47,55.24,6.52,7.3,40.62,20.38,8.06
36005027402,Bronx County,New York,True,30.55,46.67,31.94,0.0,826,86.64,7.28,20.82,108235,22.77,20.13,60.57,2.03,5.41,25.63,28.88,5.37
36005027600,Bronx County,New York,True,35.48,100.0,0.0,72.73,20,100.0,10.39,25.81,,0.65,0.0,23.38,2.6,0.0,74.03,0.0,0.0
36005027700,Bronx County,New York,True,89.61,47.17,34.7,18.2,3824,94.61,30.44,41.73,48750,5.57,23.09,17.21,10.01,4.31,79.91,27.04,12.17
36005027900,Bronx County,New York,True,78.95,55.45,27.94,10.83,6604,88.12,17.16,18.76,72721,12.36,28.78,19.28,21.14,2.58,57.53,24.03,8.13
36005028100,Bronx County,New York,True,54.87,48.2,21.51,3.59,1817,98.38,5.45,25.16,65982,42.55,11.98,35.79,17.34,3.93,47.12,47.34,11.32
36005028300,Bronx County,New York,True,94.35,79.7,61.01,31.68,2195,69.91,65.2,74.33,13796,6.49,29.38,33.2,20.77,5.33,70.8,34.1,9.05
36005028400,Bronx County,New York,False,,,,,0,,79.26,,,31.55,0.0,29.14,55.35,4.28,11.23,,4.28
36005028500,Bronx County,New York,True,75.1,47.44,26.66,13.62,2612,84.76,10.34,20.51,70659,14.82,14.2,40.91,10.9,4.06,46.35,38.63,7.75
36005028600,Bronx County,New York,True,56.58,68.03,38.93,18.27,669,91.22,7.21,12.22,72692,29.01,21.88,63.7,7.53,12.82,25.16,36.09,6.59
36005028700,Bronx County,New York,True,61.09,59.33,15.03,25.13,2041,80.37,8.81,9.16,62500,10.7,18.4,27.32,4.97,6.29,67.01,22.27,14.31
36005028800,Bronx County,New York,True,48.95,57.56,28.88,3.12,942,86.44,9.19,15.11,97969,16.3,18.46,59.6,7.15,16.99,16.18,23.71,6.64
36005028900,Bronx County,New York,True,77.86,70.1,40.34,15.32,3185,73.59,18.64,13.27,61797,15.51,19.79,24.5,12.62,8.25,61.49,42.83,21.06
36005029301,Bronx County,New York,True,14.16,46.88,21.88,8.27,195,90.73,5.5,11.4,145951,40.88,12.01,56.24,11.42,7.2,23.11,44.73,2.97
36005029302,Bronx County,New York,True,33.3,40.09,17.6,4.3,1699,94.18,1.77,6.41,133102,31.95,15.98,55.64,14.98,7.15,12.13,48.42,1.58
36005029500,Bronx County,New York,True,35.95,45.12,8.43,7.18,1689,90.5,16.15,6.55,98125,18.22,22.81,49.35,4.6,8.34,39.94,40.86,7.03
36005029600,Bronx County,New York,True,88.8,49.42,21.73,11.38,1610,68.49,18.58,24.32,57474,12.04,8.91,40.09,15.55,11.2,31.18,45.26,1.57
36005029700,Bronx County,New York,True,42.77,62.77,39.25,2.73,1376,87.44,3.39,6.25,100548,34.47,18.72,56.29,14.65,6.9,17.95,44.46,3.58
36005030000,Bronx County,New York,True,67.81,62.24,32.08,10.77,4441,85.03,9.11,18.24,78155,11.39,20.12,45.19,6.62,13.59,43.43,31.91,2.79
36005030100,Bronx County,New York,True,61.56,31.31,7.77,0.0,651,67.92,8.15,20.09,80357,46.31,12.17,51.27,9.49,2.61,31.78,56.65,11.87
36005030201,Bronx County,New York,True,54.98,31.82,18.18,3.13,1892,94.43,10.24,21.83,69500,21.35,15.57,7.17,62.4,0.0,30.75,37.49,0.97
36005030202,Bronx County,New York,True,62.54,59.9,19.18,24.26,4396,96.78,8.33,16.14,74044,19.69,23.29,2.58,88.01,0.02,12.52,39.51,3.62
36005030701,Bronx County,New York,True,40.85,39.22,11.9,1.73,2430,96.35,4.16,16.13,109890,25.56,29.31,61.71,4.7,2.56,25.06,35.42,3.39
36005030900,Bronx County,New York,True,41.54,66.42,45.44,0.0,923,95.61,3.12,10.54,117333,45.44,19.2,80.82,6.35,3.2,11.86,46.95,2.35
36005031000,Bronx County,New York,True,27.81,23.53,11.15,5.01,872,81.79,4.19,4.8,148168,31.9,11.46,34.91,20.1,16.7,34.6,27.5,10.05
36005031200,Bronx County,New York,True,45.86,54.59,30.28,12.3,529,98.63,11.6,20.86,108056,20.69,24.24,28.14,23.57,9.34,39.56,30.26,5.54
36005031400,Bronx County,New York,True,34.73,35.5,6.0,12.08,564,87.71,5.19,4.19,111800,20.88,22.4,31.36,20.03,11.69,44.31,26.51,9.62
36005031600,Bronx County,New York,True,35.44,60.25,58.61,0.0,555,92.17,17.86,20.53,79263,32.12,12.91,40.66,5.07,10.43,45.61,21.66,13.65
36005031800,Bronx County,New York,True,32.66,44.07,13.56,0.0,502,92.31,4.21,9.23,96000,17.8,15.71,31.65,22.42,15.33,33.68,15.5,8.45
36005031900,Bronx County,New York,True,100.0,100.0,100.0,0.0,6,100.0,88.0,100.0,,10.25,2.02,66.09,15.44,7.65,18.47,100.0,2.02
36005032300,Bronx County,New York,True,29.93,39.37,11.23,5.59,1477,95.62,3.55,10.74,95556,40.29,14.31,63.08,9.62,3.49,25.66,54.28,2.31
36005032400,Bronx County,New York,True,91.57,50.6,16.18,12.16,2596,96.35,32.73,46.87,31489,15.1,24.35,16.92,30.02,16.51,43.77,31.17,23.71
36005032600,Bronx County,New York,True,50.8,71.48,43.15,7.21,1629,96.53,15.53,20.28,89323,20.05,19.68,35.91,14.91,14.91,31.62,20.38,13.33
36005032800,Bronx County,New York,True,87.63,55.05,25.81,15.0,3278,95.15,18.81,24.95,49720,9.8,28.97,10.87,24.85,9.85,53.51,22.6,13.72
36005033000,Bronx County,New York,True,90.27,58.17,31.19,14.12,4699,88.66,23.95,36.85,40133,18.63,26.67,27.9,27.3,2.25,43.78,39.0,18.96
36005033201,Bronx County,New York,True,74.36,68.73,52.0,7.33,2797,90.61,28.0,48.23,35360,23.93,17.33,32.42,12.94,4.07,59.53,60.19,15.98
36005033202,Bronx County,New York,True,78.82,59.0,39.45,13.56,2402,81.46,25.33,34.3,50245,30.29,19.4,15.71,20.87,8.46,59.67,49.05,25.19
36005033400,Bronx County,New York,True,100.0,100.0,0.0,50.0,30,50.0,6.25,0.0,,0.0,12.5,15.62,71.88,0.0,12.5,0.0,0.0
36005033500,Bronx County,New York,True,52.43,28.86,8.86,2.38,783,97.11,13.46,12.36,109867,18.78,18.34,60.29,13.24,1.61,28.18,38.83,3.34
36005033601,Bronx County,New York,True,94.01,65.85,40.15,8.95,3790,94.41,45.54,58.18,20765,15.31,20.84,8.63,39.01,4.08,53.01,47.58,9.25
36005033602,Bronx County,New York,True,52.97,42.31,16.99,0.0,817,82.64,14.04,8.49,70475,23.74,25.2,10.62,47.97,0.0,45.06,52.12,2.65
36005033700,Bronx County,New York,True,27.74,75.0,27.05,22.34,908,94.0,5.03,10.39,125273,26.55,30.99,69.39,6.57,8.88,12.91,25.83,3.66
36005033801,Bronx County,New York,True,83.35,43.76,29.36,3.81,1507,84.83,22.92,27.38,72725,8.6,22.58,5.57,23.82,7.16,47.94,15.88,9.05
36005033802,Bronx County,New York,True,86.17,52.31,38.02,27.91,1244,73.59,33.46,31.82,62153,8.3,25.46,7.41,41.04,6.14,53.07,27.84,15.91
36005034000,Bronx County,New York,True,77.58,53.5,25.43,10.24,3920,90.85,19.77,25.43,63500,10.36,29.87,6.81,32.62,3.64,53.32,23.5,16.95
36005034200,Bronx County,New York,True,60.8,75.53,19.21,0.0,895,84.56,18.84,22.88,73298,13.6,22.83,8.62,55.02,0.62,39.45,29.28,6.96
36005034300,Bronx County,New York,True,54.09,57.77,21.96,5.14,824,85.04,4.88,13.22,76940,27.75,16.64,27.99,8.56,3.22,55.25,18.78,5.18
36005034400,Bronx County,New York,True,41.81,73.88,65.31,0.0,723,83.68,34.07,16.38,79167,10.13,32.09,15.08,44.09,12.0,34.54,14.33,5.23
36005034500,Bronx County,New York,True,45.3,48.17,18.12,10.12,1450,89.46,10.1,14.23,100539,17.39,22.71,50.04,12.09,1.07,37.65,36.13,7.37
36005034800,Bronx County,New York,True,59.26,34.42,20.3,4.33,3022,88.59,18.91,32.43,55700,13.92,27.55,6.87,48.29,8.08,37.94,29.63,5.64
36005035000,Bronx County,New York,True,62.28,95.13,30.97,2.24,965,75.09,7.58,17.97,72778,13.2,24.64,1.59,76.89,4.77,22.36,24.05,2.38
36005035100,Bronx County,New York,True,54.37,30.27,10.39,0.29,1388,73.15,7.31,6.68,94948,12.77,17.51,45.51,8.7,6.96,37.45,40.62,4.44
36005035600,Bronx County,New York,True,41.3,57.61,49.38,0.0,760,90.78,12.59,14.75,85962,15.0,18.44,1.68,81.6,0.63,16.81,14.45,3.28
36005035800,Bronx County,New York,True,27.32,45.72,22.7,13.42,1811,93.51,9.28,24.34,87553,20.2,18.57,7.82,74.72,0.15,26.36,32.31,0.87
36005035900,Bronx County,New York,True,91.44,64.74,35.86,13.76,3424,30.79,42.46,46.84,34472,16.16,32.07,3.18,35.81,0.0,60.11,36.44,17.25
36005036000,Bronx County,New York,True,33.58,78.49,40.5,7.74,800,98.61,18.67,22.77,85708,23.14,18.6,7.81,54.16,6.48,35.23,24.12,7.3
36005036100,Bronx County,New York,True,96.5,48.01,24.24,6.32,4413,79.69,48.89,50.53,29250,17.31,28.0,3.24,29.08,1.09,77.08,40.12,22.49
36005036300,Bronx County,New York,True,97.88,64.43,49.29,16.08,6289,57.41,40.65,52.03,27273,9.28,29.11,9.38,38.4,0.09,64.4,22.74,21.8
36005036400,Bronx County,New York,True,49.47,83.33,64.02,4.01,893,98.69,9.77,25.2,64850,18.66,15.49,2.52,77.26,1.78,16.8,26.95,4.73
36005036501,Bronx County,New York,True,93.49,54.8,33.77,14.43,3877,81.34,24.52,25.74,47739,12.25,23.19,2.59,57.2,0.0,49.83,20.83,16.8
36005036502,Bronx County,New York,True,95.57,72.28,46.34,11.31,2064,48.41,37.59,53.78,27110,8.53,27.59,7.83,48.62,0.44,59.82,20.31,11.6
36005036700,Bronx County,New York,True,90.09,60.53,38.31,8.71,1807,37.31,41.07,52.9,27465,6.22,27.19,2.76,38.19,0.07,65.71,28.96,18.8
36005036800,Bronx County,New York,True,42.31,63.45,50.2,13.26,744,86.03,28.08,33.49,65781,19.0,26.66,2.35,58.78,0.77,26.05,18.27,5.36
36005036901,Bronx County,New York,True,89.12,65.38,44.08,9.41,1400,52.71,44.83,62.78,16232,14.88,30.09,12.39,28.93,0.0,74.17,44.69,20.37
36005036902,Bronx County,New York,True,96.59,53.89,35.06,16.93,2167,54.2,37.62,43.41,36484,6.95,32.75,10.42,51.44,0.0,51.76,27.29,12.72
36005037000,Bronx County,New York,True,47.07,34.07,20.37,21.1,955,85.17,16.72,19.32,108523,13.0,26.33,5.63,63.38,10.46,15.45,18.64,10.63
36005037100,Bronx County,New York,True,87.79,58.6,39.94,11.53,3380,51.32,24.06,43.02,39932,21.41,23.09,9.41,37.79,0.0,62.97,41.38,13.83
36005037200,Bronx County,New York,True,64.79,56.91,28.86,4.89,1269,86.9,12.85,17.49,75224,15.77,18.74,6.45,41.05,4.46,46.9,29.46,12.4
36005037300,Bronx County,New York,True,92.99,61.98,27.64,17.07,5656,53.39,22.88,38.33,50000,14.27,29.52,1.34,36.0,0.0,71.07,22.63,19.47
36005037400,Bronx County,New York,True,84.99,51.95,26.97,6.02,2823,74.52,32.45,46.35,35785,11.45,20.7,5.89,42.39,2.92,59.34,35.99,4.08
36005037504,Bronx County,New York,True,98.01,53.45,34.69,10.2,3666,51.09,32.37,45.26,40219,9.94,30.54,11.38,44.11,1.79,60.42,28.21,11.06
36005037600,Bronx County,New York,True,65.71,56.42,25.89,10.91,1258,90.35,23.78,22.69,60288,19.57,20.61,5.58,36.78,6.62,49.46,28.68,11.14
36005037800,Bronx County,New York,True,81.7,50.0,29.31,13.0,2726,73.52,22.72,33.81,65964,12.15,23.08,5.88,58.52,0.0,40.57,29.34,8.43
36005037900,Bronx County,New York,True,92.9,63.85,28.04,17.96,5581,45.47,30.54,33.05,50250,5.3,32.85,0.92,51.4,0.09,52.78,28.03,13.6
36005038000,Bronx County,New York,True,70.01,59.1,41.56,6.62,3481,80.41,44.93,37.65,48073,13.28,27.91,2.39,71.65,0.64,27.08,39.83,2.85
36005038100,Bronx County,New York,True,97.18,78.74,35.97,17.67,6279,77.81,33.02,34.12,42015,12.65,28.34,8.67,36.48,1.83,62.65,42.48,28.4
36005038200,Bronx County,New York,True,49.64,51.19,40.24,5.83,1402,81.85,16.55,23.58,83125,17.78,24.63,2.97,75.91,1.18,24.97,36.3,6.12
36005038301,Bronx County,New York,True,95.88,55.78,40.42,17.85,4317,89.74,36.93,43.79,44040,6.24,29.41,3.16,26.99,0.9,70.96,16.11,32.31
36005038303,Bronx County,New York,True,98.38,67.83,34.16,6.0,3552,75.44,25.8,40.5,45258,8.87,27.12,1.5,33.18,1.06,67.31,30.88,16.51
36005038304,Bronx County,New York,True,100.0,67.92,32.08,6.64,2025,69.16,48.14,51.78,26842,7.8,28.19,3.0,53.79,0.36,49.53,36.73,8.25
36005038500,Bronx County,New York,True,98.67,76.94,72.91,16.57,5023,70.63,72.33,80.41,13554,10.37,32.12,2.49,40.05,0.17,64.51,42.25,15.84
36005038600,Bronx County,New York,True,63.51,64.29,47.85,9.55,4392,76.02,20.43,32.07,68481,17.87,26.51,1.88,82.35,1.04,15.38,38.06,1.14
36005038700,Bronx County,New York,True,98.58,60.41,41.85,12.74,3485,89.27,29.2,34.37,44982,12.96,18.28,12.08,13.82,3.24,67.15,39.03,21.04
36005038800,Bronx County,New York,True,42.02,78.92,42.42,4.09,1008,72.52,20.97,20.0,61000,11.81,32.45,1.64,68.75,0.0,28.6,30.61,1.91
36005038900,Bronx County,New York,True,99.18,55.91,38.89,13.88,5183,79.91,34.67,32.6,46471,5.52,19.62,27.46,10.18,3.29,66.69,28.66,17.66
36005039000,Bronx County,New York,True,79.44,52.57,34.53,21.32,2525,71.81,18.73,24.09,56563,12.51,21.81,2.72,58.38,1.28,24.72,14.4,7.55
36005039100,Bronx County,New York,True,95.11,60.15,26.2,5.91,5607,71.98,33.61,44.58,34663,21.71,13.87,20.16,16.7,0.12,70.0,37.28,23.68
36005039200,Bronx County,New York,True,69.87,56.28,29.23,13.54,1051,70.56,19.26,22.56,67917,18.3,17.8,4.72,60.0,1.76,33.21,20.5,9.6
36005039300,Bronx County,New York,True,98.42,64.61,45.06,17.45,8428,77.97,37.67,53.65,27776,10.58,28.64,14.03,30.02,0.2,60.66,37.42,20.41
36005039400,Bronx County,New York,True,90.06,50.83,37.53,15.67,3536,92.93,28.58,35.68,60373,17.93,23.8,4.77,70.69,1.43,32.29,31.16,6.26
36005039500,Bronx County,New York,True,93.85,55.5,37.97,8.84,3827,48.11,41.47,53.05,21674,12.35,23.47,2.53,24.11,0.8,70.9,43.22,16.72
36005039600,Bronx County,New York,True,76.81,61.71,28.37,14.42,2407,73.07,26.3,35.45,48798,13.69,23.33,11.8,54.74,1.51,32.79,33.77,8.31
36005039700,Bronx County,New York,True,96.74,52.71,36.88,8.53,985,72.06,35.84,48.94,31964,7.13,4.57,59.37,6.3,9.15,29.89,49.33,7.39
36005039800,Bronx County,New York,True,58.11,84.78,71.23,9.22,1961,95.36,47.67,53.96,28491,16.58,30.71,0.51,76.64,0.0,23.56,30.46,3.39
36005039901,Bronx County,New York,True,98.51,64.82,36.24,17.97,4649,93.84,20.33,24.26,43503,13.0,23.15,1.24,11.49,3.52,80.37,29.98,30.41
36005039902,Bronx County,New York,True,99.02,63.27,45.62,23.51,4456,97.91,23.84,38.33,43491,8.56,30.01,4.77,18.94,1.99,75.72,35.15,27.88
36005040100,Bronx County,New York,True,98.34,71.64,59.03,11.33,4466,77.36,44.68,54.01,28649,9.75,21.23,7.35,19.77,1.35,73.59,41.02,22.95
36005040302,Bronx County,New York,True,99.49,62.22,40.85,29.18,3976,98.77,44.23,45.48,37756,18.09,24.93,2.89,13.35,0.22,86.85,29.92,37.54
36005040303,Bronx County,New York,True,93.89,76.86,44.68,17.66,3523,86.74,30.78,33.38,42750,12.13,22.33,4.03,15.73,2.08,85.27,23.13,26.12
36005040304,Bronx County,New York,True,96.29,69.76,53.29,24.1,3324,85.5,37.72,41.04,36913,7.37,29.55,9.19,17.02,4.6,73.33,20.68,30.45
36005040400,Bronx County,New York,True,43.46,56.56,32.58,32.99,1481,91.6,15.7,24.4,65451,17.84,25.21,0.06,75.47,0.0,23.86,20.21,8.18
36005040501,Bronx County,New York,True,92.53,61.47,33.39,9.22,2895,97.02,24.92,32.6,42386,17.73,24.32,3.67,6.34,2.98,88.46,34.49,34.41
36005040502,Bronx County,New York,True,91.79,73.79,45.29,8.1,4876,79.64,35.85,43.6,38884,10.88,24.81,7.64,24.76,1.03,65.29,36.81,18.04
36005040600,Bronx County,New York,True,67.16,73.66,46.36,1.37,2064,83.99,20.84,31.78,48857,7.3,29.7,6.52,52.01,7.77,25.62,35.74,8.14
36005040701,Bronx County,New York,True,99.5,74.48,44.8,12.34,2803,77.65,33.36,33.78,46188,7.04,27.23,20.57,18.99,2.18,67.45,30.21,30.26
36005040702,Bronx County,New York,True,96.64,56.21,38.29,15.88,5725,77.9,27.94,46.84,33946,14.87,25.12,10.78,20.57,6.27,60.45,42.81,23.29
36005040800,Bronx County,New York,True,86.03,72.43,31.6,17.67,3128,87.6,20.75,42.06,41555,13.81,24.04,5.91,47.5,4.45,44.08,25.7,8.14
36005040900,Bronx County,New York,True,66.36,47.73,22.34,23.64,2430,96.09,3.85,14.9,67793,23.47,21.82,14.5,64.04,2.86,16.31,37.05,7.97
36005041100,Bronx County,New York,True,89.12,63.99,31.07,13.93,3104,75.79,20.25,27.82,54219,17.0,18.43,7.4,12.7,6.58,76.01,35.77,36.42
36005041300,Bronx County,New York,True,95.87,58.89,34.82,14.12,6904,86.48,28.09,31.51,60254,9.67,23.62,17.87,11.65,2.01,72.34,40.64,14.77
36005041400,Bronx County,New York,True,42.21,75.04,30.39,0.0,1832,86.65,13.74,12.14,125302,19.51,13.59,7.93,49.28,6.04,29.86,11.8,4.02
36005041500,Bronx County,New York,True,82.64,76.94,45.07,14.35,4472,93.26,23.19,31.71,50579,10.35,23.22,6.23,15.9,9.77,70.03,35.41,19.94
36005041800,Bronx County,New York,True,84.95,54.25,25.84,15.34,2770,94.46,15.79,17.46,62567,13.69,24.47,7.48,45.55,8.57,31.39,31.73,4.33
36005041900,Bronx County,New York,True,95.99,58.98,35.4,16.16,5926,86.69,17.08,27.66,57079,7.32,19.71,4.97,17.3,10.27,65.31,38.43,19.1
36005042000,Bronx County,New York,True,94.74,69.52,45.99,19.43,4186,85.83,44.51,47.63,31776,9.96,25.67,8.05,53.82,1.07,44.12,31.21,8.76
36005042100,Bronx County,New York,True,92.75,57.01,33.8,15.11,5485,92.36,30.5,27.03,52824,8.48,20.62,13.15,14.88,4.74,75.33,33.41,34.02
36005042200,Bronx County,New York,True,51.63,50.07,19.79,13.04,1689,97.86,7.98,18.96,75201,13.77,22.06,3.71,78.34,0.65,19.98,31.89,10.94
36005042300,Bronx County,New York,True,97.37,46.71,30.69,25.66,3949,96.37,22.54,31.45,71422,7.93,31.75,18.17,18.38,3.72,62.04,20.47,17.46
36005042400,Bronx County,New York,True,52.63,49.74,43.59,2.5,1055,73.96,10.51,17.37,106468,18.27,25.17,11.86,71.2,2.7,28.24,21.18,1.1
36005042500,Bronx County,New York,True,93.16,59.8,41.66,16.04,6363,80.29,33.0,32.63,48280,8.85,28.25,26.56,6.58,17.78,56.36,28.62,25.86
36005042600,Bronx County,New York,True,33.39,43.85,17.7,31.4,2264,100.0,16.43,17.74,99764,21.77,20.14,4.69,62.89,5.14,28.48,20.79,5.2
36005042800,Bronx County,New York,True,15.33,75.0,49.19,0.0,426,90.23,8.65,16.19,168646,26.46,15.08,0.84,69.3,2.06,15.41,15.33,3.55
36005042901,Bronx County,New York,True,98.32,60.87,39.22,20.85,3307,89.85,33.56,35.23,46779,9.16,28.05,4.39,23.61,16.96,53.69,34.11,22.99
36005042902,Bronx County,New York,True,93.56,62.16,35.1,17.18,3308,74.5,23.66,37.65,44663,11.43,23.77,9.14,20.79,8.89,67.18,43.96,26.77
36005043000,Bronx County,New York,True,37.45,44.1,44.1,0.0,901,92.46,11.65,29.92,85074,27.13,13.12,2.13,69.77,0.63,17.84,33.99,9.52
36005043101,Bronx County,New York,True,100.0,54.26,36.62,20.73,4859,92.24,40.09,44.9,40089,15.94,23.78,3.31,20.53,15.36,65.93,27.5,33.47
36005043102,Bronx County,New York,True,84.34,65.27,36.0,23.55,3224,97.74,21.78,35.52,50926,13.89,23.24,11.89,17.03,1.17,84.1,37.29,18.4
36005043400,Bronx County,New York,True,60.86,56.03,32.77,4.01,2495,86.81,25.99,28.62,76036,11.83,11.73,4.97,57.26,4.28,32.42,31.12,6.83
36005043501,Bronx County,New York,True,100.0,60.68,47.5,8.74,1011,6.25,35.91,48.65,,10.78,33.43,13.95,49.95,4.45,49.16,41.26,5.65
36005043502,Bronx County,New York,False,,,,,0,,,,,,,,,,,,
36005043503,Bronx County,New York,False,,,,,0,,,,,,,,,,,,
36005043600,Bronx County,New York,True,43.03,59.57,32.41,18.52,944,99.21,12.96,20.72,84735,13.67,25.06,3.77,55.33,2.33,29.55,22.18,3.64
36005044200,Bronx County,New York,True,42.27,81.61,54.41,6.0,1173,77.17,32.11,44.81,56434,18.27,27.9,2.0,73.5,0.42,16.3,24.19,1.97
36005044400,Bronx County,New York,True,39.33,65.5,47.5,0.0,1319,96.01,15.63,25.35,89615,26.93,15.61,2.54,72.35,2.24,14.28,25.63,1.73
36005044800,Bronx County,New York,True,31.14,49.1,14.86,34.23,659,69.35,19.0,10.38,104094,19.17,22.66,1.43,84.84,4.51,9.86,8.56,1.33
36005044901,Bronx County,New York,True,52.31,33.94,27.15,6.72,889,96.34,6.9,13.3,91419,14.33,17.56,71.64,7.33,1.86,24.89,39.12,3.19
36005044902,Bronx County,New York,True,69.17,41.31,19.76,2.23,1472,88.55,11.04,17.68,99297,17.79,14.76,72.83,3.91,0.83,25.56,31.04,3.87
36005045101,Bronx County,New York,True,81.36,20.88,6.68,0.0,1281,96.06,1.83,3.79,77246,15.4,15.99,81.24,1.06,3.19,17.11,63.11,0.91
36005045102,Bronx County,New York,True,37.06,44.13,4.19,5.03,863,98.07,4.16,7.76,99395,17.36,20.26,66.88,3.77,5.27,24.52,49.38,3.04
36005045600,Bronx County,New York,True,32.95,32.99,0.0,15.21,1013,82.0,1.83,5.92,79386,11.18,19.37,13.99,51.04,0.0,34.68,19.06,8.01
36005045800,Bronx County,New York,True,100.0,47.42,22.74,6.18,5523,92.95,42.6,47.9,30453,13.05,27.38,1.52,40.85,0.0,55.01,20.14,8.32
36005046000,Bronx County,New York,True,82.75,56.95,32.32,6.95,1776,80.04,31.3,37.59,44355,15.0,19.68,2.25,57.57,0.39,29.54,36.32,7.06
36005046203,Bronx County,New York,True,52.58,41.89,9.4,2.14,2908,81.37,12.3,30.41,40755,44.45,17.21,14.4,54.94,1.42,34.13,43.52,9.37
36005046204,Bronx County,New York,True,58.04,41.78,17.63,0.7,3398,91.06,10.29,23.1,63652,21.77,18.56,3.44,55.41,0.55,39.63,41.1,3.23
36005046205,Bronx County,New York,True,60.49,43.76,23.9,0.0,2040,94.52,16.68,24.4,75679,26.62,15.8,9.63,63.69,0.88,33.25,45.65,3.23
36005046206,Bronx County,New York,True,60.88,57.33,14.01,3.54,2253,91.91,1.17,20.59,67234,30.04,12.31,6.45,72.68,0.68,22.99,36.13,3.96
36005046207,Bronx County,New York,True,50.43,39.62,22.03,2.04,3359,95.18,16.16,21.11,59838,23.0,19.14,5.16,66.2,4.9,23.93,39.27,1.26
36005046208,Bronx County,New York,True,47.47,66.93,20.67,9.46,2410,55.43,8.58,9.55,87061,20.91,23.25,2.47,80.91,0.31,9.39,17.89,4.8
36005046209,Bronx County,New York,True,85.6,64.13,24.86,14.33,3907,91.28,51.89,49.72,30185,7.12,37.44,0.9,65.19,0.09,37.35,22.48,4.67
36005048401,Bronx County,New York,True,53.48,62.09,39.63,9.42,1938,62.0,11.19,22.94,88862,8.63,30.27,4.09,70.94,0.69,17.68,25.18,2.38
36005048402,Bronx County,New York,False,,,,,0,,,,,,,,,,,,
36005050400,Bronx County,New York,False,,,,,0,,,,,,,,,,,,
36005051601,Bronx County,New York,True,25.65,56.81,32.86,0.0,792,79.23,5.2,9.44,103125,44.02,9.3,68.89,1.57,2.35,23.28,44.18,2.89
36005051602,Bronx County,New York,False,,,,,0,,,,,,,,,,,,
36047000100,Kings County,New York,True,32.5,35.26,26.7,1.9,1377,81.92,2.79,3.97,178162,28.47,13.13,72.32,10.78,7.27,7.27,44.56,3.29
36047000200,Kings County,New York,True,67.62,67.18,37.45,31.66,813,93.11,34.47,20.1,79375,9.24,28.18,23.68,3.8,3.73,71.12,25.85,31.19
36047000301,Kings County,New York,True,50.95,33.77,25.03,0.0,1985,97.23,5.18,5.62,185128,23.57,19.31,85.38,0.87,4.29,8.06,41.67,1.09
36047000501,Kings County,New York,True,42.44,47.39,17.04,0.0,1387,92.47,8.43,20.33,141364,21.69,9.84,61.97,4.18,19.36,10.66,56.03,4.8
36047000502,Kings County,New York,True,58.74,38.32,20.85,0.0,1363,92.37,7.52,13.35,168013,21.3,15.27,73.67,0.67,16.61,4.73,52.27,1.56
36047000700,Kings County,New York,True,58.49,43.68,22.76,1.0,2028,91.73,4.1,8.13,201827,8.67,20.86,80.08,1.01,7.78,5.49,40.19,0.69
36047000900,Kings County,New York,True,73.75,27.35,14.96,0.84,3397,63.81,2.91,5.44,205500,6.56,16.66,75.88,1.36,9.51,11.57,42.32,3.51
36047001100,Kings County,New York,True,91.27,36.58,17.9,3.32,1480,11.78,10.51,10.71,203958,2.03,9.49,59.49,7.41,20.7,13.35,42.14,0.0
36047001300,Kings County,New York,True,37.85,45.66,12.03,5.3,801,73.74,10.49,16.77,139866,15.45,4.61,57.86,14.3,18.59,6.2,54.41,0.08
36047001501,Kings County,New York,True,82.91,49.14,28.44,6.42,3775,37.54,24.38,14.59,142560,8.94,19.82,33.95,27.95,16.85,19.87,44.05,7.56
36047001502,Kings County,New York,True,85.45,45.17,19.55,9.86,3997,14.09,16.34,13.01,138179,5.35,12.92,40.8,14.81,26.59,13.06,48.29,1.19
36047001801,Kings County,New York,False,,,,,0,,,,,0.57,0.0,44.52,47.73,2.58,38.66,,7.24
36047001802,Kings County,New York,False,,,,,0,,,,,,,,,,,,
36047001803,Kings County,New York,False,,,,,0,,72.73,,,27.27,0.0,72.73,27.27,0.0,0.0,,0.0
36047001804,Kings County,New York,False,,,,,0,,,,,,,,,,,,
36047002000,Kings County,New York,True,68.3,47.48,26.62,30.22,1134,96.14,10.39,7.37,81458,17.25,26.54,5.42,13.27,7.85,74.73,18.92,44.58
36047002100,Kings County,New York,True,50.32,29.31,17.03,14.98,3124,37.34,9.04,5.64,250001,4.9,19.71,64.24,8.63,16.21,7.95,27.36,1.68
36047002200,Kings County,New York,True,63.57,67.81,39.13,21.84,2840,84.81,25.01,41.65,41852,22.02,26.04,30.09,6.41,14.65,53.68,29.33,45.37
36047002300,Kings County,New York,True,94.24,52.8,14.81,8.35,3257,93.76,33.44,46.31,34977,24.14,23.07,3.4,45.35,9.63,50.37,40.68,24.25
36047002901,Kings County,New York,True,100.0,53.18,24.71,3.96,2983,93.07,43.03,60.58,22855,22.47,22.57,3.02,51.34,16.65,16.81,32.98,12.98
36047003000,Kings County,New York,True,52.27,52.34,27.41,3.47,849,99.35,4.72,9.34,130473,14.91,19.03,54.66,0.33,27.93,17.68,26.46,16.25
36047003101,Kings County,New York,True,61.56,36.34,9.11,3.16,1820,51.94,5.63,9.95,158500,14.14,8.98,43.4,21.6,15.68,10.55,47.08,2.61
36047003102,Kings County,New York,False,,,,,0,,,,,,,,,,,,
36047003300,Kings County,New York,True,87.99,53.72,16.8,13.33,3471,29.91,9.65,16.95,136217,5.62,15.44,39.68,22.5,12.0,11.78,51.22,1.18
36047003400,Kings County,New York,True,50.3,17.93,8.54,20.21,1835,90.56,7.46,5.44,113143,19.99,18.86,59.8,0.9,13.52,24.29,43.61,13.25
36047003500,Kings County,New York,True,83.98,49.9,32.6,6.02,1696,57.26,10.22,22.19,123417,14.42,14.0,40.73,27.23,9.96,22.5,57.84,3.96
36047003600,Kings County,New York,True,67.94,50.35,44.77,2.59,2255,96.97,19.92,19.86,91583,20.92,17.1,66.98,3.96,12.7,18.08,42.19,9.49
36047003700,Kings County,New York,True,84.86,41.04,24.55,5.79,3624,3.74,13.16,11.0,181404,2.81,12.63,47.75,14.14,27.98,11.81,58.71,1.04
36047003800,Kings County,New York,True,35.91,31.78,21.96,2.8,490,98.37,9.68,11.58,135313,19.17,18.26,63.74,0.39,22.48,14.68,33.05,6.2
36047003900,Kings County,New York,True,69.24,34.25,23.63,2.3,1805,60.48,11.92,10.76,187273,8.34,23.48,54.69,8.77,10.58,11.75,41.89,4.21
36047004100,Kings County,New York,True,70.08,25.51,11.63,2.88,1913,86.93,9.83,6.34,229002,12.91,14.82,71.03,8.96,6.25,7.63,30.57,0.61
36047004300,Kings County,New York,True,73.17,36.32,12.95,0.7,2702,51.86,9.47,15.17,161875,10.08,13.72,58.5,11.86,14.06,14.99,43.23,0.94
36047004400,Kings County,New York,True,24.3,48.68,21.16,8.04,486,97.12,5.76,11.71,142143,31.31,15.88,81.51,3.46,6.03,7.23,25.05,3.82
36047004500,Kings County,New York,True,53.96,37.16,17.2,8.11,2291,96.34,3.98,2.6,189833,11.49,17.73,71.32,7.62,4.03,8.88,33.92,0.41
36047004600,Kings County,New York,True,34.18,74.81,63.7,1.71,342,93.96,9.89,27.73,134773,24.58,18.9,72.7,0.0,13.74,8.4,45.7,2.29
36047004700,Kings County,New York,True,68.2,51.22,22.22,6.04,1120,51.51,13.54,19.79,145341,8.65,25.96,52.03,12.66,6.0,17.71,35.81,2.18
36047004900,Kings County,New York,True,62.41,48.68,22.55,7.44,1316,88.74,10.33,6.63,166667,14.35,24.51,74.67,5.26,2.54,10.02,32.2,1.4
36047005000,Kings County,New York,True,45.46,37.87,28.09,4.32,896,99.04,10.26,8.98,134013,19.31,25.82,74.49,2.93,10.26,6.75,41.63,3.03
36047005100,Kings County,New York,True,49.8,29.8,7.14,2.19,1121,61.31,5.05,5.85,178913,10.33,21.12,76.67,0.62,5.78,7.75,23.12,1.56
36047005201,Kings County,New York,True,80.27,47.66,17.97,0.0,1236,95.55,21.59,46.8,40789,44.43,8.91,70.82,2.68,13.48,5.25,52.07,18.69
36047005202,Kings County,New York,True,47.59,57.63,22.4,3.93,1283,94.14,3.89,10.83,107143,26.07,16.0,79.37,0.93,5.56,9.7,53.07,3.14
36047005301,Kings County,New York,True,62.17,46.03,24.8,4.02,1061,74.56,12.27,19.67,126071,11.03,20.62,66.3,13.46,1.38,17.23,35.33,0.3
36047005302,Kings County,New York,True,100.0,0.0,0.0,0.0,123,64.44,0.0,0.0,139609,0.0,47.15,52.03,0.0,0.0,47.97,44.44,0.0
36047005303,Kings County,New York,True,34.33,0.0,0.0,0.0,46,48.72,0.0,0.0,203750,0.0,22.79,77.94,0.0,0.0,22.06,46.27,0.0
36047005400,Kings County,New York,True,69.79,35.56,23.65,13.99,2392,94.83,6.77,15.99,85342,23.97,10.31,73.11,5.78,5.26,21.14,39.58,2.21
36047005601,Kings County,New York,True,43.69,45.91,20.35,14.2,1008,93.93,18.01,13.37,104598,22.16,13.43,68.02,4.93,14.86,11.41,47.07,6.69
36047005602,Kings County,New York,True,37.41,42.94,24.38,8.59,586,69.28,2.79,10.05,96397,22.56,13.51,73.76,2.35,12.56,10.05,44.97,1.77
36047005800,Kings County,New York,True,76.97,58.76,31.97,8.37,2171,81.02,7.61,15.08,77648,22.18,15.86,79.1,0.0,5.65,15.12,40.44,8.32
36047005900,Kings County,New York,True,91.31,46.34,26.64,6.23,1250,86.47,24.06,20.38,110288,20.03,16.93,61.0,17.65,1.91,21.94,21.8,3.04
36047006000,Kings County,New York,True,70.49,44.48,25.26,9.52,2032,94.84,3.26,10.63,88542,15.11,27.64,53.88,0.04,14.54,34.23,23.01,18.04
36047006200,Kings County,New York,True,71.4,49.33,29.38,17.35,1920,96.43,17.19,13.02,83500,21.18,14.47,71.77,1.02,8.29,22.28,36.43,3.83
36047006300,Kings County,New York,True,71.05,40.29,9.62,5.8,1204,86.61,3.41,4.35,188519,6.83,21.9,73.79,0.74,3.89,12.82,28.49,0.73
36047006400,Kings County,New York,True,72.4,41.71,30.41,6.53,2388,97.12,17.94,29.38,98846,21.2,19.75,68.73,1.18,8.75,19.32,30.27,3.56
36047006500,Kings County,New York,True,57.0,20.3,13.03,1.07,2511,90.2,3.96,4.23,202355,13.89,21.01,82.35,1.22,2.18,8.51,20.03,2.51
36047006600,Kings County,New York,True,75.09,40.9,28.45,11.5,2983,87.47,17.37,10.39,98158,19.54,18.42,53.09,6.04,10.45,28.87,40.84,11.06
36047006700,Kings County,New York,True,58.54,22.69,4.0,6.24,1960,89.75,3.82,10.59,214931,8.46,29.49,74.68,0.55,9.33,8.51,24.89,2.29
36047006800,Kings County,New York,True,80.94,41.86,28.91,23.85,3359,88.43,13.59,19.79,80938,19.65,19.55,48.21,5.83,16.64,25.19,33.78,12.84
36047006901,Kings County,New York,True,67.78,51.61,23.19,0.0,1088,84.68,7.2,7.56,149936,14.12,18.54,76.19,2.8,9.47,11.82,32.84,0.0
36047006902,Kings County,New York,True,60.9,28.05,12.2,2.98,990,72.68,3.62,7.99,226136,5.88,24.4,66.32,2.94,9.29,7.5,29.42,0.22
36047007000,Kings County,New York,True,54.88,21.99,7.7,9.34,1443,98.16,5.67,15.54,87198,28.56,13.62,50.29,3.67,4.28,39.71,32.98,13.48
36047007100,Kings County,New York,True,81.97,53.46,23.08,1.5,3194,95.26,20.47,37.46,53786,19.9,28.2,23.51,31.38,11.16,29.68,41.14,10.65
36047007200,Kings County,New York,True,91.93,62.96,33.92,16.03,1542,88.5,27.79,27.02,64000,12.39,24.05,10.86,0.51,21.49,72.71,26.32,47.88
36047007400,Kings County,New York,True,80.36,39.27,14.37,34.92,4413,88.14,20.72,10.78,73454,8.98,28.97,8.42,0.77,28.99,61.39,28.51,52.21
36047007500,Kings County,New York,True,53.93,10.8,7.11,6.8,2499,82.12,16.7,14.85,169375,17.98,17.08,67.42,2.73,6.95,18.32,33.6,1.97
36047007600,Kings County,New York,True,77.03,66.84,41.79,26.67,3311,85.89,14.65,29.69,73681,13.55,29.1,24.29,1.83,22.68,62.77,24.77,37.97
36047007700,Kings County,New York,True,71.15,26.9,19.14,3.0,3908,59.03,5.21,11.17,212827,7.68,19.55,82.47,1.1,3.65,7.8,41.47,3.19
36047007800,Kings County,New York,True,73.61,46.65,23.68,17.83,3699,91.12,21.79,16.44,79981,9.51,27.69,16.4,3.8,13.05,68.49,17.38,37.14
36047008000,Kings County,New York,True,70.99,53.02,30.99,2.13,2387,100.0,20.03,25.1,71250,23.6,17.69,20.81,5.22,10.47,65.99,27.02,32.34
36047008200,Kings County,New York,True,81.3,59.5,35.13,13.5,3200,82.13,30.96,30.28,53500,18.02,21.63,16.51,11.42,8.91,68.86,36.79,21.94
36047008400,Kings County,New York,True,73.03,22.14,8.11,11.2,2327,77.72,11.41,4.32,116100,6.31,15.76,23.85,3.61,6.75,69.24,23.03,26.62
36047008500,Kings County,New York,True,100.0,44.36,13.94,4.24,6401,88.52,36.81,57.8,27854,15.04,21.87,7.81,48.91,7.22,41.27,33.19,14.12
36047008600,Kings County,New York,False,,,,,0,,,,,,,,,,,,
36047008800,Kings County,New York,True,61.44,44.9,19.08,30.15,2105,86.37,16.17,12.91,95707,10.06,19.19,35.05,9.13,17.73,39.12,37.55,23.65
36047009001,Kings County,New York,True,68.86,62.93,46.94,20.62,1067,84.43,25.19,36.44,45945,14.33,28.12,13.1,1.53,17.85,71.72,34.53,38.92
36047009002,Kings County,New York,True,88.16,54.76,30.95,23.71,1376,96.35,5.55,8.31,62225,8.97,38.93,3.62,6.2,31.57,58.62,22.17,27.61
36047009201,Kings County,New York,True,58.53,40.06,30.77,13.99,1233,75.39,23.56,23.89,83824,16.92,18.73,13.14,1.61,50.91,30.46,10.41,50.16
36047009202,Kings County,New York,True,88.22,62.57,33.37,17.69,2324,98.35,29.72,18.94,53641,8.38,15.75,15.07,1.55,31.57,52.42,17.08,39.09
36047009401,Kings County,New York,True,67.74,77.42,32.97,30.18,1247,97.01,41.47,19.24,49620,13.36,29.6,9.82,0.0,70.14,20.86,19.24,37.51
36047009402,Kings County,New York,True,73.11,42.62,25.93,47.88,2445,94.97,21.65,14.19,85929,12.01,27.29,29.51,1.95,50.55,17.8,4.16,34.0
36047009600,Kings County,New York,True,63.82,61.09,32.86,20.52,3786,93.23,21.34,17.81,83664,12.76,21.84,24.02,2.05,31.54,42.6,10.77,39.0
36047009800,Kings County,New York,True,87.03,60.71,34.14,30.87,5816,89.41,28.13,22.02,60679,12.19,26.78,5.08,0.45,38.21,59.9,9.21,46.87
36047010000,Kings County,New York,True,74.46,67.14,41.22,21.61,4387,98.92,23.52,31.68,57881,14.74,25.78,4.15,1.15,44.71,50.28,24.89,45.59
36047010100,Kings County,New York,True,69.28,30.9,18.1,20.93,2783,85.75,16.73,18.87,136705,10.27,16.22,43.83,8.18,3.91,60.36,17.99,11.1
36047010200,Kings County,New York,True,72.94,56.78,38.73,29.28,3646,94.02,23.39,24.52,65668,19.4,24.5,10.61,1.67,56.01,30.99,11.33,45.09
36047010401,Kings County,New York,True,84.84,52.39,34.1,39.61,1584,84.65,29.9,17.3,56875,20.05,19.85,5.97,0.83,79.27,14.08,10.05,52.35
36047010402,Kings County,New York,True,85.23,66.3,51.99,41.33,1944,87.95,41.49,44.03,40255,21.07,23.64,13.71,1.56,78.84,4.51,16.62,42.55
36047010601,Kings County,New York,True,85.41,70.48,45.81,33.96,1952,93.81,36.72,31.49,45106,10.15,39.2,0.37,0.37,76.61,19.08,8.72,44.29
36047010602,Kings County,New York,True,70.0,64.56,36.64,37.0,1244,83.04,10.54,12.62,65372,18.58,18.06,3.69,0.0,90.23,4.21,4.59,54.28
36047010801,Kings County,New York,True,71.99,69.7,48.03,17.49,1287,88.33,29.55,23.94,66143,14.59,22.52,7.08,0.0,80.83,11.77,13.83,64.22
36047010802,Kings County,New York,True,81.44,50.92,39.01,18.08,1939,81.88,27.38,22.24,69479,9.67,19.22,5.0,4.13,76.68,8.89,9.57,51.85
36047011000,Kings County,New York,True,63.85,39.17,15.33,16.87,1294,88.48,14.66,13.54,86932,15.74,12.78,23.59,1.58,40.36,36.69,13.85,43.52
36047011200,Kings County,New York,True,83.35,48.86,13.7,22.95,5060,86.05,23.39,28.63,60348,17.62,28.35,34.41,1.59,23.46,35.68,21.23,25.0
36047011400,Kings County,New York,True,78.59,50.77,20.68,34.76,2532,95.41,17.86,17.94,74063,18.16,32.8,31.33,12.54,34.05,21.59,25.46,22.82
36047011600,Kings County,New York,True,74.86,71.07,28.01,28.66,2550,83.85,27.77,25.14,65551,14.17,23.6,6.25,0.37,83.27,10.05,16.26,57.37
36047011700,Kings County,New York,True,50.04,35.62,12.78,4.31,1354,64.5,3.59,6.08,153348,12.43,17.01,64.36,2.29,12.68,20.74,26.22,4.52
36047011800,Kings County,New York,True,88.66,61.1,42.81,22.24,1707,82.47,27.53,22.83,62273,19.5,18.16,9.86,1.61,80.72,10.55,22.36,49.73
36047011901,Kings County,New York,True,66.49,40.74,12.7,8.09,817,78.75,11.76,9.03,165179,12.77,17.49,52.98,9.14,14.01,23.15,23.44,1.67
36047011902,Kings County,New York,False,,,,,0,,,,,,,,,,,,
36047012000,Kings County,New York,True,65.4,58.3,44.39,37.22,814,96.17,28.01,24.93,72987,8.49,27.92,7.59,0.0,65.71,25.22,2.35,44.92
36047012100,Kings County,New York,True,67.58,47.45,19.9,3.27,1170,76.69,8.95,14.32,130357,8.95,16.18,65.74,1.58,9.87,33.98,28.95,4.63
36047012200,Kings County,New York,True,72.65,60.23,39.28,20.28,3344,81.93,28.57,33.15,54071,8.61,26.08,14.18,1.89,33.36,56.03,24.9,44.81
36047012600,Kings County,New York,True,68.72,55.44,35.85,18.43,2021,93.05,18.84,15.47,81477,14.47,24.44,39.47,3.77,31.95,24.44,17.38,25.7
36047012700,Kings County,New York,True,88.09,56.16,19.49,1.59,3473,59.82,12.03,26.17,63750,17.45,18.22,21.3,36.7,8.4,30.28,34.9,2.45
36047012801,Kings County,New York,True,71.88,52.39,24.3,23.99,1458,97.76,22.63,21.09,74306,13.39,21.09,36.29,0.91,48.82,20.68,32.63,25.27
36047012901,Kings County,New York,True,44.95,23.69,11.39,7.56,1240,71.4,9.37,9.13,250001,9.37,14.97,56.72,11.74,7.56,17.05,13.59,4.7
36047012902,Kings County,New York,True,85.65,29.63,18.95,3.56,2945,39.16,6.31,8.83,183510,6.86,16.33,47.28,16.35,12.45,16.95,41.9,3.56
36047013000,Kings County,New York,True,70.26,55.88,35.6,24.37,3653,93.13,14.68,20.68,78942,9.09,31.03,51.07,4.81,9.93,31.42,23.4,15.73
36047013100,Kings County,New York,True,70.84,44.1,23.44,1.26,2325,89.84,10.79,19.98,107083,17.46,16.25,55.84,14.92,7.08,14.49,33.86,2.31
36047013200,Kings County,New York,True,54.02,50.77,43.69,18.97,1170,93.47,15.8,21.05,81429,24.52,22.32,43.1,2.87,28.88,21.02,27.29,31.93
36047013300,Kings County,New York,True,59.93,34.82,13.31,4.71,2277,71.61,1.48,4.04,201298,11.35,23.31,73.12,2.23,6.38,15.08,30.71,2.19
36047013400,Kings County,New York,True,67.88,42.99,25.54,6.01,2629,96.61,11.43,13.81,99886,14.66,25.94,51.27,3.18,24.02,18.89,23.39,17.79
36047013500,Kings County,New York,True,45.69,22.04,8.23,5.78,1804,70.75,1.84,3.65,221920,10.67,29.27,68.98,4.75,9.32,9.15,14.33,1.73
36047013600,Kings County,New York,True,60.45,59.3,40.48,14.53,2446,96.33,12.68,13.46,88182,16.14,20.39,60.61,1.52,10.17,27.11,33.27,5.54
36047013700,Kings County,New York,True,74.3,29.7,11.63,4.04,2061,80.91,4.96,12.02,170600,8.93,17.67,73.04,2.16,5.61,17.9,35.31,0.63
36047013800,Kings County,New York,True,77.65,39.17,14.69,11.0,2812,97.68,3.11,7.02,112703,9.84,26.21,61.32,0.5,11.97,22.71,21.55,5.43
36047013900,Kings County,New York,True,66.36,36.09,17.72,3.9,2170,89.67,5.98,7.06,173378,10.69,16.62,62.76,8.56,12.37,17.8,20.07,1.94
36047014000,Kings County,New York,True,51.01,51.73,43.35,34.28,814,94.86,23.22,20.81,61111,22.0,14.68,63.32,2.35,26.3,8.93,15.03,18.55
36047014101,Kings County,New York,True,54.77,40.75,29.11,0.0,541,74.03,13.31,7.1,215104,8.43,20.09,56.44,6.88,17.67,7.89,22.99,3.06
36047014102,Kings County,New York,True,56.18,54.73,23.14,4.32,1147,58.29,8.17,11.26,113750,22.19,20.62,56.4,2.95,13.19,29.33,18.87,17.06
36047014200,Kings County,New York,True,80.54,53.35,29.82,20.92,2932,98.11,25.02,15.59,81250,20.29,27.36,54.81,7.58,13.67,28.55,22.39,10.85
36047014300,Kings County,New York,True,69.36,48.09,23.37,5.98,2053,73.78,9.5,13.77,119594,7.13,22.23,53.12,2.8,9.12,35.67,30.15,1.02
36047014500,Kings County,New York,True,74.33,52.38,16.98,9.17,2985,68.8,12.11,7.14,117800,7.09,21.02,62.55,2.78,6.11,23.35,23.48,4.95
36047014700,Kings County,New York,True,54.14,32.43,8.56,5.82,1155,76.14,7.15,1.75,162847,7.25,32.32,72.78,0.46,3.37,10.7,27.19,0.61
36047014800,Kings County,New York,True,25.31,67.96,42.72,0.0,261,95.65,7.77,15.23,88787,26.6,18.57,52.96,0.0,30.98,15.9,21.62,15.33
36047014901,Kings County,New York,True,56.38,43.99,12.97,0.0,711,87.81,8.38,3.46,166161,15.39,16.49,68.83,6.95,8.77,13.25,21.57,0.28
36047014902,Kings County,New York,True,67.79,37.35,8.83,2.52,2305,79.23,6.02,4.59,171346,10.31,12.28,65.59,0.89,12.01,17.07,28.31,4.76
36047015000,Kings County,New York,True,35.36,90.62,61.98,0.0,353,90.94,14.06,22.1,63594,25.19,19.49,64.51,0.21,29.3,4.45,35.17,11.86
36047015100,Kings County,New York,True,48.1,27.71,8.31,3.66,1739,93.1,4.48,10.04,188866,17.76,20.0,81.6,1.4,7.66,6.16,20.48,0.66
36047015200,Kings County,New York,True,45.64,64.97,45.81,1.99,846,83.4,14.18,23.9,92454,25.33,13.16,58.41,3.92,20.49,19.66,29.78,7.41
36047015300,Kings County,New York,True,71.49,27.53,12.36,1.05,1707,100.0,4.27,12.46,154286,16.11,21.49,66.49,2.46,10.73,16.19,32.69,0.0
36047015400,Kings County,New York,False,,,,,0,,,,,,,,,,,,
36047015500,Kings County,New York,True,39.14,27.32,18.77,7.3,1410,97.18,3.98,5.43,206176,11.47,24.4,75.89,1.34,5.4,9.88,26.39,0.0
36047015700,Kings County,New York,True,56.61,8.04,3.58,5.86,2494,95.41,2.36,1.99,209940,16.7,21.16,76.38,6.67,5.98,5.74,20.91,0.32
36047015900,Kings County,New York,True,43.13,31.14,5.24,0.0,1865,95.24,4.89,8.27,201858,14.28,17.97,80.55,4.05,6.47,5.49,43.93,0.26
36047016000,Kings County,New York,True,77.93,44.81,27.91,13.64,3309,96.42,16.67,17.7,83920,15.16,16.4,46.9,2.6,24.81,24.4,38.64,21.02
36047016100,Kings County,New York,True,64.13,26.02,15.45,3.82,1987,83.67,1.95,5.9,172234,17.94,16.09,57.32,4.96,10.84,22.12,37.25,3.31
36047016200,Kings County,New York,True,60.31,47.19,12.29,0.0,1352,85.69,14.9,20.89,100278,24.0,17.64,53.42,2.34,8.2,33.88,45.12,7.4
36047016300,Kings County,New York,True,69.67,36.54,20.71,5.49,2846,68.92,7.96,9.05,196630,9.5,20.05,51.51,19.98,10.76,9.24,29.02,0.0
36047016400,Kings County,New York,True,90.75,65.61,42.68,14.65,686,42.2,0.0,0.0,106875,1.43,33.57,55.61,22.76,9.18,15.61,10.98,3.02
36047016500,Kings County,New York,True,51.4,31.54,10.59,3.99,2808,99.57,2.07,5.11,250001,13.62,21.56,72.19,2.58,7.84,11.41,27.73,0.0
36047016600,Kings County,New York,True,9.03,42.37,30.51,37.5,222,100.0,7.59,3.81,114635,20.31,19.95,65.79,0.0,21.04,11.72,11.99,10.85
36047016700,Kings County,New York,True,47.65,47.14,12.32,0.57,2252,95.35,5.69,11.59,190125,15.27,16.27,75.4,1.38,14.54,11.17,30.35,2.98
36047016800,Kings County,New York,True,35.48,31.2,16.0,4.07,617,77.99,6.3,6.31,118341,18.09,18.15,60.07,0.0,33.52,4.08,31.93,9.04
36047016900,Kings County,New York,True,62.64,38.54,23.17,0.0,2328,94.09,14.8,16.41,140727,11.12,19.41,82.75,0.93,7.91,6.62,29.93,3.67
36047017000,Kings County,New York,True,47.48,50.29,22.44,18.46,1848,95.69,12.05,19.44,102417,25.46,16.44,49.39,3.28,26.21,24.38,13.89,17.88
36047017100,Kings County,New York,True,52.67,37.27,28.78,0.0,1996,89.91,1.81,13.15,174646,12.23,26.77,75.14,0.92,7.68,20.58,17.39,0.2
36047017200,Kings County,New York,True,47.15,45.21,45.21,24.66,1194,95.39,4.34,23.36,136096,30.77,18.72,46.87,1.71,36.53,12.38,30.55,20.98
36047017400,Kings County,New York,True,33.84,59.11,44.83,8.61,603,90.65,13.45,23.3,103594,22.81,19.17,44.31,0.0,45.45,10.75,24.83,14.59
36047017500,Kings County,New York,False,,,,,0,,,,,,,,,,,,
36047017600,Kings County,New York,True,53.22,47.5,27.27,18.61,1085,81.94,8.66,12.17,90833,15.66,10.5,48.7,0.0,33.89,16.16,24.7,29.41
36047017700,Kings County,New York,False,,,,,0,,,,,,,,,,,,
36047017800,Kings County,New York,True,64.81,46.05,30.04,17.92,1415,68.5,4.54,14.93,91923,19.03,21.06,39.17,1.07,45.53,14.7,19.08,21.13
36047017900,Kings County,New York,True,71.78,43.09,25.25,5.81,2497,58.79,30.17,24.47,103836,20.32,21.66,29.14,34.52,8.46,22.71,23.9,7.55
36047018000,Kings County,New York,True,60.87,77.88,48.2,10.83,1652,85.33,16.49,24.82,59936,18.69,18.66,57.53,0.0,28.53,17.44,21.22,19.49
36047018100,Kings County,New York,True,80.54,27.82,12.25,8.34,2777,95.96,7.9,10.24,175294,11.4,11.83,58.77,12.6,4.71,10.81,48.1,7.31
36047018200,Kings County,New York,True,48.06,56.69,29.14,22.26,1658,82.85,11.52,13.03,78750,17.42,22.3,28.67,1.05,44.55,25.05,14.06,30.32
36047018300,Kings County,New York,True,66.01,20.53,11.88,17.31,1764,83.33,2.41,0.95,194519,11.38,12.12,56.65,9.96,6.13,9.61,24.54,5.29
36047018400,Kings County,New York,True,23.24,57.14,28.57,2.98,392,95.88,5.83,12.72,81467,24.05,14.52,38.43,0.0,55.36,3.18,10.79,25.46
36047018501,Kings County,New York,True,86.85,46.01,15.94,7.97,4235,85.34,23.0,34.96,44877,19.01,17.59,8.4,51.28,11.3,30.2,39.09,19.78
36047018600,Kings County,New York,True,45.95,40.3,16.35,16.2,1033,87.79,5.3,7.77,76667,20.56,13.63,42.06,0.0,47.82,23.07,20.87,25.26
36047018700,Kings County,New York,True,54.73,40.07,22.3,3.65,601,73.38,9.3,3.64,139231,14.31,11.43,59.73,23.3,1.99,8.04,23.64,2.58
36047018800,Kings County,New York,True,60.59,84.95,76.54,12.37,1445,95.45,17.59,44.59,38227,11.31,21.71,51.34,3.25,31.76,11.9,31.82,20.95
36047019000,Kings County,New York,True,80.44,49.92,15.93,22.61,3430,81.95,21.84,19.44,48824,16.88,10.79,31.17,0.55,34.74,33.71,19.31,38.3
36047019100,Kings County,New York,True,69.42,44.49,25.51,9.44,1985,63.6,12.58,14.74,148929,4.26,22.19,51.27,6.87,7.33,21.82,36.12,4.24
36047019200,Kings County,New York,True,67.84,47.72,24.66,36.0,2317,67.26,26.77,15.74,72303,13.18,35.21,43.17,0.26,32.55,19.34,10.99,26.35
36047019300,Kings County,New York,True,49.66,55.73,39.36,6.83,2314,84.57,18.18,24.52,79505,15.3,4.91,47.39,23.78,14.78,10.68,60.66,1.14
36047019400,Kings County,New York,True,67.64,66.84,57.22,16.84,2127,78.75,26.25,15.36,66080,10.2,18.1,19.37,0.49,58.28,22.02,11.56,44.96
36047019500,Kings County,New York,True,36.99,35.92,17.45,10.26,1484,97.79,11.84,12.61,139329,18.96,17.45,43.2,33.85,2.02,15.03,37.79,2.72
36047019600,Kings County,New York,True,59.77,63.67,37.12,5.87,2585,75.05,32.74,31.07,74292,29.49,21.64,36.31,7.59,39.77,14.36,28.06,33.48
36047019700,Kings County,New York,True,46.41,29.84,22.35,1.08,1780,99.38,5.99,9.07,121235,15.25,21.08,51.67,22.77,5.0,16.16,44.91,1.35
36047019800,Kings County,New York,True,35.38,59.01,31.98,15.22,571,98.25,13.66,19.85,78673,13.99,27.54,47.94,0.16,40.81,17.72,28.15,23.8
36047019900,Kings County,New York,True,86.92,29.97,15.82,1.34,3609,55.76,6.74,10.16,130688,5.94,15.15,44.95,17.4,11.23,12.27,47.06,2.76
36047020000,Kings County,New York,True,50.3,38.64,11.36,11.64,981,99.0,19.94,9.61,98214,22.21,21.99,42.15,0.64,44.16,11.9,24.62,33.03
36047020100,Kings County,New York,True,70.79,49.01,23.62,7.01,2656,83.6,3.68,8.2,150978,10.97,16.5,44.3,32.58,4.91,10.79,35.53,1.17
36047020200,Kings County,New York,True,26.19,52.29,15.03,0.61,503,94.38,9.84,15.4,79643,19.28,23.82,49.1,0.0,34.6,22.31,13.97,13.57
36047020300,Kings County,New York,True,68.43,40.58,14.06,0.46,1341,38.62,13.07,17.24,160795,6.41,21.5,60.13,13.74,10.13,8.63,46.42,1.39
36047020400,Kings County,New York,True,20.03,16.26,8.13,24.11,411,86.59,5.74,6.68,143162,20.32,18.16,66.86,0.83,20.86,8.0,18.89,14.96
36047020500,Kings County,New York,True,50.63,32.53,10.76,3.36,1771,72.79,3.39,3.28,164926,10.85,24.57,63.69,9.68,13.25,14.74,27.87,0.0
36047020600,Kings County,New York,True,34.04,63.77,48.68,49.26,1002,95.7,23.99,14.39,87446,20.97,23.86,62.36,2.74,30.93,5.79,8.51,16.85
36047020700,Kings County,New York,True,60.14,29.39,18.35,2.2,2511,93.61,8.34,11.61,190843,11.99,18.13,68.37,8.69,2.36,12.62,42.17,0.47
36047020800,Kings County,New York,True,51.25,52.25,31.46,15.37,1394,91.83,13.21,17.98,65491,22.46,12.71,30.74,0.0,64.98,4.9,17.7,37.37
36047021000,Kings County,New York,True,56.56,61.99,39.75,17.35,2118,86.2,26.3,27.83,69970,13.78,24.72,21.38,1.56,56.62,17.5,15.52,30.63
36047021100,Kings County,New York,True,87.6,35.51,27.7,11.45,2312,51.16,15.26,18.91,85225,5.94,18.14,26.82,41.29,6.19,20.73,25.33,3.17
36047021200,Kings County,New York,True,76.36,48.08,22.63,14.24,2261,73.37,20.95,29.49,56250,21.75,17.17,25.27,1.97,69.4,6.13,20.18,42.37
36047021300,Kings County,New York,True,90.64,47.98,34.03,7.24,4140,93.95,24.05,26.51,82426,15.98,17.97,22.84,60.49,4.38,8.31,35.72,3.19
36047021400,Kings County,New York,True,71.21,45.74,29.55,52.66,1920,81.9,32.61,20.08,78214,3.6,43.33,54.46,0.0,29.15,13.33,14.77,33.93
36047021500,Kings County,New York,True,70.37,46.62,19.99,0.0,3675,86.81,7.63,17.36,151154,14.55,12.62,55.07,16.09,8.24,10.72,33.38,0.0
36047021600,Kings County,New York,True,72.13,59.14,49.26,21.73,2888,76.77,48.52,29.41,47950,11.81,44.17,79.85,1.67,2.73,11.15,9.63,3.98
36047021700,Kings County,New York,True,85.6,39.87,21.29,3.38,3351,70.56,13.36,21.12,112957,13.33,16.86,39.62,28.03,7.55,22.09,41.56,0.84
36047021800,Kings County,New York,True,78.97,56.26,29.64,17.45,2280,89.41,16.52,15.87,69291,7.97,38.19,76.49,0.62,3.26,12.75,26.81,14.01
36047021900,Kings County,New York,True,84.56,40.09,15.8,4.93,3130,73.6,10.0,10.4,122589,11.77,9.14,34.48,48.97,3.36,9.21,36.23,0.32
36047022000,Kings County,New York,True,79.46,51.7,41.79,19.14,3978,88.97,33.98,18.61,59395,6.49,49.06,82.49,0.14,3.55,10.57,17.92,11.32
36047022100,Kings County,New York,True,80.42,47.95,27.7,3.48,2654,77.53,21.13,19.11,87021,17.32,11.25,41.0,40.6,2.6,12.51,40.42,0.81
36047022200,Kings County,New York,True,78.07,71.85,52.3,30.65,3246,85.88,50.91,27.02,52361,15.26,37.33,74.2,0.59,1.53,11.48,15.1,14.6
36047022400,Kings County,New York,True,60.45,62.82,36.47,30.85,3179,63.19,34.2,16.9,56105,6.22,48.79,76.48,0.55,6.77,12.56,11.57,7.73
36047022600,Kings County,New York,True,56.54,59.28,24.76,30.62,1336,55.78,11.11,8.84,86655,4.89,52.39,44.83,0.88,12.41,37.45,13.81,20.01
36047022700,Kings County,New York,True,84.77,34.6,16.02,8.44,3596,54.76,13.85,11.81,119148,5.81,15.95,29.17,39.93,5.3,20.46,37.61,5.37
36047022800,Kings County,New York,True,56.49,57.54,29.23,39.91,1671,80.16,38.48,24.77,55898,9.61,37.01,56.61,0.51,36.04,5.92,9.31,13.14
36047022900,Kings County,New York,True,80.35,38.03,17.12,10.97,2732,73.47,11.0,11.08,139609,3.4,13.78,57.32,21.07,3.12,11.86,27.7,6.79
36047023000,Kings County,New York,True,77.05,72.11,57.46,41.57,3349,87.51,52.28,47.56,32725,10.57,46.91,71.13,0.9,7.4,17.73,10.94,9.83
36047023100,Kings County,New York,True,70.61,33.94,20.05,4.87,2152,66.46,9.38,21.15,160199,10.96,13.99,55.41,25.78,5.01,10.31,37.0,1.08
36047023200,Kings County,New York,True,67.14,45.14,19.77,52.1,4871,83.04,37.44,19.75,63094,10.35,52.35,88.25,0.03,7.7,2.78,12.34,9.96
36047023300,Kings County,New York,True,78.61,40.52,31.9,6.1,4857,66.54,33.97,27.54,78177,4.33,31.53,42.59,23.48,8.57,10.64,31.52,1.73
36047023400,Kings County,New York,True,81.27,79.12,57.51,28.29,4592,86.31,35.91,40.39,37587,10.03,45.05,88.19,0.0,0.0,6.66,14.33,3.69
36047023500,Kings County,New York,True,75.79,55.35,34.86,33.14,4609,43.43,31.1,18.3,111917,1.0,46.23,78.25,5.25,4.4,11.4,30.12,6.11
36047023600,Kings County,New York,True,88.4,77.09,56.88,39.98,5347,90.58,33.57,34.14,39479,6.61,51.88,92.46,0.0,3.01,1.13,19.58,6.26
36047023800,Kings County,New York,True,85.18,68.74,53.99,44.15,4554,68.95,28.28,29.65,43843,8.7,56.75,87.75,0.0,1.9,4.58,20.6,4.68
36047024000,Kings County,New York,True,85.21,66.7,55.54,31.82,4706,93.27,48.26,44.86,37833,9.65,45.5,85.23,2.66,0.13,5.06,14.08,4.72
36047024100,Kings County,New York,True,90.07,42.31,19.98,10.07,2760,53.37,22.8,16.67,141717,5.99,21.08,52.98,13.32,8.66,12.11,26.25,2.22
36047024200,Kings County,New York,True,59.57,67.46,53.21,32.12,2136,68.88,27.66,22.66,59276,12.43,48.38,86.24,0.79,6.67,4.26,13.7,4.04
36047024300,Kings County,New York,True,63.08,39.22,26.61,5.25,2264,78.3,13.58,25.18,122203,21.36,13.65,26.84,43.06,10.0,13.85,39.97,3.72
36047024400,Kings County,New York,True,67.47,59.08,34.44,29.61,2450,92.79,36.98,23.59,76417,10.52,37.54,68.79,0.14,17.74,12.4,11.35,12.04
36047024500,Kings County,New York,True,68.69,46.7,31.74,1.4,2810,82.75,10.47,9.86,103194,7.78,17.25,36.55,42.73,7.19,7.21,33.08,1.53
36047024600,Kings County,New York,True,44.98,37.5,21.22,28.72,1178,100.0,23.13,22.37,71711,9.46,36.02,46.24,0.73,38.02,10.07,20.57,22.69
36047024700,Kings County,New York,True,90.23,50.92,26.62,6.58,1996,78.45,23.44,25.33,57106,13.62,13.94,25.17,37.65,8.68,14.76,45.59,3.39
36047024800,Kings County,New York,True,53.92,59.32,30.75,23.81,1397,92.59,26.5,13.48,79340,13.45,29.85,55.25,0.31,24.81,16.56,9.63,20.35
36047024900,Kings County,New York,True,93.64,42.35,22.53,4.13,3724,90.7,13.99,22.02,84746,6.51,14.81,35.09,41.19,7.26,13.67,34.59,1.22
36047025000,Kings County,New York,True,52.36,63.08,28.97,13.11,696,85.69,23.74,24.03,51250,25.26,6.77,14.03,0.49,59.18,28.19,39.91,30.03
36047025100,Kings County,New York,True,85.76,51.06,33.95,5.56,3451,53.88,37.42,29.67,58856,12.63,12.33,20.0,60.25,3.26,11.8,34.83,4.52
36047025200,Kings County,New York,True,74.43,59.06,30.3,27.13,3319,94.04,16.35,20.8,54012,14.57,18.68,40.56,1.7,39.04,16.03,20.68,28.7
36047025300,Kings County,New York,True,68.02,33.53,15.48,12.8,2569,57.19,30.53,15.86,115700,4.69,24.28,57.17,21.23,3.51,11.68,21.46,7.63
36047025400,Kings County,New York,True,63.23,61.54,24.5,39.97,2300,85.62,25.31,11.57,89021,11.0,30.08,32.0,0.0,45.56,24.7,16.68,34.92
36047025500,Kings County,New York,True,98.52,57.76,20.28,7.33,4711,94.92,32.21,53.44,26906,13.18,19.47,15.83,28.56,0.28,65.71,36.57,14.23
36047025600,Kings County,New York,True,69.68,57.69,47.01,47.31,1796,95.58,10.09,16.62,71250,21.39,15.45,29.77,0.0,63.13,6.07,14.61,36.88
36047025700,Kings County,New York,True,86.05,46.17,22.58,30.22,2907,36.2,39.08,18.5,88750,5.64,29.55,59.76,6.65,3.89,30.83,14.06,16.3
36047025800,Kings County,New York,True,87.73,57.46,43.18,16.07,3657,92.5,31.39,36.97,67167,15.51,24.26,26.57,6.1,47.62,19.79,28.73,37.73
36047025901,Kings County,New York,True,87.02,63.88,36.12,9.81,1737,48.38,21.38,18.39,90000,4.96,21.29,38.57,29.72,2.07,28.82,34.62,4.58
36047025902,Kings County,New York,True,90.88,54.21,28.13,5.93,3039,81.63,48.55,53.66,,9.35,35.17,11.35,50.76,5.85,41.04,20.65,13.7
36047026000,Kings County,New York,True,62.7,58.67,27.67,13.72,1875,91.93,12.97,21.8,68043,16.36,18.84,30.11,2.89,41.87,26.33,23.5,33.44
36047026100,Kings County,New York,True,97.68,41.74,26.38,9.25,5273,49.02,28.93,19.66,103274,2.04,12.69,27.34,26.03,16.7,28.97,38.67,7.02
36047026200,Kings County,New York,True,46.94,44.17,28.83,27.99,1138,93.7,15.84,20.54,99750,11.34,23.4,27.07,5.18,55.99,13.23,15.56,32.08
36047026300,Kings County,New York,True,69.33,47.51,26.17,7.07,1350,72.28,17.82,16.19,85546,8.08,15.88,28.79,53.47,0.81,11.19,32.59,0.0
36047026400,Kings County,New York,True,72.95,65.01,41.21,15.55,3473,93.17,20.13,20.53,69808,7.18,28.52,32.41,0.0,37.57,28.59,18.19,43.69
36047026500,Kings County,New York,True,80.63,52.58,25.7,5.02,3034,70.78,21.22,16.59,82088,8.07,15.58,28.19,40.5,5.97,16.92,47.8,1.96
36047026600,Kings County,New York,True,75.61,69.95,44.63,10.6,2547,83.97,19.3,36.93,47544,17.6,26.81,45.73,0.85,35.44,27.19,12.46,35.0
36047026700,Kings County,New York,True,71.67,34.91,14.96,2.53,2518,90.78,6.23,10.99,150386,12.99,12.5,33.03,38.99,4.78,16.1,28.9,0.56
36047026800,Kings County,New York,True,65.2,41.52,17.78,12.01,2634,92.24,14.3,15.39,90442,17.93,22.53,46.76,0.52,45.79,7.43,19.34,29.91
36047026900,Kings County,New York,True,76.5,64.15,26.63,3.11,2248,88.51,18.29,15.75,96006,10.77,20.82,23.0,44.31,2.73,30.26,33.03,1.79
36047027000,Kings County,New York,True,71.92,49.34,31.56,26.67,1941,87.51,25.14,32.08,62083,16.96,25.1,57.16,0.0,30.13,13.13,26.6,18.97
36047027100,Kings County,New York,True,87.7,48.55,25.76,12.61,3075,35.6,14.63,24.29,84412,9.75,19.22,17.85,67.55,2.82,9.15,40.37,3.09
36047027200,Kings County,New York,True,66.71,53.7,44.14,17.19,2834,78.18,26.05,24.83,59802,15.79,18.75,36.32,4.85,37.63,22.59,28.25,37.91
36047027300,Kings County,New York,True,60.21,46.22,21.9,7.95,1924,75.18,8.35,16.76,122093,18.08,23.35,10.27,70.79,3.86,12.76,23.73,2.6
36047027400,Kings County,New York,True,60.63,66.92,39.47,1.84,1696,96.1,10.48,14.88,49800,28.78,14.61,53.41,0.0,33.84,10.74,22.27,37.17
36047027500,Kings County,New York,True,57.57,49.2,19.09,2.04,2516,98.73,23.81,21.55,84756,13.11,16.71,12.99,71.74,1.12,7.53,24.73,3.21
36047027600,Kings County,New York,True,73.88,59.48,39.44,16.32,2630,94.74,16.48,17.23,63447,16.79,24.29,33.29,0.0,43.64,22.47,13.68,29.88
36047027700,Kings County,New York,True,85.42,48.38,33.5,10.37,3740,78.84,28.77,38.25,61042,12.27,23.89,13.06,67.77,2.0,20.5,39.4,1.41
36047027800,Kings County,New York,True,72.74,41.0,19.71,16.18,2041,83.45,12.44,9.82,68792,22.97,22.02,41.74,3.51,48.21,4.08,25.93,20.3
36047027900,Kings County,New York,True,62.53,58.42,27.0,5.77,2450,83.24,17.98,13.65,91771,9.19,19.29,34.53,47.73,2.13,12.73,22.81,0.76
36047028000,Kings County,New York,True,49.75,39.3,29.82,19.59,823,88.15,10.95,20.0,95208,19.26,20.73,40.52,0.18,34.07,28.81,21.68,29.37
36047028100,Kings County,New York,True,94.36,57.76,35.36,11.79,4947,64.68,37.54,41.56,45850,8.23,23.19,15.23,44.98,3.84,34.48,32.89,7.73
36047028200,Kings County,New York,True,60.84,63.13,50.0,20.99,2042,91.7,23.4,24.2,52926,22.26,22.57,40.85,2.35,31.46,19.64,25.04,29.09
36047028300,Kings County,New York,True,85.48,47.91,23.39,6.94,3353,91.58,29.92,34.97,53040,12.8,18.06,17.2,44.67,3.24,31.74,23.8,6.52
36047028400,Kings County,New York,True,86.85,55.15,26.58,11.16,2891,81.49,21.12,31.07,59954,16.41,21.52,49.66,0.38,40.82,18.37,34.05,24.73
36047028501,Kings County,New York,True,98.13,58.73,36.51,0.0,490,29.6,32.39,29.28,57969,6.28,3.74,47.71,22.58,6.79,26.99,57.01,4.58
36047028502,Kings County,New York,True,100.0,59.57,21.04,6.66,3144,98.6,53.24,61.16,14944,22.2,27.93,0.86,53.47,0.0,51.97,40.27,9.53
36047028600,Kings County,New York,True,91.42,70.42,33.4,21.03,4519,87.24,43.68,38.56,47923,13.55,39.96,38.57,8.11,24.82,9.78,46.34,37.24
36047028700,Kings County,New York,True,84.74,43.05,10.79,10.05,2675,68.73,36.04,31.21,106462,4.62,19.57,25.19,41.52,5.83,30.69,31.52,8.76
36047028800,Kings County,New York,True,68.92,31.36,19.08,20.8,2180,88.53,21.99,18.25,77042,18.31,21.83,24.99,0.0,50.48,23.34,24.93,31.43
36047028900,Kings County,New York,True,86.26,55.22,28.88,3.91,3232,78.07,33.87,36.91,50152,11.5,16.47,27.03,40.78,2.27,31.44,27.8,3.54
36047029000,Kings County,New York,True,78.97,52.31,26.95,11.33,2813,92.75,27.95,32.14,62731,23.69,21.27,58.65,0.27,21.73,18.52,41.67,22.73
36047029100,Kings County,New York,True,69.06,63.27,43.21,3.59,2140,64.11,19.21,24.47,88153,11.56,17.08,19.73,57.06,3.99,14.82,32.25,2.2
36047029200,Kings County,New York,True,69.33,64.4,34.59,18.07,1609,89.15,17.27,33.23,55653,18.15,15.87,36.67,5.76,41.66,15.59,34.62,36.02
36047029300,Kings County,New York,True,77.98,42.25,21.3,3.0,2174,94.02,35.43,42.46,36833,18.48,22.1,10.56,60.3,2.42,25.65,30.54,0.92
36047029400,Kings County,New York,True,69.49,37.22,16.38,16.95,932,94.67,17.82,19.57,91544,30.79,14.38,36.15,13.85,27.99,18.63,35.66,23.3
36047029500,Kings County,New York,True,60.02,56.12,40.3,0.0,2517,96.12,23.72,19.99,94227,13.18,18.4,22.11,60.94,1.26,9.89,29.69,0.65
36047029600,Kings County,New York,True,74.01,56.65,30.66,27.11,5058,80.57,28.78,28.36,66349,15.13,27.49,40.07,0.96,26.04,31.05,18.25,35.19
36047029700,Kings County,New York,True,63.93,62.93,43.64,5.78,2581,91.7,23.2,26.57,70536,14.56,25.25,20.13,68.31,1.57,6.37,36.42,2.32
36047029800,Kings County,New York,True,73.42,62.46,31.16,16.69,2419,84.82,19.91,22.16,61059,14.37,26.03,43.51,0.1,40.34,17.08,18.47,23.59
36047029900,Kings County,New York,True,76.58,63.25,18.49,4.5,2240,53.64,29.58,30.47,65433,12.2,22.21,19.53,64.6,2.91,12.08,28.55,2.86
36047030000,Kings County,New York,True,74.67,49.19,27.35,21.46,3267,83.52,18.37,25.11,73981,14.02,20.96,31.26,6.17,36.4,24.25,21.57,28.05
36047030100,Kings County,New York,True,68.63,54.81,25.96,5.93,2208,76.11,21.39,14.74,98438,9.08,23.43,20.53,70.8,0.98,9.74,27.4,0.82
36047030200,Kings County,New York,True,56.39,46.02,26.91,15.68,1887,90.24,17.97,23.2,76005,19.64,16.26,24.16,1.48,61.58,10.1,17.61,28.51
36047030300,Kings County,New York,True,81.67,51.94,26.53,7.47,3875,54.71,27.81,41.58,43275,20.21,18.71,6.1,73.27,0.73,13.91,40.31,2.15
36047030400,Kings County,New York,True,53.29,54.72,34.67,22.32,1967,82.22,13.69,20.07,68581,26.67,19.71,28.49,1.22,56.64,12.46,20.73,30.9
36047030500,Kings County,New York,True,87.91,41.01,17.2,4.47,5918,61.87,13.05,17.05,122353,9.4,18.44,36.51,38.06,4.55,19.6,40.73,1.36
36047030600,Kings County,New York,True,34.52,89.25,69.63,3.88,656,78.71,13.73,20.09,65985,21.7,12.51,51.18,0.58,39.46,15.5,18.15,15.95
36047030700,Kings County,New York,True,82.63,63.09,27.52,4.99,5242,77.53,27.93,34.5,50049,13.53,28.61,9.46,72.76,4.81,11.35,31.28,1.48
36047030800,Kings County,New York,True,32.68,81.74,48.86,17.67,536,77.21,12.05,34.51,50865,29.3,13.34,53.57,0.89,33.87,11.27,33.1,25.99
36047030900,Kings County,New York,True,85.42,54.45,34.22,6.52,1916,63.07,37.15,32.05,66889,7.99,26.24,6.8,75.08,1.4,14.7,32.8,1.61
36047031100,Kings County,New York,True,72.08,48.24,14.62,14.55,2453,81.76,21.96,10.72,106845,5.01,23.03,26.29,47.57,9.28,14.2,31.85,0.91
36047031300,Kings County,New York,True,85.6,34.1,26.5,2.05,2854,98.39,17.46,22.71,105407,19.75,8.34,22.24,56.76,1.02,10.03,60.87,1.11
36047031401,Kings County,New York,True,47.67,52.51,23.69,4.9,2166,83.9,10.2,25.08,101193,23.29,14.17,51.63,0.67,30.86,16.14,27.52,23.63
36047031402,Kings County,New York,False,,,,,0,,,,,,,,,,,,
36047031500,Kings County,New York,True,93.03,44.2,16.08,3.16,4699,89.4,14.46,9.75,100899,7.18,14.06,33.17,48.66,7.41,6.72,38.05,2.6
36047031701,Kings County,New York,True,84.89,34.4,11.63,2.15,3128,91.05,11.07,9.41,101806,11.98,8.05,24.21,64.19,3.58,3.84,28.04,0.4
36047031702,Kings County,New York,True,72.44,33.18,10.01,14.93,2388,79.9,10.14,8.44,115512,10.63,17.64,31.34,49.78,4.06,13.47,33.42,2.19
36047031900,Kings County,New York,True,73.85,44.31,31.26,16.36,2231,94.44,7.24,23.17,90357,19.4,24.38,44.08,49.27,2.96,3.69,24.08,1.9
36047032100,Kings County,New York,True,84.14,41.9,30.04,12.28,3824,83.88,15.5,16.0,86685,10.57,8.55,21.8,43.58,7.53,21.68,30.9,3.89
36047032300,Kings County,New York,True,79.06,47.35,33.39,0.0,2499,85.74,16.83,25.01,83815,19.56,15.66,16.13,64.61,2.76,11.09,36.52,0.63
36047032500,Kings County,New York,True,95.8,36.26,17.38,25.3,7755,96.39,9.27,11.38,94328,13.47,22.64,12.13,80.91,0.53,2.45,23.39,5.04
36047032600,Kings County,New York,True,78.23,54.45,22.56,21.59,8595,74.55,34.19,24.17,49911,7.2,39.0,12.66,42.7,12.3,30.78,19.83,24.59
36047032700,Kings County,New York,True,79.86,49.03,24.93,5.56,2275,78.39,13.05,18.94,82554,15.77,20.34,39.8,42.42,1.31,13.93,49.08,3.08
36047032800,Kings County,New York,True,62.83,68.94,49.5,12.48,1601,56.0,27.29,35.29,53526,28.18,17.49,13.52,33.11,35.06,19.82,18.98,30.43
36047032900,Kings County,New York,True,72.51,55.06,40.55,9.43,3411,96.26,23.08,25.65,92193,11.68,21.92,43.28,39.22,7.61,4.44,32.67,1.28
36047033000,Kings County,New York,True,95.58,53.95,28.59,6.73,4428,85.24,40.99,54.99,23583,20.67,26.18,18.13,39.06,8.05,31.39,35.49,17.2
36047033100,Kings County,New York,True,82.1,51.78,34.05,10.62,2779,96.88,29.67,37.81,44347,19.52,20.98,41.94,47.1,0.0,4.66,41.94,3.75
36047033300,Kings County,New York,True,63.76,62.95,24.7,14.47,2358,84.57,20.47,18.89,103333,13.3,35.05,74.84,13.48,0.0,7.99,23.28,2.35
36047033500,Kings County,New York,True,47.48,58.69,40.41,16.56,1577,99.22,17.44,12.58,102188,14.19,22.63,49.72,32.11,0.37,9.08,8.39,3.47
36047033600,Kings County,New York,True,47.36,56.14,33.17,16.31,2104,81.89,10.68,19.97,76719,22.91,26.31,86.06,2.81,4.35,6.4,25.5,23.79
36047033701,Kings County,New York,True,79.37,53.33,29.2,5.6,1974,94.57,11.47,18.41,93620,17.91,22.9,42.6,44.06,1.35,7.29,27.51,4.16
36047033702,Kings County,New York,True,64.52,44.75,35.08,4.58,944,94.79,15.21,22.09,87165,13.2,27.25,59.61,28.9,2.11,12.09,18.78,1.4
36047033900,Kings County,New York,True,69.18,54.71,30.74,7.29,3147,77.13,25.29,27.0,61979,20.27,24.3,18.91,51.14,7.18,7.6,38.27,3.48
36047034000,Kings County,New York,True,100.0,46.61,30.32,2.95,1527,79.66,37.97,47.86,32983,40.06,19.48,28.31,43.65,2.26,34.07,19.88,16.95
36047034100,Kings County,New York,True,91.23,52.66,41.06,0.0,2072,97.62,19.62,32.2,95300,20.79,12.95,33.19,42.28,1.72,18.06,34.75,2.41
36047034200,Kings County,New York,True,95.18,58.88,27.08,9.3,5630,81.24,33.97,59.86,22872,33.48,19.53,24.73,38.95,5.52,30.48,39.22,27.27
36047034300,Kings County,New York,True,88.85,69.34,28.71,0.0,4015,100.0,43.34,51.69,28750,18.73,22.19,11.68,51.91,2.09,25.44,40.38,14.13
36047034500,Kings County,New York,True,71.29,46.18,11.64,14.96,1579,89.28,8.45,11.67,81850,9.99,16.39,34.59,49.61,2.29,12.13,29.54,1.58
36047034700,Kings County,New York,True,78.01,54.31,34.94,4.89,2628,70.35,21.67,28.01,42457,15.72,20.25,7.62,79.8,0.0,7.46,48.23,2.2
36047034800,Kings County,New York,True,92.32,66.67,43.67,27.6,2715,46.96,20.52,20.68,53710,6.94,34.01,12.42,9.86,9.83,52.18,21.0,18.53
36047034901,Kings County,New York,True,97.43,42.75,35.56,3.27,2194,87.57,18.5,35.37,82521,8.91,27.5,21.21,51.76,0.0,27.58,15.54,0.0
36047034902,Kings County,New York,True,95.57,66.86,24.72,12.04,3279,87.57,15.64,39.13,34381,10.04,27.18,15.55,78.83,0.0,8.19,48.95,2.13
36047035000,Kings County,New York,True,72.13,51.27,22.66,8.86,2255,97.11,13.28,29.8,56891,46.86,10.57,99.62,0.0,0.0,0.19,37.43,38.51
36047035101,Kings County,New York,True,99.21,72.88,31.22,7.01,1678,86.99,26.17,25.85,53626,10.26,33.26,7.15,82.71,0.0,16.77,44.23,2.33
36047035102,Kings County,New York,True,89.88,37.09,19.23,24.23,2828,85.77,31.35,31.71,70030,14.29,26.71,12.44,60.29,1.53,18.26,20.92,8.51
36047035200,Kings County,New York,True,99.51,61.68,19.42,0.86,1018,79.81,60.12,70.89,13240,51.41,8.63,53.04,38.33,2.16,6.87,78.08,26.42
36047035301,Kings County,New York,True,100.0,69.11,41.92,11.83,2382,87.11,41.42,34.95,46789,5.64,8.1,18.28,58.48,9.34,15.67,40.59,15.96
36047035302,Kings County,New York,True,72.78,50.14,34.36,12.2,2217,92.56,15.04,15.58,85234,18.73,23.86,31.43,53.49,0.0,15.8,17.36,1.63
36047035400,Kings County,New York,True,50.84,52.21,39.75,11.29,2919,96.01,9.66,34.24,63382,36.94,16.58,92.97,0.33,0.54,4.53,37.01,22.69
36047035500,Kings County,New York,True,91.34,46.84,25.46,8.95,4662,98.04,11.45,16.97,75139,21.48,20.04,18.65,69.3,0.0,6.06,31.72,5.68
36047035601,Kings County,New York,True,70.79,79.01,54.94,3.34,1453,95.04,18.96,50.61,28750,55.16,7.52,91.23,0.95,4.56,2.32,52.25,40.11
36047035602,Kings County,New York,True,59.43,74.68,48.44,30.85,3962,88.33,15.61,25.69,50456,37.33,13.77,86.7,1.49,3.69,4.3,35.3,28.75
36047035701,Kings County,New York,True,97.38,61.99,41.86,9.76,2369,96.66,37.53,44.25,45313,10.97,24.56,2.92,67.56,0.0,13.43,56.83,2.07
36047035702,Kings County,New York,False,,,,,0,,,,,,,,,,,,
36047035900,Kings County,New York,True,87.04,47.42,34.5,13.07,5263,70.1,21.58,36.72,62774,10.3,23.64,3.64,79.58,3.9,7.24,33.67,3.09
36047036001,Kings County,New York,True,85.33,74.78,44.71,21.06,2436,92.78,35.34,48.88,30877,40.23,14.87,84.6,0.67,6.15,3.02,61.14,43.86
36047036002,Kings County,New York,True,93.24,72.05,48.02,23.32,3460,94.23,24.64,49.75,30176,47.63,7.8,81.35,2.95,3.0,0.51,53.56,51.44
36047036100,Kings County,New York,True,91.25,38.98,29.66,0.0,2522,50.19,36.88,43.93,37035,19.36,15.63,5.0,64.29,0.24,33.5,37.54,4.18
36047036200,Kings County,New York,True,79.23,75.06,33.11,40.21,2500,72.63,37.91,30.45,52023,12.04,24.34,42.59,2.69,26.54,15.73,28.82,24.55
36047036300,Kings County,New York,True,78.95,47.09,22.26,8.36,4048,50.04,19.45,27.65,58091,11.69,23.26,0.64,77.02,0.0,17.48,36.82,1.18
36047036400,Kings County,New York,True,62.93,68.87,24.03,46.76,1467,63.43,15.56,18.85,63480,19.41,16.3,45.54,0.87,19.76,22.81,19.37,22.92
36047036501,Kings County,New York,True,90.49,36.81,20.95,12.11,2643,94.62,17.46,23.08,67165,21.38,18.06,0.0,84.23,2.48,10.9,45.28,2.48
36047036502,Kings County,New York,True,89.26,65.23,35.85,1.2,1601,20.91,27.18,30.2,67038,10.0,31.1,1.09,64.21,0.8,42.61,28.05,3.86
36047036600,Kings County,New York,True,77.31,60.78,33.2,41.85,3111,87.53,22.93,21.69,52385,16.83,23.31,41.13,3.81,17.68,23.77,37.32,30.19
36047036700,Kings County,New York,True,68.23,67.03,51.08,2.91,1349,92.32,28.41,23.12,70426,11.0,17.93,26.54,41.22,0.86,41.56,35.18,7.21
36047036900,Kings County,New York,True,83.79,50.92,35.37,5.25,4608,66.07,25.68,27.45,48583,12.74,17.51,14.22,35.1,5.12,41.5,40.65,11.32
36047037000,Kings County,New York,True,41.85,65.51,25.82,33.44,1957,91.43,13.52,16.23,69493,26.71,15.06,54.97,5.47,27.81,9.88,29.07,13.47
36047037100,Kings County,New York,True,69.16,57.69,31.69,14.14,2649,57.87,19.13,23.78,87679,4.66,19.68,11.37,68.6,1.79,16.52,29.17,4.88
36047037300,Kings County,New York,True,77.73,46.18,17.51,17.52,3732,77.95,20.54,25.6,71786,18.32,16.01,12.88,59.89,4.08,20.62,31.16,5.67
36047037401,Kings County,New York,True,66.52,56.94,34.75,16.53,2493,98.21,15.93,30.84,59004,18.39,25.03,67.07,1.6,16.71,12.8,28.92,23.88
36047037402,Kings County,New York,True,80.14,61.35,38.48,26.86,4944,94.67,18.77,29.75,57118,23.46,25.79,68.54,4.64,15.63,8.75,27.5,30.69
36047037500,Kings County,New York,True,84.49,54.93,22.23,3.57,2949,60.37,20.64,16.03,91985,9.69,18.7,17.34,51.49,6.83,25.53,39.29,0.72
36047037700,Kings County,New York,True,63.49,62.72,27.2,0.0,2798,84.32,19.84,23.06,71786,15.4,23.14,21.38,67.29,1.85,11.14,25.1,2.68
36047037900,Kings County,New York,True,72.03,65.75,31.2,5.7,2836,58.28,35.24,29.1,67949,16.92,19.79,9.02,80.81,0.8,6.7,34.41,0.0
36047038100,Kings County,New York,True,82.91,44.76,27.1,8.59,4153,81.6,18.98,18.55,70867,12.92,12.26,19.4,61.44,3.85,15.45,37.43,0.22
36047038200,Kings County,New York,True,91.79,61.59,38.03,8.78,4821,94.76,47.82,66.8,22332,22.68,32.8,12.77,52.57,17.99,20.25,31.34,17.45
36047038300,Kings County,New York,True,64.87,47.15,30.99,3.21,3586,87.24,21.94,14.83,87786,13.7,16.26,15.31,50.02,2.73,23.23,28.36,3.69
36047038500,Kings County,New York,True,69.38,42.63,20.38,1.83,2212,87.88,12.95,10.25,114375,16.3,10.38,34.37,39.42,2.62,10.62,39.53,0.0
36047038600,Kings County,New York,True,60.96,52.15,29.51,14.2,1658,90.03,12.75,18.88,91857,19.4,14.56,33.6,1.91,43.2,14.46,17.68,28.46
36047038700,Kings County,New York,True,53.03,54.75,35.94,0.0,2287,67.4,25.95,31.77,93221,8.75,18.43,19.37,50.58,12.95,9.41,20.35,1.61
36047038800,Kings County,New York,True,59.02,58.54,38.31,22.48,3251,97.92,18.92,16.41,83558,7.4,32.02,73.04,1.92,3.64,13.75,17.65,18.55
36047038900,Kings County,New York,True,74.46,48.54,21.44,19.71,2290,60.67,12.78,12.09,98819,5.65,6.93,37.9,6.5,6.47,47.82,34.17,13.68
36047039000,Kings County,New York,True,39.09,65.16,41.46,26.58,869,95.71,28.35,16.75,72143,15.07,33.57,90.19,0.0,7.12,1.94,25.45,9.68
36047039100,Kings County,New York,True,97.99,43.97,26.61,10.73,5322,16.13,24.52,24.06,103796,4.4,15.79,33.27,11.27,10.41,45.73,38.32,4.99
36047039200,Kings County,New York,True,67.56,68.22,47.23,20.79,1950,98.24,16.53,28.28,54483,10.64,34.55,71.21,9.77,1.49,17.31,32.9,13.95
36047039300,Kings County,New York,True,83.93,43.23,28.03,7.61,2873,57.15,16.32,28.36,112566,5.5,11.8,29.78,20.38,7.95,36.05,40.66,7.16
36047039400,Kings County,New York,True,61.4,66.1,50.85,22.27,1298,89.2,30.23,34.05,62875,11.29,36.79,87.69,0.4,4.74,8.32,24.93,11.44
36047039500,Kings County,New York,True,81.11,61.85,31.37,1.95,2968,72.78,27.14,33.84,84219,8.6,8.77,36.86,25.79,6.1,30.93,40.63,9.8
36047039600,Kings County,New York,True,47.7,75.54,59.71,11.18,638,89.31,16.8,25.48,69563,15.75,21.14,79.45,4.16,0.0,11.94,36.44,2.41
36047039700,Kings County,New York,True,93.3,65.85,26.63,6.57,3089,77.01,21.94,24.78,74291,5.78,6.73,27.06,34.51,0.39,32.84,39.11,3.6
36047039800,Kings County,New York,True,33.5,56.03,20.62,32.1,990,76.11,10.98,14.09,89750,16.9,26.49,32.02,0.0,52.13,7.27,11.99,14.77
36047039900,Kings County,New York,True,81.22,50.19,30.85,10.99,2952,72.64,28.32,40.55,50329,15.89,19.01,13.91,33.4,6.76,50.01,42.08,6.33
36047040000,Kings County,New York,True,63.63,52.46,32.02,18.82,1562,93.22,20.05,29.99,58941,16.54,18.64,28.05,1.36,44.55,24.47,28.51,28.43
36047040100,Kings County,New York,True,79.56,67.74,32.07,4.67,2360,68.41,27.59,26.38,69616,15.5,8.8,28.98,29.76,3.22,42.28,30.38,8.25
36047040200,Kings County,New York,True,54.53,68.54,48.54,2.85,1056,89.42,30.12,26.68,76250,18.48,16.57,16.28,0.0,69.22,15.74,26.55,31.09
36047040300,Kings County,New York,True,64.0,40.53,9.87,7.14,2749,75.22,13.05,13.1,103792,6.73,13.44,32.65,50.25,3.16,12.78,20.62,1.74
36047040400,Kings County,New York,True,53.01,44.94,12.59,18.04,1469,81.67,10.14,14.29,106442,14.29,21.35,28.07,1.65,54.3,13.33,13.81,30.74
36047040500,Kings County,New York,True,87.06,65.75,21.92,7.77,1092,65.11,11.92,10.59,69437,12.16,10.89,34.6,33.76,4.96,36.42,22.21,6.05
36047040600,Kings County,New York,True,67.02,52.91,37.01,12.06,2126,90.75,12.2,24.9,79941,14.98,20.8,29.09,0.89,54.72,11.19,8.46,26.82
36047040700,Kings County,New York,False,,,,,0,,,,,,,,,,,,
36047040800,Kings County,New York,True,50.09,70.8,56.2,21.68,1756,97.07,25.92,20.97,78750,14.12,24.76,27.91,2.04,51.71,18.34,16.29,28.61
36047040900,Kings County,New York,True,86.77,63.38,39.94,3.26,3244,92.23,20.07,11.09,78220,17.3,22.13,24.34,12.67,3.86,53.1,12.92,15.31
36047041000,Kings County,New York,True,42.75,57.89,43.98,0.0,636,97.45,15.48,33.77,60694,22.8,23.38,59.66,0.42,26.8,14.74,28.7,15.67
36047041100,Kings County,New York,True,76.99,77.3,38.59,6.43,1596,59.01,26.42,39.71,63125,13.3,21.17,22.27,22.31,6.16,41.73,36.02,6.02
36047041200,Kings County,New York,True,58.64,41.76,20.98,20.26,1770,85.33,14.52,20.68,95152,24.7,21.01,44.68,2.76,48.48,4.91,27.17,37.96
36047041300,Kings County,New York,True,66.6,54.34,12.54,0.0,2362,58.85,19.81,21.6,110996,12.83,9.4,25.08,27.76,3.82,38.46,27.54,10.64
36047041401,Kings County,New York,True,41.88,66.33,58.16,30.1,704,88.25,29.99,21.58,71944,19.81,26.52,71.95,4.69,3.56,16.41,28.63,12.43
36047041402,Kings County,New York,True,77.67,76.58,55.85,20.63,1518,70.67,25.52,45.21,39048,24.05,28.61,63.72,1.65,15.18,10.86,23.84,25.18
36047041500,Kings County,New York,True,78.59,38.65,10.82,8.41,3103,68.47,14.67,13.89,96110,13.79,16.4,19.56,43.74,2.0,29.21,30.14,13.6
36047041600,Kings County,New York,True,67.94,55.28,29.44,16.49,1181,94.05,19.45,29.36,63425,27.8,26.46,53.59,2.58,5.89,18.33,24.82,12.87
36047041700,Kings County,New York,True,86.17,56.04,36.8,30.55,3013,51.99,34.36,47.0,32028,24.54,20.46,6.53,33.86,4.2,61.99,36.66,17.28
36047041800,Kings County,New York,True,72.9,46.35,27.41,22.52,1409,94.18,19.74,36.39,46607,23.87,29.62,83.36,0.21,10.04,4.04,36.39,17.43
36047041900,Kings County,New York,True,85.25,56.26,33.43,8.79,3037,54.11,32.45,33.6,73958,15.15,20.09,16.18,31.7,5.06,45.79,30.62,5.7
36047042000,Kings County,New York,True,47.96,78.04,25.7,36.6,858,97.4,13.08,9.8,88700,17.87,32.55,85.32,0.6,2.11,9.27,16.33,9.67
36047042100,Kings County,New York,True,82.51,48.45,30.66,7.63,3702,52.58,26.72,19.11,94209,7.94,15.24,33.96,12.69,8.74,49.98,22.28,9.16
36047042200,Kings County,New York,True,60.27,70.54,47.83,34.9,2056,78.91,29.34,34.05,73033,11.44,30.92,52.48,1.55,8.41,27.54,27.01,18.12
36047042300,Kings County,New York,True,88.87,42.24,27.54,14.51,3521,42.78,9.22,7.0,123750,7.56,13.35,37.61,8.51,7.19,47.14,16.23,12.99
36047042400,Kings County,New York,True,70.73,54.92,31.08,14.12,2388,90.54,21.13,31.47,70060,25.33,21.62,37.74,5.16,46.01,10.56,24.36,32.69
36047042500,Kings County,New York,True,84.41,53.97,15.79,6.91,2438,49.83,14.49,14.81,86316,11.89,15.28,32.93,7.75,3.4,65.93,43.03,12.22
36047042600,Kings County,New York,True,65.45,64.89,35.21,16.0,2768,95.88,22.42,23.94,71840,17.67,26.81,38.05,1.06,33.13,28.93,26.15,28.11
36047042700,Kings County,New York,True,90.49,48.83,17.9,4.61,3528,65.89,11.74,15.39,92250,6.37,6.64,44.14,9.32,4.88,38.19,29.5,11.85
36047042800,Kings County,New York,True,64.37,48.61,24.18,18.7,2145,86.7,5.09,21.46,88656,19.17,19.77,51.46,2.17,31.38,8.66,23.83,36.26
36047042900,Kings County,New York,True,92.39,70.15,37.6,9.24,4222,79.49,27.11,26.45,65000,11.58,15.96,25.18,6.46,6.44,53.74,24.48,19.12
36047043000,Kings County,New York,True,82.69,48.61,21.72,30.3,3113,92.67,13.94,17.74,75417,14.98,20.81,46.67,1.01,29.11,16.91,14.77,37.79
36047043100,Kings County,New York,True,94.95,62.43,23.98,10.1,3774,80.44,10.14,8.02,90745,3.36,12.37,39.23,12.53,8.54,38.98,31.02,9.47
36047043200,Kings County,New York,True,65.92,57.67,34.65,26.06,2411,85.45,14.95,22.97,79667,18.17,16.65,35.49,0.15,50.83,9.83,23.11,24.62
36047043300,Kings County,New York,True,89.04,55.77,32.61,10.2,3274,46.53,29.91,32.18,59551,16.43,17.99,13.68,20.87,4.62,61.21,22.61,12.03
36047043400,Kings County,New York,True,73.14,60.68,37.97,32.83,2901,76.71,31.04,31.83,66763,15.8,33.63,34.31,1.34,27.77,24.0,15.8,29.19
36047043500,Kings County,New York,True,78.64,70.89,54.06,12.76,3918,84.98,29.45,34.39,67778,10.01,19.38,25.34,10.88,7.41,59.49,20.35,11.38
36047043600,Kings County,New York,True,69.45,53.95,15.3,17.5,3089,89.39,20.55,15.38,83284,12.76,22.71,37.13,2.33,32.9,27.02,20.62,26.47
36047043700,Kings County,New York,True,84.03,52.18,27.61,5.36,4375,84.51,19.35,29.59,77904,8.03,11.62,20.12,15.81,1.17,63.35,22.28,14.39
36047043800,Kings County,New York,True,79.32,58.95,39.53,23.86,2060,76.36,17.35,24.2,70066,22.06,33.4,59.53,2.65,12.06,13.99,28.27,19.88
36047043900,Kings County,New York,True,58.42,63.31,14.33,9.82,1860,71.2,16.3,11.65,114318,13.4,18.14,12.34,20.49,12.75,59.16,24.64,12.0
36047044000,Kings County,New York,True,68.89,60.74,23.72,19.41,1785,88.7,16.47,21.28,88344,10.52,40.53,77.38,0.31,8.86,12.68,22.78,8.43
36047044100,Kings County,New York,True,91.35,47.95,32.13,16.72,4157,67.55,25.93,19.45,78526,6.51,16.97,28.09,7.33,5.5,62.74,38.11,13.44
36047044200,Kings County,New York,True,51.16,70.03,44.19,16.36,1095,91.77,19.71,33.26,62708,25.31,24.6,90.61,0.88,0.66,5.34,38.72,9.35
36047044300,Kings County,New York,True,86.89,50.21,26.54,12.74,4164,76.75,10.38,17.62,94517,7.24,12.36,51.35,3.92,6.88,36.6,36.89,12.3
36047044400,Kings County,New York,True,75.56,56.41,35.6,13.92,2083,92.87,31.98,29.54,67554,17.52,25.92,82.93,0.04,7.96,9.9,24.44,16.6
36047044500,Kings County,New York,True,85.92,57.11,28.67,13.7,3410,87.32,14.55,16.44,86717,12.3,13.77,29.21,5.1,17.62,49.37,29.85,12.38
36047044600,Kings County,New York,True,53.06,61.38,23.35,34.02,1214,86.68,5.46,12.56,69099,12.44,29.3,39.47,1.22,44.7,9.47,14.91,24.49
36047044700,Kings County,New York,True,93.63,51.62,24.19,8.03,1761,93.01,34.52,18.27,89511,7.02,4.54,45.01,9.41,1.88,36.11,40.08,6.28
36047044800,Kings County,New York,True,47.96,42.61,22.03,24.45,1035,98.4,5.59,13.97,96639,22.88,29.15,74.19,1.88,7.11,6.84,38.08,4.6
36047044901,Kings County,New York,True,99.23,41.81,6.36,0.29,2374,97.65,26.3,31.29,78774,13.55,17.97,28.36,48.73,2.73,18.34,50.81,11.79
36047044902,Kings County,New York,False,,,,,0,,,,,,,,,,,,
36047045000,Kings County,New York,True,33.11,94.05,17.86,10.2,351,77.03,49.96,23.99,90893,13.78,41.5,70.79,0.44,3.66,8.72,11.49,2.29
36047045200,Kings County,New York,True,54.04,69.18,42.69,5.6,1373,90.24,8.76,17.94,74250,21.63,33.43,79.75,3.3,2.91,1.49,27.58,5.38
36047045300,Kings County,New York,True,100.0,53.79,36.63,17.42,1393,94.66,38.62,31.63,70598,14.76,2.25,37.74,19.31,4.5,31.93,26.5,10.97
36047045400,Kings County,New York,True,58.76,44.87,32.05,37.18,1282,100.0,11.66,10.17,94607,13.78,32.14,44.14,23.61,2.02,28.58,12.24,10.76
36047045600,Kings County,New York,True,79.68,42.86,24.3,23.66,1751,96.11,22.02,30.11,70329,21.55,22.57,49.83,1.02,27.35,24.01,18.85,27.14
36047045800,Kings County,New York,True,32.03,59.18,35.37,0.0,285,90.55,7.43,25.27,58958,21.56,33.36,95.63,1.31,0.51,0.0,34.2,4.94
36047046000,Kings County,New York,True,57.84,60.71,35.18,23.88,1578,92.2,20.05,19.33,97188,18.15,24.59,36.2,4.37,36.77,18.02,35.09,12.67
36047046201,Kings County,New York,True,63.9,62.3,25.48,19.88,1502,96.91,18.07,35.82,63375,23.32,26.66,57.72,0.04,20.6,22.54,49.28,26.81
36047046202,Kings County,New York,True,41.99,73.54,31.22,18.04,605,100.0,12.61,14.94,85536,10.61,42.27,79.21,0.0,15.26,4.7,11.69,13.74
36047046400,Kings County,New York,True,50.16,60.63,46.46,28.25,1417,76.66,32.25,24.52,72422,6.85,54.37,93.75,0.18,1.86,2.74,15.76,7.61
36047046800,Kings County,New York,True,60.4,86.5,63.71,15.89,944,84.85,11.23,34.8,41343,15.72,42.94,94.09,0.33,5.42,0.16,19.6,2.24
36047047000,Kings County,New York,True,40.15,72.15,37.9,41.83,1187,81.41,21.38,21.83,75069,13.58,45.07,87.45,0.0,0.0,0.08,8.85,2.26
36047047200,Kings County,New York,True,47.94,67.74,40.5,33.73,1631,84.64,27.71,26.81,71635,22.43,45.39,91.76,0.85,0.0,1.02,15.74,3.91
36047047400,Kings County,New York,True,58.16,43.84,25.5,27.83,1786,83.37,24.88,19.75,99769,13.39,48.3,83.93,2.83,0.62,2.96,6.31,11.88
36047047600,Kings County,New York,True,52.81,37.95,26.36,30.88,2019,73.78,22.92,20.41,61250,9.83,52.08,89.73,3.65,1.63,0.65,28.08,2.18
36047047700,Kings County,New York,True,78.8,31.44,14.06,2.22,3068,49.49,9.14,5.14,179175,4.44,9.9,77.0,0.48,7.61,8.98,31.9,0.0
36047047800,Kings County,New York,True,67.55,66.71,40.29,33.29,3039,82.46,26.56,22.24,60590,7.22,41.99,74.16,2.23,6.99,13.56,8.05,8.12
36047048000,Kings County,New York,True,85.07,75.44,36.9,38.74,3105,80.22,42.32,29.66,52940,10.64,37.59,46.36,0.54,24.46,20.86,9.68,22.2
36047048100,Kings County,New York,True,79.42,46.68,24.87,5.85,2332,62.93,14.75,17.05,94896,11.96,19.1,46.61,7.77,7.21,36.35,41.37,5.64
36047048200,Kings County,New York,True,65.61,57.36,29.15,26.77,3579,84.49,19.62,21.07,58234,17.26,19.53,40.07,4.27,35.3,19.32,38.64,22.86
36047048400,Kings County,New York,True,83.69,37.1,21.47,13.42,3897,80.12,7.51,14.99,96964,13.17,22.05,57.25,13.8,12.97,15.13,24.31,9.89
36047048500,Kings County,New York,True,88.91,47.85,18.17,17.85,1998,65.11,25.22,15.87,130278,5.95,9.88,60.66,12.41,8.7,25.79,23.8,4.49
36047048600,Kings County,New York,True,73.68,64.12,47.72,20.47,2245,93.03,14.5,12.43,65714,8.03,39.01,13.14,21.26,44.62,20.1,6.35,13.96
36047048800,Kings County,New York,True,45.52,76.31,42.84,15.13,1909,96.58,23.51,19.13,76110,11.86,29.8,58.18,6.57,17.62,6.32,33.88,5.83
36047048900,Kings County,New York,True,97.72,46.1,6.02,3.0,3507,99.15,42.42,53.62,26070,15.35,37.42,16.57,50.54,0.33,53.46,38.7,9.33
36047049000,Kings County,New York,True,76.07,60.49,34.83,28.54,4187,96.17,9.73,16.11,77917,11.86,26.46,31.58,4.04,42.12,20.29,33.65,19.06
36047049100,Kings County,New York,True,82.64,57.32,30.9,21.05,5352,77.99,33.93,30.29,46137,27.2,17.0,30.21,18.78,30.15,26.07,24.65,25.19
36047049200,Kings County,New York,True,61.92,48.73,46.88,5.65,1579,94.24,17.04,23.77,103269,14.61,22.73,32.33,13.23,19.61,30.43,44.28,8.02
36047049301,Kings County,New York,True,100.0,43.92,13.94,2.53,1941,95.66,46.47,59.66,19440,19.42,26.48,9.22,42.5,0.36,63.88,48.05,17.21
36047049302,Kings County,New York,True,97.4,46.85,18.48,3.76,4585,51.16,32.27,36.23,82423,12.11,9.25,34.39,7.02,7.25,54.43,41.03,9.44
36047049400,Kings County,New York,True,67.24,42.72,36.28,14.92,3899,88.56,18.79,23.21,97625,16.65,14.27,49.89,9.49,19.44,17.27,32.31,22.5
36047049500,Kings County,New York,True,82.01,42.43,23.32,2.27,2572,67.98,9.35,10.23,141250,2.59,12.58,57.0,5.63,5.66,32.13,28.62,8.25
36047049600,Kings County,New York,True,66.26,56.77,42.4,14.65,2538,92.6,27.08,11.56,66920,18.13,21.96,41.8,2.13,37.8,21.54,23.27,19.3
36047049700,Kings County,New York,True,72.0,40.29,28.24,4.05,2306,54.84,7.11,13.94,144872,6.55,12.76,71.73,3.75,8.66,14.79,40.29,2.2
36047049800,Kings County,New York,True,75.35,54.31,19.01,8.79,2891,88.91,8.81,5.54,77692,12.51,19.54,28.91,7.16,43.42,12.28,22.04,12.55
36047049900,Kings County,New York,True,64.53,44.75,10.79,1.44,1314,47.37,4.27,3.34,146106,6.53,20.0,76.65,3.06,3.83,3.91,29.06,3.29
36047050001,Kings County,New York,True,40.53,56.66,30.03,10.44,856,93.31,12.01,18.62,124177,24.8,18.62,67.75,7.98,6.49,10.39,29.74,4.12
36047050002,Kings County,New York,True,68.29,28.22,9.78,2.0,1141,87.74,3.36,6.68,124107,11.11,25.13,56.85,3.94,6.07,22.16,31.41,1.98
36047050100,Kings County,New York,True,75.65,39.27,23.12,4.37,2134,83.6,14.99,26.27,126696,12.11,12.4,61.8,0.91,7.8,20.98,37.33,2.68
36047050202,Kings County,New York,True,40.62,57.18,18.75,7.88,973,77.57,6.33,15.83,132670,23.0,20.43,72.9,3.44,8.66,13.01,40.44,3.44
36047050300,Kings County,New York,True,84.3,19.7,10.21,6.8,2448,81.52,6.42,8.45,173548,3.39,5.92,63.86,2.93,15.23,18.41,20.6,4.18
36047050401,Kings County,New York,True,62.61,32.73,15.47,2.03,1451,78.61,4.65,17.17,156033,20.25,21.09,67.83,1.35,4.29,14.77,35.87,3.17
36047050402,Kings County,New York,True,35.87,34.64,29.74,12.19,659,94.63,4.72,10.87,166100,13.38,19.95,53.44,19.64,14.31,6.82,39.57,5.57
36047050500,Kings County,New York,True,90.55,53.93,20.99,9.31,3701,82.71,34.43,44.05,57500,16.65,13.78,21.65,24.73,7.11,53.58,47.37,20.37
36047050600,Kings County,New York,True,80.03,64.71,25.74,25.2,3770,94.82,17.83,17.97,69276,21.42,12.33,20.49,33.14,17.68,21.12,34.6,9.81
36047050700,Kings County,New York,True,73.49,66.32,53.85,43.32,3089,19.53,36.48,17.51,59158,1.76,59.42,92.4,0.62,0.82,7.14,15.15,13.21
36047050801,Kings County,New York,True,99.23,42.63,22.14,11.75,3837,79.1,30.8,26.12,74333,12.23,24.4,12.38,51.2,3.81,29.16,38.76,5.53
36047050803,Kings County,New York,True,96.78,55.41,29.99,8.37,2073,94.71,15.91,24.29,68496,9.95,8.15,26.34,49.56,1.45,24.72,44.07,4.92
36047050804,Kings County,New York,True,88.77,33.87,14.87,7.05,5722,84.72,5.98,8.43,110317,11.9,21.03,31.11,46.86,4.31,15.65,29.06,2.82
36047050900,Kings County,New York,True,82.25,60.34,54.45,45.71,3578,25.35,48.42,18.03,42361,1.94,53.94,79.16,0.0,0.21,14.62,15.17,21.62
36047051001,Kings County,New York,True,100.0,57.14,32.29,12.03,4488,94.41,20.66,17.34,59583,8.98,28.1,8.91,70.48,4.63,13.32,26.77,7.03
36047051002,Kings County,New York,True,90.11,52.92,31.3,10.24,3290,84.67,17.33,23.53,71007,14.5,15.29,16.24,53.12,4.11,16.68,43.3,5.56
36047051100,Kings County,New York,True,88.73,49.94,23.76,6.76,3392,61.12,19.57,25.16,88457,20.67,7.94,44.77,2.75,19.33,38.72,47.6,15.1
36047051200,Kings County,New York,True,88.52,46.32,19.04,10.63,5603,96.1,11.56,13.45,96719,10.05,17.75,17.18,56.03,5.46,18.66,21.58,9.81
36047051300,Kings County,New York,True,78.09,38.16,24.38,3.9,4522,46.24,16.04,14.91,136207,4.97,15.23,46.52,6.35,8.89,37.35,24.99,5.6
36047051400,Kings County,New York,True,87.27,38.6,26.65,16.58,6103,94.79,14.46,16.68,100000,9.47,19.51,16.72,46.35,5.64,31.35,24.51,11.59
36047051500,Kings County,New York,True,77.75,32.21,15.42,5.56,2004,27.99,4.1,7.47,246707,0.73,18.06,65.51,4.67,14.29,10.2,29.95,3.14
36047051601,Kings County,New York,True,91.43,50.09,35.0,12.12,4223,96.08,17.47,23.05,72304,12.52,18.07,13.33,54.44,9.76,18.46,32.31,6.2
36047051602,Kings County,New York,True,96.7,60.52,21.04,6.32,3277,97.06,10.82,18.34,77801,16.22,17.77,12.4,62.12,1.64,23.47,38.93,6.99
36047051700,Kings County,New York,True,75.77,21.79,11.64,5.7,2388,45.51,6.03,6.08,234444,4.11,17.53,61.78,2.79,7.48,17.33,30.89,2.52
36047051800,Kings County,New York,True,68.16,25.58,17.49,11.96,2243,92.01,9.21,10.01,112589,15.33,15.72,33.62,35.56,8.32,14.16,39.35,3.18
36047051900,Kings County,New York,True,85.44,20.27,12.32,5.18,4884,34.82,5.29,7.56,221375,3.47,8.38,56.11,4.58,19.24,16.46,45.29,2.53
36047052000,Kings County,New York,True,64.64,46.2,29.9,21.32,2139,98.46,15.29,20.07,126102,19.48,21.45,40.59,19.77,19.99,11.34,24.79,12.71
36047052300,Kings County,New York,True,82.19,46.54,30.47,0.51,4321,67.1,26.35,18.35,74454,13.91,9.97,40.26,7.21,4.94,49.44,32.67,19.62
36047052500,Kings County,New York,True,91.47,50.55,29.94,12.26,3160,69.46,20.13,33.36,70625,12.89,29.57,64.11,0.0,8.04,26.62,42.38,15.23
36047052600,Kings County,New York,True,82.36,48.61,24.34,6.47,3034,95.14,6.48,11.54,91500,10.49,21.97,42.97,20.29,15.44,19.73,34.95,9.4
36047052700,Kings County,New York,True,92.3,53.22,29.31,3.13,5000,72.9,24.62,32.87,59632,15.0,16.75,35.6,4.54,13.27,60.2,37.2,12.04
36047052800,Kings County,New York,True,38.04,36.63,27.16,28.63,734,98.55,14.97,13.34,121000,18.2,21.32,49.21,4.82,34.35,5.95,27.76,10.62
36047052900,Kings County,New York,True,100.0,82.27,60.08,4.5,3621,62.34,16.45,29.24,39549,14.88,34.57,71.53,0.75,6.72,11.04,11.43,4.95
36047053000,Kings County,New York,True,69.59,50.2,40.94,14.44,1859,94.74,22.12,26.86,78621,24.3,17.12,54.43,5.11,26.88,4.87,27.87,15.84
36047053101,Kings County,New York,True,68.91,74.69,64.66,38.35,1860,38.35,42.48,30.05,,4.4,53.64,95.76,1.29,1.39,1.95,4.49,18.41
36047053102,Kings County,New York,True,69.92,65.99,46.71,36.29,5294,15.0,37.42,13.86,76635,0.09,57.53,97.3,0.41,0.0,0.41,4.92,21.12
36047053200,Kings County,New York,True,51.21,44.9,27.39,11.18,1036,93.12,17.19,33.59,72500,24.82,18.42,50.13,8.07,18.25,11.05,27.31,18.68
36047053300,Kings County,New York,True,72.91,69.4,57.53,16.87,4616,77.6,45.68,46.88,34519,15.89,44.22,95.53,0.15,2.18,3.97,3.15,14.86
36047053400,Kings County,New York,True,77.71,49.7,27.77,26.84,3075,92.93,9.82,19.2,83421,16.34,31.54,51.69,10.91,26.82,2.51,23.04,11.85
36047053500,Kings County,New York,True,68.73,75.25,57.38,24.38,3159,81.39,36.07,46.56,49244,14.51,49.12,83.93,0.0,0.0,9.95,11.86,32.15
36047053700,Kings County,New York,True,64.07,75.72,52.22,35.84,3043,29.33,44.93,28.4,44085,7.93,59.17,97.27,1.83,0.77,0.12,2.96,18.97
36047053800,Kings County,New York,True,85.58,56.78,32.69,15.55,3926,91.57,14.23,27.15,65556,23.51,22.62,61.43,15.39,8.81,9.16,46.24,12.55
36047053900,Kings County,New York,True,83.24,67.77,40.11,6.49,2212,84.45,44.98,42.29,46914,25.59,31.17,75.83,4.25,5.95,17.85,22.16,10.0
36047054200,Kings County,New York,True,81.14,56.86,18.03,14.9,3138,87.69,24.33,27.03,56481,23.71,25.22,64.89,4.38,7.12,17.46,32.66,23.26
36047054300,Kings County,New York,False,,,,,0,,,,,,,,,,,,
36047054400,Kings County,New York,True,73.13,58.83,38.0,28.0,2732,93.16,15.59,20.4,55938,22.97,25.82,80.11,0.0,19.05,0.28,26.71,21.99
36047054500,Kings County,New York,True,97.56,31.82,17.8,14.75,8233,78.14,34.23,36.15,42071,12.03,40.02,35.59,49.0,0.25,15.44,26.45,4.42
36047054600,Kings County,New York,True,81.85,54.35,33.01,21.53,4162,86.42,24.11,24.17,74651,10.57,25.11,58.85,7.22,14.91,7.09,23.17,13.0
36047054700,Kings County,New York,True,86.65,51.66,25.59,19.49,7741,18.93,9.8,10.36,87047,3.97,45.55,74.99,4.88,5.12,10.26,24.81,8.67
36047054800,Kings County,New York,True,56.59,51.27,40.88,11.43,1209,91.62,9.99,20.52,83500,15.8,29.51,85.11,7.29,4.69,1.65,23.01,5.69
36047054900,Kings County,New York,True,86.43,40.1,17.65,9.54,4042,34.62,15.48,10.88,183091,2.67,27.2,76.09,0.0,7.33,16.53,42.91,1.95
36047055000,Kings County,New York,True,72.64,56.48,40.72,31.68,2223,85.53,25.18,36.66,59955,22.98,21.1,67.61,5.78,11.09,15.61,34.18,22.71
36047055100,Kings County,New York,True,81.49,31.8,11.28,2.28,4859,29.61,16.66,24.52,171952,12.26,13.02,52.77,5.64,7.62,28.97,39.37,10.44
36047055200,Kings County,New York,True,83.38,31.47,24.93,33.24,2606,88.14,17.74,29.83,69861,27.24,16.46,66.98,0.51,19.56,5.95,28.47,27.61
36047055300,Kings County,New York,True,85.26,29.81,13.54,9.44,3034,62.34,20.98,11.64,144083,10.24,9.1,55.23,1.94,7.13,34.09,35.17,6.02
36047055400,Kings County,New York,True,86.72,61.79,38.97,33.42,3438,92.08,12.79,24.09,64894,17.17,18.55,61.57,2.33,18.4,15.67,27.69,25.91
36047055500,Kings County,New York,True,80.79,27.46,14.98,7.61,6697,24.61,3.15,5.45,205860,2.26,16.12,60.92,4.7,7.98,19.66,34.46,2.97
36047055600,Kings County,New York,True,59.02,54.44,19.47,18.97,1796,84.96,32.11,20.14,69485,23.74,26.1,77.54,3.43,10.8,2.83,30.56,7.7
36047055700,Kings County,New York,True,90.5,50.93,19.7,12.6,1513,56.64,1.65,2.8,136250,2.7,11.28,72.8,0.0,7.4,17.98,39.7,1.92
36047055800,Kings County,New York,True,69.05,49.4,29.43,24.47,1417,97.22,16.92,32.2,61786,18.55,23.17,68.95,0.0,19.77,3.12,38.32,24.78
36047056000,Kings County,New York,True,67.31,47.88,18.82,24.08,2142,77.38,10.42,24.07,74104,23.84,23.87,61.95,9.09,14.52,8.89,36.83,22.02
36047056100,Kings County,New York,True,82.68,43.84,12.91,6.18,2792,81.05,6.09,12.1,151875,9.14,8.22,69.39,2.43,4.35,18.96,34.36,2.85
36047056200,Kings County,New York,True,11.61,93.55,17.74,0.0,195,97.24,10.17,6.37,102083,19.39,40.3,86.23,0.0,9.95,0.0,17.79,5.14
36047056301,Kings County,New York,True,86.83,35.62,11.94,1.33,3697,57.47,13.3,13.29,133636,9.34,11.26,65.72,5.82,8.36,17.81,43.89,10.1
36047056302,Kings County,New York,True,98.74,51.73,27.59,1.34,2412,15.39,9.88,15.27,76351,4.65,17.8,48.43,18.82,8.41,27.19,52.93,2.82
36047056400,Kings County,New York,True,11.88,56.44,30.69,10.61,294,100.0,4.14,22.68,86392,28.92,18.43,62.22,7.11,18.7,7.75,39.51,10.02
36047056500,Kings County,New York,True,84.64,46.96,26.23,1.07,2644,85.98,4.74,6.06,115329,12.52,7.92,80.19,0.87,6.63,7.08,51.09,7.48
36047056600,Kings County,New York,True,60.8,47.38,15.51,20.27,1438,98.71,29.6,23.83,69286,20.86,14.6,46.22,12.16,31.39,8.44,33.8,31.13
36047056800,Kings County,New York,True,23.67,83.96,49.06,22.48,327,99.01,14.4,17.8,75521,25.63,23.81,52.16,0.0,38.06,14.33,33.94,11.51
36047056900,Kings County,New York,True,66.78,25.38,12.95,2.18,1047,83.5,4.23,6.49,159286,16.49,7.82,77.32,0.9,7.52,10.77,37.14,5.81
36047057000,Kings County,New York,True,4.87,77.78,77.78,46.84,338,97.92,13.54,14.85,80216,42.47,13.62,50.43,6.95,26.75,17.93,50.09,19.98
36047057100,Kings County,New York,True,82.15,38.48,15.18,0.0,3022,86.28,7.6,12.31,125272,11.75,14.94,77.47,1.33,4.61,8.62,44.11,11.21
36047057200,Kings County,New York,True,100.0,41.64,23.34,23.68,5501,97.2,34.1,48.02,31864,14.83,30.83,18.32,57.15,5.09,24.01,29.14,9.01
36047057300,Kings County,New York,True,64.56,51.05,23.04,1.32,1632,92.02,7.06,10.46,150885,11.32,10.04,78.46,5.96,5.77,6.43,39.57,5.35
36047057400,Kings County,New York,True,33.88,35.85,7.86,28.18,881,97.37,11.52,9.86,92813,26.14,12.16,39.74,0.11,58.25,0.83,9.96,38.25
36047057500,Kings County,New York,True,87.96,38.26,22.03,5.14,4053,72.1,10.45,11.78,128804,5.64,11.05,55.48,4.35,6.2,24.15,41.39,6.42
36047057600,Kings County,New York,True,32.34,37.85,30.84,23.49,828,100.0,22.23,22.38,98750,19.63,17.63,39.18,0.0,54.51,6.0,16.22,21.9
36047057800,Kings County,New York,True,71.44,64.22,41.66,37.61,1979,80.75,12.01,23.75,61919,23.4,21.52,54.84,3.35,34.38,6.88,24.56,23.14
36047057901,Kings County,New York,True,81.35,31.48,9.88,2.03,981,68.75,22.51,9.74,141754,5.62,8.33,54.83,11.38,9.26,22.22,25.41,4.81
36047057902,Kings County,New York,False,,,,,0,,,,,,,,,,,,
36047058000,Kings County,New York,True,81.81,69.76,44.85,38.18,2118,97.81,27.89,33.01,38945,18.12,18.45,48.07,0.76,32.45,11.27,35.76,22.43
36047058200,Kings County,New York,True,87.21,52.75,20.49,29.47,2234,80.96,16.6,22.63,60811,10.99,31.61,42.98,1.04,17.45,23.91,23.79,27.78
36047058400,Kings County,New York,True,61.95,68.55,33.71,33.6,2291,87.19,15.66,28.45,70870,13.71,23.52,66.83,6.33,21.96,3.85,28.1,14.42
36047058600,Kings County,New York,True,52.86,59.87,58.25,45.45,1277,87.26,32.99,26.75,70167,15.24,26.77,36.57,10.73,49.73,2.61,24.03,22.63
36047058800,Kings County,New York,True,66.19,37.97,14.95,37.33,1885,83.66,10.79,19.55,96838,26.45,8.87,69.09,3.42,18.42,5.0,32.25,25.62
36047058901,Kings County,New York,True,80.41,46.54,25.04,1.35,1527,95.3,11.6,14.69,114659,9.7,23.16,85.88,1.05,3.09,6.99,24.48,3.45
36047058902,Kings County,New York,False,,,,,0,,,,,,,,,,,,
36047059000,Kings County,New York,True,59.45,27.11,12.83,32.82,1074,71.22,11.67,15.09,103619,20.02,15.61,36.52,2.57,40.46,21.81,19.36,29.64
36047059100,Kings County,New York,True,83.71,36.26,21.79,0.0,2992,90.56,5.06,10.74,133795,10.91,11.97,74.44,1.7,3.29,13.44,33.38,3.18
36047059200,Kings County,New York,True,52.68,51.28,31.5,23.38,2015,87.63,19.94,27.13,61944,29.76,15.53,62.29,0.83,27.17,4.11,31.22,19.4
36047059300,Kings County,New York,True,81.82,36.65,18.2,3.31,2098,88.34,15.51,9.57,110625,6.26,24.84,67.07,5.28,2.17,18.21,19.44,6.67
36047059402,Kings County,New York,True,33.56,68.5,41.53,21.6,1712,96.28,8.59,17.47,68625,26.26,20.95,72.9,1.23,21.53,4.22,21.83,19.9
36047059403,Kings County,New York,True,48.87,49.36,28.91,30.2,1169,94.31,9.24,21.06,67232,24.2,25.67,50.82,2.45,38.83,1.76,22.05,23.66
36047059404,Kings County,New York,True,71.54,70.25,24.52,49.23,2597,97.23,7.47,13.84,65520,12.58,23.28,50.99,0.05,32.38,16.55,33.2,27.83
36047059600,Kings County,New York,True,35.36,54.48,38.31,20.82,866,99.1,12.25,19.43,56757,27.69,11.01,77.44,0.0,17.96,2.83,43.41,26.14
36047059800,Kings County,New York,True,55.8,55.02,15.3,13.3,2103,96.58,9.25,19.78,81051,18.74,21.39,65.6,4.58,15.54,9.53,36.17,19.49
36047060000,Kings County,New York,True,54.52,45.33,34.68,27.09,3533,86.34,15.92,23.34,75671,23.92,19.31,84.86,0.29,9.07,8.31,29.7,21.35
36047060600,Kings County,New York,True,49.89,67.7,33.39,33.48,1503,74.73,14.73,13.22,76080,21.99,16.51,67.12,0.82,15.04,9.78,42.63,21.42
36047060800,Kings County,New York,True,71.23,51.64,28.84,24.41,2501,73.67,14.84,30.44,73546,26.74,12.65,65.48,5.64,14.6,6.42,35.07,25.08
36047061002,Kings County,New York,True,55.66,72.04,45.3,21.62,2451,71.42,13.8,27.63,71944,34.39,9.37,95.8,0.0,2.32,0.0,43.11,30.79
36047061003,Kings County,New York,True,66.88,63.29,32.95,62.44,1572,73.83,38.68,29.2,51054,11.43,33.12,26.59,3.29,25.22,45.73,21.37,22.22
36047061004,Kings County,New York,True,87.43,66.84,48.71,32.84,4490,92.23,21.88,39.33,40931,28.7,8.58,81.72,1.06,6.08,4.09,43.68,40.8
36047061200,Kings County,New York,True,39.42,39.26,19.02,46.89,383,82.91,7.6,14.7,141094,29.61,11.36,87.48,1.43,0.81,7.96,12.69,12.59
36047061600,Kings County,New York,True,18.61,26.23,0.0,45.45,169,87.85,2.21,10.9,183095,48.95,11.25,83.76,3.94,0.0,1.29,16.73,3.86
36047062000,Kings County,New York,True,27.02,67.66,34.73,32.34,346,93.6,1.65,4.05,111932,25.46,11.41,89.91,2.37,1.65,0.0,11.49,3.21
36047062200,Kings County,New York,True,63.34,57.21,32.17,38.78,1602,84.6,26.52,29.18,68821,23.18,21.16,54.5,19.53,8.08,13.64,34.16,18.44
36047062600,Kings County,New York,True,38.87,59.55,38.44,57.46,1175,96.9,20.03,17.99,67218,22.59,16.38,64.18,8.04,22.95,4.2,19.86,8.51
36047062800,Kings County,New York,True,15.23,68.71,21.94,0.0,594,93.48,5.85,18.58,110377,19.76,24.87,77.7,0.0,7.21,9.65,24.38,3.31
36047063200,Kings County,New York,True,23.28,66.05,39.51,0.0,250,85.33,6.74,14.66,82941,35.91,10.36,72.53,0.07,18.95,9.87,42.53,12.59
36047063600,Kings County,New York,True,5.17,100.0,30.77,0.0,38,96.79,3.93,5.17,148056,19.3,26.17,64.68,1.1,21.59,9.97,21.84,8.28
36047063800,Kings County,New York,True,37.5,70.79,42.57,32.13,519,95.16,6.59,8.43,82188,18.12,28.48,69.29,7.97,20.67,4.89,25.45,6.91
36047064000,Kings County,New York,True,7.14,64.71,29.41,20.69,53,97.71,6.71,16.01,143214,17.86,28.71,83.27,0.0,6.03,10.78,12.56,3.33
36047064200,Kings County,New York,True,67.82,60.66,37.94,16.38,1468,91.61,26.39,26.74,75735,27.03,23.03,71.33,5.88,9.92,6.39,30.56,11.17
36047064400,Kings County,New York,True,41.6,79.68,75.3,19.57,999,100.0,24.52,25.45,79259,18.06,24.24,58.2,14.34,19.75,4.12,21.58,3.2
36047064600,Kings County,New York,True,13.82,39.62,18.87,35.64,224,98.96,9.33,9.99,99067,18.94,30.83,66.67,0.6,23.82,10.96,11.49,8.03
36047064800,Kings County,New York,True,19.01,38.57,22.86,0.0,264,98.77,7.28,5.45,111406,31.24,19.97,55.8,11.49,10.83,21.99,13.39,1.85
36047065000,Kings County,New York,True,28.22,35.95,30.72,0.0,404,100.0,10.73,6.0,92673,22.86,16.41,37.48,44.87,3.58,17.19,32.1,1.77
36047065200,Kings County,New York,True,13.44,47.06,8.82,0.0,108,97.77,1.87,5.34,94000,38.18,20.96,82.6,2.68,7.05,3.03,32.41,1.95
36047065400,Kings County,New York,True,18.38,94.29,25.71,0.0,279,97.96,2.3,4.06,118000,24.55,27.75,69.35,0.0,25.7,2.96,20.51,16.67
36047065600,Kings County,New York,True,5.41,72.73,36.36,0.0,76,98.59,4.3,6.72,126607,18.57,23.7,65.79,1.61,24.3,8.66,15.9,5.54
36047065800,Kings County,New York,True,19.8,64.15,33.96,0.0,243,100.0,16.4,19.31,92014,23.46,26.25,52.51,2.22,31.09,12.81,26.02,10.71
36047066000,Kings County,New York,True,16.36,73.33,0.0,0.0,296,98.55,7.55,9.88,151719,14.58,21.98,70.73,0.32,17.91,8.4,12.35,5.19
36047066200,Kings County,New York,True,24.65,85.19,35.19,14.63,277,82.5,15.62,8.02,61083,39.78,10.61,59.45,2.67,21.05,24.5,28.86,16.13
36047066600,Kings County,New York,False,,,,,0,,,,,,,,,,,,
36047067000,Kings County,New York,True,54.67,54.8,21.8,6.53,1176,87.17,14.52,19.2,91979,13.35,19.27,20.43,55.59,12.07,9.81,21.62,5.22
36047067200,Kings County,New York,True,13.87,100.0,58.62,0.0,224,98.9,2.16,19.02,84280,12.96,19.01,2.59,60.91,4.25,32.25,26.62,2.9
36047067400,Kings County,New York,True,6.73,75.0,75.0,0.0,81,100.0,7.99,18.94,126705,22.52,17.65,5.29,60.14,11.21,3.2,16.64,3.94
36047067600,Kings County,New York,True,40.59,41.38,28.16,0.0,586,100.0,7.51,14.02,97750,24.77,19.54,7.35,69.54,2.25,16.75,16.74,4.9
36047067800,Kings County,New York,True,48.69,55.25,43.09,15.96,1220,95.1,19.07,21.37,84612,19.62,12.85,1.87,84.97,0.04,1.05,16.57,3.97
36047068000,Kings County,New York,True,12.48,100.0,33.33,0.0,170,97.38,5.74,11.23,114904,14.27,26.95,5.4,68.5,0.4,9.66,26.92,0.9
36047068200,Kings County,New York,True,20.46,30.48,18.1,0.0,530,94.37,4.33,9.08,102000,26.63,19.61,11.42,58.51,7.33,14.31,5.17,2.52
36047068600,Kings County,New York,True,32.09,56.85,22.6,5.38,648,94.22,4.31,14.39,112646,16.92,20.56,35.29,42.81,19.1,3.09,31.65,1.8
36047068800,Kings County,New York,True,17.46,63.64,6.36,0.0,156,97.11,2.97,4.29,98750,16.48,18.75,15.03,55.74,14.96,9.28,20.63,6.07
36047069000,Kings County,New York,True,38.96,4.68,0.0,38.57,668,91.91,12.05,10.95,137650,25.12,13.97,11.63,51.32,8.27,27.1,14.66,6.33
36047069200,Kings County,New York,True,38.81,64.97,21.66,11.15,870,93.98,5.71,8.41,104712,17.38,17.77,8.74,76.88,1.48,12.08,19.78,2.21
36047069601,Kings County,New York,True,58.3,66.71,32.07,0.0,2126,74.43,5.62,13.36,101760,17.88,18.46,30.11,56.73,3.2,11.12,26.56,6.46
36047069602,Kings County,New York,True,18.47,76.61,57.89,0.0,769,62.05,3.63,22.47,119451,28.7,17.65,53.45,27.13,7.68,9.32,18.01,9.45
36047069800,Kings County,New York,True,21.88,37.97,37.97,33.72,223,94.97,3.52,5.34,128194,23.69,29.06,51.25,10.74,9.31,23.19,19.34,9.32
36047070000,Kings County,New York,True,55.5,55.86,36.11,0.0,456,97.86,4.61,10.0,95331,22.65,15.16,60.71,10.96,7.33,9.31,49.33,9.08
36047070201,Kings County,New York,True,24.55,36.78,33.48,11.17,1642,93.22,4.0,15.81,130174,22.09,31.37,85.25,0.66,6.95,1.85,18.32,0.25
36047070202,Kings County,New York,True,100.0,0.0,0.0,0.0,14,100.0,0.0,0.0,,0.0,0.0,64.29,0.0,35.71,35.71,0.0,0.0
36047070203,Kings County,New York,False,,,,,0,,,,,,,,,,,,
36047070601,Kings County,New York,True,14.32,45.38,8.4,0.0,222,86.49,0.33,11.82,148214,25.19,20.97,77.43,0.0,1.93,5.5,25.0,0.72
36047070602,Kings County,New York,False,,,,,0,,,,,,,,,,,,
36047072000,Kings County,New York,True,61.66,43.28,14.33,14.79,1059,64.26,24.2,22.3,76912,21.04,21.51,1.85,73.48,9.77,3.34,14.86,6.6
36047072200,Kings County,New York,True,17.55,85.07,58.96,0.0,352,95.92,10.75,27.09,,21.63,14.09,0.13,83.01,0.22,2.05,24.38,0.85
36047072400,Kings County,New York,True,47.23,42.25,20.93,5.03,822,99.27,17.4,21.39,69263,24.4,22.01,1.13,93.32,0.0,2.14,34.07,4.43
36047072600,Kings County,New York,True,20.66,76.92,34.62,21.85,510,89.14,20.28,16.83,97292,16.62,16.43,3.52,81.55,0.07,7.45,19.97,2.38
36047072800,Kings County,New York,True,12.91,46.88,38.28,20.88,498,89.55,10.46,21.84,62333,28.39,20.58,1.68,77.86,4.31,9.48,35.82,1.56
36047073000,Kings County,New York,True,30.77,34.38,8.85,10.96,661,89.78,2.75,6.21,132227,15.98,12.14,4.69,79.52,4.03,1.56,13.9,0.3
36047073200,Kings County,New York,True,34.41,53.96,36.63,9.79,614,94.97,14.54,11.57,85846,16.3,25.57,1.81,85.3,4.53,3.41,24.89,1.57
36047073400,Kings County,New York,True,21.18,0.0,0.0,0.0,190,99.08,6.18,10.02,138750,28.63,7.27,3.5,64.19,6.13,8.76,24.83,5.34
36047073600,Kings County,New York,True,62.44,39.18,11.6,19.7,1663,100.0,6.51,8.01,82358,17.99,12.92,0.75,55.86,18.33,13.74,21.53,6.0
36047073800,Kings County,New York,True,52.62,56.11,25.55,19.94,1749,94.6,4.78,9.03,73125,17.49,22.52,25.39,54.56,4.32,12.43,25.85,4.31
36047074000,Kings County,New York,True,69.57,57.5,18.79,37.83,2200,83.24,15.42,16.27,68125,16.7,27.96,16.67,50.56,19.87,9.74,28.42,14.0
36047074200,Kings County,New York,True,57.39,47.83,28.17,8.58,1206,92.95,10.85,20.34,80240,23.81,17.13,25.79,40.66,5.29,8.27,29.98,5.5
36047074400,Kings County,New York,True,13.46,22.86,8.57,0.0,138,93.28,12.24,6.47,140391,9.78,40.26,85.57,1.81,1.62,1.1,13.97,1.63
36047074600,Kings County,New York,True,47.71,78.33,45.33,32.05,747,92.99,10.93,25.23,113750,13.04,35.09,81.13,10.48,5.28,3.82,25.84,8.18
36047074800,Kings County,New York,True,50.86,76.15,46.79,1.83,555,98.46,15.69,28.3,82266,20.81,28.99,63.96,28.19,0.8,5.39,51.01,2.8
36047075000,Kings County,New York,True,42.77,58.1,43.81,18.57,1182,94.33,4.46,7.74,103125,17.01,23.64,64.05,20.79,0.0,8.17,18.53,0.82
36047075200,Kings County,New York,True,10.28,51.72,51.72,0.0,112,89.25,0.0,0.0,141250,10.56,48.6,99.65,0.0,0.0,0.0,16.67,0.0
36047075400,Kings County,New York,True,17.99,0.0,0.0,0.0,141,94.91,1.5,0.0,115851,36.0,16.2,98.3,1.6,0.0,0.1,30.14,5.2
36047075600,Kings County,New York,True,36.18,43.62,21.81,15.35,591,99.5,10.35,14.96,77273,24.59,21.92,72.79,6.51,14.88,4.42,36.04,2.72
36047075800,Kings County,New York,True,43.81,54.71,21.74,0.0,438,93.73,10.59,25.81,69662,57.64,14.29,93.86,2.57,2.07,1.29,35.1,17.85
36047076000,Kings County,New York,True,72.59,52.44,25.06,15.38,2245,90.94,8.52,22.84,75174,15.76,26.21,68.36,9.49,4.27,8.08,30.2,15.06
36047076200,Kings County,New York,True,83.75,56.35,41.37,28.18,3513,91.77,29.74,33.85,54725,13.33,25.83,37.12,12.59,24.81,23.96,29.14,22.16
36047076400,Kings County,New York,True,87.94,52.13,21.34,16.1,3850,79.27,22.67,15.28,81813,12.02,23.85,18.71,45.93,11.9,22.06,33.52,12.83
36047076600,Kings County,New York,True,85.75,42.59,27.93,7.99,1750,85.49,11.43,13.7,95563,10.4,15.33,14.72,62.75,7.53,10.54,23.7,6.06
36047076800,Kings County,New York,True,67.29,51.98,26.69,10.62,2292,75.47,20.82,27.86,73125,19.51,23.21,69.19,2.95,19.72,6.75,29.64,10.78
36047077000,Kings County,New York,True,56.92,49.82,19.27,5.48,1625,97.36,13.27,15.67,76921,11.37,18.27,17.09,62.52,3.49,8.85,28.23,4.87
36047077200,Kings County,New York,True,62.47,61.95,44.64,12.88,1707,94.0,24.78,22.52,80855,20.5,17.47,27.84,46.9,1.63,13.01,31.37,8.62
36047077400,Kings County,New York,True,88.68,54.12,22.94,3.55,2326,97.93,9.22,14.04,72488,12.87,17.79,17.03,57.88,7.57,16.93,31.15,9.12
36047077600,Kings County,New York,True,39.71,55.08,31.11,11.67,1244,97.77,7.66,18.65,71983,32.31,16.27,16.42,63.28,12.99,4.41,46.03,5.44
36047078000,Kings County,New York,True,24.58,40.0,20.0,12.16,552,100.0,2.31,3.16,138611,23.92,19.54,5.25,84.88,3.23,5.58,9.3,0.87
36047078200,Kings County,New York,True,73.59,53.54,31.69,10.7,2863,87.78,15.47,23.93,69558,24.23,15.61,2.1,72.54,1.79,17.74,25.98,4.76
36047078400,Kings County,New York,True,53.24,34.1,19.45,2.31,1065,71.39,7.72,14.62,99653,21.68,11.37,4.75,73.81,3.49,7.19,26.67,3.44
36047078601,Kings County,New York,True,70.58,60.61,26.08,10.38,1447,89.17,9.86,14.66,87614,16.62,13.2,6.76,66.67,21.98,2.97,37.28,8.57
36047078602,Kings County,New York,True,58.41,71.18,37.85,19.07,1284,75.97,20.27,26.54,69615,16.44,22.77,7.27,68.58,2.66,15.78,38.03,8.81
36047078801,Kings County,New York,True,73.59,74.31,50.59,18.04,1208,74.35,20.86,22.8,55984,14.4,20.47,6.19,59.82,1.36,14.45,31.17,5.16
36047078802,Kings County,New York,True,89.85,55.37,42.96,41.85,1559,86.92,22.91,26.46,55179,9.39,16.82,1.4,80.61,1.51,8.49,29.62,12.18
36047079001,Kings County,New York,True,89.64,57.07,28.79,11.56,1550,89.67,16.53,28.38,67857,13.58,25.0,2.88,79.99,3.79,7.63,22.75,6.31
36047079002,Kings County,New York,True,91.85,63.57,42.26,3.13,2408,94.42,17.96,30.75,57672,19.94,18.61,2.49,72.4,8.71,12.07,39.46,13.99
36047079201,Kings County,New York,True,72.74,62.41,53.1,15.76,983,93.63,25.47,37.22,88162,15.05,20.33,19.39,57.02,2.39,10.35,23.5,3.01
36047079202,Kings County,New York,True,77.01,53.4,37.0,6.2,1167,86.56,28.99,21.04,85833,10.4,19.98,7.21,62.62,4.27,21.63,32.84,3.89
36047079400,Kings County,New York,True,53.26,38.08,6.95,3.8,891,57.36,16.58,15.05,128295,13.82,17.2,6.72,57.57,0.93,17.71,24.17,3.16
36047079601,Kings County,New York,True,85.77,49.05,34.42,4.65,2736,90.17,18.97,28.53,81629,19.31,10.12,32.39,39.29,4.46,17.79,44.21,1.01
36047079602,Kings County,New York,True,85.5,57.05,31.13,12.19,4447,87.76,15.24,19.37,77370,14.21,15.26,19.22,49.22,5.26,18.47,24.68,4.0
36047079801,Kings County,New York,True,67.76,62.13,26.32,9.3,2295,99.44,5.37,15.96,94375,13.15,22.23,39.2,39.69,6.94,4.34,49.51,0.0
36047079802,Kings County,New York,True,98.31,35.63,10.59,4.59,4938,77.73,12.23,11.05,100438,13.79,9.47,25.86,52.54,6.35,9.63,39.05,7.8
36047080000,Kings County,New York,True,58.94,57.04,29.75,1.33,1345,84.39,13.67,26.75,95769,21.82,15.48,32.89,46.1,2.58,12.12,38.77,0.8
36047080200,Kings County,New York,True,66.96,47.22,35.08,5.95,2575,76.82,16.14,25.12,98942,15.5,15.32,21.56,63.69,2.89,9.46,50.55,4.33
36047080400,Kings County,New York,True,77.7,47.66,30.19,0.0,2271,82.88,18.66,15.97,58413,23.05,11.18,26.81,52.75,3.56,10.72,35.83,0.0
36047080600,Kings County,New York,True,80.02,61.72,34.14,8.2,3018,55.84,25.93,23.19,66632,13.3,32.81,42.17,46.16,0.0,4.26,25.48,2.47
36047080800,Kings County,New York,True,100.0,56.35,43.8,1.21,1150,1.65,71.17,81.83,13337,34.05,10.57,18.15,55.87,7.24,21.77,63.39,10.67
36047081000,Kings County,New York,True,72.93,38.68,28.04,13.22,1529,55.03,22.66,22.2,88490,16.23,12.28,11.19,78.15,5.66,4.9,44.01,1.12
36047081400,Kings County,New York,True,61.62,53.49,53.13,0.0,1329,96.06,16.53,21.3,86705,19.32,24.26,13.08,77.12,3.94,4.98,19.78,1.21
36047081600,Kings County,New York,True,64.35,47.8,20.46,10.45,1591,96.17,4.04,9.71,92784,19.05,20.77,10.16,77.36,2.32,6.12,26.36,1.9
36047081800,Kings County,New York,True,73.07,57.08,23.94,14.38,3466,74.78,32.34,13.57,76607,10.28,19.92,13.67,73.18,4.25,6.17,29.2,8.45
36047082000,Kings County,New York,True,98.0,61.22,32.34,4.26,4456,77.87,17.65,25.2,56250,12.0,15.82,14.13,67.71,3.18,10.34,44.7,5.78
36047082200,Kings County,New York,True,95.38,36.05,18.71,9.93,6423,82.91,6.99,12.98,85645,15.89,14.7,12.02,73.1,4.19,5.08,34.48,2.58
36047082400,Kings County,New York,True,83.65,69.4,43.32,9.95,3917,88.46,23.78,26.8,57204,13.27,17.17,6.44,73.19,0.35,9.72,31.49,5.99
36047082600,Kings County,New York,True,80.12,48.79,21.63,13.34,3174,85.91,16.62,15.45,72543,19.12,19.17,4.88,77.12,3.08,7.11,33.33,1.54
36047082800,Kings County,New York,True,79.35,55.61,34.05,8.38,2527,84.08,12.07,24.82,61313,18.73,15.43,8.74,71.75,5.99,8.74,36.14,14.19
36047083000,Kings County,New York,True,77.91,46.54,34.64,20.66,4298,81.94,13.59,25.92,83690,14.0,16.76,5.02,85.7,0.74,12.9,39.81,3.17
36047083200,Kings County,New York,True,40.48,73.6,40.26,4.17,736,98.21,14.02,18.07,100161,26.65,14.95,4.2,74.64,8.79,3.53,17.95,2.26
36047083400,Kings County,New York,True,23.48,30.77,20.0,16.03,417,89.98,10.59,13.44,121000,21.42,18.38,2.23,65.96,1.52,1.58,8.96,0.28
36047083600,Kings County,New York,True,27.1,58.0,22.0,23.98,569,98.34,8.52,13.0,96094,16.38,24.45,1.11,81.5,0.45,5.19,17.91,2.2
36047083800,Kings County,New York,True,22.66,60.0,44.38,0.0,344,96.34,17.09,21.17,62950,38.22,8.91,0.21,85.4,1.97,3.06,23.88,2.27
36047084000,Kings County,New York,True,40.79,61.8,30.12,0.0,842,92.2,8.63,13.35,81058,32.17,18.51,1.39,77.0,0.09,4.27,24.6,1.0
36047084600,Kings County,New York,True,38.83,56.91,38.62,3.57,809,93.37,8.24,14.64,78304,16.78,25.22,1.52,79.1,0.0,0.49,16.95,0.52
36047084800,Kings County,New York,True,48.47,68.14,53.54,2.97,596,95.3,16.63,21.44,86012,30.93,8.86,1.04,80.0,0.0,6.3,25.23,5.26
36047085000,Kings County,New York,True,8.25,28.21,0.0,23.08,171,95.68,1.59,12.9,124219,24.3,12.8,5.13,86.04,0.0,8.89,29.81,1.44
36047085200,Kings County,New York,False,,,,,0,,,,,,,,,,,,
36047085400,Kings County,New York,True,31.57,61.2,46.4,24.0,512,80.07,14.66,21.72,78828,28.9,17.22,7.03,68.87,3.39,3.06,22.85,3.73
36047085600,Kings County,New York,True,60.88,59.28,26.49,5.66,1774,98.58,14.55,17.51,79107,20.37,22.81,3.13,79.97,2.5,3.83,36.41,2.34
36047085800,Kings County,New York,True,58.3,62.17,44.21,1.3,769,85.41,12.62,23.32,83640,22.91,21.12,0.97,77.14,5.95,0.0,34.35,0.0
36047086000,Kings County,New York,True,70.61,66.02,28.17,3.92,1822,91.02,11.34,17.27,77955,13.82,18.69,0.61,82.87,0.0,8.64,22.61,3.89
36047086200,Kings County,New York,True,70.25,72.23,40.13,8.95,1667,91.41,22.85,28.96,50438,19.5,18.13,1.45,85.49,0.76,11.2,37.31,3.8
36047086400,Kings County,New York,True,49.52,69.68,50.86,11.0,880,90.64,20.14,25.91,71016,19.11,16.45,7.3,69.76,0.99,12.89,31.23,4.62
36047086600,Kings County,New York,True,74.62,57.13,31.95,7.3,1987,87.53,15.65,20.9,79508,19.0,13.71,4.49,75.13,0.34,8.65,36.19,0.0
36047086800,Kings County,New York,True,83.06,62.1,34.09,6.49,2353,85.25,23.0,24.71,45764,20.12,21.82,3.12,84.49,3.39,3.49,38.34,1.76
36047087000,Kings County,New York,True,62.81,73.06,46.29,10.5,1770,94.76,22.32,22.75,61136,18.83,26.41,5.29,74.58,3.76,11.54,28.11,6.62
36047087200,Kings County,New York,True,49.04,62.21,37.21,13.86,1649,100.0,26.81,19.93,67650,13.94,24.43,5.63,74.74,3.68,1.54,21.21,0.38
36047087401,Kings County,New York,True,85.73,50.13,18.16,5.75,2629,79.55,18.1,34.24,37207,18.96,23.09,24.37,60.51,0.0,5.85,52.79,1.28
36047087600,Kings County,New York,True,56.08,75.34,42.9,14.71,827,64.17,21.25,20.28,48125,14.35,27.31,23.08,55.17,0.0,5.62,50.21,1.85
36047087800,Kings County,New York,True,91.63,61.94,36.14,4.51,1837,98.23,18.37,27.12,56633,27.82,10.69,1.35,81.67,1.74,5.32,36.05,2.17
36047088001,Kings County,New York,True,47.62,40.61,8.43,1.89,564,88.52,19.29,29.86,42351,33.2,12.51,1.47,82.9,0.0,11.93,47.62,0.0
36047088002,Kings County,New York,True,64.76,58.16,58.16,0.0,681,60.97,24.67,17.18,73750,10.9,24.1,12.7,67.21,0.0,3.61,22.69,0.0
36047088200,Kings County,New York,True,87.4,63.84,38.89,7.27,5185,80.26,23.85,22.84,50754,11.23,26.63,12.39,71.09,0.0,4.77,39.91,1.63
36047088400,Kings County,New York,True,75.83,75.71,57.6,33.0,3768,79.28,35.04,45.94,38594,19.22,24.62,0.25,76.48,0.0,5.32,35.17,0.27
36047088600,Kings County,New York,True,95.82,54.23,42.68,4.3,3977,95.76,11.91,28.8,57674,15.09,16.84,1.64,87.76,0.0,8.92,35.97,0.93
36047088800,Kings County,New York,True,74.19,61.29,33.15,11.66,2866,100.0,17.29,26.28,55053,21.68,25.88,0.42,79.01,2.09,9.2,30.74,7.36
36047089000,Kings County,New York,True,93.82,44.5,19.15,5.62,6594,85.13,20.67,21.75,72535,14.8,14.39,5.2,84.08,0.2,9.41,15.79,1.7
36047089200,Kings County,New York,True,95.88,69.95,43.32,6.16,2431,84.3,50.97,57.46,,25.83,7.16,3.96,85.12,0.0,10.99,54.09,2.78
36047089400,Kings County,New York,True,66.38,66.31,54.73,8.94,2200,79.88,28.81,40.07,63125,16.6,13.27,1.11,80.93,0.54,12.41,19.6,1.89
36047089600,Kings County,New York,True,91.51,53.89,22.96,6.02,3464,79.22,38.27,45.84,,12.34,15.8,5.92,68.07,0.68,14.69,46.85,0.5
36047089800,Kings County,New York,True,64.74,44.27,21.12,14.14,1729,54.24,25.17,31.09,66976,14.42,23.27,7.9,54.58,5.83,7.38,29.61,5.28
36047090000,Kings County,New York,True,84.6,60.6,50.4,8.81,3977,52.14,53.0,56.22,20500,10.66,23.79,4.27,81.97,0.0,15.05,26.29,2.38
36047090200,Kings County,New York,True,71.28,53.96,26.42,7.34,2199,64.97,42.02,36.31,42612,15.63,22.63,3.61,69.63,6.15,19.97,35.18,5.57
36047090600,Kings County,New York,True,99.51,63.8,32.71,10.29,4283,93.26,47.56,54.31,27908,5.71,33.54,0.18,78.06,0.87,20.67,21.73,4.39
36047090800,Kings County,New York,True,92.6,33.83,18.06,8.92,3638,81.99,49.76,39.89,44875,5.79,17.91,4.78,51.94,0.39,39.53,43.59,4.9
36047091000,Kings County,New York,True,100.0,73.51,30.87,8.39,5750,75.88,49.48,67.5,22321,20.11,33.05,2.43,54.03,3.84,30.85,51.25,27.64
36047091200,Kings County,New York,True,100.0,40.79,21.5,1.65,6301,95.15,37.25,39.29,36899,7.46,22.9,8.21,55.44,0.0,38.63,31.34,10.51
36047091600,Kings County,New York,True,84.48,50.76,35.76,11.35,3856,57.9,30.07,40.41,44825,19.08,34.9,14.61,61.2,3.36,12.71,30.77,9.09
36047091800,Kings County,New York,True,66.15,48.1,18.51,2.6,1565,67.04,26.58,34.12,45942,19.85,21.36,8.03,60.05,0.0,41.83,46.43,12.73
36047092000,Kings County,New York,True,67.73,85.95,43.36,0.0,1858,44.44,15.71,27.21,44978,24.64,31.51,0.0,70.33,0.0,27.3,33.9,0.0
36047092200,Kings County,New York,True,85.31,52.64,6.92,6.64,2469,97.96,3.46,15.91,50994,16.4,11.22,6.44,78.29,1.79,9.22,30.68,3.43
36047092400,Kings County,New York,True,79.36,61.54,47.52,19.95,2597,45.23,38.84,37.79,37271,6.93,39.71,12.43,68.57,4.01,15.76,27.8,3.5
36047092800,Kings County,New York,True,52.72,44.06,21.0,3.61,1359,97.39,8.37,7.89,82250,23.54,14.42,0.04,81.98,0.0,4.99,29.13,0.65
36047093000,Kings County,New York,True,38.64,38.58,23.44,6.96,882,99.13,9.77,18.08,105848,21.5,21.87,0.03,83.36,0.0,1.41,17.44,3.22
36047093200,Kings County,New York,True,36.08,21.1,21.1,0.0,427,97.6,18.67,24.7,,31.95,11.88,1.47,75.78,0.0,13.8,28.89,2.23
36047093400,Kings County,New York,True,48.75,62.44,30.05,4.0,1197,95.85,16.27,17.98,73321,24.51,17.52,1.66,70.9,0.0,7.45,36.84,2.17
36047093600,Kings County,New York,True,38.73,59.0,38.49,4.85,557,97.77,9.76,30.06,79773,34.6,12.36,0.0,92.87,3.47,1.44,35.4,0.0
36047093800,Kings County,New York,True,63.29,64.49,28.8,10.68,1479,92.85,13.83,21.73,61827,14.86,14.64,9.07,71.53,1.35,3.91,28.49,2.16
36047094401,Kings County,New York,True,45.56,57.8,38.67,4.67,1263,99.08,12.84,10.46,82500,26.5,13.17,2.25,83.76,3.23,4.08,21.3,3.07
36047094402,Kings County,New York,True,97.18,43.14,22.56,5.33,2313,94.66,43.15,56.31,24676,16.36,29.48,1.18,83.55,0.0,16.32,37.85,3.78
36047094600,Kings County,New York,True,28.37,61.07,23.49,6.63,364,93.92,4.01,10.82,93667,25.9,24.44,0.96,85.61,1.69,5.98,22.1,2.28
36047095000,Kings County,New York,True,33.29,22.96,22.96,5.84,722,100.0,5.75,6.22,90083,33.6,16.8,3.51,91.3,0.0,2.36,22.54,1.1
36047095400,Kings County,New York,True,49.49,49.52,33.81,0.0,1681,94.08,5.46,15.29,108309,23.3,14.74,2.89,88.28,0.0,4.21,31.04,4.0
36047095600,Kings County,New York,True,57.04,53.92,45.65,3.42,1828,95.78,19.83,29.54,85603,18.11,18.47,0.63,87.56,0.0,1.36,11.64,3.89
36047095800,Kings County,New York,True,48.98,62.86,53.91,2.5,1390,90.99,17.36,29.69,66452,16.92,18.33,6.96,66.27,3.22,11.78,21.43,3.56
36047096000,Kings County,New York,False,,,,,0,,,,,,,,,,,,
36047096200,Kings County,New York,True,41.01,70.07,47.45,0.0,520,89.77,11.03,17.7,73750,12.55,24.41,9.89,78.78,2.74,9.05,21.91,1.37
36047096400,Kings County,New York,True,53.57,67.27,20.91,0.0,940,80.46,10.58,18.21,79934,17.59,24.3,2.68,79.77,2.16,12.32,15.17,5.93
36047096600,Kings County,New York,True,35.03,83.25,27.41,0.0,479,88.82,16.57,12.42,76174,14.34,23.31,2.5,71.16,1.75,11.21,24.2,3.49
36047096800,Kings County,New York,True,25.0,42.53,10.34,44.83,381,66.06,12.83,11.78,106250,20.1,23.2,2.78,51.88,10.7,26.31,9.2,2.63
36047097000,Kings County,New York,True,33.61,28.05,19.46,5.28,594,79.86,4.75,4.78,108864,31.32,14.01,4.44,68.17,0.36,16.07,8.88,2.13
36047097400,Kings County,New York,True,50.65,43.6,32.18,8.01,912,74.08,25.23,22.24,88688,27.25,18.1,10.1,68.2,2.03,17.43,20.13,5.52
36047098200,Kings County,New York,True,100.0,49.9,32.47,7.59,3962,93.99,38.52,54.73,25125,11.69,30.49,1.51,79.43,0.0,22.67,28.79,4.5
36047098400,Kings County,New York,True,30.11,25.2,8.13,6.67,504,91.2,9.56,12.41,102200,21.21,23.54,1.77,90.64,0.0,1.46,8.76,0.91
36047098600,Kings County,New York,True,56.0,31.52,18.87,7.69,1120,95.02,8.59,12.92,95508,19.48,16.74,5.64,64.63,2.39,10.85,27.18,2.65
36047098800,Kings County,New York,True,49.89,33.78,9.91,3.07,1165,87.15,5.59,15.32,81985,28.96,17.19,4.25,87.32,1.6,4.14,29.43,3.08
36047099000,Kings County,New York,True,43.39,83.76,49.75,2.03,540,93.91,11.98,14.32,95326,21.37,16.97,2.77,77.82,4.46,11.97,15.2,7.55
36047099200,Kings County,New York,True,28.51,61.31,53.57,18.52,464,86.44,17.11,13.42,95597,23.57,14.37,2.44,74.6,11.57,3.71,26.85,5.23
36047099400,Kings County,New York,True,32.77,12.0,8.67,8.0,558,76.4,12.66,20.04,92738,21.97,16.72,7.15,83.54,3.02,0.66,14.61,3.4
36047099600,Kings County,New York,True,38.28,29.41,15.78,18.86,965,88.96,9.06,11.08,86426,20.88,25.79,4.35,75.35,3.15,16.92,23.24,7.06
36047099800,Kings County,New York,True,58.13,53.63,40.73,6.51,1594,94.92,7.62,16.78,98153,23.3,19.74,4.06,90.26,0.63,1.52,31.92,2.09
36047100400,Kings County,New York,True,39.34,62.83,40.15,13.31,965,91.57,11.68,26.55,67063,17.17,20.8,3.76,86.05,1.2,3.96,26.55,1.83
36047100600,Kings County,New York,True,32.88,50.0,25.35,19.59,908,97.09,9.3,12.88,120518,18.39,17.38,2.36,85.39,0.82,1.99,22.71,2.64
36047100800,Kings County,New York,True,41.57,53.18,41.2,7.83,758,94.65,7.56,13.91,79250,23.09,15.13,6.8,84.96,1.57,4.26,12.28,11.86
36047101000,Kings County,New York,True,48.26,59.79,39.69,2.84,979,90.9,9.55,26.87,72115,11.91,23.59,5.08,70.35,2.76,18.39,23.26,0.75
36047101200,Kings County,New York,True,32.31,53.98,28.76,0.0,575,96.73,3.17,10.34,96726,23.69,15.81,3.63,79.8,4.39,1.75,28.99,2.68
36047101400,Kings County,New York,True,39.42,62.22,34.6,5.4,723,97.0,12.44,21.4,67961,28.9,23.27,1.95,88.59,2.78,4.84,42.43,2.54
36047101600,Kings County,New York,True,14.42,41.54,41.54,0.0,188,98.93,1.27,7.21,179803,19.93,22.93,2.48,83.34,0.0,4.16,15.75,1.09
36047101800,Kings County,New York,True,9.31,69.49,69.49,7.58,91,75.15,3.69,12.83,101996,15.65,12.74,3.91,81.95,0.11,8.11,35.68,0.84
36047102000,Kings County,New York,True,28.48,25.29,22.35,0.0,456,88.47,0.88,8.21,138672,17.15,17.62,10.65,70.43,4.28,3.49,13.74,3.11
36047102200,Kings County,New York,True,45.9,61.38,6.9,14.15,822,98.23,6.24,8.33,84063,16.01,25.4,19.69,61.49,6.97,7.69,27.26,4.42
36047102400,Kings County,New York,True,29.4,84.56,47.79,0.0,384,91.92,18.21,21.13,72955,14.12,26.66,10.14,75.52,2.24,1.47,26.94,0.95
36047102600,Kings County,New York,True,43.81,73.78,38.92,12.6,1300,100.0,12.27,10.02,89055,24.16,24.19,1.87,83.92,1.91,1.57,11.04,5.29
36047102801,Kings County,New York,True,32.32,54.61,44.74,7.5,317,83.91,16.83,33.13,47063,28.27,18.76,0.26,71.38,13.18,7.94,51.31,0.63
36047102802,Kings County,New York,False,,,,,0,,,,,,,,,,,,
36047103401,Kings County,New York,True,100.0,55.07,26.53,5.91,3637,94.92,48.17,67.89,17853,16.0,29.01,8.66,76.27,0.0,19.3,38.82,2.19
36047103402,Kings County,New York,False,,,,,0,,,,,,,,,,,,
36047105801,Kings County,New York,True,99.78,52.03,17.54,2.17,5585,93.39,33.29,60.63,20988,36.48,11.21,28.63,53.1,2.0,16.82,54.27,18.7
36047105804,Kings County,New York,True,97.97,50.32,21.42,10.54,5748,74.6,27.89,45.78,38380,36.77,18.99,16.85,63.46,4.13,19.48,40.98,12.85
36047107001,Kings County,New York,True,67.19,66.28,38.46,6.16,2935,3.27,12.16,21.16,62028,9.67,30.22,1.28,70.23,0.0,24.4,40.7,2.08
36047107002,Kings County,New York,False,,,,,0,,,,,,,,,,,,
36047107003,Kings County,New York,False,,,,,0,,,,,,,,,,,,
36047107800,Kings County,New York,True,39.91,46.39,25.41,11.75,1566,97.59,7.4,15.48,85947,22.82,11.89,2.15,76.94,0.16,13.16,47.5,1.36
36047109800,Kings County,New York,True,77.93,65.59,40.11,30.61,1637,74.77,28.89,26.37,71635,10.95,20.4,1.92,75.47,4.68,9.92,26.81,4.08
36047110400,Kings County,New York,True,64.36,58.14,38.79,16.07,2999,87.32,24.35,28.72,72229,16.1,27.18,1.31,67.76,0.0,22.85,21.99,3.46
36047110600,Kings County,New York,True,100.0,62.91,23.61,7.54,4117,70.95,39.03,51.93,26536,15.79,28.42,5.68,79.74,0.56,15.96,45.47,1.9
36047111000,Kings County,New York,True,100.0,49.72,32.89,6.92,2984,97.2,35.25,41.88,35174,18.33,24.33,2.31,63.64,0.0,36.06,41.24,5.06
36047111600,Kings County,New York,True,65.18,42.41,23.21,13.01,2330,73.87,22.25,16.43,71021,19.71,25.72,1.02,61.52,0.0,32.86,17.23,3.87
36047111800,Kings County,New York,True,70.92,77.42,36.71,16.72,2464,56.94,17.72,31.52,66838,15.44,22.16,8.52,35.15,13.53,38.46,20.71,6.61
36047112000,Kings County,New York,True,66.81,59.75,41.32,32.57,2002,67.78,11.88,23.63,72167,17.36,22.84,0.12,61.1,0.0,30.56,24.66,7.46
36047112200,Kings County,New York,True,78.16,66.87,38.86,14.39,2327,78.2,23.37,42.17,44188,13.26,23.77,0.26,71.51,0.23,22.83,48.09,13.61
36047112400,Kings County,New York,True,82.6,57.52,37.82,2.03,2556,54.9,12.41,28.49,65472,10.98,19.53,1.39,86.83,0.41,17.84,42.78,3.44
36047112600,Kings County,New York,True,76.18,47.64,38.66,20.43,3302,42.93,30.48,33.24,52039,16.43,22.2,1.97,79.64,0.0,15.98,46.58,3.7
36047112800,Kings County,New York,True,73.44,71.68,32.55,21.57,2933,92.86,28.45,30.65,50426,13.12,22.73,0.0,74.83,0.84,19.45,38.57,0.0
36047113000,Kings County,New York,True,74.7,64.52,34.5,17.72,3307,56.93,17.56,29.02,51938,14.59,28.24,8.55,70.67,0.71,23.39,32.39,5.41
36047113200,Kings County,New York,True,73.44,47.84,34.25,5.66,1824,18.68,21.43,24.57,46812,11.34,29.73,3.26,69.93,0.53,18.73,32.99,2.96
36047113400,Kings County,New York,True,94.69,41.63,20.96,6.69,2410,60.43,26.88,40.26,47994,13.38,23.33,0.42,70.63,0.0,28.18,30.48,3.01
36047114201,Kings County,New York,True,41.28,53.63,41.53,2.11,563,88.81,13.76,45.49,39531,40.83,16.21,30.68,18.99,8.01,63.57,54.22,25.57
36047114202,Kings County,New York,True,82.49,62.21,42.15,6.48,1893,84.36,35.91,38.78,57826,15.96,31.83,6.26,22.82,0.0,72.2,29.56,11.28
36047114400,Kings County,New York,True,76.04,58.15,35.19,11.72,1806,70.98,36.19,20.58,82422,14.61,17.09,2.35,60.63,3.14,26.0,17.69,3.46
36047114600,Kings County,New York,True,68.18,56.55,38.24,15.91,2066,90.84,8.72,21.57,82228,15.3,23.71,5.78,17.67,5.24,72.01,25.51,10.03
36047115000,Kings County,New York,True,63.97,54.01,43.31,17.69,1720,42.98,18.36,26.9,71044,10.23,27.01,2.84,55.2,0.0,44.06,29.08,6.0
36047115200,Kings County,New York,True,69.4,57.7,18.98,8.67,1423,51.6,11.06,39.94,58542,14.39,31.27,0.0,57.62,0.35,19.16,38.9,2.19
36047115600,Kings County,New York,True,88.98,46.79,28.71,8.23,3491,72.62,36.92,51.45,,12.12,21.3,0.07,59.79,6.99,38.95,32.83,8.76
36047115800,Kings County,New York,True,52.88,35.89,27.02,19.76,1115,77.82,23.21,23.77,80091,23.88,22.02,2.33,53.46,1.54,24.48,25.69,8.93
36047116000,Kings County,New York,True,64.44,51.71,38.02,4.38,1483,39.58,24.46,27.82,63839,17.93,18.22,13.68,61.61,0.45,26.9,32.85,4.21
36047116200,Kings County,New York,True,48.76,80.73,20.57,1.33,924,38.91,29.36,28.0,72614,16.02,22.48,3.42,73.2,4.2,10.97,38.92,3.88
36047116400,Kings County,New York,True,54.21,48.22,30.7,42.38,2129,56.45,6.41,15.97,76713,13.9,27.77,2.24,67.1,6.55,19.46,28.4,2.35
36047116600,Kings County,New York,True,81.65,65.57,45.11,24.28,2406,45.51,19.85,30.96,42158,10.51,30.39,2.67,39.79,5.64,42.06,28.09,2.11
36047116800,Kings County,New York,True,82.49,45.84,20.88,28.3,2204,38.89,12.34,11.67,86563,5.49,29.24,1.28,28.37,7.48,53.1,12.07,22.49
36047117000,Kings County,New York,True,78.69,53.09,51.72,11.38,1570,89.95,33.45,60.03,27840,10.91,17.67,0.67,9.48,0.0,86.17,37.2,20.48
36047117201,Kings County,New York,True,44.01,51.9,37.97,21.84,825,79.02,27.28,31.48,73214,16.27,21.16,23.61,31.87,4.74,59.36,28.83,4.1
36047117202,Kings County,New York,True,55.58,66.71,49.32,27.91,2263,92.29,18.39,22.04,78190,15.49,24.79,10.44,27.71,0.93,67.67,29.59,7.36
36047117400,Kings County,New York,True,80.21,48.24,32.61,12.76,2944,91.63,14.08,36.21,46583,16.91,21.79,9.2,9.64,0.89,80.19,22.77,13.58
36047117601,Kings County,New York,True,68.63,55.5,25.38,18.25,2042,85.82,3.71,9.26,80882,8.88,23.28,3.73,32.49,2.24,70.02,14.27,20.69
36047117602,Kings County,New York,True,55.81,29.76,26.53,9.56,2166,97.34,12.49,17.7,86848,14.82,26.97,10.4,11.05,5.36,69.76,21.16,6.94
36047117800,Kings County,New York,True,71.59,59.76,23.66,19.5,1340,92.37,7.49,12.81,59034,15.7,25.89,4.84,4.39,11.09,78.17,27.91,27.28
36047118000,Kings County,New York,False,,,,,0,,,,,,,,,,,,
36047118201,Kings County,New York,True,77.95,45.21,20.42,36.51,3049,100.0,20.29,20.43,82976,9.58,29.83,5.33,9.5,6.64,81.46,9.76,15.02
36047118202,Kings County,New York,True,62.19,49.91,29.28,22.51,2248,90.24,20.62,19.71,91802,12.01,25.15,18.16,10.25,0.73,72.26,19.81,18.8
36047118400,Kings County,New York,True,73.53,59.98,39.77,13.09,3490,94.14,17.26,23.38,68093,10.13,11.85,6.96,15.23,1.55,78.31,14.87,23.02
36047118600,Kings County,New York,True,57.97,65.5,36.03,27.27,1618,90.78,12.39,22.06,78971,23.52,17.1,4.26,18.55,29.65,43.05,25.98,16.58
36047118800,Kings County,New York,True,75.07,55.83,27.85,31.79,3248,86.35,16.3,24.4,75394,12.37,24.15,3.81,21.24,46.53,24.49,17.01,11.84
36047119000,Kings County,New York,True,76.43,77.74,60.04,3.28,1358,86.58,30.85,35.01,39733,15.41,27.9,2.13,43.98,12.16,57.87,36.68,10.37
36047119200,Kings County,New York,True,62.09,48.34,24.03,21.69,2696,69.91,11.58,19.13,89286,12.3,29.86,5.71,29.16,4.3,40.95,22.9,10.98
36047119400,Kings County,New York,True,80.18,48.69,30.8,17.24,3812,72.87,35.07,18.81,84332,15.49,21.53,5.21,47.24,18.73,29.71,24.88,12.38
36047119600,Kings County,New York,True,83.66,74.22,28.63,37.69,4920,84.48,19.91,25.34,56513,13.25,20.67,1.32,29.59,33.58,20.49,27.51,12.53
36047119800,Kings County,New York,True,72.52,47.13,37.21,15.0,1988,82.3,35.83,41.32,60289,18.64,26.61,6.72,17.81,5.46,68.01,25.38,24.3
36047120000,Kings County,New York,True,73.34,70.47,53.15,14.17,1788,73.4,19.06,16.75,47031,10.78,28.13,3.32,39.49,34.29,16.8,38.11,4.03
36047120200,Kings County,New York,True,57.17,57.88,18.68,29.33,989,82.72,5.26,6.06,100559,13.36,26.26,7.7,12.91,31.97,30.52,4.44,7.42
36047120801,Kings County,New York,True,56.24,42.22,28.5,28.47,2771,83.08,13.22,10.92,109091,13.18,27.47,2.5,52.65,27.93,9.66,16.96,5.66
36047120802,Kings County,New York,True,100.0,62.32,43.57,21.42,5247,97.62,40.04,47.01,30853,10.35,40.77,0.0,96.86,1.12,2.34,24.38,2.14
36047120803,Kings County,New York,True,71.3,37.29,37.29,1.0,697,32.71,28.0,39.22,45125,24.89,8.44,6.74,53.19,0.89,36.37,47.77,4.3
36047121000,Kings County,New York,True,100.0,36.81,21.18,24.68,3738,96.35,41.33,55.75,23136,11.24,31.97,16.77,51.55,0.96,53.56,34.09,12.72
36047121400,Kings County,New York,True,100.0,37.51,22.82,18.17,4512,95.21,27.06,43.65,38094,9.49,30.63,2.55,62.66,0.4,36.26,31.26,6.25
36047122000,Kings County,New York,True,78.58,45.37,15.16,16.18,5489,37.55,5.01,12.95,83594,8.02,29.35,0.29,83.24,6.62,11.29,20.43,3.7
36047123700,Kings County,New York,True,74.64,78.77,62.56,58.41,6999,30.06,40.04,22.51,55861,1.66,64.02,92.38,4.16,0.45,2.84,6.99,14.69
36047150200,Kings County,New York,True,41.87,52.32,29.58,1.32,1173,80.98,3.9,10.35,132727,8.74,32.63,85.02,4.13,3.64,7.77,21.81,1.29
36047152200,Kings County,New York,True,28.37,49.75,13.68,3.48,737,68.45,3.67,2.26,215602,23.34,15.28,54.86,4.63,22.9,8.07,21.52,0.84
36047990100,Kings County,New York,False,,,,,0,,,,,,,,,,,,
36061000100,New York County,New York,False,,,,,0,,,,,,,,,,,,
36061000201,New York County,New York,True,100.0,58.46,15.86,15.14,2609,96.39,51.36,45.54,37353,15.12,41.11,9.56,19.88,14.4,60.92,28.87,12.15
36061000202,New York County,New York,True,68.23,58.02,27.76,5.84,4259,97.98,28.66,40.85,36688,19.24,17.6,29.26,15.79,21.37,34.38,52.29,16.2
36061000500,New York County,New York,False,,,,,0,,,,,,,,,,,,
36061000600,New York County,New York,True,94.85,52.97,25.53,8.54,9638,72.27,34.68,42.61,36893,26.67,9.73,14.81,6.72,48.68,26.25,50.9,29.58
36061000700,New York County,New York,True,81.36,47.36,26.8,6.8,7045,78.81,3.77,2.35,190388,3.32,10.35,64.31,4.59,13.43,11.8,55.32,0.3
36061000800,New York County,New York,True,98.42,59.51,44.63,8.82,8394,90.58,39.64,46.41,31262,25.41,10.68,15.85,1.03,78.21,3.3,40.71,41.28
36061000900,New York County,New York,True,70.1,40.26,13.26,3.35,1317,52.67,6.6,3.7,250001,5.6,16.63,58.85,6.1,15.01,13.12,37.85,3.95
36061001001,New York County,New York,True,17.73,4.86,0.0,0.0,304,99.3,3.95,7.64,140000,19.14,18.85,59.71,4.76,11.69,18.51,34.73,1.12
36061001002,New York County,New York,True,99.04,57.06,23.7,7.12,6023,100.0,47.69,63.03,23796,22.03,24.2,10.24,20.42,19.1,54.72,43.19,26.75
36061001200,New York County,New York,True,36.66,39.0,18.43,1.55,1389,87.11,12.08,25.75,114318,29.28,17.57,58.33,1.58,16.37,21.5,35.57,13.48
36061001300,New York County,New York,True,85.36,44.5,25.28,6.62,4334,84.95,11.85,6.44,171923,2.79,6.24,67.07,5.1,23.23,4.6,58.78,1.49
36061001401,New York County,New York,True,24.01,30.79,21.53,2.55,945,98.2,4.33,11.4,103750,37.17,11.41,71.03,2.4,7.66,10.44,35.96,2.75
36061001402,New York County,New York,True,91.72,44.22,19.3,4.42,2939,62.82,30.01,35.64,90469,23.3,7.65,35.78,8.49,36.67,19.95,47.57,28.59
36061001501,New York County,New York,True,39.86,49.41,26.72,0.0,2339,71.65,9.36,18.38,125712,25.27,15.1,61.96,5.48,19.96,5.38,41.67,12.62
36061001502,New York County,New York,True,84.11,47.41,25.52,5.87,5966,53.16,5.8,4.66,204310,1.7,7.18,58.29,6.27,23.21,10.44,45.57,1.19
36061001600,New York County,New York,True,73.65,52.39,27.95,8.5,5546,70.27,17.27,45.41,35875,26.8,12.23,23.43,1.74,70.05,1.58,38.84,35.68
36061001800,New York County,New York,True,88.68,42.8,19.68,4.59,5359,76.53,20.78,30.98,76726,22.58,3.07,36.36,5.71,44.6,11.44,52.52,26.56
36061002000,New York County,New York,True,100.0,46.97,14.58,5.96,5048,87.9,35.46,49.03,30792,19.39,22.52,7.57,21.39,16.44,58.56,34.1,25.35
36061002100,New York County,New York,True,63.45,36.62,14.15,2.98,4342,29.6,0.93,2.75,250001,7.38,24.16,75.53,3.17,10.52,6.65,32.98,0.47
36061002201,New York County,New York,True,90.19,54.15,25.83,1.44,6093,77.41,29.07,43.13,39961,20.81,16.57,25.64,18.09,17.09,35.44,43.0,9.35
36061002202,New York County,New York,True,83.27,30.24,10.82,6.62,2005,45.16,13.0,11.22,151711,5.84,5.88,61.71,7.39,12.71,22.46,40.02,6.94
36061002400,New York County,New York,True,100.0,54.05,27.15,4.95,4523,96.58,48.15,62.83,21092,25.93,19.74,5.24,23.63,13.07,62.52,42.96,24.89
36061002500,New York County,New York,True,100.0,47.49,16.17,7.05,4257,99.44,53.8,67.92,20597,23.61,21.2,8.15,31.64,35.28,28.87,36.17,25.26
36061002601,New York County,New York,True,92.28,62.77,42.36,3.07,3311,65.42,32.91,49.64,30350,12.17,11.69,31.63,19.39,5.14,49.37,54.69,6.14
36061002602,New York County,New York,True,68.64,40.86,27.36,1.83,2275,75.55,16.07,22.32,89970,15.59,6.09,67.06,8.5,8.99,15.59,58.18,8.26
36061002700,New York County,New York,True,19.52,52.89,30.58,0.83,267,98.01,9.04,15.97,124063,31.15,7.08,19.44,0.09,78.66,0.91,31.77,17.23
36061002800,New York County,New York,True,83.56,39.86,22.58,5.0,4867,75.72,19.47,33.82,70691,19.51,10.86,36.27,10.55,16.13,33.52,48.77,11.75
36061002901,New York County,New York,True,100.0,82.61,24.64,0.0,83,17.39,65.91,82.61,11094,17.62,0.0,27.94,37.01,10.14,37.72,82.61,14.41
36061002902,New York County,New York,True,87.31,56.24,37.61,8.88,3117,97.69,32.99,55.26,,30.35,8.96,12.42,0.03,83.82,1.98,47.67,26.96
36061003001,New York County,New York,True,94.07,52.58,28.94,2.46,3808,74.68,18.56,19.35,88889,8.76,7.92,55.9,9.58,11.57,24.82,54.36,9.77
36061003002,New York County,New York,True,94.38,41.72,19.34,6.38,2662,80.12,21.96,34.8,74691,20.37,5.37,57.64,5.61,20.72,18.28,56.92,13.32
36061003100,New York County,New York,True,74.0,52.85,25.73,2.46,1100,45.47,14.09,11.42,189250,6.7,5.12,40.1,14.67,28.35,14.57,49.09,4.36
36061003200,New York County,New York,True,77.27,51.45,22.19,0.74,5625,93.38,14.43,14.77,101294,17.71,8.11,77.03,2.0,9.43,5.16,56.22,2.42
36061003300,New York County,New York,True,56.13,33.1,16.27,0.0,3261,72.04,3.46,9.29,250001,13.26,18.17,70.04,0.91,9.51,5.75,26.8,1.38
36061003400,New York County,New York,True,87.35,47.17,17.49,9.35,5823,69.98,17.17,20.26,121413,9.53,4.69,63.99,5.52,10.97,17.0,52.99,3.22
36061003601,New York County,New York,True,79.1,51.09,30.2,1.14,2064,63.15,19.9,29.55,57000,23.97,6.92,36.66,13.7,17.87,30.33,49.35,16.75
36061003602,New York County,New York,True,84.74,45.34,16.51,1.17,2204,58.8,24.14,18.49,155000,16.46,6.1,65.13,10.13,8.42,16.09,51.98,2.61
36061003700,New York County,New York,True,57.34,19.17,7.14,3.7,1743,53.01,4.39,5.02,250001,17.54,12.2,62.83,8.7,16.53,9.54,39.71,0.54
36061003800,New York County,New York,True,86.59,54.83,24.02,2.0,6058,92.58,17.74,19.69,78220,17.73,2.13,66.6,2.43,15.57,14.64,57.75,0.07
36061003900,New York County,New York,True,53.83,51.0,30.16,0.0,3132,80.65,18.62,16.71,202542,25.13,16.11,55.76,0.4,32.08,7.6,25.9,13.96
36061004001,New York County,New York,True,89.07,55.67,25.86,0.0,2669,95.69,10.84,13.13,150661,13.5,2.45,71.76,1.76,15.44,9.11,47.53,0.96
36061004002,New York County,New York,True,81.77,26.66,17.54,1.21,3772,91.91,18.72,14.06,196833,3.56,5.74,60.86,5.84,17.28,11.85,40.94,8.21
36061004100,New York County,New York,True,92.96,49.09,23.48,9.25,5776,90.16,13.41,19.06,101893,15.05,10.97,49.82,2.57,38.41,6.34,43.17,17.75
36061004200,New York County,New York,True,59.14,52.09,43.37,1.04,1190,72.25,16.54,24.09,131083,8.27,4.22,51.72,8.19,27.48,9.88,66.12,1.39
36061004300,New York County,New York,True,89.97,52.31,26.85,1.29,3136,74.88,17.34,24.39,122730,17.45,1.99,65.12,0.2,18.7,14.84,71.52,4.41
36061004400,New York County,New York,True,100.0,33.85,16.48,6.46,16963,97.35,9.37,11.14,153280,17.23,9.0,76.53,2.49,12.44,7.02,34.73,0.83
36061004500,New York County,New York,True,53.38,52.51,33.33,0.45,448,88.17,13.27,16.67,170714,16.93,20.59,74.92,1.78,15.05,3.24,39.86,0.0
36061004700,New York County,New York,True,76.85,47.56,23.38,6.48,1582,88.54,6.26,9.69,148750,13.03,7.68,77.0,0.0,13.12,6.81,66.15,0.0
36061004800,New York County,New York,True,47.08,38.54,20.51,5.68,2532,92.65,9.8,14.29,161973,17.3,10.59,68.37,5.51,16.19,8.79,52.14,1.74
36061004900,New York County,New York,True,63.49,35.68,8.37,1.56,2431,92.51,7.61,13.36,146967,25.91,9.04,81.3,1.45,11.33,7.47,45.73,0.0
36061005000,New York County,New York,True,49.49,35.53,18.55,5.71,2094,78.63,8.24,13.84,205250,14.94,13.91,75.05,0.88,12.69,3.56,60.07,0.0
36061005200,New York County,New York,True,37.19,35.99,24.9,4.67,982,94.3,5.79,7.74,238750,13.27,10.92,69.15,4.94,13.29,7.25,44.07,0.32
36061005400,New York County,New York,True,48.42,33.25,14.94,1.88,1973,82.1,8.81,8.85,124732,26.0,10.35,75.1,0.9,17.25,7.07,59.01,0.37
36061005501,New York County,New York,True,68.52,30.05,13.71,7.95,3442,92.79,11.8,6.85,214306,13.11,10.27,50.06,9.2,30.25,7.58,38.18,0.0
36061005502,New York County,New York,True,73.25,22.06,14.58,0.87,1327,74.52,9.53,7.55,179844,14.22,10.32,65.67,4.21,19.75,10.11,44.68,2.69
36061005600,New York County,New York,True,70.38,58.86,35.08,0.0,2352,67.53,20.03,29.83,183068,17.19,8.35,45.97,11.41,9.37,24.05,66.02,2.39
36061005700,New York County,New York,True,62.36,51.39,35.76,1.42,1549,86.84,8.27,11.81,201116,19.04,11.04,80.65,0.46,9.15,5.08,43.76,0.0
36061005800,New York County,New York,True,93.48,40.55,27.16,0.0,3492,32.88,13.57,13.32,206827,5.52,10.59,64.45,8.91,16.43,6.95,49.16,1.19
36061005900,New York County,New York,True,36.25,51.29,11.47,10.2,1519,96.47,6.19,6.89,181375,19.65,9.71,74.55,3.09,13.79,5.14,50.15,0.75
36061006000,New York County,New York,True,100.0,37.92,16.26,3.34,5077,97.7,4.85,5.86,202600,23.12,25.39,71.79,2.86,11.64,6.26,35.41,3.15
36061006100,New York County,New York,True,42.32,48.13,28.93,10.46,1779,86.54,6.91,9.39,179167,15.4,8.37,51.14,13.65,24.12,14.63,45.26,1.39
36061006200,New York County,New York,True,100.0,62.02,22.23,7.9,2768,83.88,19.1,13.65,104255,14.23,9.98,37.06,16.42,25.63,15.95,34.8,1.5
36061006300,New York County,New York,True,53.58,54.4,25.26,3.63,2841,96.43,10.59,12.16,173995,26.15,7.45,86.63,1.61,6.65,5.59,62.99,0.05
36061006400,New York County,New York,True,68.21,50.54,35.31,1.63,4963,83.45,18.53,27.28,130385,14.63,9.32,63.49,8.86,18.58,8.79,50.14,2.02
36061006500,New York County,New York,True,84.12,38.14,24.53,2.11,3720,90.3,5.82,10.75,133781,13.68,1.84,79.34,2.83,7.81,7.82,63.45,0.95
36061006600,New York County,New York,True,70.88,44.45,26.68,0.86,7491,89.49,16.09,27.32,101990,26.1,7.4,56.33,7.7,19.05,17.04,52.2,4.65
36061006700,New York County,New York,True,80.66,48.81,20.43,2.03,3673,86.78,6.3,17.51,131304,21.5,0.97,78.91,3.98,7.55,8.28,65.3,1.4
36061006800,New York County,New York,True,65.32,50.78,23.93,1.03,3046,74.44,10.89,9.77,128919,14.25,5.37,62.78,6.78,11.04,9.53,65.11,1.58
36061006900,New York County,New York,True,57.75,44.01,19.77,3.12,1274,73.23,3.6,5.41,238563,11.94,9.14,76.73,1.45,9.06,12.87,32.73,0.0
36061007001,New York County,New York,True,79.91,45.97,5.8,1.87,2626,70.88,2.21,5.0,163287,16.59,15.04,74.11,4.73,12.73,7.13,56.36,0.53
36061007002,New York County,New York,True,86.57,48.69,24.46,3.26,2911,62.85,7.99,14.16,154965,15.87,4.77,71.63,6.87,13.39,7.99,48.18,1.02
36061007100,New York County,New York,True,65.54,60.73,18.84,3.83,3115,92.09,3.89,4.9,150449,14.53,16.04,77.82,2.22,9.27,15.41,58.96,0.0
36061007200,New York County,New York,True,80.92,41.31,24.89,5.27,5462,70.51,6.46,4.39,136979,10.92,9.98,67.12,3.58,13.89,5.67,62.16,1.78
36061007300,New York County,New York,True,82.43,33.05,27.53,4.23,4265,98.94,10.61,18.02,175590,11.48,4.67,75.02,3.34,4.32,14.43,61.29,0.0
36061007400,New York County,New York,True,74.48,48.43,18.82,1.52,3136,50.61,13.5,8.39,215511,7.69,3.49,61.61,3.73,21.46,11.67,61.38,1.46
36061007500,New York County,New York,True,52.79,34.47,13.05,5.62,1949,70.92,7.03,10.46,187647,25.58,7.16,86.45,2.54,7.54,4.72,53.05,0.0
36061007600,New York County,New York,True,70.37,34.74,11.92,4.93,1447,59.07,10.21,8.88,193644,4.95,10.84,38.36,9.95,28.96,18.42,61.62,2.82
36061007700,New York County,New York,True,72.85,29.65,17.46,3.4,3780,94.79,4.68,8.83,230044,12.8,9.59,83.59,0.0,5.2,6.88,56.51,0.78
36061007800,New York County,New York,True,71.93,42.07,18.3,1.0,5391,53.41,6.66,13.1,134092,14.37,8.25,50.67,1.77,29.72,13.11,62.29,0.26
36061007900,New York County,New York,True,60.85,28.45,14.99,14.57,2606,79.43,6.84,11.33,200079,21.58,14.49,75.44,3.5,4.93,17.77,47.76,0.39
36061008000,New York County,New York,True,56.04,30.84,17.32,0.0,2815,88.59,6.6,6.78,177105,15.92,8.44,69.83,5.23,15.64,7.26,48.52,0.27
36061008100,New York County,New York,True,59.94,45.7,19.07,3.27,3133,81.55,7.22,11.72,134538,19.75,10.61,71.93,0.99,10.97,9.82,59.99,0.34
36061008200,New York County,New York,True,57.38,42.59,24.83,10.17,1857,82.0,5.77,12.01,162143,14.58,15.28,54.14,4.49,17.19,14.12,59.82,0.0
36061008300,New York County,New York,True,88.93,47.07,28.84,1.01,3313,67.74,22.58,34.11,75000,24.41,4.95,42.92,2.66,11.12,33.2,43.0,8.66
36061008400,New York County,New York,True,69.75,27.01,13.28,6.13,1125,41.55,8.09,3.58,231546,15.98,5.55,33.82,14.62,37.79,12.24,47.36,2.65
36061008601,New York County,New York,True,79.09,58.66,27.87,4.66,2544,9.37,17.2,19.37,145054,9.39,8.07,44.54,0.93,38.45,13.42,47.11,4.87
36061008602,New York County,New York,False,,,,,0,,,,,,,,,,,,
36061008603,New York County,New York,True,30.66,39.63,14.89,2.53,1514,88.4,4.02,6.86,200735,41.03,13.88,72.33,0.16,11.69,11.87,45.68,0.45
36061008700,New York County,New York,True,70.34,44.04,25.0,1.94,3208,69.07,10.73,10.18,150384,13.36,7.96,66.02,7.68,10.21,14.1,55.6,1.13
36061008800,New York County,New York,True,66.61,63.62,36.38,7.81,4892,66.95,9.96,15.7,112782,22.28,4.33,51.92,6.08,20.62,5.31,65.1,0.0
36061008900,New York County,New York,True,75.26,44.74,13.1,3.69,3995,78.26,13.51,17.69,102260,17.37,8.79,64.65,6.37,10.34,15.38,54.93,2.62
36061009000,New York County,New York,True,73.55,49.51,25.0,0.6,4687,68.99,8.68,10.58,156381,24.22,3.4,72.05,2.74,13.45,8.26,53.77,1.89
36061009100,New York County,New York,True,73.3,33.95,17.79,1.11,3973,64.9,14.44,17.86,160866,13.72,6.29,61.16,11.07,13.32,14.51,64.88,4.28
36061009200,New York County,New York,True,85.14,34.14,16.19,1.66,1101,58.96,6.55,6.62,166638,8.36,7.28,55.01,0.58,25.74,13.19,60.74,1.78
36061009300,New York County,New York,True,55.07,48.61,21.23,0.0,5010,95.2,12.38,14.14,122586,20.8,12.33,69.06,8.93,5.38,17.13,57.53,1.16
36061009400,New York County,New York,True,76.47,76.92,30.77,23.08,62,35.71,28.57,5.88,81875,0.0,0.0,45.71,0.0,10.0,8.57,29.41,0.0
36061009500,New York County,New York,True,77.05,35.42,19.84,3.98,1681,60.9,11.39,7.14,222321,9.61,8.63,68.21,6.88,16.07,8.98,61.91,0.82
36061009600,New York County,New York,True,74.74,33.33,16.67,7.04,84,20.88,44.99,5.26,,2.32,16.61,21.07,31.96,15.0,23.21,80.0,19.85
36061009700,New York County,New York,True,43.98,46.0,23.93,0.0,2294,97.82,17.24,27.21,71537,42.67,7.86,45.27,8.68,16.84,24.41,47.4,7.71
36061009800,New York County,New York,True,55.73,52.65,39.29,3.74,4949,68.2,12.12,15.47,171745,14.14,12.04,66.15,1.26,21.94,5.15,45.87,2.01
36061009901,New York County,New York,True,70.6,26.44,16.85,9.86,1365,16.94,2.31,7.16,250001,6.21,9.34,68.02,2.82,16.07,7.91,31.24,0.93
36061009902,New York County,New York,True,99.44,39.59,16.5,4.13,3686,6.92,9.18,12.79,162845,3.53,19.56,45.38,10.62,23.56,17.27,59.38,4.01
36061009903,New York County,New York,True,91.13,50.25,24.49,5.42,1295,11.79,8.26,17.85,187596,9.97,7.44,44.98,8.33,27.92,14.06,50.17,6.8
36061010000,New York County,New York,True,78.01,57.04,46.36,1.13,1196,91.27,7.54,13.46,99875,20.02,5.75,75.34,2.41,16.01,18.17,72.21,0.06
36061010100,New York County,New York,True,100.0,46.38,13.16,4.62,1522,6.88,18.8,18.65,108304,6.71,0.0,37.06,13.53,35.39,12.51,74.08,5.37
36061010200,New York County,New York,True,57.32,25.0,25.0,0.0,127,87.17,4.12,6.37,,43.82,14.23,78.28,9.36,5.99,1.87,67.52,2.42
36061010300,New York County,New York,True,93.79,34.59,14.31,8.23,2621,49.57,3.66,10.35,180200,7.3,3.58,52.73,9.35,27.1,9.56,56.9,5.71
36061010400,New York County,New York,True,52.01,23.79,5.86,3.55,488,61.79,2.46,5.03,193026,27.41,2.55,67.39,1.23,25.05,3.88,52.01,6.12
36061010601,New York County,New York,True,32.06,43.47,32.3,8.26,2369,94.3,3.52,9.68,249091,34.08,15.74,84.57,2.32,5.29,3.82,43.47,0.87
36061010602,New York County,New York,True,70.88,42.74,11.83,5.72,3773,82.37,8.89,10.67,207717,13.98,19.81,63.6,5.29,17.09,10.87,28.94,0.91
36061010801,New York County,New York,True,56.95,35.76,14.75,3.62,1634,84.81,6.8,8.67,160719,25.34,12.02,61.18,4.24,17.68,9.02,63.3,0.0
36061010802,New York County,New York,True,47.5,64.96,42.07,8.64,1976,91.85,9.26,17.55,134004,48.69,4.96,83.24,0.15,12.6,3.41,44.38,1.97
36061010803,New York County,New York,True,45.3,56.53,13.7,6.5,789,78.86,5.46,11.4,119178,23.88,12.54,72.01,5.83,14.88,4.37,60.21,0.0
36061010900,New York County,New York,True,88.5,41.0,23.0,7.0,129,78.4,28.37,12.39,163542,5.29,0.0,47.6,17.79,22.6,6.73,62.83,0.0
36061011000,New York County,New York,True,85.52,38.4,13.17,1.37,5561,80.12,1.63,6.07,150164,16.2,15.15,72.59,3.65,11.38,18.48,50.64,0.0
36061011100,New York County,New York,True,89.05,60.41,28.15,8.01,3898,41.44,15.02,16.49,104451,7.66,6.07,44.15,9.36,30.4,12.78,56.03,7.35
36061011201,New York County,New York,True,81.2,56.37,41.91,0.72,692,90.34,13.81,20.93,163750,24.59,9.51,68.33,0.0,18.21,9.16,58.53,0.0
36061011202,New York County,New York,True,28.43,85.54,51.81,0.0,120,50.97,2.51,8.95,211563,60.62,5.02,81.66,0.0,7.14,0.97,45.69,0.0
36061011203,New York County,New York,True,53.22,44.87,21.29,1.07,510,72.43,3.85,11.17,167083,24.34,13.08,68.76,0.0,20.18,1.83,52.46,0.0
36061011300,New York County,New York,True,71.43,25.71,5.71,0.0,44,34.96,54.41,14.29,93750,13.24,0.0,24.26,30.88,21.32,19.12,69.39,25.74
36061011401,New York County,New York,True,63.12,47.64,26.44,0.0,551,88.93,19.2,22.19,155809,46.2,7.31,86.16,0.39,9.65,2.92,61.92,0.2
36061011402,New York County,New York,True,37.46,23.27,19.55,0.0,774,86.59,3.31,10.31,206818,29.59,12.23,71.37,2.13,13.93,8.62,46.22,2.59
36061011500,New York County,New York,True,90.54,42.42,17.05,4.98,3341,20.83,19.97,19.62,138750,6.92,10.21,45.73,13.81,24.9,11.2,55.16,2.76
36061011600,New York County,New York,True,84.44,41.57,23.68,0.0,2085,84.85,12.12,19.27,90212,23.26,5.26,68.8,3.9,20.07,10.4,68.08,0.9
36061011700,New York County,New York,True,99.45,54.28,27.96,3.19,5296,6.37,9.04,8.72,116048,3.95,7.7,50.12,8.88,17.14,18.74,64.94,4.1
36061011800,New York County,New York,True,56.31,52.8,35.84,1.14,5105,85.52,7.3,10.02,139332,23.0,15.5,84.13,0.39,9.14,4.91,56.14,1.96
36061011900,New York County,New York,True,99.46,43.99,21.16,0.0,1114,87.3,45.79,69.96,18050,49.19,2.44,27.88,43.05,1.92,24.48,98.19,7.43
36061012000,New York County,New York,True,34.91,48.19,11.62,0.0,1226,85.52,8.03,13.51,192644,38.26,13.84,76.61,2.58,10.89,5.02,49.66,2.87
36061012101,New York County,New York,True,93.85,41.2,21.6,0.99,2786,66.86,29.47,16.96,63690,18.46,1.96,64.1,8.36,6.31,15.32,68.17,1.03
36061012102,New York County,New York,True,94.15,49.51,15.44,2.1,4683,91.84,10.75,25.51,62727,43.15,2.35,60.71,2.57,4.93,28.45,61.39,9.11
36061012200,New York County,New York,True,40.78,59.27,30.16,2.5,1394,96.42,2.09,12.39,222909,29.87,18.56,88.5,0.0,6.45,3.45,40.3,0.0
36061012400,New York County,New York,True,75.48,48.75,29.15,1.22,5706,68.28,5.39,6.59,120709,25.52,10.55,70.68,2.73,17.56,8.2,55.13,4.47
36061012500,New York County,New York,True,92.15,42.6,14.57,0.0,2211,20.6,12.09,12.19,171250,11.87,7.84,37.06,11.13,31.4,9.13,48.14,3.65
36061012601,New York County,New York,True,41.4,34.32,9.78,0.0,2514,93.77,4.39,6.78,136781,18.42,16.34,75.85,0.0,12.1,9.08,41.82,8.75
36061012602,New York County,New York,True,57.56,21.76,15.81,0.59,2990,88.59,2.37,4.71,232600,21.75,13.73,86.97,0.08,2.35,3.65,42.33,0.0
36061012700,New York County,New York,True,73.28,40.16,15.48,0.86,4417,73.85,11.24,13.8,120214,13.41,3.47,65.78,1.44,8.32,13.89,62.3,3.74
36061012800,New York County,New York,True,29.47,44.22,37.81,0.0,1451,93.1,3.12,4.99,220256,42.77,13.44,86.69,0.04,6.35,8.13,39.53,0.67
36061012901,New York County,New York,True,81.61,60.83,31.91,2.74,4928,20.41,7.78,23.35,110917,3.1,10.78,51.22,4.19,25.45,14.46,61.43,1.48
36061012902,New York County,New York,True,72.64,39.27,22.12,2.2,1370,67.09,18.93,13.2,128625,8.4,15.88,32.81,13.42,15.46,23.4,63.12,8.97
36061013000,New York County,New York,True,30.04,41.55,31.88,0.0,846,94.79,11.51,17.08,212414,36.66,16.76,74.94,0.48,13.76,12.05,49.48,0.86
36061013100,New York County,New York,True,88.76,45.96,21.93,4.51,2913,60.55,9.02,18.13,136346,19.66,5.85,47.63,9.53,24.36,16.1,63.42,2.52
36061013201,New York County,New York,True,66.85,34.2,16.79,4.45,1532,60.92,2.42,10.62,162054,17.98,10.15,78.3,2.58,11.42,6.01,47.22,1.98
36061013202,New York County,New York,True,94.48,54.45,32.1,8.43,3457,95.1,12.36,26.0,101836,21.76,12.75,78.9,3.73,5.84,8.96,58.44,2.92
36061013203,New York County,New York,True,60.71,51.8,29.93,15.93,2171,77.11,33.61,29.42,122083,9.45,15.29,77.57,6.17,12.93,4.54,55.68,0.0
36061013300,New York County,New York,True,84.08,46.63,26.64,1.22,4807,54.32,11.58,20.68,156829,16.81,6.85,56.35,2.83,22.63,16.25,58.46,8.05
36061013400,New York County,New York,True,69.32,33.75,13.67,4.12,8055,77.49,9.71,10.63,122163,18.02,16.15,85.19,0.13,6.91,7.87,53.52,0.45
36061013501,New York County,New York,True,99.08,38.3,12.32,4.7,4816,31.04,8.13,18.92,99265,13.88,10.94,38.71,12.83,18.33,35.02,47.22,3.44
36061013502,New York County,New York,True,98.33,39.3,24.72,7.07,5742,22.21,20.36,28.43,95693,18.05,8.21,48.12,9.74,17.35,27.04,52.72,3.43
36061013601,New York County,New York,True,13.89,34.07,16.3,8.89,244,100.0,2.22,3.5,250001,46.94,13.44,92.93,0.0,3.99,0.71,26.85,0.0
36061013602,New York County,New York,True,57.66,32.54,19.99,25.74,3554,67.73,1.3,3.53,188628,16.74,25.39,85.44,1.96,9.07,4.47,38.85,0.87
36061013603,New York County,New York,True,95.2,40.05,23.17,1.99,4153,86.14,5.76,9.45,171912,29.24,12.98,88.56,0.0,5.16,6.23,56.18,0.0
36061013604,New York County,New York,True,71.66,43.4,11.86,2.29,2640,75.25,4.99,9.53,168970,22.48,7.2,86.43,1.96,4.67,1.41,53.8,0.0
36061013700,New York County,New York,True,62.15,39.78,15.98,4.18,4444,76.05,7.67,11.8,167929,23.97,2.7,70.56,7.03,15.77,5.71,60.44,0.18
36061013800,New York County,New York,True,53.68,38.42,14.17,4.18,5110,80.88,5.46,10.07,141343,21.56,9.93,80.54,1.9,8.2,10.48,50.96,0.9
36061013900,New York County,New York,True,70.47,55.11,12.11,7.08,7424,82.12,3.99,14.67,108071,20.02,6.12,67.6,7.46,7.63,17.5,58.5,1.74
36061014000,New York County,New York,True,46.91,54.87,31.46,1.93,3640,88.96,5.37,6.2,220066,21.87,18.4,87.36,1.09,6.48,2.1,46.18,0.17
36061014200,New York County,New York,True,29.26,54.83,37.87,0.0,1107,92.77,6.53,10.29,250001,37.57,16.71,84.59,0.0,3.77,9.35,39.23,0.85
36061014300,New York County,New York,False,,,,,0,,,,,,,,,,,,
36061014401,New York County,New York,True,50.44,50.75,31.01,0.0,2351,96.78,5.31,9.82,202966,27.35,11.21,77.87,0.6,6.29,10.61,38.87,1.18
36061014402,New York County,New York,True,68.25,39.65,18.16,0.93,4288,90.76,7.8,11.11,163086,22.4,9.47,70.26,6.55,8.93,9.19,47.16,2.37
36061014500,New York County,New York,True,72.89,41.17,18.07,8.2,4537,35.45,6.13,9.91,186389,17.0,11.07,57.57,6.14,25.15,10.02,48.86,5.98
36061014601,New York County,New York,True,80.4,48.94,25.45,8.95,2754,64.75,12.85,13.29,139000,21.73,9.01,77.69,0.84,9.67,11.22,59.31,0.83
36061014602,New York County,New York,True,75.59,48.32,33.75,0.61,5890,85.77,6.74,10.19,132457,29.15,6.99,79.68,0.71,7.75,8.85,56.91,1.35
36061014700,New York County,New York,True,84.77,43.85,18.23,1.46,2379,29.99,6.76,7.14,202250,4.26,22.39,40.32,4.75,39.05,6.51,40.01,3.6
36061014801,New York County,New York,True,59.19,34.7,17.02,3.25,1735,77.96,2.78,2.74,202670,27.25,14.39,81.39,1.66,4.32,9.53,38.67,1.93
36061014802,New York County,New York,True,58.58,34.52,18.27,6.03,4029,86.94,3.76,5.69,179304,18.04,19.15,75.4,2.06,8.17,14.28,41.77,2.03
36061014900,New York County,New York,True,67.07,44.71,31.53,3.48,3701,64.48,9.12,12.45,184896,27.38,11.1,65.46,2.47,18.46,8.94,40.79,0.71
36061015001,New York County,New York,True,59.29,33.73,21.58,3.86,1217,96.86,3.46,11.06,194659,26.34,22.75,88.28,1.26,3.36,1.63,37.56,0.55
36061015002,New York County,New York,True,18.5,65.55,39.0,0.0,856,99.5,3.04,7.88,243480,37.79,19.88,81.06,0.43,7.81,6.38,36.64,0.78
36061015101,New York County,New York,True,94.14,52.7,31.19,4.72,3317,98.48,47.85,45.95,44107,21.32,25.58,10.62,30.29,20.66,40.77,42.6,14.94
36061015102,New York County,New York,True,84.92,39.4,23.04,5.48,8067,5.44,19.24,19.96,163274,5.33,23.79,36.21,13.54,24.51,18.08,46.21,3.74
36061015200,New York County,New York,True,79.74,40.19,19.4,5.32,5983,67.61,20.92,19.98,114940,25.72,17.76,48.9,16.28,7.23,23.93,34.93,4.87
36061015301,New York County,New York,True,52.6,36.69,23.41,3.86,2479,94.63,3.92,3.53,186949,26.78,16.65,71.99,0.15,9.56,9.42,49.39,1.91
36061015302,New York County,New York,True,63.66,42.86,22.51,9.08,3472,64.29,6.15,6.72,189453,15.55,15.49,70.89,0.2,16.17,5.97,48.13,0.41
36061015401,New York County,New York,True,89.73,24.95,11.78,1.73,3899,89.4,3.37,11.4,122860,19.72,7.14,79.65,3.4,12.34,3.09,70.46,0.48
36061015402,New York County,New York,True,60.38,38.16,22.45,4.55,1629,64.56,7.36,17.3,147589,18.5,8.16,57.76,20.81,8.32,14.26,37.35,9.03
36061015403,New York County,New York,True,56.17,37.65,30.92,10.38,2876,74.91,10.98,20.5,129848,18.4,13.02,57.13,1.76,13.93,15.98,53.98,5.24
36061015501,New York County,New York,True,36.27,45.77,31.62,0.0,1773,78.5,9.76,16.68,186563,35.98,10.61,78.59,1.93,17.01,1.93,51.39,2.34
36061015502,New York County,New York,True,44.17,49.62,24.64,0.0,2547,53.77,12.67,10.19,177841,27.24,12.95,67.89,3.15,15.73,7.76,39.27,0.41
36061015601,New York County,New York,True,93.92,53.48,26.09,6.21,4586,44.89,12.13,16.75,127741,11.81,9.98,64.89,2.94,13.53,16.3,54.55,1.31
36061015602,New York County,New York,True,90.51,44.6,35.78,4.96,2019,56.09,17.76,29.75,75147,8.51,22.33,37.97,12.61,18.14,33.42,47.2,3.87
36061015700,New York County,New York,True,59.34,40.08,8.69,2.12,5523,94.59,4.4,8.29,163712,20.69,9.72,76.71,1.19,15.19,7.91,57.9,1.68
36061015801,New York County,New York,True,63.5,30.74,16.77,1.12,2932,86.03,5.94,4.83,177750,21.16,14.26,69.87,1.1,10.77,14.88,44.46,0.0
36061015802,New York County,New York,True,97.19,43.41,31.38,6.35,3379,44.84,8.62,23.57,95391,13.24,9.06,52.63,5.96,23.64,15.66,62.91,3.08
36061015900,New York County,New York,True,46.6,52.47,20.46,4.11,3739,85.06,5.23,17.9,156830,23.08,13.53,73.33,2.16,14.1,5.95,49.33,1.44
36061016001,New York County,New York,True,17.8,51.61,41.94,0.0,431,90.97,2.76,11.02,250001,37.36,12.09,85.47,0.1,7.7,4.07,33.9,0.07
36061016002,New York County,New York,True,63.76,46.27,30.24,0.0,1600,94.01,6.65,22.49,121216,29.0,7.23,49.36,1.98,19.79,24.69,43.0,4.03
36061016100,New York County,New York,True,77.34,35.58,25.81,1.82,3967,97.0,5.94,7.89,179179,17.72,11.12,79.4,1.48,7.0,10.42,63.0,0.88
36061016200,New York County,New York,True,95.71,56.92,23.24,11.53,9051,92.67,47.81,60.6,21942,24.26,19.15,9.56,48.3,7.4,26.73,40.23,7.76
36061016300,New York County,New York,True,53.01,36.71,24.76,2.93,2811,90.23,5.55,9.12,137829,21.94,23.6,76.41,4.22,8.45,5.03,47.26,0.67
36061016400,New York County,New York,True,98.98,50.05,36.42,9.53,8092,60.28,37.16,53.72,26544,13.91,21.85,11.07,26.39,8.19,56.5,35.12,14.16
36061016500,New York County,New York,True,52.96,34.08,22.18,4.65,3903,89.05,9.71,8.18,213661,27.59,16.38,80.78,1.55,7.14,10.69,35.5,3.76
36061016600,New York County,New York,True,90.42,42.23,25.56,3.37,5625,85.2,36.36,40.87,50231,9.99,20.41,30.31,17.57,13.36,43.06,50.12,12.29
36061016700,New York County,New York,True,53.05,30.14,15.87,2.16,4028,86.96,5.75,6.29,250001,22.95,22.08,83.89,0.96,7.86,5.07,31.51,0.18
36061016800,New York County,New York,True,94.8,53.93,26.2,7.41,4147,79.77,34.34,41.26,38833,22.69,24.4,27.61,40.33,3.77,41.26,40.5,8.17
36061016900,New York County,New York,True,74.85,35.41,12.23,2.21,6005,86.12,6.4,6.28,184268,20.96,12.93,79.38,5.0,10.33,5.12,53.48,2.5
36061017000,New York County,New York,True,90.53,57.51,35.54,11.17,8000,91.3,30.76,40.35,40027,19.08,22.01,17.24,15.57,25.75,53.38,41.34,18.05
36061017100,New York County,New York,True,57.6,58.54,23.88,1.11,4537,86.02,17.08,13.12,149587,21.3,11.27,82.97,3.36,2.88,9.06,43.92,3.2
36061017200,New York County,New York,True,98.11,58.9,34.35,9.21,5456,68.48,25.59,41.49,34024,10.57,24.83,11.87,33.2,5.38,48.93,47.74,6.86
36061017300,New York County,New York,True,70.89,41.88,21.31,2.49,5334,82.54,5.96,14.92,162625,23.72,17.95,73.61,3.56,5.93,12.85,42.85,1.66
36061017401,New York County,New York,True,89.58,54.0,24.99,5.44,4581,83.58,26.65,39.64,37975,21.35,20.39,16.99,44.3,9.06,41.63,37.68,7.78
36061017402,New York County,New York,True,86.2,57.03,29.92,11.83,2625,55.28,11.6,18.81,81364,9.63,14.13,27.47,27.02,10.22,26.57,37.71,5.91
36061017500,New York County,New York,True,62.65,45.82,13.23,7.84,5658,92.65,3.3,4.09,154118,29.88,12.07,67.34,4.44,3.21,15.95,44.26,4.8
36061017700,New York County,New York,True,60.51,62.91,23.87,19.34,6425,79.76,13.15,21.21,108429,24.4,18.44,54.91,8.02,6.45,26.73,37.46,6.8
36061017800,New York County,New York,True,87.51,51.09,35.36,7.17,3258,83.73,29.87,32.65,56875,11.36,14.76,39.7,12.73,10.01,45.06,51.58,9.5
36061017900,New York County,New York,True,63.01,37.38,15.52,7.52,5216,94.11,8.87,8.51,168859,11.67,18.84,71.79,2.03,7.15,15.57,35.84,5.88
36061018000,New York County,New York,True,88.67,53.75,33.21,10.3,6119,81.85,33.78,45.21,50560,10.26,21.28,21.69,31.12,11.55,43.68,35.27,12.45
36061018100,New York County,New York,True,65.72,38.16,27.79,3.58,5265,90.56,8.3,12.28,114966,31.85,16.53,60.18,12.12,4.1,10.17,47.24,1.93
36061018200,New York County,New York,True,96.23,58.3,34.7,6.93,6428,82.17,39.32,45.19,38942,9.07,22.64,14.74,48.9,6.14,37.09,51.82,8.89
36061018300,New York County,New York,True,65.38,48.36,35.06,2.88,4888,85.35,17.33,23.75,149367,20.81,13.28,69.16,6.5,5.59,15.91,37.76,1.47
36061018400,New York County,New York,True,78.55,49.13,23.61,8.18,6590,56.27,25.63,29.03,51866,11.16,24.83,15.37,37.54,5.2,46.8,36.64,11.6
36061018500,New York County,New York,True,67.51,38.08,20.0,8.73,3319,85.03,4.8,14.58,162188,25.91,13.24,62.09,7.61,10.65,15.43,55.54,1.16
36061018600,New York County,New York,True,96.01,33.59,12.3,9.31,5476,87.5,29.45,29.04,50862,10.27,23.72,6.47,64.48,0.16,35.76,32.68,8.22
36061018700,New York County,New York,True,74.15,38.66,26.11,13.38,6407,97.57,9.65,15.49,145459,17.43,16.74,62.94,7.01,6.86,20.44,33.75,4.28
36061018800,New York County,New York,True,96.83,54.16,34.94,7.91,4499,87.81,30.54,51.51,27237,12.44,9.71,16.35,28.5,6.13,57.35,60.04,21.95
36061018900,New York County,New York,True,80.74,56.22,33.08,2.52,7651,95.07,31.91,35.11,44263,23.23,19.17,27.92,23.18,12.52,37.83,36.32,5.8
36061019000,New York County,New York,True,59.27,28.78,18.33,6.77,2191,38.16,12.45,20.61,121438,14.7,19.84,33.2,40.78,7.47,14.11,34.47,3.25
36061019100,New York County,New York,True,56.64,47.82,28.04,9.46,3860,94.8,9.39,16.7,142500,30.45,11.0,70.08,10.12,4.93,10.53,54.63,4.89
36061019200,New York County,New York,True,100.0,53.14,33.58,6.95,3795,75.69,46.91,61.25,19525,15.9,24.53,10.73,42.84,2.43,52.77,40.34,11.82
36061019300,New York County,New York,True,81.64,49.92,26.37,0.95,7375,71.43,20.98,30.76,67090,20.8,10.45,26.5,18.67,11.38,41.46,43.0,4.99
36061019400,New York County,New York,True,95.47,69.54,32.84,4.86,5091,71.73,26.65,38.63,45750,17.69,10.32,21.26,29.77,7.72,54.99,55.11,17.04
36061019500,New York County,New York,True,64.02,57.35,44.4,10.49,4744,92.74,16.27,25.29,122103,22.62,12.15,56.73,14.26,10.82,19.6,39.71,6.88
36061019600,New York County,New York,True,99.67,49.79,18.51,10.08,3741,63.79,31.67,53.78,28069,28.95,19.61,17.14,25.56,8.86,48.87,53.39,16.46
36061019701,New York County,New York,True,100.0,60.77,46.71,4.85,931,4.32,33.99,38.06,57292,9.77,12.47,42.0,10.4,26.3,26.09,49.32,0.55
36061019702,New York County,New York,True,79.28,45.33,28.0,5.16,2198,60.95,13.99,21.06,111250,10.43,15.73,39.87,22.28,10.59,17.34,46.38,1.13
36061019800,New York County,New York,True,55.2,44.29,26.25,4.05,1144,35.4,12.75,14.48,108250,21.86,11.91,24.45,42.25,8.72,17.6,42.18,3.16
36061019900,New York County,New York,True,66.27,49.05,30.15,0.0,3803,96.19,19.7,26.38,83929,24.47,5.33,56.16,5.93,23.5,13.46,39.83,2.01
36061020000,New York County,New York,True,83.65,44.16,20.8,0.0,1943,72.85,18.35,43.49,57034,21.03,8.54,45.86,47.96,2.32,6.19,64.87,4.21
36061020101,New York County,New York,True,83.09,46.46,37.01,0.0,663,95.12,25.03,22.85,152250,5.08,3.4,49.03,8.94,30.79,8.13,31.45,0.56
36061020102,New York County,New York,True,75.39,46.82,33.48,12.53,3094,70.01,15.67,20.7,83375,8.8,16.76,28.35,50.72,3.88,14.1,33.81,1.87
36061020300,New York County,New York,True,95.06,73.85,31.72,8.13,933,93.06,24.67,20.17,67528,5.44,5.47,34.62,8.62,42.32,10.78,40.77,1.8
36061020500,New York County,New York,True,80.79,36.58,21.0,3.52,2287,99.47,9.42,10.61,196576,13.21,8.17,59.63,6.04,22.99,12.83,32.25,1.95
36061020600,New York County,New York,True,91.43,63.71,30.72,1.84,2773,76.8,30.01,35.55,50864,8.91,15.54,28.73,45.19,6.18,16.52,60.36,5.28
36061020701,New York County,New York,True,93.13,50.05,27.34,8.27,1970,95.99,21.89,19.98,92788,6.33,8.28,44.16,4.85,29.51,12.6,46.1,1.48
36061020800,New York County,New York,True,76.64,46.75,31.41,12.49,4046,73.44,23.48,26.85,73197,9.87,22.93,28.75,47.12,5.16,9.96,44.92,3.54
36061020901,New York County,New York,True,92.36,48.99,26.55,4.96,3401,81.46,33.78,53.33,25357,16.88,25.19,3.01,44.45,5.61,46.39,39.65,13.08
36061021000,New York County,New York,True,85.46,73.44,34.91,8.07,5611,99.33,36.7,43.02,43645,17.8,23.86,4.14,73.15,1.92,21.54,50.99,5.06
36061021100,New York County,New York,True,70.35,56.66,33.81,4.0,6199,95.12,29.67,30.05,65753,22.95,10.12,38.72,20.75,15.71,22.54,44.26,2.86
36061021200,New York County,New York,True,89.81,41.35,30.48,8.69,4288,84.7,20.7,31.18,69702,21.07,15.0,15.31,64.42,2.68,16.38,54.44,7.67
36061021303,New York County,New York,True,87.24,46.42,26.98,8.35,4674,79.27,21.19,23.81,57119,13.63,17.11,15.4,60.92,6.31,20.12,48.74,6.58
36061021400,New York County,New York,True,100.0,51.49,27.34,1.7,2953,99.34,24.53,31.09,51068,19.47,6.6,12.33,73.38,3.15,6.26,73.73,0.14
36061021500,New York County,New York,True,93.47,50.8,26.91,5.52,3605,69.49,19.41,26.41,56884,10.79,18.33,16.05,58.56,5.41,24.1,46.18,2.87
36061021600,New York County,New York,True,80.3,52.49,27.33,14.6,7047,82.85,15.69,18.39,73831,6.36,20.6,22.52,49.98,4.65,17.36,39.75,1.47
36061021703,New York County,New York,False,,,,,0,,,,,0.0,8.33,35.34,18.97,25.86,32.18,,8.62
36061021800,New York County,New York,True,69.27,58.5,24.23,1.46,4413,52.21,13.86,31.54,47193,8.75,16.12,32.42,30.04,12.35,19.55,55.84,0.74
36061021900,New York County,New York,True,99.37,56.08,36.1,4.81,5169,88.02,38.7,57.8,21938,9.98,29.07,14.12,31.21,0.65,62.41,40.35,4.39
36061022000,New York County,New York,True,79.02,39.81,31.48,3.34,4360,91.53,25.15,28.76,74151,15.11,12.73,27.68,46.99,3.5,21.83,47.23,3.57
36061022102,New York County,New York,True,70.74,60.28,39.85,0.0,1419,78.61,14.64,21.27,67669,8.0,10.64,31.06,49.11,4.6,16.77,52.11,4.51
36061022200,New York County,New York,True,69.76,58.72,31.4,10.95,2258,53.76,18.72,26.16,84071,12.68,18.94,30.57,37.64,6.95,19.44,44.43,1.87
36061022301,New York County,New York,True,87.24,62.84,41.35,4.48,6357,88.55,31.93,29.04,50668,13.38,16.01,19.76,23.8,5.4,52.85,32.15,15.28
36061022302,New York County,New York,True,96.68,59.58,31.48,6.08,2702,93.71,19.62,34.54,50238,20.0,12.37,15.09,21.74,2.4,62.44,48.38,16.87
36061022400,New York County,New York,True,98.88,54.09,33.4,10.9,6340,84.49,41.81,60.74,19326,14.77,26.55,5.55,60.57,1.29,34.11,51.81,8.21
36061022500,New York County,New York,True,82.91,49.79,32.98,3.07,9701,95.78,24.77,31.28,53424,18.27,14.76,16.98,24.61,2.09,62.33,35.38,18.35
36061022600,New York County,New York,True,75.07,60.17,34.06,8.08,3868,74.05,16.63,24.89,86559,8.43,22.19,25.45,41.11,7.21,33.65,41.49,7.71
36061022700,New York County,New York,True,75.76,52.42,27.57,6.35,4042,91.51,20.32,19.3,63574,22.68,12.72,19.98,43.98,4.59,30.2,43.53,14.24
36061022800,New York County,New York,True,68.23,61.67,33.54,5.68,3458,78.89,24.44,34.17,63413,16.86,18.19,15.93,55.24,3.12,22.27,55.32,8.79
36061022900,New York County,New York,True,89.28,51.92,33.1,1.66,6710,86.75,30.64,37.43,60346,12.33,10.72,17.5,25.46,3.53,61.57,31.65,15.12
36061023000,New York County,New York,True,94.09,68.28,45.49,2.58,8212,74.06,48.8,51.6,27860,23.49,15.42,3.88,64.62,8.72,19.91,46.53,8.67
36061023100,New York County,New York,True,82.31,52.34,31.51,8.47,6143,94.81,21.0,23.6,69949,12.52,18.84,19.35,37.68,3.67,32.99,44.27,8.37
36061023200,New York County,New York,True,99.33,65.64,34.45,13.73,8812,85.98,52.43,52.17,27967,7.7,23.06,10.51,51.09,1.63,38.57,43.78,9.78
36061023300,New York County,New York,True,88.48,52.59,30.29,4.68,6348,92.19,19.6,23.56,84927,11.05,19.23,26.78,18.9,8.24,46.69,30.35,24.58
36061023400,New York County,New York,True,96.75,62.17,17.11,15.02,5234,85.88,26.59,16.73,62346,7.98,16.92,12.11,54.3,2.08,28.76,47.02,9.45
36061023501,New York County,New York,True,84.91,42.43,23.0,3.47,6377,91.8,17.25,20.7,71893,10.55,17.12,13.64,36.06,6.78,43.37,31.31,11.04
36061023502,New York County,New York,True,89.39,58.72,40.75,16.0,1675,91.33,36.92,28.84,44491,16.85,18.68,9.74,68.25,1.51,18.08,55.71,8.4
36061023600,New York County,New York,True,80.56,56.49,26.26,9.48,9296,80.24,15.47,26.36,43679,16.98,17.75,0.72,65.13,0.27,28.63,42.79,4.76
36061023700,New York County,New York,True,85.97,55.68,31.94,4.78,5842,95.1,29.49,31.42,60404,13.73,16.61,23.9,29.38,3.38,41.41,35.42,16.59
36061023802,New York County,New York,True,95.68,58.89,32.52,11.24,3889,47.37,8.19,20.1,100870,24.72,14.86,43.24,13.07,24.68,13.78,41.71,8.45
36061023803,New York County,New York,True,54.78,68.18,44.96,3.36,1725,91.93,10.64,15.32,80724,24.37,10.83,50.4,15.72,20.7,11.25,52.14,2.87
36061023804,New York County,New York,True,90.21,45.6,22.84,18.49,3119,13.89,17.73,12.36,183536,5.16,25.16,40.98,9.05,34.32,11.73,36.06,6.68
36061023900,New York County,New York,True,95.2,59.37,24.81,9.01,3055,75.47,18.09,33.52,48816,15.7,20.79,19.1,27.45,2.39,56.78,42.56,21.95
36061024000,New York County,New York,False,,,,,0,,69.76,,,8.06,1.88,16.87,47.56,2.21,34.15,,10.35
36061024100,New York County,New York,True,82.0,61.01,27.81,4.27,6511,97.75,21.22,29.31,59500,24.67,13.83,17.49,25.51,2.4,54.66,38.35,19.85
36061024200,New York County,New York,True,98.13,43.62,21.18,13.36,5504,52.75,28.8,40.6,42617,12.98,28.73,8.31,48.18,0.34,48.11,44.08,6.94
36061024301,New York County,New York,True,90.02,47.82,27.77,1.26,4034,92.08,16.7,28.36,74226,12.69,13.63,20.72,21.26,2.69,55.65,32.85,12.28
36061024302,New York County,New York,True,100.0,38.6,22.04,2.52,7461,99.26,41.79,58.47,23574,9.91,28.25,11.72,46.22,1.47,44.78,24.26,7.51
36061024500,New York County,New York,True,97.92,63.44,30.51,8.18,13972,83.93,31.55,30.65,51403,17.84,14.73,16.25,13.59,6.72,64.42,42.83,24.47
36061024700,New York County,New York,True,78.0,41.33,23.13,5.88,4616,99.26,19.21,32.68,83605,28.92,9.91,23.04,11.9,5.23,59.14,41.29,18.26
36061024900,New York County,New York,True,90.21,60.87,38.16,4.25,859,62.52,9.65,28.3,68000,23.88,9.25,20.63,14.94,3.66,54.27,54.68,18.81
36061025100,New York County,New York,True,100.0,55.24,35.29,15.49,2225,77.3,29.43,41.36,37839,17.11,18.51,18.94,21.42,5.2,71.5,39.09,20.96
36061025300,New York County,New York,True,98.19,64.47,25.24,9.15,9993,97.78,18.02,25.1,72763,20.01,17.49,18.11,4.79,4.79,72.17,43.02,24.02
36061025500,New York County,New York,True,84.85,63.78,42.74,14.14,3619,91.2,20.0,29.82,78315,11.61,7.61,28.55,4.53,21.4,44.14,32.65,10.11
36061025700,New York County,New York,True,75.62,36.22,28.03,0.59,3122,65.49,16.03,16.15,104033,9.72,16.03,37.7,38.85,5.58,10.08,52.79,1.09
36061025900,New York County,New York,True,61.18,53.14,31.86,15.66,3138,36.75,15.92,15.45,79429,3.61,26.47,25.53,30.98,3.88,43.92,22.98,12.29
36061026100,New York County,New York,True,97.66,60.74,33.25,13.24,11648,93.89,35.74,32.86,40352,16.47,18.62,6.54,6.54,1.48,89.47,30.57,32.66
36061026300,New York County,New York,True,99.11,56.84,32.23,18.75,8192,96.93,18.01,26.82,67024,15.58,17.43,16.23,5.69,0.0,80.21,29.39,27.8
36061026500,New York County,New York,True,77.12,48.1,25.06,1.67,6536,96.76,11.12,14.24,92434,14.33,15.62,39.6,6.04,7.08,52.91,35.69,6.26
36061026700,New York County,New York,True,100.0,66.33,41.46,9.48,1690,99.53,17.28,27.92,51250,7.23,16.75,50.2,1.08,4.54,46.56,22.17,9.77
36061026900,New York County,New York,True,90.53,49.67,32.61,3.04,5700,96.25,14.42,42.31,52389,16.96,17.8,16.46,3.13,1.79,84.21,38.3,27.8
36061027100,New York County,New York,True,89.53,54.31,32.74,8.68,6909,98.73,15.05,25.2,71595,15.49,12.68,34.09,11.65,3.99,65.32,32.05,24.77
36061027300,New York County,New York,True,69.13,39.94,17.71,9.01,5148,96.92,4.47,10.14,122654,11.76,26.34,74.9,2.57,2.95,17.54,34.63,1.51
36061027500,New York County,New York,True,30.1,50.6,32.46,1.85,944,79.17,5.34,9.81,170000,23.14,9.7,66.12,3.6,12.96,12.42,34.06,2.26
36061027700,New York County,New York,True,100.0,58.77,34.93,11.02,5817,97.89,22.47,42.26,58086,25.65,15.14,11.63,17.47,0.33,77.13,29.24,21.52
36061027900,New York County,New York,True,87.96,55.74,31.84,8.14,8745,93.16,10.78,18.08,68596,11.08,14.71,29.72,6.44,1.78,68.62,42.26,18.71
36061028100,New York County,New York,True,65.04,46.77,23.6,4.53,1905,97.75,4.33,15.83,143194,17.17,18.44,67.35,3.93,4.17,16.32,41.74,3.18
36061028300,New York County,New York,True,71.38,50.56,35.17,16.0,6038,97.44,16.52,26.03,64803,23.38,14.45,23.18,4.95,3.21,71.12,34.89,28.75
36061028500,New York County,New York,True,100.0,55.83,37.54,14.79,7086,94.38,30.23,33.6,51026,22.51,14.67,10.59,4.24,0.0,88.34,26.6,23.51
36061028700,New York County,New York,True,92.9,43.36,30.24,7.77,3415,95.08,16.59,26.44,89476,13.93,19.92,40.11,5.47,1.98,47.89,49.02,11.33
36061029100,New York County,New York,True,97.14,49.23,23.22,11.63,10719,92.11,14.1,25.26,62348,13.03,15.38,10.24,5.6,1.47,88.21,37.93,24.54
36061029300,New York County,New York,True,99.45,72.98,52.49,28.78,7944,89.69,35.78,43.55,35987,13.99,27.94,9.37,4.84,3.53,89.1,35.78,32.16
36061029500,New York County,New York,True,86.22,43.44,26.83,5.89,6433,94.71,5.54,12.23,87108,19.31,14.51,34.01,11.96,4.84,52.94,40.69,12.36
36061029700,New York County,New York,False,,,,,0,,,,,15.38,0.0,38.46,46.15,0.0,23.08,,0.0
36061029900,New York County,New York,True,98.28,55.35,15.13,8.73,3502,98.75,18.6,39.17,34731,23.58,17.36,10.65,23.73,0.0,77.72,42.96,23.73
36061030300,New York County,New York,True,90.98,42.88,18.14,3.64,3063,98.07,12.72,15.22,94208,21.76,10.64,36.99,7.49,4.96,44.61,41.5,13.12
36061030700,New York County,New York,True,47.63,44.82,9.99,9.95,1532,99.4,3.12,6.1,108073,16.53,10.58,67.11,9.32,2.64,20.18,47.47,4.34
36061030900,New York County,New York,True,91.36,64.05,36.69,17.59,9179,91.33,36.67,37.35,40438,16.59,27.25,11.08,21.59,0.81,75.91,18.9,20.91
36061031100,New York County,New York,False,,,,,0,,,,,,,,,,,,
36061031703,New York County,New York,True,89.42,39.99,17.15,7.84,5286,3.66,5.78,5.18,250001,6.9,27.65,60.57,8.39,18.48,2.41,23.12,2.34
36061031704,New York County,New York,True,61.01,33.36,21.32,0.91,5465,9.67,3.3,2.67,218917,8.37,15.91,61.78,2.48,30.57,3.1,35.43,0.38
36061031900,New York County,New York,False,,,,,0,,,,,,,,,,,,
36081000101,Queens County,New York,True,67.95,33.69,16.03,9.02,3299,5.22,6.02,8.95,134304,12.28,14.06,51.15,0.73,27.03,12.09,41.92,6.83
36081000102,Queens County,New York,True,95.85,31.73,12.93,11.98,6615,3.23,3.43,3.83,213135,2.02,18.82,60.84,2.16,23.48,10.37,33.91,3.43
36081000103,Queens County,New York,True,100.0,0.0,0.0,0.0,35,100.0,0.0,0.0,,0.0,0.0,60.0,0.0,40.0,0.0,23.81,0.0
36081000104,Queens County,New York,True,100.0,100.0,0.0,0.0,74,100.0,63.35,0.0,,9.61,8.54,10.68,43.06,0.0,46.26,0.0,28.83
36081000200,Queens County,New York,True,53.98,71.03,35.52,14.32,1304,90.96,15.09,20.49,84643,13.86,11.48,18.78,5.0,28.29,50.68,22.37,12.81
36081000400,Queens County,New York,True,47.26,69.11,17.07,2.85,1861,93.9,8.46,12.94,74107,12.8,21.18,9.65,8.68,24.11,61.77,10.42,28.85
36081000600,Queens County,New York,True,51.12,34.14,22.02,11.51,1661,84.11,17.5,12.58,101042,13.21,24.49,12.82,5.1,25.84,60.44,5.68,24.2
36081000701,Queens County,New York,True,58.28,31.35,8.4,4.97,1985,39.95,5.12,5.03,136875,4.58,20.29,46.74,8.99,22.92,10.59,32.01,1.63
36081000702,Queens County,New York,True,86.01,44.41,29.04,11.9,4015,47.29,15.44,15.17,132368,10.53,23.15,45.44,3.81,35.75,10.58,29.37,6.61
36081000800,Queens County,New York,True,35.01,43.35,37.64,18.67,1159,95.61,10.06,8.22,111856,19.45,16.96,20.3,8.15,22.88,58.6,8.03,21.17
36081001000,Queens County,New York,True,47.5,55.95,20.98,15.34,2108,95.57,8.47,13.61,85625,9.66,23.99,7.1,4.14,10.42,71.66,9.22,16.19
36081001200,Queens County,New York,True,58.48,35.11,9.35,12.59,2267,98.53,5.53,14.4,86524,11.69,23.38,12.27,8.6,19.18,64.18,13.44,22.74
36081001400,Queens County,New York,True,58.83,61.21,51.25,5.03,1729,88.84,11.78,14.38,80456,10.86,14.6,21.39,8.48,27.18,43.75,34.26,15.95
36081001600,Queens County,New York,True,37.24,75.19,55.73,20.49,1002,91.04,14.45,19.87,77500,12.23,17.66,15.21,3.02,26.64,61.25,16.58,29.29
36081001800,Queens County,New York,True,43.29,65.47,43.37,12.24,1354,86.41,16.93,12.4,118694,20.43,15.5,14.21,3.8,10.38,58.58,15.22,15.11
36081001901,Queens County,New York,True,66.25,25.48,16.98,10.54,1139,21.29,2.53,4.95,232109,3.62,8.34,43.5,2.19,37.57,10.24,45.49,0.73
36081001902,Queens County,New York,True,80.23,36.57,18.76,11.86,5576,2.33,10.15,8.19,171458,1.36,6.46,39.95,0.78,49.06,6.72,47.51,0.52
36081001903,Queens County,New York,True,75.13,37.39,16.85,1.43,1550,4.18,5.0,6.98,172986,0.05,9.61,38.2,2.72,53.3,2.91,61.93,0.21
36081002000,Queens County,New York,True,39.41,57.53,46.24,16.13,648,65.08,11.56,12.08,138750,18.21,20.41,16.01,1.52,23.17,53.21,14.19,11.22
36081002200,Queens County,New York,True,68.28,50.56,42.89,2.88,1085,87.11,9.85,9.67,71667,19.15,24.25,26.67,8.86,17.22,56.61,15.71,12.61
36081002400,Queens County,New York,True,48.84,57.32,25.61,36.61,1048,81.99,15.72,12.06,88421,13.17,22.45,15.14,8.17,14.81,57.21,18.6,17.77
36081002500,Queens County,New York,True,98.78,46.12,20.26,5.33,6489,84.64,27.5,54.62,26044,17.27,16.0,11.47,28.21,23.68,31.23,51.03,13.78
36081002600,Queens County,New York,True,28.85,64.33,42.11,22.05,803,90.9,12.97,14.64,135267,22.09,20.57,18.25,7.87,21.06,38.69,6.07,7.64
36081002800,Queens County,New York,True,53.61,41.41,21.89,5.56,1063,94.23,10.94,14.53,89545,20.05,13.6,12.38,3.92,30.11,47.73,38.18,13.84
36081003000,Queens County,New York,True,41.91,52.72,40.76,38.59,483,97.8,3.83,14.81,120417,14.26,13.33,34.26,3.05,14.18,60.99,9.11,10.59
36081003100,Queens County,New York,True,84.29,47.12,24.06,4.83,1241,54.26,20.42,20.79,121908,11.37,7.17,35.04,5.01,21.05,30.96,46.67,15.07
36081003200,Queens County,New York,True,38.05,57.82,36.49,9.77,763,76.11,22.33,19.12,130160,12.51,22.82,14.72,3.31,10.25,70.08,8.67,18.67
36081003301,Queens County,New York,True,93.26,39.4,13.7,6.26,3795,9.05,11.41,11.37,152056,1.83,6.19,37.41,3.02,48.34,7.0,51.72,0.81
36081003302,Queens County,New York,True,82.69,41.82,30.18,6.98,576,82.0,33.1,20.91,80385,13.35,13.26,32.77,16.95,23.3,33.9,48.8,12.74
36081003400,Queens County,New York,True,53.02,65.66,50.82,2.85,1096,96.31,19.78,19.23,74922,12.94,19.85,16.88,8.06,15.16,58.11,16.48,19.22
36081003600,Queens County,New York,True,55.89,42.64,16.89,13.38,1797,80.81,13.51,14.3,64459,21.8,21.77,12.88,4.11,29.4,49.76,15.98,31.15
36081003700,Queens County,New York,False,,,,,0,16.67,,,,,,,,,,,
36081003800,Queens County,New York,True,55.27,53.15,30.14,4.64,1164,79.51,11.68,12.96,86146,15.51,21.05,21.46,7.69,23.25,57.67,26.64,20.59
36081003900,Queens County,New York,True,90.17,70.09,27.14,12.39,1228,66.06,19.73,16.18,59988,5.74,18.65,25.34,3.11,9.53,72.5,25.82,19.52
36081004001,Queens County,New York,True,58.66,57.0,34.35,14.25,1014,84.99,9.6,7.91,92500,9.55,16.0,28.5,2.91,18.03,47.07,13.58,19.1
36081004002,Queens County,New York,True,43.3,76.85,45.32,22.03,757,92.04,20.3,23.12,49379,35.62,20.5,5.66,7.53,27.69,34.14,9.36,15.19
36081004200,Queens County,New York,True,55.06,71.07,37.11,28.62,2571,97.85,27.59,11.86,67270,10.9,29.84,4.26,10.62,54.38,26.42,8.05,17.56
36081004300,Queens County,New York,True,100.0,53.27,30.25,4.96,2005,93.92,31.04,54.27,26814,24.64,24.35,9.74,48.79,7.92,35.51,47.32,16.55
36081004401,Queens County,New York,True,48.72,40.58,23.46,6.7,1710,93.8,19.7,33.89,61920,11.85,22.16,12.14,5.53,62.47,21.61,19.06,14.85
36081004500,Queens County,New York,True,20.92,66.56,41.47,0.0,528,81.61,8.48,15.47,97462,27.99,8.7,55.73,1.27,24.73,13.63,48.07,8.33
36081004700,Queens County,New York,True,94.22,44.89,20.46,8.58,3684,97.08,30.51,35.97,56333,16.38,23.59,27.98,27.63,12.06,30.18,35.2,6.03
36081005000,Queens County,New York,False,,,,,0,,,,,,,,,,,,
36081005100,Queens County,New York,True,95.78,54.6,16.92,29.34,2245,73.25,8.03,8.67,90104,7.51,21.41,21.1,1.65,47.68,20.19,33.14,10.63
36081005200,Queens County,New York,True,54.09,75.51,42.86,16.25,992,55.98,15.33,21.82,76300,9.16,18.41,15.02,2.48,51.37,26.31,11.82,13.89
36081005300,Queens County,New York,True,84.32,40.51,25.33,8.28,4008,82.53,5.76,6.4,113816,4.93,13.09,49.31,1.33,26.18,19.22,37.37,9.25
36081005400,Queens County,New York,True,31.82,63.27,42.86,1.45,1442,98.12,11.59,16.34,78633,16.57,16.38,23.89,11.07,20.93,32.73,24.97,9.71
36081005500,Queens County,New York,True,87.41,43.22,27.56,18.15,1184,66.2,7.9,18.62,81310,11.04,20.3,30.59,3.11,25.7,39.93,33.1,16.91
36081005700,Queens County,New York,True,90.74,39.71,20.51,5.5,3458,86.23,23.27,13.32,94142,12.26,12.61,50.03,4.32,10.05,27.37,31.89,10.15
36081005800,Queens County,New York,True,43.92,45.73,18.6,14.75,2849,87.8,2.24,15.32,91875,14.58,28.18,24.24,3.96,28.31,42.73,26.49,10.04
36081005900,Queens County,New York,True,93.77,50.47,23.49,13.57,3911,94.52,8.94,21.66,76813,13.81,22.34,50.88,2.12,5.01,36.88,43.69,6.46
36081006100,Queens County,New York,True,95.73,37.75,12.08,8.41,4932,72.14,5.98,9.45,106413,9.2,10.37,57.69,1.06,22.74,19.09,43.0,5.13
36081006201,Queens County,New York,True,18.46,83.71,66.97,0.0,1189,97.37,7.99,19.62,61954,29.97,16.87,49.08,10.39,11.28,29.83,44.65,3.09
36081006202,Queens County,New York,True,49.14,40.85,21.71,9.43,3500,76.13,7.29,12.15,91902,19.42,27.97,41.27,4.12,5.9,47.77,21.54,1.73
36081006300,Queens County,New York,True,85.5,29.49,13.48,4.68,4777,85.22,4.53,6.84,137746,8.52,8.02,55.69,0.61,16.76,21.38,38.87,4.55
36081006501,Queens County,New York,True,94.48,40.51,14.95,3.85,2800,93.96,6.81,14.32,94628,14.15,8.51,48.88,4.36,17.3,32.99,43.08,2.92
36081006502,Queens County,New York,True,83.11,47.9,15.51,4.41,3139,71.39,15.19,9.02,80539,11.25,10.82,63.77,2.67,4.91,28.35,38.82,10.18
36081006900,Queens County,New York,True,91.22,38.84,15.13,5.92,4007,51.78,10.35,15.2,121526,14.47,12.04,54.65,5.45,14.96,25.15,34.55,13.03
36081007100,Queens County,New York,True,94.91,41.99,21.9,5.08,3274,76.66,10.45,8.45,89562,9.49,12.7,49.63,5.99,15.94,21.7,44.56,9.09
36081007300,Queens County,New York,True,83.72,39.68,27.88,6.56,2961,75.67,7.71,17.77,101691,13.72,7.53,47.15,2.31,21.37,23.97,48.84,10.17
36081007500,Queens County,New York,True,80.32,41.11,28.62,10.52,3818,91.96,10.54,17.72,79634,28.43,10.48,53.1,5.42,14.93,22.21,43.61,10.61
36081007700,Queens County,New York,True,84.32,34.99,18.23,8.05,1500,36.11,27.08,15.8,139267,11.19,10.09,58.65,2.56,18.87,20.07,36.37,9.23
36081007900,Queens County,New York,True,61.98,50.47,33.88,5.14,1610,59.56,16.74,23.9,111875,13.31,10.72,32.71,2.15,31.8,33.19,37.65,9.36
36081008100,Queens County,New York,True,78.31,58.86,19.43,2.42,973,37.28,4.38,4.66,122798,8.63,17.25,49.02,4.71,16.8,28.69,33.48,4.8
36081008300,Queens County,New York,True,91.28,49.25,19.4,11.72,2061,57.04,12.22,19.73,94803,9.23,19.33,36.51,6.28,9.44,48.48,43.2,17.79
36081008500,Queens County,New York,True,95.6,47.71,23.72,15.6,1313,75.16,32.12,10.02,82708,0.82,28.56,24.27,13.62,18.73,45.14,12.96,27.65
36081008600,Queens County,New York,True,31.22,62.99,53.74,1.96,790,85.66,14.36,9.69,89667,17.03,22.06,30.2,2.36,15.65,51.06,18.78,19.71
36081008700,Queens County,New York,True,99.47,52.03,33.04,8.9,3428,75.33,36.18,51.21,,20.37,16.44,13.79,38.62,6.29,40.78,44.6,6.09
36081008800,Queens County,New York,True,37.78,42.29,22.47,3.68,1331,73.73,4.92,9.24,127313,10.44,23.46,29.74,11.2,14.9,47.11,18.48,7.93
36081009100,Queens County,New York,True,57.78,52.7,18.25,4.77,1113,42.21,6.07,10.33,99070,6.17,14.47,53.42,6.17,12.45,25.83,48.33,5.87
36081009400,Queens County,New York,True,50.0,63.88,36.93,15.78,1239,89.12,19.32,27.23,73636,10.27,22.42,7.02,14.44,36.02,20.8,19.21,4.26
36081009500,Queens County,New York,True,73.27,37.56,10.33,0.0,1323,97.43,6.64,8.42,127946,18.58,9.7,71.36,1.38,14.55,14.34,25.26,1.64
36081009600,Queens County,New York,True,20.16,55.56,41.67,31.68,766,91.74,10.94,12.67,124423,25.78,15.92,3.91,10.58,39.52,11.43,11.18,5.69
36081009700,Queens County,New York,True,67.41,30.96,16.99,7.91,2565,92.36,9.0,10.07,121088,13.76,19.96,66.38,5.5,14.96,17.49,18.56,4.81
36081009800,Queens County,New York,True,46.36,74.01,60.55,2.37,932,95.59,13.36,20.03,84458,19.81,13.67,5.51,13.81,39.98,14.58,11.39,8.29
36081009900,Queens County,New York,False,,,,,0,,,,,,,,,,,,
36081010000,Queens County,New York,True,20.6,27.75,15.18,26.18,860,99.01,10.55,23.3,114327,23.46,21.51,13.47,6.72,26.54,29.2,28.05,4.75
36081010100,Queens County,New York,True,62.5,35.16,11.09,2.34,1354,92.2,5.55,10.4,147308,15.41,18.65,71.44,2.38,4.13,19.21,28.38,2.16
36081010200,Queens County,New York,True,40.82,48.92,37.23,12.97,1021,92.13,12.34,10.24,107270,13.04,17.69,3.92,12.82,45.18,10.4,6.94,9.72
36081010300,Queens County,New York,True,77.46,43.69,19.33,14.67,2705,95.85,11.65,23.07,84821,16.68,20.36,56.76,2.81,19.18,19.49,39.55,7.01
36081010400,Queens County,New York,True,37.75,66.91,55.31,12.02,1158,86.26,12.58,10.07,95781,18.9,15.67,9.53,32.17,16.79,24.99,10.53,8.63
36081010500,Queens County,New York,True,87.2,53.9,24.36,22.74,4198,88.25,13.37,19.18,65233,14.65,18.77,52.89,7.84,10.0,28.02,35.6,9.94
36081010600,Queens County,New York,True,27.55,61.2,16.8,17.13,865,95.69,14.79,13.28,121250,32.57,14.61,4.06,6.28,12.39,32.42,13.72,4.65
36081010701,Queens County,New York,False,,,,,0,,,,,,,,,,,,
36081010800,Queens County,New York,True,26.77,78.42,25.79,2.36,920,83.81,7.54,16.16,108299,12.02,20.43,2.88,0.36,53.18,23.85,9.6,10.21
36081011000,Queens County,New York,True,55.84,58.39,45.74,19.71,1727,83.01,27.85,33.83,77031,14.58,17.1,4.08,9.72,26.61,29.13,11.14,15.23
36081011100,Queens County,New York,True,71.8,29.18,13.92,8.25,2146,95.35,12.83,21.1,111125,12.62,15.45,64.07,0.0,8.23,23.21,24.2,5.96
36081011200,Queens County,New York,True,54.14,60.88,46.01,10.13,1463,89.83,19.1,23.57,69030,23.41,18.69,14.44,2.15,45.14,29.64,15.52,9.81
36081011300,Queens County,New York,True,78.65,57.99,18.67,1.74,3304,94.1,8.53,12.24,87393,8.01,9.85,61.3,3.01,9.04,25.02,33.69,6.17
36081011400,Queens County,New York,True,73.07,55.11,21.9,23.36,1418,96.29,11.53,2.93,121442,10.12,24.27,12.0,2.88,14.36,66.77,8.8,14.8
36081011500,Queens County,New York,True,92.9,42.79,28.36,5.98,2246,89.33,8.19,6.92,113370,8.15,18.79,59.79,6.54,7.33,25.32,33.42,6.02
36081011600,Queens County,New York,True,41.1,63.64,45.85,8.81,725,85.41,32.43,17.17,71576,10.51,19.09,16.13,3.77,18.46,55.03,13.23,15.63
36081011700,Queens County,New York,True,77.63,38.66,16.21,3.91,2951,97.63,9.66,12.56,125550,10.83,14.65,67.1,1.84,10.96,22.71,27.45,6.59
36081011800,Queens County,New York,True,53.21,77.61,22.62,11.45,1206,92.01,10.67,19.12,86754,10.71,17.59,8.7,8.33,34.81,27.93,8.87,14.47
36081011900,Queens County,New York,True,87.66,48.09,25.21,5.28,1353,94.4,6.93,18.09,84886,10.55,16.42,60.11,1.19,6.99,31.46,33.66,9.78
36081012000,Queens County,New York,True,58.15,76.54,36.31,23.81,1282,90.83,15.29,16.15,82500,12.99,19.49,4.63,6.24,42.72,18.47,22.92,15.46
36081012100,Queens County,New York,True,60.46,41.85,18.28,14.34,1230,91.23,10.94,11.45,108125,17.66,18.03,76.09,0.79,8.22,16.86,29.83,6.08
36081012200,Queens County,New York,True,39.2,65.33,32.12,27.74,996,95.59,9.6,8.58,118015,13.41,26.57,15.35,8.2,29.53,42.84,9.3,10.67
36081012301,Queens County,New York,True,60.32,30.93,17.14,12.91,1847,82.4,3.76,5.8,106328,14.84,21.78,73.38,5.03,1.71,20.1,33.06,4.65
36081012400,Queens County,New York,True,60.2,62.02,53.82,1.3,1361,95.79,9.41,18.62,71435,18.67,19.98,12.91,24.13,31.48,37.69,10.26,11.43
36081012500,Queens County,New York,True,87.6,43.11,17.32,4.84,1180,91.28,7.68,16.01,93309,12.65,10.44,56.76,1.84,12.79,24.19,31.71,1.38
36081012601,Queens County,New York,True,44.56,63.08,46.22,18.6,1120,96.76,8.51,11.66,82450,8.65,30.57,14.85,6.06,16.9,52.57,11.79,9.71
36081012602,Queens County,New York,True,48.43,47.83,14.78,7.01,1046,89.63,10.65,8.49,79531,9.57,21.99,17.56,1.67,32.51,40.09,13.32,11.38
36081012800,Queens County,New York,True,52.21,52.26,27.12,9.04,814,97.99,9.21,10.77,103750,14.75,23.67,42.32,1.22,12.17,36.59,24.78,8.98
36081013000,Queens County,New York,True,62.14,53.91,20.87,22.3,948,98.0,6.12,14.71,82708,18.43,21.32,43.9,8.8,13.29,19.08,31.0,6.76
36081013200,Queens County,New York,True,65.32,40.77,22.55,6.19,1038,88.29,8.18,11.71,84452,9.34,17.4,32.14,8.11,18.06,31.28,23.41,7.67
36081013400,Queens County,New York,True,63.19,63.2,37.26,4.79,2820,93.33,7.36,20.16,77073,27.11,17.32,47.19,8.24,15.99,27.49,38.02,14.85
36081013500,Queens County,New York,True,42.49,39.02,21.95,5.28,416,85.05,5.96,15.2,103250,21.77,26.8,89.49,0.0,1.88,13.66,41.62,1.61
36081013600,Queens County,New York,True,54.65,46.03,18.37,3.99,1007,87.79,12.82,16.3,86601,14.29,25.34,43.66,7.17,14.44,30.89,40.18,6.4
36081013700,Queens County,New York,True,79.08,37.76,24.02,3.89,1415,78.31,5.07,8.27,108056,12.17,10.94,72.89,0.0,2.19,22.79,15.84,1.92
36081013800,Queens County,New York,True,44.38,62.54,39.32,9.55,1271,92.09,22.04,17.75,76938,11.55,23.1,30.26,4.41,37.8,21.6,31.34,14.97
36081014000,Queens County,New York,True,64.35,47.61,28.48,11.23,2265,83.64,4.13,6.56,117631,10.27,31.96,52.64,3.65,10.43,28.76,32.31,5.12
36081014100,Queens County,New York,True,76.46,35.82,17.18,9.08,1242,95.63,9.73,9.17,100568,10.66,11.41,48.36,4.46,22.75,26.1,34.7,12.06
36081014201,Queens County,New York,True,52.93,46.75,26.75,23.98,2581,83.14,7.75,17.09,70813,12.44,19.67,13.92,6.15,38.76,39.95,22.88,17.91
36081014202,Queens County,New York,True,44.19,52.13,49.65,23.21,915,93.67,12.15,15.69,88750,27.51,17.24,11.72,8.89,14.85,50.96,19.31,11.71
36081014300,Queens County,New York,True,81.53,56.09,25.67,8.55,3197,85.9,12.85,16.26,95446,10.07,21.8,59.28,1.38,11.42,26.55,38.75,6.62
36081014400,Queens County,New York,True,81.47,45.94,44.55,7.89,1311,98.99,14.3,26.84,80101,20.47,24.48,15.08,6.28,49.73,32.26,25.9,13.16
36081014500,Queens County,New York,True,81.83,37.72,17.74,2.88,1733,93.31,9.69,10.83,88462,15.36,14.9,61.1,2.06,10.21,20.71,26.65,9.61
36081014700,Queens County,New York,True,90.66,40.86,7.69,3.98,2765,83.8,9.92,5.52,94180,7.76,17.78,60.67,5.71,7.05,27.98,28.17,4.44
36081014800,Queens County,New York,True,34.81,27.96,23.7,20.18,830,88.03,7.54,41.53,,17.32,15.33,7.0,5.56,38.51,33.55,34.81,14.99
36081014900,Queens County,New York,True,93.79,61.41,40.35,3.04,2039,97.79,17.57,13.54,66000,3.65,14.79,50.3,0.0,10.45,35.41,30.75,4.82
36081015000,Queens County,New York,True,35.65,63.0,37.5,4.76,821,93.11,4.25,12.22,91116,18.18,16.21,3.05,10.08,40.17,30.94,19.69,28.3
36081015100,Queens County,New York,True,74.1,59.91,27.95,16.15,2065,96.0,13.57,17.67,68932,11.48,14.37,56.84,1.23,12.1,29.83,32.98,9.77
36081015200,Queens County,New York,True,51.79,49.01,30.54,14.53,1294,75.34,8.67,21.94,82093,20.7,19.66,1.89,15.81,20.89,15.31,10.33,5.13
36081015300,Queens County,New York,True,79.24,48.77,25.68,4.14,1373,88.63,13.23,12.39,88636,15.54,6.92,69.3,1.59,12.85,11.42,41.1,4.54
36081015400,Queens County,New York,True,53.9,57.93,21.03,15.15,1104,85.17,10.24,11.43,69414,10.37,20.03,4.05,14.02,33.28,22.17,8.17,7.06
36081015500,Queens County,New York,True,87.36,37.69,18.02,5.43,1487,76.1,4.2,10.16,94375,15.81,9.3,47.29,1.75,28.83,17.84,43.57,8.95
36081015600,Queens County,New York,True,31.04,49.8,29.25,34.39,992,90.58,13.31,21.72,79063,16.77,19.88,2.42,8.67,53.14,13.72,17.3,10.79
36081015700,Queens County,New York,True,98.88,59.97,29.91,6.21,1363,83.18,7.95,9.62,75982,9.99,12.25,33.63,1.31,25.75,38.66,47.84,12.91
36081015801,Queens County,New York,True,35.84,50.72,25.51,7.61,994,81.77,14.03,14.02,98387,21.95,17.21,0.31,13.25,39.29,20.93,25.4,10.76
36081015802,Queens County,New York,True,51.26,53.11,32.62,33.07,3003,95.31,7.73,4.16,105149,19.8,21.21,1.96,8.86,22.42,30.16,8.07,17.45
36081015900,Queens County,New York,True,88.43,53.86,35.37,2.67,3231,92.64,9.14,19.25,71615,13.08,14.38,52.96,8.6,9.81,27.41,44.6,9.82
36081016100,Queens County,New York,True,72.6,58.96,35.49,12.87,1505,93.8,6.41,15.24,92042,11.24,17.85,44.08,2.91,23.62,32.45,29.83,15.68
36081016300,Queens County,New York,True,91.4,49.47,20.79,2.8,3505,100.0,20.75,47.91,35237,24.06,21.13,18.15,24.82,8.16,47.83,39.01,16.34
36081016400,Queens County,New York,True,23.21,80.39,43.63,0.0,807,96.46,11.06,23.66,80568,17.48,16.48,0.63,15.88,24.37,31.07,8.99,9.02
36081016600,Queens County,New York,True,30.28,76.57,20.16,65.12,1022,87.93,11.35,10.81,78108,18.41,17.24,2.89,7.35,29.12,17.78,13.78,4.74
36081016800,Queens County,New York,True,30.79,37.79,26.34,30.53,945,87.68,11.36,12.22,108173,14.2,13.89,0.99,13.55,31.34,26.21,21.39,6.72
36081016900,Queens County,New York,True,62.49,49.91,17.69,7.37,3682,93.55,6.79,6.59,89679,10.8,19.34,54.98,2.34,28.57,22.9,38.39,6.76
36081017000,Queens County,New York,True,22.42,65.07,49.32,19.08,498,93.89,5.99,12.39,108229,12.42,19.72,2.41,43.28,28.63,8.62,10.32,1.72
36081017101,Queens County,New York,False,,,,,0,,,,,,,,,,,,
36081017102,Queens County,New York,True,100.0,70.86,0.0,0.0,321,4.11,6.41,0.0,184083,0.0,0.0,0.0,3.2,93.31,3.2,23.43,0.0
36081017200,Queens County,New York,True,31.74,86.93,55.28,8.54,533,91.79,15.89,14.35,74760,13.84,25.27,1.74,40.59,33.25,8.87,27.11,6.2
36081017400,Queens County,New York,True,37.91,56.72,3.36,17.03,877,87.85,4.78,10.58,121759,12.94,19.54,2.92,17.93,39.43,21.07,6.46,5.5
36081017600,Queens County,New York,True,30.95,42.36,42.36,31.16,530,91.4,19.85,15.55,83906,22.76,25.02,1.91,41.14,23.15,22.72,13.06,4.13
36081017800,Queens County,New York,True,31.84,63.1,47.02,18.92,638,83.44,6.09,9.81,90096,9.01,16.2,2.3,21.48,41.61,15.72,10.33,0.85
36081017901,Queens County,New York,True,94.9,44.82,11.33,19.86,957,90.79,2.22,7.32,81319,3.35,17.8,24.88,1.44,27.75,35.69,37.69,6.68
36081017902,Queens County,New York,False,,,,,0,,100.0,,,20.29,20.29,21.74,56.52,0.0,84.06,,52.73
36081018000,Queens County,New York,True,36.22,57.75,19.72,33.8,647,79.59,15.7,11.73,80147,14.1,30.39,7.57,23.0,23.85,13.44,3.57,8.76
36081018101,Queens County,New York,True,89.98,54.4,22.77,11.63,3207,94.15,14.28,19.82,78864,10.39,9.8,40.4,4.16,14.1,39.52,39.48,13.61
36081018102,Queens County,New York,True,82.6,52.97,22.87,12.45,3115,96.32,5.79,14.17,83750,11.85,18.59,40.79,1.68,35.19,22.61,42.75,8.12
36081018200,Queens County,New York,True,33.42,77.82,56.85,0.0,633,60.65,12.1,12.97,93043,16.46,19.33,4.48,55.8,4.55,13.43,14.57,4.22
36081018300,Queens County,New York,True,82.67,63.48,18.49,18.99,4163,89.15,18.69,21.36,71891,14.93,20.01,48.95,1.42,25.72,30.64,52.85,16.19
36081018401,Queens County,New York,True,36.93,53.44,42.91,0.0,709,77.3,20.34,31.12,57679,14.03,16.47,0.0,55.0,5.12,13.69,21.16,6.02
36081018402,Queens County,New York,True,31.52,64.36,54.46,27.44,817,96.48,11.24,14.52,89766,10.93,23.5,0.49,62.07,4.94,20.56,17.89,1.62
36081018501,Queens County,New York,True,55.26,45.28,23.65,8.33,2338,97.92,10.04,16.26,88027,14.58,13.45,49.92,0.73,22.59,34.28,36.78,10.23
36081018502,Queens County,New York,True,83.39,37.47,16.91,4.41,2472,85.76,10.78,11.54,112260,15.24,13.68,51.03,1.14,21.0,24.58,38.93,7.32
36081018600,Queens County,New York,True,35.7,41.76,37.06,17.41,609,74.29,13.41,13.32,94840,10.71,21.31,0.05,52.07,6.68,11.19,14.56,5.64
36081018700,Queens County,New York,True,64.2,50.65,28.25,18.33,1475,87.9,14.69,16.23,89479,13.48,20.11,21.85,11.92,33.66,41.74,26.17,10.55
36081018800,Queens County,New York,True,32.32,57.03,31.25,14.06,342,85.62,9.29,21.72,84688,15.12,25.44,0.15,67.85,7.15,11.43,22.98,5.45
36081018900,Queens County,New York,True,69.29,40.09,18.85,19.43,2148,98.28,9.12,15.94,93333,17.39,13.2,22.7,7.15,41.02,27.72,27.37,14.89
36081019000,Queens County,New York,True,25.18,55.5,21.05,19.72,561,99.08,10.75,11.11,87051,13.38,21.24,5.01,53.76,8.59,14.99,9.1,6.03
36081019200,Queens County,New York,True,25.33,53.76,25.43,6.94,481,94.4,8.08,6.88,93403,13.6,18.93,1.9,54.2,22.81,8.63,13.47,6.05
36081019400,Queens County,New York,True,17.36,46.26,27.21,12.34,485,94.76,8.47,11.95,100938,13.44,20.12,1.01,44.54,15.02,27.71,11.61,12.35
36081019600,Queens County,New York,True,52.32,66.74,43.54,22.36,1530,73.58,25.98,23.73,72000,10.11,31.46,0.0,66.14,10.71,9.8,15.56,5.7
36081019800,Queens County,New York,True,66.07,58.53,33.65,6.01,2011,82.69,8.94,11.41,68828,5.39,25.18,1.6,33.43,36.31,21.32,13.49,20.43
36081019901,Queens County,New York,True,59.65,82.35,42.65,48.53,140,82.56,42.69,17.54,,10.02,4.58,20.04,47.06,3.27,42.92,49.12,8.06
36081019902,Queens County,New York,True,100.0,0.0,0.0,0.0,8,100.0,69.7,0.0,,0.0,8.84,11.05,71.82,0.0,42.54,100.0,25.41
36081019903,Queens County,New York,False,,,,,0,,,,,,,,,,,,
36081020200,Queens County,New York,True,28.4,87.72,63.16,27.27,414,93.9,12.05,17.37,,16.82,23.46,0.0,49.35,15.52,16.23,4.46,2.88
36081020400,Queens County,New York,True,66.72,51.64,16.41,12.25,1240,74.84,17.18,24.53,63750,17.67,16.52,1.26,20.54,16.16,42.65,38.69,24.61
36081020500,Queens County,New York,True,41.4,71.91,25.28,10.67,527,88.49,5.44,5.58,76786,13.07,19.49,20.85,1.51,10.95,75.83,17.91,21.43
36081020600,Queens County,New York,True,64.5,91.27,41.09,8.39,1013,77.8,14.01,16.02,56667,11.36,23.03,4.73,12.62,14.95,40.38,8.23,20.31
36081020800,Queens County,New York,True,84.08,59.64,37.36,18.08,3291,33.77,14.72,18.44,60486,7.64,29.36,16.32,34.99,15.75,24.94,22.77,19.22
36081021200,Queens County,New York,True,77.3,66.74,31.87,16.7,1577,93.36,23.05,21.07,70776,17.4,24.51,6.32,8.7,14.74,57.21,12.31,28.25
36081021400,Queens County,New York,True,64.3,52.68,28.88,12.21,3615,100.0,17.82,14.04,87356,14.54,21.81,11.39,22.97,29.37,26.92,41.23,32.57
36081021601,Queens County,New York,True,37.18,29.14,16.57,4.76,852,91.16,3.06,3.9,92609,16.56,8.52,50.88,10.39,21.97,13.5,44.69,5.43
36081021602,Queens County,New York,True,60.19,71.64,47.64,6.21,724,79.9,11.49,11.03,73446,25.9,24.54,12.31,3.58,14.74,69.64,25.79,13.33
36081021603,Queens County,New York,False,,,,,0,,,,,,,,,,,,
36081021900,Queens County,New York,False,,,,,0,100.0,,,,,,,,,,,
36081022001,Queens County,New York,True,72.33,43.91,14.55,10.71,4480,87.79,16.62,18.08,86915,15.73,21.12,22.21,16.28,20.1,37.54,34.02,9.1
36081022002,Queens County,New York,True,44.3,52.77,11.44,11.19,2718,79.99,15.47,15.99,89600,19.53,13.81,39.8,14.28,22.22,19.22,40.67,11.77
36081022900,Queens County,New York,False,,,,,0,,,,,,,,,,,,
36081023000,Queens County,New York,True,31.35,55.84,51.95,2.79,382,93.35,3.46,8.23,118494,17.53,21.1,35.01,8.28,42.75,8.66,15.59,14.38
36081023200,Queens County,New York,True,62.38,44.66,6.85,11.79,2350,75.63,12.55,21.6,102386,27.14,16.36,13.79,17.71,43.5,15.69,46.19,17.68
36081023501,Queens County,New York,True,95.05,50.54,23.65,16.9,3358,95.17,18.93,20.51,60044,16.74,20.89,13.14,1.36,27.48,60.9,48.57,34.08
36081023502,Queens County,New York,True,98.98,56.63,36.1,13.43,2708,91.23,15.52,21.59,82676,10.62,10.3,30.96,2.08,23.73,56.66,38.19,23.88
36081023600,Queens County,New York,True,81.84,51.89,23.35,12.8,2341,50.43,16.7,21.11,81557,15.58,17.75,10.96,20.34,34.31,34.84,26.35,21.78
36081023800,Queens County,New York,True,93.54,58.97,37.8,23.75,3965,89.98,23.23,28.87,59938,13.82,20.64,1.69,10.42,36.25,45.29,21.09,40.06
36081024000,Queens County,New York,True,96.61,69.17,39.17,24.67,6327,50.39,12.25,28.67,59421,15.29,21.21,4.1,13.88,21.94,51.51,31.78,30.36
36081024300,Queens County,New York,True,40.53,57.34,15.76,10.63,2631,76.98,8.14,19.71,60880,25.99,20.21,20.56,0.54,35.38,45.0,32.81,20.2
36081024500,Queens County,New York,True,63.88,36.21,7.95,3.49,2736,72.89,4.31,17.74,62647,27.26,16.56,27.64,2.39,35.95,31.58,43.99,15.44
36081024600,Queens County,New York,False,,,,,0,,,,,,,,,,,,
36081024700,Queens County,New York,True,79.17,76.32,47.89,24.74,1132,87.37,24.9,33.96,57143,18.26,14.81,13.28,6.04,58.9,20.25,22.08,18.83
36081024900,Queens County,New York,True,88.1,65.88,23.85,13.88,4451,83.9,5.17,19.69,76987,20.47,15.26,27.03,1.19,36.78,33.24,33.76,15.26
36081025100,Queens County,New York,True,57.75,37.46,17.87,9.22,3414,90.7,12.25,17.36,90996,19.69,15.26,37.38,0.86,24.22,37.86,45.56,23.8
36081025301,Queens County,New York,True,87.41,61.3,25.14,5.68,3222,93.88,13.47,15.36,70664,20.25,11.89,42.9,2.16,24.64,33.11,44.49,15.74
36081025302,Queens County,New York,True,89.9,56.41,43.31,22.65,2840,92.62,17.28,27.31,66393,11.6,22.37,21.84,0.2,26.4,52.25,41.44,26.72
36081025401,Queens County,New York,True,74.52,59.77,18.98,24.23,2418,46.68,3.9,12.74,76434,7.71,20.13,0.61,53.28,32.21,9.55,5.72,15.26
36081025402,Queens County,New York,True,76.88,64.25,36.17,1.39,3803,54.83,21.87,42.85,41822,16.56,26.01,0.77,32.43,30.58,21.7,32.08,28.17
36081025500,Queens County,New York,True,68.62,56.25,4.17,3.83,983,93.42,6.76,8.5,92260,13.31,22.52,26.98,0.0,47.05,26.26,30.97,21.66
36081025700,Queens County,New York,True,63.03,34.13,20.0,16.27,904,88.92,14.63,15.97,95139,19.13,18.72,24.23,1.17,43.43,35.44,28.57,25.61
36081025800,Queens County,New York,True,33.96,63.48,28.09,13.57,846,68.8,10.14,7.17,107442,13.26,21.95,0.45,49.42,31.64,12.92,4.78,16.17
36081025900,Queens County,New York,True,75.67,66.34,19.77,7.77,2229,90.75,8.1,12.06,61289,20.16,9.05,24.18,0.75,33.99,47.84,30.36,32.7
36081026000,Queens County,New York,True,66.98,72.89,26.91,6.01,1583,63.08,17.93,28.86,63565,11.51,26.19,0.0,64.55,28.75,4.94,18.12,17.59
36081026100,Queens County,New York,True,88.06,39.75,17.75,17.48,6297,89.94,6.05,10.93,79419,12.29,15.86,14.75,0.0,47.12,42.06,26.05,27.04
36081026200,Queens County,New York,True,39.05,85.99,72.61,43.31,497,64.44,18.22,13.43,83667,14.67,28.51,0.0,46.91,27.93,18.85,13.93,18.58
36081026300,Queens County,New York,True,76.05,45.24,26.45,15.49,3143,76.78,13.56,23.52,87232,12.09,13.09,8.53,1.89,69.75,19.08,32.37,17.67
36081026400,Queens County,New York,True,42.13,58.08,42.81,6.46,824,74.29,9.78,27.34,86411,19.85,22.95,0.65,59.02,8.07,21.9,29.94,8.99
36081026501,Queens County,New York,True,90.79,47.87,24.95,24.4,2742,79.75,15.67,8.51,73641,8.48,17.19,22.01,3.76,46.98,26.1,35.36,17.53
36081026502,Queens County,New York,True,83.81,57.67,22.44,30.97,1207,43.51,6.0,13.33,74643,5.74,30.8,26.42,0.65,33.67,62.96,23.81,43.11
36081026600,Queens County,New York,True,62.85,46.78,25.3,7.25,848,63.75,22.13,42.96,55441,28.13,15.1,0.67,71.25,13.45,8.24,37.29,8.0
36081026700,Queens County,New York,True,88.4,58.74,48.93,26.11,4644,84.14,12.83,29.79,58274,18.45,11.86,14.91,1.26,45.1,45.81,36.01,31.88
36081026901,Queens County,New York,True,86.47,58.66,43.47,37.16,4102,92.32,20.87,24.57,58163,11.74,27.34,5.1,0.22,30.49,64.94,25.36,28.65
36081026902,Queens County,New York,True,74.38,60.2,26.56,32.37,3463,95.82,12.71,15.17,53694,12.71,18.98,4.92,0.31,52.48,40.59,12.74,22.31
36081027000,Queens County,New York,True,27.7,33.09,19.12,0.0,405,67.34,5.16,10.18,110938,6.71,25.55,22.87,42.64,14.04,11.2,8.35,9.42
36081027101,Queens County,New York,True,69.22,68.5,36.48,25.42,4262,90.82,15.85,12.8,54568,14.75,23.53,3.51,0.0,61.08,35.9,32.93,24.4
36081027102,Queens County,New York,True,91.98,62.54,40.84,36.31,2414,100.0,21.14,23.95,65786,17.25,23.19,3.22,0.0,15.17,82.29,27.03,34.78
36081027200,Queens County,New York,True,33.81,30.05,10.38,22.63,743,90.03,9.32,9.07,97357,13.95,16.71,3.49,54.55,14.58,16.29,6.05,7.54
36081027301,Queens County,New York,True,78.05,63.27,38.05,37.41,2357,86.26,32.8,30.19,69631,6.04,32.5,21.89,0.71,17.3,80.63,2.96,37.19
36081027302,Queens County,New York,True,71.78,65.72,26.67,28.59,2861,88.23,19.33,20.89,81532,15.95,23.66,20.88,3.04,15.08,72.46,17.33,30.27
36081027400,Queens County,New York,True,16.89,48.21,38.39,0.0,313,95.36,18.49,28.81,65234,15.29,24.32,0.0,62.43,18.6,13.47,28.51,4.66
36081027500,Queens County,New York,True,61.37,48.63,35.3,30.98,4056,97.78,24.16,24.75,66971,16.08,15.35,10.51,1.27,28.15,63.08,22.78,29.86
36081027600,Queens County,New York,True,32.21,71.77,48.39,15.32,507,61.74,10.24,21.3,111250,14.51,25.02,0.45,58.93,9.09,28.24,15.58,11.88
36081027701,Queens County,New York,True,83.88,51.45,20.46,33.33,2924,90.66,9.32,14.8,67602,9.29,17.03,5.69,0.9,9.32,83.93,25.74,32.32
36081027702,Queens County,New York,True,43.46,56.03,21.98,26.71,1691,96.98,15.98,21.08,69521,22.58,17.31,20.16,1.94,25.23,61.79,35.27,22.36
36081027800,Queens County,New York,True,63.92,49.26,28.7,8.78,1477,85.04,28.51,33.1,51992,15.82,24.67,0.32,74.97,0.0,20.78,24.86,3.77
36081027900,Queens County,New York,True,71.8,53.25,27.1,29.08,6713,96.78,8.09,15.85,81417,14.12,20.48,16.04,1.04,7.73,72.81,8.49,32.7
36081028000,Queens County,New York,True,45.86,47.47,22.73,8.63,498,100.0,13.22,19.78,80286,12.35,26.97,1.75,48.63,16.42,21.2,28.06,5.92
36081028100,Queens County,New York,True,52.59,57.0,37.38,15.09,3597,94.76,10.41,18.68,86631,18.97,17.29,40.8,1.02,5.68,59.36,28.34,16.0
36081028200,Queens County,New York,True,39.5,67.61,51.17,4.05,775,75.86,4.53,5.34,92368,7.05,32.0,2.76,76.48,7.84,10.6,8.36,7.96
36081028300,Queens County,New York,True,65.01,47.95,30.75,22.81,5166,95.98,11.72,20.43,79340,18.26,15.64,29.82,6.72,12.07,57.6,32.22,17.51
36081028400,Queens County,New York,True,44.01,61.09,43.1,3.83,1194,69.68,5.08,11.8,72633,23.03,17.35,0.54,86.9,0.42,8.26,25.47,2.27
36081028500,Queens County,New York,True,35.44,48.72,35.94,19.92,1659,94.7,8.44,14.26,126991,21.82,20.1,44.63,2.72,14.16,36.29,38.54,10.06
36081028700,Queens County,New York,True,67.54,40.07,23.28,22.33,4615,91.67,23.0,15.68,83108,24.43,17.38,35.1,1.98,33.43,31.28,37.24,19.41
36081028801,Queens County,New York,True,41.5,40.19,16.08,18.9,952,87.93,7.36,15.56,120234,10.63,27.84,3.02,74.83,0.82,7.29,14.96,4.54
36081028802,Queens County,New York,True,34.52,64.32,29.11,46.95,1096,57.82,13.07,7.78,89653,15.75,28.25,10.29,71.15,7.43,20.74,23.18,5.6
36081028803,Queens County,New York,False,,,,,0,,,,,,,,,,,,
36081028900,Queens County,New York,True,73.63,44.15,35.27,20.57,3561,98.79,9.03,15.92,83870,20.77,20.19,45.3,0.0,27.56,21.59,38.85,7.92
36081029100,Queens County,New York,True,67.75,77.84,55.56,29.06,4154,89.21,10.9,22.66,53384,25.36,12.09,20.43,0.96,53.11,29.17,27.32,20.0
36081029300,Queens County,New York,True,66.43,80.33,11.72,20.73,740,73.41,5.6,9.42,70556,12.85,22.08,14.83,0.33,65.32,14.91,25.12,28.06
36081029400,Queens County,New York,True,47.98,60.91,23.86,14.98,3256,75.27,14.17,17.41,102984,14.28,26.43,0.3,77.01,0.35,14.02,23.61,2.13
36081029500,Queens County,New York,True,34.47,67.92,35.32,2.02,1310,95.23,10.43,20.36,81051,20.81,15.54,41.57,5.27,31.58,18.85,50.4,9.49
36081029700,Queens County,New York,True,60.17,50.49,24.39,22.22,1491,72.31,14.06,6.96,101538,11.46,26.14,37.43,0.21,25.81,42.99,16.57,18.33
36081029900,Queens County,New York,False,,,,,0,,,,,,,,,,,,
36081030600,Queens County,New York,True,35.91,44.56,18.15,7.87,1467,77.97,11.73,7.65,111458,10.53,23.21,1.49,74.15,9.12,13.09,19.64,6.09
36081030903,Queens County,New York,True,51.44,36.17,16.91,15.01,2498,91.15,2.69,14.4,75728,13.37,20.44,20.23,3.4,37.94,28.83,25.69,15.63
36081030904,Queens County,New York,True,54.25,78.82,53.66,11.52,1178,68.64,12.09,22.25,58726,27.45,10.07,24.0,2.21,39.47,39.43,30.08,13.48
36081030905,Queens County,New York,True,67.43,52.06,34.62,6.9,2449,97.24,10.99,11.27,74339,6.67,25.71,14.55,4.74,44.63,38.15,19.84,21.41
36081030906,Queens County,New York,True,70.97,64.59,27.77,14.55,2976,95.38,7.3,8.88,84907,18.15,19.56,12.22,0.12,44.58,44.44,14.51,18.31
36081031700,Queens County,New York,True,44.95,51.34,29.97,3.24,2722,82.59,21.32,23.35,75591,15.17,20.85,77.12,5.45,6.37,21.61,24.94,13.77
36081032000,Queens County,New York,True,33.86,67.0,45.91,8.04,1373,46.0,23.67,12.62,100417,11.07,18.16,7.04,66.95,3.13,17.63,17.46,5.42
36081032700,Queens County,New York,True,65.73,49.78,19.3,30.06,2495,91.73,4.7,15.73,88167,10.18,27.58,7.86,0.27,23.14,67.82,16.67,24.1
36081032800,Queens County,New York,True,34.51,53.87,37.42,0.0,984,71.13,9.98,7.47,94398,18.29,28.24,0.07,82.2,0.14,13.91,22.75,1.37
36081032900,Queens County,New York,True,41.48,77.16,40.79,0.21,1551,87.16,14.63,16.35,66573,18.03,20.97,7.75,14.19,24.74,53.22,5.45,18.69
36081033000,Queens County,New York,True,27.54,54.13,27.07,0.34,1675,83.99,8.27,11.53,105013,13.25,21.81,1.4,78.83,3.08,10.46,17.43,3.63
36081033100,Queens County,New York,False,,,,,0,,,,,,,,,,,,
36081033401,Queens County,New York,True,57.94,75.2,26.72,10.94,2042,32.98,16.73,20.57,63892,14.69,25.81,1.22,91.88,1.45,15.17,32.14,2.69
36081033403,Queens County,New York,True,86.73,50.27,27.19,0.86,3884,92.22,22.0,36.51,53013,23.82,15.16,2.4,89.9,2.5,4.62,49.25,2.04
36081033404,Queens County,New York,True,92.03,43.51,33.63,1.98,5694,97.96,16.32,24.92,52574,18.86,18.29,1.44,89.07,1.17,2.73,37.21,0.3
36081033405,Queens County,New York,True,57.93,23.99,19.19,0.0,1702,94.78,6.55,15.56,86065,19.08,21.63,2.11,91.19,0.0,4.56,34.71,3.65
36081033700,Queens County,New York,True,38.85,75.24,10.66,20.71,1188,98.61,9.89,6.78,107750,10.93,19.53,15.66,4.73,21.14,63.85,19.31,21.01
36081033900,Queens County,New York,True,24.03,68.46,37.58,3.69,910,99.11,24.89,20.48,69755,22.96,21.92,20.09,6.57,16.46,51.23,22.98,14.33
36081034700,Queens County,New York,True,61.46,71.86,25.12,20.79,2454,74.15,20.86,9.95,77025,10.06,30.06,8.27,11.75,13.0,68.16,7.02,16.29
36081035100,Queens County,New York,True,42.28,63.95,40.78,13.87,1842,99.06,14.9,12.55,85284,17.59,19.4,10.67,3.84,14.04,70.73,25.38,17.4
36081035200,Queens County,New York,True,22.07,48.15,1.48,10.98,631,93.76,9.69,13.14,105139,16.63,16.45,1.24,70.88,1.06,11.75,12.12,4.88
36081035300,Queens County,New York,True,51.83,51.28,16.67,14.86,1182,92.79,4.48,9.14,104107,22.59,15.21,8.21,14.98,8.4,63.88,11.23,11.35
36081035700,Queens County,New York,True,50.29,34.8,8.6,0.0,1739,81.98,18.86,10.92,93153,25.9,11.29,12.12,31.36,14.61,44.47,22.25,16.2
36081035800,Queens County,New York,True,41.22,55.26,19.84,0.0,1374,72.48,6.13,7.3,97128,13.33,19.62,2.66,86.67,1.03,1.03,14.6,2.97
36081036100,Queens County,New York,True,60.55,55.27,28.17,10.32,1330,94.43,12.18,22.92,92500,12.69,17.64,5.71,24.81,12.15,57.06,18.23,12.35
36081036300,Queens County,New York,True,69.72,58.88,34.11,10.91,1336,91.9,11.81,18.17,76613,9.69,18.35,7.03,27.74,6.79,60.9,17.86,15.47
36081036500,Queens County,New York,True,58.93,44.64,17.14,29.43,2116,90.23,17.88,8.99,72031,7.75,22.5,4.71,18.36,8.12,72.61,19.02,31.71
36081036600,Queens County,New York,True,38.4,75.85,50.48,0.0,1006,78.38,11.9,30.61,75395,22.23,17.66,0.19,83.01,4.09,12.52,26.07,6.5
36081036700,Queens County,New York,True,67.16,62.5,15.07,11.58,1902,89.7,14.46,11.11,78200,8.11,21.12,4.02,19.11,11.65,66.47,3.21,24.6
36081036800,Queens County,New York,True,20.27,72.39,38.65,0.0,515,97.84,5.97,4.1,125882,10.04,21.66,0.82,86.5,0.0,3.15,16.04,0.0
36081037100,Queens County,New York,True,31.63,53.8,44.02,3.12,477,87.76,11.6,11.7,81607,21.36,7.8,3.54,43.97,7.93,44.36,36.08,9.03
36081037300,Queens County,New York,True,57.06,66.58,40.56,13.01,1465,83.76,12.49,17.47,59821,10.58,27.56,2.73,17.02,7.07,71.45,27.37,20.94
36081037501,Queens County,New York,True,83.82,40.34,17.59,27.59,1342,93.56,16.61,6.07,92647,10.15,31.67,12.71,0.0,7.6,90.72,3.18,41.89
36081037502,Queens County,New York,True,86.89,68.78,31.05,30.35,2412,84.08,16.22,29.54,70625,11.58,29.41,4.16,17.01,5.81,76.47,24.21,39.02
36081037600,Queens County,New York,True,31.06,55.85,26.52,4.94,1853,86.39,4.47,5.17,112955,11.55,28.69,0.46,90.72,1.18,4.61,19.6,4.34
36081037700,Queens County,New York,True,88.91,62.22,30.62,26.9,3142,97.29,16.84,14.94,81797,3.11,33.95,10.23,7.04,2.38,90.47,15.64,44.5
36081037900,Queens County,New York,True,80.72,55.59,26.81,21.52,4384,66.55,10.61,13.96,80927,5.68,23.1,6.92,11.15,6.33,82.45,6.68,37.95
36081038100,Queens County,New York,True,63.51,69.97,26.01,35.84,5230,92.4,19.91,12.83,83654,8.86,27.63,7.32,9.62,8.04,78.43,13.28,33.53
36081038301,Queens County,New York,False,,,,,0,,,,,,,,,,,,
36081038302,Queens County,New York,False,,,,,0,,,,,,,,,,,,
36081038400,Queens County,New York,True,15.7,68.84,16.67,0.0,337,97.86,8.48,8.19,100337,21.75,15.68,3.64,84.7,0.0,4.4,21.96,2.29
36081039400,Queens County,New York,True,47.58,51.42,30.23,7.3,1309,82.98,22.72,18.63,100833,18.15,21.5,1.37,76.86,1.28,10.7,13.05,9.62
36081039800,Queens County,New York,True,21.75,22.32,0.0,0.0,182,83.94,9.64,12.04,86948,18.52,18.25,1.08,89.23,3.64,7.88,27.18,0.61
36081039901,Queens County,New York,True,66.54,38.79,35.34,39.08,1689,75.46,16.97,20.65,118319,10.74,33.31,7.11,0.56,14.58,76.88,8.03,35.59
36081039902,Queens County,New York,True,87.47,78.93,37.08,50.84,1317,69.09,32.5,18.43,58640,9.49,24.77,11.6,9.03,15.39,69.22,13.76,48.59
36081040000,Queens County,New York,True,23.77,40.54,40.54,19.82,252,94.98,4.11,11.78,112560,13.48,14.26,3.9,80.64,1.7,4.33,22.27,4.1
36081040101,Queens County,New York,True,68.84,62.24,37.3,22.96,1409,77.36,15.77,14.44,60338,14.26,18.44,3.95,1.11,11.91,85.21,14.74,39.01
36081040102,Queens County,New York,True,93.47,48.44,17.99,33.88,3420,81.31,22.64,13.16,75660,7.24,22.44,12.58,1.21,11.95,86.06,5.17,41.54
36081040200,Queens County,New York,True,21.91,87.27,51.82,0.0,278,95.42,7.71,10.16,103214,15.09,19.4,0.0,76.17,2.12,7.64,11.95,2.12
36081040301,Queens County,New York,True,83.65,89.42,53.9,29.99,2200,80.65,21.85,22.02,37018,9.3,23.97,3.3,3.88,26.62,73.38,14.3,43.99
36081040302,Queens County,New York,True,73.25,49.59,31.49,49.56,3506,58.08,21.79,20.96,70179,8.05,31.0,14.7,0.0,11.79,86.55,15.44,52.79
36081040400,Queens County,New York,True,34.27,81.29,18.49,0.0,971,96.27,8.72,16.8,87917,23.97,10.32,3.19,67.99,12.31,12.56,29.4,9.82
36081040501,Queens County,New York,True,89.6,32.59,25.45,15.62,845,75.2,14.75,6.8,102682,2.39,22.61,8.09,1.35,9.44,86.93,6.0,58.78
36081040502,Queens County,New York,True,84.19,48.22,25.38,18.31,1411,90.42,13.82,20.16,74091,12.04,22.3,6.76,1.01,2.97,93.3,25.3,35.45
36081040701,Queens County,New York,True,90.6,54.56,32.88,39.77,3004,92.15,36.73,29.6,77944,4.94,35.74,6.7,0.0,5.56,93.71,19.18,32.16
36081040702,Queens County,New York,True,75.05,46.65,19.73,17.12,3407,88.16,13.57,8.38,99722,14.99,27.45,3.91,1.08,6.95,91.96,9.87,53.2
36081040901,Queens County,New York,True,63.37,53.9,31.56,56.74,1261,88.89,10.01,8.54,83320,10.73,23.27,21.78,0.0,8.97,88.39,7.42,41.08
36081040902,Queens County,New York,True,78.46,48.42,25.87,28.76,2350,74.84,9.49,20.51,84091,5.75,26.45,6.29,2.32,2.12,90.41,17.05,44.88
36081041100,Queens County,New York,True,44.49,60.05,19.03,15.96,1807,85.96,18.12,23.67,73899,9.53,14.75,19.98,0.19,13.51,79.22,14.45,41.35
36081041300,Queens County,New York,True,70.92,54.73,38.62,36.35,3557,63.67,33.71,21.81,72519,11.34,24.76,9.18,1.72,18.45,77.52,6.8,46.49
36081041400,Queens County,New York,True,48.2,47.78,28.5,0.15,1791,85.29,17.76,21.94,92939,12.34,25.89,1.38,66.06,10.06,6.36,10.79,10.28
36081041500,Queens County,New York,True,67.68,46.78,37.36,34.94,2813,79.7,23.45,25.4,63411,9.3,24.43,8.25,6.53,15.08,85.77,11.86,39.29
36081042400,Queens County,New York,True,17.48,8.61,4.64,43.05,544,88.96,1.74,0.93,95855,15.01,15.42,1.4,81.52,0.0,9.46,11.11,0.0
36081042600,Queens County,New York,False,,,,,0,,66.45,,,66.29,0.0,36.18,35.73,4.72,25.62,,6.74
36081042700,Queens County,New York,True,71.63,46.52,31.56,25.07,2832,70.05,17.99,37.05,70921,14.41,21.97,5.26,10.38,11.92,78.62,15.82,36.26
36081043200,Queens County,New York,True,21.76,72.15,36.71,0.0,211,80.0,10.63,12.4,92750,21.92,20.33,0.33,83.08,1.5,2.0,14.6,0.0
36081043400,Queens County,New York,True,12.7,59.15,0.0,0.0,235,98.03,14.48,15.74,95057,14.88,31.91,0.76,66.77,6.17,11.98,23.61,5.77
36081043701,Queens County,New York,True,76.45,55.38,42.05,24.49,2347,79.56,23.27,22.71,60188,17.73,21.31,24.86,13.61,5.02,75.06,19.81,29.26
36081043702,Queens County,New York,True,35.71,73.57,41.55,29.16,2964,91.58,18.29,23.09,66731,30.78,17.9,10.67,9.23,31.49,52.77,23.92,26.56
36081043900,Queens County,New York,True,84.11,60.92,29.31,32.87,3817,72.52,18.78,8.8,68922,6.7,32.02,9.4,7.59,5.04,88.72,12.48,36.08
36081044000,Queens County,New York,True,46.04,84.28,42.14,5.14,1782,71.17,5.78,10.28,67463,9.02,29.47,0.5,42.78,18.65,29.45,14.65,12.53
36081044301,Queens County,New York,True,94.41,56.39,32.78,25.38,4079,41.98,21.22,43.5,36467,21.29,29.45,7.37,13.66,17.45,72.23,30.79,39.62
36081044302,Queens County,New York,True,66.6,48.01,35.43,14.37,3578,86.1,22.88,32.11,62731,20.19,15.87,8.2,7.89,40.85,36.82,26.41,30.32
36081044400,Queens County,New York,True,76.67,58.27,28.35,12.26,2767,57.11,21.31,32.73,46434,13.02,19.63,1.12,35.14,23.26,23.19,31.89,15.63
36081044601,Queens County,New York,True,84.48,57.92,38.48,24.39,2953,59.87,21.45,21.43,57614,15.61,22.78,2.96,28.13,23.34,44.91,39.0,27.55
36081044602,Queens County,New York,True,85.95,66.95,39.01,16.96,3305,65.87,31.01,27.59,45688,9.07,20.88,11.08,18.77,37.22,31.94,25.97,27.52
36081044800,Queens County,New York,True,65.81,57.57,40.46,14.33,1346,85.31,9.16,27.22,72371,20.52,21.0,8.71,9.51,49.91,25.11,37.08,20.5
36081045000,Queens County,New York,True,59.03,11.31,10.18,0.0,904,60.48,7.85,14.07,148424,12.12,23.23,22.56,6.23,62.12,4.98,15.07,16.54
36081045200,Queens County,New York,True,52.87,40.22,33.7,48.91,291,85.63,12.54,14.37,76071,37.43,15.92,15.26,21.62,52.91,8.34,17.24,20.42
36081045400,Queens County,New York,True,53.14,35.22,26.2,19.66,3059,85.68,17.53,12.84,84100,16.77,13.9,5.23,16.67,55.86,8.95,20.72,18.94
36081045500,Queens County,New York,True,100.0,52.63,25.88,10.71,12741,93.14,16.29,21.48,80100,13.3,22.82,17.2,48.18,8.76,30.56,24.06,17.42
36081045600,Queens County,New York,True,17.4,22.54,15.49,0.0,257,94.27,5.41,7.84,75357,26.2,24.68,2.79,0.0,67.03,14.54,4.9,16.68
36081045700,Queens County,New York,True,67.95,61.48,19.82,11.42,2239,89.39,9.23,7.76,82176,15.13,24.52,15.04,0.41,43.55,46.75,9.29,34.23
36081045800,Queens County,New York,True,57.23,70.41,33.16,45.41,1357,96.4,7.24,15.62,79236,15.64,23.78,5.88,11.21,63.44,9.71,12.99,19.34
36081045900,Queens County,New York,True,59.21,70.49,23.93,7.89,2123,80.93,11.7,24.84,72279,11.75,25.34,0.66,3.07,50.86,41.26,24.93,20.36
36081046000,Queens County,New York,True,80.6,66.11,41.44,42.9,4832,90.55,22.3,29.02,57184,15.63,31.51,3.4,15.75,32.4,34.99,22.34,27.62
36081046100,Queens County,New York,True,76.96,51.46,22.81,21.28,2032,92.81,12.5,13.33,77000,14.06,24.5,8.76,0.26,36.0,56.7,17.1,39.9
36081046200,Queens County,New York,True,75.87,78.67,30.59,25.68,4296,77.2,10.78,17.62,60647,16.22,19.49,3.11,20.63,50.54,16.22,26.14,21.51
36081046300,Queens County,New York,True,81.61,77.12,28.03,24.94,3272,80.1,12.42,17.74,75539,8.38,29.73,2.64,3.81,27.74,66.0,14.1,38.27
36081046400,Queens County,New York,True,39.81,41.53,19.67,17.7,571,87.46,10.51,13.14,118472,10.16,22.67,31.33,14.76,21.07,25.68,17.52,8.18
36081046500,Queens County,New York,True,80.99,49.18,33.29,43.2,3059,87.73,29.6,6.17,94125,5.26,29.35,3.81,0.17,4.82,93.66,25.08,43.02
36081046600,Queens County,New York,True,74.6,55.85,43.39,34.33,3232,81.78,18.32,23.45,76885,16.77,20.22,9.96,23.27,49.21,12.42,35.45,21.07
36081046700,Queens County,New York,True,92.94,60.32,23.35,24.25,6386,90.62,9.09,8.27,77246,7.2,27.24,8.7,1.99,20.96,73.31,19.7,27.24
36081046800,Queens County,New York,True,59.58,37.5,31.61,33.16,2444,89.43,12.15,16.75,83388,17.46,31.33,0.98,18.04,56.28,13.37,16.15,18.22
36081046901,Queens County,New York,True,78.54,54.91,22.12,26.37,3331,95.79,14.03,17.82,73538,15.22,14.41,3.73,1.09,47.15,40.67,20.86,25.17
36081046902,Queens County,New York,True,84.51,59.4,26.55,43.8,2760,95.85,19.52,23.1,68353,13.13,24.55,4.15,0.98,21.91,74.1,12.06,39.83
36081047000,Queens County,New York,True,47.78,77.65,67.04,41.23,1048,96.57,16.82,11.21,72955,25.35,14.81,2.32,4.2,47.94,28.58,9.9,11.49
36081047100,Queens County,New York,True,84.7,70.3,39.33,17.1,3578,85.86,13.75,30.86,60616,18.71,21.82,4.38,0.78,72.36,23.35,20.55,23.67
36081047200,Queens County,New York,True,47.1,38.87,20.76,10.49,1396,82.82,6.95,7.57,128274,31.3,12.39,27.74,22.22,28.73,15.05,21.93,10.52
36081047300,Queens County,New York,True,61.97,59.38,33.57,25.75,2879,67.64,11.24,21.68,72441,16.43,17.04,6.39,0.35,68.15,23.81,31.69,18.36
36081047500,Queens County,New York,True,75.41,54.17,18.86,21.59,3497,70.89,11.5,13.17,86271,17.1,20.34,11.09,1.8,51.24,36.34,17.3,26.2
36081047600,Queens County,New York,True,14.67,71.43,7.79,6.49,154,84.1,3.8,8.95,115335,20.07,28.24,42.83,14.9,27.06,1.93,19.43,0.0
36081047801,Queens County,New York,True,28.52,45.41,40.2,20.49,1444,95.86,15.71,27.17,56848,23.63,10.11,20.52,25.06,13.47,36.64,43.81,12.39
36081047802,Queens County,New York,True,42.28,44.29,37.14,15.38,592,73.81,11.81,17.07,116198,20.39,19.9,3.02,37.55,27.99,24.05,4.88,8.94
36081047900,Queens County,New York,True,68.62,60.47,31.28,28.09,3549,80.75,21.11,19.85,87515,15.25,18.62,8.84,7.08,70.57,14.42,18.17,16.52
36081048000,Queens County,New York,True,34.9,85.38,57.31,22.69,735,83.14,16.76,23.62,86250,26.5,12.74,4.05,7.0,53.92,12.24,8.46,15.37
36081048100,Queens County,New York,True,76.86,56.68,36.73,28.52,4860,90.25,18.91,30.31,73983,19.95,16.78,10.04,3.14,49.4,39.69,15.13,37.48
36081048200,Queens County,New York,True,42.86,45.07,19.72,22.6,469,96.1,7.09,6.05,110729,18.84,9.23,12.36,28.07,44.55,6.41,14.53,4.19
36081048301,Queens County,New York,True,53.32,51.35,13.51,34.63,1422,78.75,14.9,17.56,60568,14.12,17.03,12.18,0.53,71.18,16.01,18.34,29.27
36081048302,Queens County,New York,True,81.65,68.54,15.36,15.92,1340,69.29,4.07,5.96,85724,12.39,19.08,22.92,1.28,49.1,37.11,42.97,24.8
36081048400,Queens County,New York,True,39.21,68.46,43.98,3.81,1627,93.65,9.42,11.35,86726,16.33,23.65,3.97,14.06,52.53,18.49,12.99,9.79
36081048500,Queens County,New York,True,47.95,60.99,25.03,17.08,2732,71.9,13.99,18.4,77614,12.35,20.29,2.9,0.48,70.09,25.51,20.3,19.05
36081048900,Queens County,New York,True,55.67,64.51,34.57,20.99,1148,63.62,16.92,16.67,61552,10.83,22.47,12.3,0.38,51.74,44.56,13.75,32.81
36081049201,Queens County,New York,True,91.19,47.0,24.5,11.58,2332,89.15,16.47,25.91,60797,19.8,17.92,1.45,70.96,6.68,16.39,45.36,10.49
36081049202,Queens County,New York,True,25.3,57.53,7.53,0.0,644,94.39,19.76,5.2,107063,15.18,24.38,2.57,22.84,24.55,19.93,11.79,5.97
36081049301,Queens County,New York,True,45.08,33.12,30.91,10.06,1162,84.84,19.01,20.47,86429,19.77,22.2,28.97,1.04,36.86,29.23,19.82,28.68
36081049302,Queens County,New York,True,49.31,59.88,34.88,16.33,1861,77.1,22.72,25.05,59940,16.57,25.09,27.44,3.01,25.0,39.82,34.48,14.12
36081049500,Queens County,New York,True,62.36,32.32,15.85,5.49,775,98.61,15.49,15.59,92800,17.77,14.47,55.42,1.42,10.38,34.83,30.23,14.41
36081049600,Queens County,New York,True,13.26,92.86,41.43,18.26,441,99.32,7.8,9.8,91991,16.68,17.01,1.22,35.1,41.91,11.15,11.3,6.5
36081049700,Queens County,New York,True,52.71,54.83,43.28,11.34,1431,79.44,8.32,11.3,86031,15.93,24.17,29.93,0.11,34.27,32.16,14.73,16.22
36081049900,Queens County,New York,True,53.8,48.77,25.81,25.86,2670,85.83,11.76,15.22,85045,8.65,19.16,14.68,0.66,69.01,16.97,12.06,39.95
36081050000,Queens County,New York,True,91.32,50.84,27.07,19.01,3472,79.15,10.65,20.84,68850,13.92,21.85,4.06,64.73,12.02,13.55,36.33,7.26
36081050201,Queens County,New York,True,39.86,48.48,20.61,8.57,646,100.0,7.07,14.35,90972,16.64,16.57,0.0,74.96,2.65,15.02,20.73,3.97
36081050202,Queens County,New York,True,39.96,73.41,36.99,0.0,488,87.94,18.53,22.54,85147,18.03,23.25,0.93,67.02,20.46,5.44,18.97,7.28
36081050400,Queens County,New York,True,35.78,41.03,34.87,46.15,589,85.91,8.33,8.81,131168,12.87,20.95,0.23,68.55,3.46,5.37,16.33,10.54
36081050500,Queens County,New York,True,53.92,56.43,30.36,23.94,759,82.56,3.26,10.62,113438,14.47,14.92,51.69,0.0,27.39,19.1,20.42,9.07
36081050600,Queens County,New York,True,25.34,55.91,43.01,28.32,331,94.69,12.97,11.88,93000,26.13,13.63,0.0,71.61,16.62,5.72,7.85,4.63
36081050700,Queens County,New York,True,46.71,52.91,34.74,1.32,1326,74.64,11.47,17.63,84476,28.5,11.53,54.77,0.0,30.23,23.09,21.5,13.91
36081050800,Queens County,New York,True,34.63,40.0,22.56,20.35,613,100.0,10.57,14.84,77040,17.84,17.89,0.2,81.28,12.19,5.95,25.34,3.34
36081051000,Queens County,New York,True,28.57,32.79,24.59,0.0,315,95.48,23.09,15.69,85179,13.76,26.85,2.35,71.88,20.81,6.04,18.27,4.28
36081051100,Queens County,New York,True,25.36,57.75,23.47,4.69,659,91.69,10.91,16.31,92647,15.96,13.47,67.2,1.08,9.78,28.91,19.76,9.55
36081051200,Queens County,New York,True,21.02,64.13,32.61,4.49,504,100.0,12.6,14.02,122778,17.29,15.8,3.13,58.29,14.95,13.6,12.13,9.98
36081051300,Queens County,New York,True,34.53,55.69,35.29,17.86,962,81.69,14.57,21.45,83618,11.71,20.41,39.95,0.0,33.84,23.16,27.62,14.63
36081051500,Queens County,New York,True,18.62,67.72,27.22,0.0,473,96.12,4.67,10.07,102833,18.65,22.5,61.53,0.0,15.38,20.8,23.07,12.11
36081051600,Queens County,New York,True,29.54,77.48,57.62,0.0,486,97.42,9.3,13.7,107500,16.29,18.14,11.2,62.29,1.25,21.89,7.92,4.72
36081051700,Queens County,New York,True,50.31,24.06,12.03,4.13,1032,81.81,9.96,8.18,113125,13.83,16.39,74.32,0.58,7.93,25.15,16.36,9.58
36081051800,Queens County,New York,True,13.56,67.47,42.17,0.0,277,96.83,6.4,15.69,124423,11.89,19.67,0.32,71.91,0.0,13.31,15.2,4.0
36081052000,Queens County,New York,True,14.48,43.24,0.0,0.0,261,100.0,4.58,13.11,105163,15.69,26.35,1.6,78.09,9.41,7.82,18.59,1.04
36081052100,Queens County,New York,True,45.14,51.39,25.0,4.64,816,96.91,17.33,15.55,84009,15.26,20.15,55.78,0.54,16.19,30.36,24.07,15.64
36081052200,Queens County,New York,True,22.36,81.51,57.14,0.0,352,100.0,17.15,18.0,86818,14.87,17.2,0.0,73.04,5.02,14.69,16.0,4.62
36081052400,Queens County,New York,True,25.99,28.57,19.05,0.0,461,96.34,10.28,6.5,112838,12.28,27.35,0.0,69.16,11.81,10.93,16.06,3.98
36081052500,Queens County,New York,True,45.16,54.35,30.33,2.14,872,87.53,6.97,12.11,77037,16.5,15.38,55.62,0.0,12.27,30.44,27.85,14.09
36081052600,Queens County,New York,True,33.16,33.2,28.28,17.2,585,85.5,10.89,11.67,96695,13.69,19.69,0.0,75.77,5.1,10.08,38.33,7.08
36081052800,Queens County,New York,True,42.64,50.75,39.2,6.99,534,86.39,11.29,18.62,79542,18.39,25.55,0.89,72.61,0.0,7.67,32.96,0.35
36081053000,Queens County,New York,True,22.8,72.46,18.84,0.0,316,99.28,8.76,12.46,102381,14.1,20.68,0.56,84.42,0.36,8.76,20.82,1.54
36081053100,Queens County,New York,True,47.15,72.32,28.5,4.44,1212,94.47,10.08,16.39,73938,18.13,17.17,70.78,0.0,1.48,30.15,26.5,13.13
36081053200,Queens County,New York,True,17.58,54.74,38.95,12.84,333,100.0,11.37,9.84,97419,15.81,23.44,0.28,82.29,4.9,15.4,12.26,3.45
36081053401,Queens County,New York,True,20.87,29.91,20.51,9.6,463,97.72,3.76,10.85,103594,21.24,18.5,0.51,91.62,4.62,5.95,19.03,1.36
36081053501,Queens County,New York,True,66.08,73.09,33.22,11.8,802,98.1,21.74,16.96,73042,4.73,16.95,27.97,0.0,14.89,48.8,23.78,11.05
36081053502,Queens County,New York,False,,,,,0,,,,,,,,,,,,
36081053601,Queens County,New York,True,36.83,100.0,0.0,0.0,304,97.02,16.7,43.28,,36.74,15.11,2.04,45.94,22.66,29.13,47.2,7.94
36081053800,Queens County,New York,True,21.46,58.54,50.0,8.79,352,97.0,5.24,5.66,121034,18.32,20.42,1.11,78.24,7.64,5.43,6.37,4.38
36081053901,Queens County,New York,True,64.92,55.28,14.14,3.7,2336,76.59,11.89,13.78,91027,9.88,11.67,41.17,9.52,16.83,36.13,21.42,13.49
36081053902,Queens County,New York,True,50.0,0.0,0.0,0.0,9,50.0,0.0,0.0,,0.0,37.04,85.19,0.0,0.0,14.81,0.0,0.0
36081054000,Queens County,New York,True,37.53,35.99,25.68,8.49,1760,96.55,12.39,22.3,102174,23.86,9.57,1.27,63.82,10.38,15.17,19.67,14.82
36081054200,Queens County,New York,True,15.3,79.15,43.83,8.64,970,98.6,7.93,7.49,94125,23.19,21.39,5.0,22.66,26.52,31.52,3.84,14.63
36081054500,Queens County,New York,True,76.75,61.02,25.12,13.14,2899,90.96,9.22,6.01,66076,12.79,15.07,36.52,0.38,7.56,62.29,21.03,22.4
36081054700,Queens County,New York,True,83.92,37.28,13.28,23.69,4603,85.22,8.4,5.5,119732,9.33,25.18,21.88,8.1,14.32,59.48,10.58,18.11
36081054800,Queens County,New York,True,21.14,67.63,41.73,24.14,478,94.27,10.62,9.77,84601,22.63,18.89,4.28,15.91,56.13,8.86,4.96,9.27
36081054900,Queens County,New York,True,96.14,34.51,15.66,7.69,5126,80.71,10.01,4.63,104821,6.39,24.44,27.99,4.9,5.09,65.58,11.32,20.04
36081055100,Queens County,New York,True,92.96,37.66,20.73,7.71,4071,96.39,17.0,17.45,80268,10.5,19.8,46.09,6.35,6.6,38.16,31.84,17.06
36081055200,Queens County,New York,True,49.44,66.95,40.42,2.88,1073,99.0,9.57,17.19,71213,19.98,15.93,9.54,22.11,45.93,15.41,33.57,21.85
36081055300,Queens County,New York,True,94.67,47.35,27.92,8.34,2762,79.01,9.96,9.87,90114,7.04,14.29,23.39,1.92,18.45,61.01,8.79,21.59
36081055400,Queens County,New York,True,43.33,49.84,25.87,28.15,1257,93.27,15.93,20.08,89375,16.54,15.08,12.58,13.77,39.71,23.93,19.82,15.87
36081055500,Queens County,New York,True,74.49,45.03,17.26,9.88,1596,93.63,11.46,21.07,86667,12.94,14.07,15.38,4.05,8.1,69.28,28.81,31.35
36081055600,Queens County,New York,True,16.44,83.64,17.27,0.0,236,99.86,2.96,5.53,135052,20.56,17.29,3.58,8.96,45.59,28.57,9.57,9.34
36081055700,Queens County,New York,True,79.26,39.36,12.51,6.15,2737,89.99,9.54,16.53,101636,18.46,11.05,51.3,4.49,5.23,48.76,27.01,12.43
36081055800,Queens County,New York,True,28.06,54.21,54.21,25.26,379,99.11,6.25,11.52,78672,22.92,13.83,12.01,5.82,41.9,35.48,32.05,4.55
36081055900,Queens County,New York,True,81.44,60.44,31.65,18.99,944,44.55,16.12,25.77,70481,19.49,14.35,20.46,12.49,10.54,58.55,18.3,22.75
36081056000,Queens County,New York,True,18.22,93.51,79.22,1.22,237,83.33,6.8,16.22,139615,20.29,18.23,9.2,5.25,65.9,14.34,6.67,13.87
36081056100,Queens County,New York,True,0.0,,,,0,100.0,0.0,0.0,,0.0,0.0,100.0,0.0,0.0,0.0,0.0,0.0
36081056200,Queens County,New York,True,14.29,76.12,31.34,23.29,187,94.24,0.43,0.0,102125,30.38,17.01,24.95,17.16,30.74,32.88,36.59,7.69
36081056400,Queens County,New York,True,43.39,71.71,57.07,3.59,509,93.72,13.29,28.79,95000,19.68,15.82,22.22,6.46,17.78,32.47,26.65,6.44
36081056500,Queens County,New York,True,54.28,24.1,7.17,2.73,974,75.91,3.14,8.88,129647,9.19,29.3,37.89,2.65,3.08,79.08,13.98,10.94
36081056600,Queens County,New York,True,46.12,90.19,63.55,2.8,590,100.0,24.39,27.59,71974,34.41,11.97,2.01,30.66,16.49,15.91,3.45,2.39
36081056700,Queens County,New York,True,32.68,36.6,28.68,3.17,1609,90.46,4.41,5.98,111477,14.19,16.3,47.53,2.98,0.7,56.36,13.48,18.3
36081056800,Queens County,New York,True,37.76,59.45,35.22,17.68,1278,96.6,9.61,10.3,101321,20.74,13.45,8.55,63.0,6.81,16.37,9.47,8.65
36081057700,Queens County,New York,True,76.55,50.05,24.89,3.73,2969,90.41,13.25,17.12,75750,9.7,20.25,53.34,0.0,3.64,48.8,24.5,15.67
36081057900,Queens County,New York,True,74.44,50.21,16.18,4.44,1191,91.9,9.4,22.56,76023,15.5,18.67,50.99,4.07,2.09,52.78,29.47,11.17
36081058000,Queens County,New York,True,10.73,39.33,20.22,0.0,496,92.95,3.57,3.58,139342,22.79,15.02,2.75,67.13,2.4,10.8,6.69,7.52
36081058100,Queens County,New York,True,68.58,29.2,18.67,23.21,1725,96.3,8.13,17.23,78950,15.22,17.78,40.12,0.47,6.23,46.56,26.91,9.42
36081058200,Queens County,New York,True,22.46,61.06,33.02,12.35,922,97.26,5.6,15.7,123583,19.14,19.32,5.14,61.84,5.33,18.63,9.68,4.16
36081058300,Queens County,New York,True,67.64,43.4,20.55,4.97,2543,96.43,11.79,11.95,109327,14.68,18.8,59.37,3.78,5.78,21.52,21.76,6.37
36081058500,Queens County,New York,True,73.75,37.09,17.04,3.09,2816,97.96,6.03,7.33,101157,9.78,10.15,60.92,3.34,8.43,25.34,24.4,8.97
36081058700,Queens County,New York,True,83.4,44.11,16.68,8.33,2811,88.66,9.78,9.57,100385,11.39,19.16,54.53,3.21,6.43,30.92,28.94,15.96
36081058900,Queens County,New York,True,88.71,56.41,30.83,13.96,4198,91.67,28.27,25.83,60224,9.22,21.29,57.17,2.53,3.44,43.05,35.49,15.61
36081059000,Queens County,New York,True,20.72,69.14,34.57,0.0,178,93.43,8.82,27.88,93750,18.92,24.88,13.67,73.93,3.5,9.46,25.32,3.68
36081059100,Queens County,New York,True,86.92,78.64,45.93,0.54,4021,100.0,26.09,40.69,53832,12.63,15.02,37.9,1.88,6.83,53.39,29.96,28.87
36081059200,Queens County,New York,True,6.53,72.73,72.73,0.0,39,100.0,22.34,25.9,77857,21.94,11.94,0.48,90.97,4.76,0.48,26.8,1.79
36081059300,Queens County,New York,True,65.43,36.69,25.0,6.69,2734,82.32,20.07,17.86,90975,13.96,17.08,63.39,1.16,6.09,30.97,34.2,9.62
36081059400,Queens County,New York,True,6.94,76.0,0.0,0.0,63,100.0,1.02,4.32,134297,23.88,14.76,1.44,87.76,0.0,7.68,14.45,2.07
36081059501,Queens County,New York,True,70.92,53.24,27.48,5.19,1459,78.39,11.67,20.53,80515,19.18,13.61,61.22,2.36,5.57,34.26,25.0,14.96
36081059502,Queens County,New York,True,63.99,73.49,40.45,11.88,1643,88.96,22.74,20.81,75833,14.13,28.14,45.37,4.22,8.07,50.07,19.05,3.85
36081059600,Queens County,New York,True,13.73,55.13,55.13,0.0,315,81.68,14.34,10.21,92162,21.62,26.16,2.81,71.45,0.72,25.57,23.06,11.07
36081059800,Queens County,New York,True,39.42,47.25,27.06,6.42,783,93.58,5.51,1.63,96250,20.7,22.18,4.08,73.68,5.97,10.29,13.56,4.63
36081059900,Queens County,New York,True,26.83,84.31,39.22,7.44,495,93.95,9.45,17.29,120979,13.53,20.5,60.75,0.0,14.4,25.32,9.76,9.06
36081060000,Queens County,New York,True,19.96,52.31,0.0,0.0,192,94.79,6.45,12.2,129519,31.71,16.7,0.97,82.86,0.0,6.63,18.18,0.0
36081060100,Queens County,New York,True,50.18,64.88,25.2,0.0,1221,91.66,4.65,13.49,75811,19.63,18.04,61.32,0.29,7.58,35.03,24.73,14.29
36081060300,Queens County,New York,True,45.8,37.17,13.75,2.01,808,88.48,9.15,17.45,95909,19.02,15.18,62.89,0.0,5.61,39.97,17.85,14.66
36081060600,Queens County,New York,True,14.97,100.0,52.0,0.0,102,89.58,5.02,4.19,131250,18.03,13.27,0.0,88.52,3.83,8.84,29.54,3.16
36081060701,Queens County,New York,False,,,,,0,,,,,,,,,,,,
36081060800,Queens County,New York,True,17.19,51.72,42.53,13.79,182,95.96,7.38,15.81,115000,15.83,25.44,0.5,89.7,8.79,2.45,16.01,0.2
36081061000,Queens County,New York,True,5.3,63.64,0.0,36.36,77,88.45,8.88,13.01,97788,34.67,14.49,1.97,83.61,0.0,12.06,14.22,0.0
36081061200,Queens County,New York,True,4.71,100.0,0.0,0.0,73,100.0,3.97,7.25,133214,30.45,9.3,0.38,85.92,2.39,2.12,3.73,0.0
36081061301,Queens County,New York,True,73.15,55.02,29.71,7.48,3453,91.54,11.64,11.93,93669,8.18,17.37,36.77,6.97,8.78,54.41,27.18,17.42
36081061302,Queens County,New York,False,,,,,0,,,,,,,,,,,,
36081061400,Queens County,New York,True,11.69,84.85,84.85,0.0,78,92.86,6.63,12.65,132159,23.95,23.88,2.51,86.15,3.1,4.2,21.0,0.15
36081061601,Queens County,New York,True,8.68,35.29,35.29,0.0,191,100.0,4.21,15.92,107838,21.49,19.23,0.71,88.48,1.77,3.81,29.08,0.41
36081061602,Queens County,New York,True,5.73,0.0,0.0,0.0,22,92.89,3.0,3.65,127857,20.56,7.54,4.96,59.92,0.0,31.4,25.52,3.68
36081061800,Queens County,New York,True,20.11,41.26,35.66,5.59,291,94.74,6.92,11.25,112868,21.16,17.08,5.3,80.66,2.95,9.82,29.96,2.41
36081061900,Queens County,New York,True,63.38,56.7,36.86,0.0,1904,95.7,17.79,26.67,62083,18.06,16.94,67.53,0.0,6.73,20.52,35.62,10.05
36081062000,Queens County,New York,True,1.91,50.0,0.0,0.0,33,93.85,1.49,5.34,129457,26.99,9.71,1.55,95.86,0.0,2.78,10.88,0.33
36081062100,Queens County,New York,True,45.94,63.79,36.45,6.62,1280,90.33,13.95,14.5,77011,22.16,22.5,59.58,9.04,1.99,31.01,21.6,13.75
36081062200,Queens County,New York,True,6.5,59.09,40.91,0.0,72,98.98,8.31,12.26,122938,29.0,13.48,5.36,88.11,0.0,4.64,21.27,1.8
36081062300,Queens County,New York,True,61.16,38.23,13.88,0.0,1264,89.01,17.72,18.46,77563,16.15,15.4,74.47,0.81,0.28,28.66,28.88,5.38
36081062400,Queens County,New York,False,,,,,0,,,,,,,,,,,,
36081062500,Queens County,New York,True,41.29,43.44,21.31,5.3,1077,87.45,4.59,6.88,83631,22.98,18.54,54.38,2.84,3.3,39.4,19.71,9.07
36081062600,Queens County,New York,True,12.59,17.8,15.25,13.56,479,97.0,3.09,5.02,139602,10.52,22.16,3.03,85.17,3.12,12.73,9.61,2.71
36081062700,Queens County,New York,True,44.07,40.99,13.66,5.8,1457,94.7,7.7,18.8,76439,16.0,17.24,61.64,10.31,7.31,43.24,32.85,8.8
36081062900,Queens County,New York,True,68.84,64.7,15.5,24.29,2197,93.64,10.0,15.17,101097,16.81,26.27,53.75,2.61,9.43,42.23,18.92,9.43
36081063000,Queens County,New York,True,13.8,69.33,29.33,0.0,124,98.84,3.28,8.01,120821,20.01,12.52,0.37,94.8,0.0,4.15,24.02,0.51
36081063200,Queens County,New York,True,15.0,44.0,28.0,0.0,232,95.74,4.79,12.36,107672,14.09,23.13,2.0,87.27,0.0,7.0,19.44,2.07
36081063301,Queens County,New York,True,37.43,29.69,13.54,8.59,625,91.6,2.88,7.56,142768,9.97,30.93,57.64,4.92,7.95,41.16,19.28,11.46
36081063302,Queens County,New York,True,37.1,44.84,31.39,0.0,698,95.42,9.02,20.3,102292,18.42,26.85,61.98,0.32,3.6,36.14,20.97,7.6
36081063500,Queens County,New York,True,37.94,64.12,19.49,20.62,1041,98.54,8.71,12.86,86219,16.23,29.19,79.4,0.75,4.56,29.23,19.19,3.55
36081063700,Queens County,New York,True,32.2,37.33,17.55,0.0,1053,99.27,18.45,11.4,91488,27.79,23.07,69.26,4.98,9.78,16.21,11.95,9.79
36081063800,Queens County,New York,True,8.8,42.11,11.58,0.0,322,97.1,10.45,4.45,164604,19.52,17.65,2.03,82.76,1.98,11.89,13.81,6.51
36081063900,Queens County,New York,True,46.15,26.5,13.03,13.03,1354,90.75,5.59,7.4,102083,17.03,15.93,44.78,7.48,5.36,60.39,32.45,9.52
36081064101,Queens County,New York,True,5.71,21.74,21.74,22.03,135,98.6,4.86,15.49,99393,22.68,17.44,71.22,0.0,15.68,11.3,34.27,10.3
36081064102,Queens County,New York,False,,,,,0,,,,,,,,,,,,
36081064500,Queens County,New York,True,42.75,58.82,41.49,0.0,732,88.1,15.72,28.38,81250,18.35,14.58,43.01,0.45,21.48,35.42,31.79,8.82
36081064600,Queens County,New York,True,17.0,53.69,28.86,0.0,554,94.1,4.78,8.31,125875,21.16,16.25,0.55,89.37,1.98,7.28,17.47,1.45
36081065000,Queens County,New York,True,13.85,14.71,6.86,18.55,333,97.12,5.77,10.84,133482,25.75,20.09,0.0,88.05,0.0,8.98,17.65,2.08
36081065401,Queens County,New York,True,31.95,37.41,8.74,0.0,918,89.17,12.77,12.51,104622,18.66,21.24,2.84,68.08,2.0,12.07,18.61,4.75
36081065402,Queens County,New York,False,,,,,0,,,,,,,,,,,,
36081065501,Queens County,New York,False,,,,,0,,,,,,,,,,,,
36081065600,Queens County,New York,True,38.19,44.11,34.38,0.0,1751,68.15,6.68,7.91,117800,19.01,19.86,7.31,82.53,0.62,5.68,16.85,0.76
36081065702,Queens County,New York,True,43.4,57.45,53.62,4.03,572,79.58,3.56,20.51,74821,25.95,14.56,73.73,0.47,2.45,16.53,34.98,2.75
36081065703,Queens County,New York,True,23.96,55.12,38.58,16.54,701,91.22,2.76,10.66,122434,34.81,22.3,62.77,3.41,2.54,15.45,17.83,5.34
36081065900,Queens County,New York,True,18.39,27.55,27.55,7.32,263,85.31,6.74,9.57,112917,15.2,21.43,71.07,0.0,17.12,13.22,16.14,2.79
36081066000,Queens County,New York,True,43.3,53.32,32.57,0.0,1341,87.15,1.13,3.03,137843,18.29,16.5,8.73,74.52,1.15,8.08,25.41,2.16
36081066100,Queens County,New York,True,14.76,25.97,18.18,0.0,185,94.93,5.21,12.24,116806,27.65,17.16,87.48,0.0,5.66,9.85,16.64,10.78
36081066301,Queens County,New York,True,15.62,47.86,32.48,0.0,529,98.67,2.99,10.55,92318,25.55,20.17,65.6,0.48,20.98,11.5,23.28,13.68
36081066302,Queens County,New York,False,,,,,0,,,,,,,,,,,,
36081066401,Queens County,New York,True,48.91,64.89,22.67,35.11,1136,92.39,11.38,11.09,110000,11.11,30.3,5.44,83.76,0.0,8.39,18.04,7.33
36081066402,Queens County,New York,True,32.02,71.99,7.83,20.48,1346,89.7,6.02,7.81,111494,19.52,20.17,9.36,87.18,1.11,3.8,23.05,9.78
36081066403,Queens County,New York,True,39.99,74.66,42.23,4.22,2576,94.54,21.68,12.67,100441,11.62,25.55,9.04,79.33,1.95,13.02,7.48,4.74
36081066404,Queens County,New York,False,,,,,0,,,,,,,,,,,,
36081066501,Queens County,New York,True,43.22,36.31,20.94,10.98,1768,92.46,4.14,13.05,100391,25.48,18.36,64.05,0.05,4.87,28.53,33.67,6.33
36081066701,Queens County,New York,True,40.14,30.99,14.06,8.05,1036,81.02,9.67,9.57,103594,26.2,18.36,48.14,0.5,20.81,32.03,28.72,10.56
36081066900,Queens County,New York,True,48.83,68.08,36.54,11.54,846,97.44,15.25,8.92,96484,18.74,23.76,62.12,0.0,6.09,32.15,19.41,11.62
36081067100,Queens County,New York,True,7.44,0.0,0.0,0.0,177,100.0,7.33,13.02,121266,23.64,20.78,68.23,0.0,20.74,14.28,28.12,10.32
36081067700,Queens County,New York,True,19.4,42.74,17.74,11.11,430,96.96,3.49,11.35,100313,23.3,21.29,73.59,0.42,5.76,20.34,21.12,7.46
36081067900,Queens County,New York,True,79.74,50.41,25.57,14.72,3113,91.9,15.18,20.14,78538,23.45,16.94,35.56,5.23,14.71,47.52,21.75,14.1
36081068000,Queens County,New York,True,20.87,47.35,27.94,4.49,1002,86.92,5.17,4.04,133510,14.75,15.93,0.86,84.07,2.18,15.02,11.78,1.74
36081068200,Queens County,New York,True,26.68,73.74,54.55,0.0,226,76.49,12.65,17.52,89732,20.9,23.01,0.82,83.23,1.92,10.17,16.17,0.0
36081068300,Queens County,New York,True,54.11,41.95,19.71,26.24,2262,94.38,11.61,15.79,85771,22.39,15.74,13.99,6.38,58.36,27.12,31.51,18.73
36081068700,Queens County,New York,True,67.64,60.25,35.65,9.54,2665,98.2,7.56,28.42,86193,20.39,19.8,33.08,1.54,40.0,22.68,31.49,10.52
36081069000,Queens County,New York,True,48.38,47.71,11.01,11.23,1788,70.3,4.74,2.98,111464,13.47,22.15,2.96,84.69,0.83,7.11,7.54,0.32
36081069300,Queens County,New York,True,76.28,72.01,44.88,27.52,2269,81.58,10.13,17.63,57099,15.3,17.75,24.22,1.41,20.74,49.72,37.82,19.31
36081069400,Queens County,New York,True,51.59,35.39,4.84,13.59,2139,73.77,4.03,2.92,117692,14.47,24.3,6.62,79.76,1.93,5.11,14.36,0.64
36081069500,Queens County,New York,True,50.0,41.8,19.84,4.09,1016,82.95,19.3,20.0,91591,24.33,13.12,39.53,4.15,38.89,12.06,25.68,21.0
36081069701,Queens County,New York,True,80.49,46.54,20.92,12.86,3099,76.02,4.14,15.21,102500,13.37,23.66,34.48,3.55,32.36,20.37,41.91,9.41
36081069702,Queens County,New York,True,22.04,57.57,41.45,5.93,854,86.51,11.41,17.99,92489,23.05,26.24,40.36,3.16,38.7,15.44,24.0,11.71
36081070300,Queens County,New York,True,36.75,26.2,11.82,23.15,772,94.78,7.96,13.96,106250,29.56,15.53,33.26,0.3,26.46,28.66,27.04,18.44
36081070700,Queens County,New York,True,18.17,48.77,22.84,0.0,456,98.26,2.52,7.61,138237,26.0,22.84,56.91,0.76,31.47,10.14,21.02,4.99
36081070900,Queens County,New York,True,48.95,56.26,22.43,5.88,1258,96.53,12.8,16.58,117375,16.2,28.61,40.65,1.59,32.84,17.69,26.53,5.96
36081071100,Queens County,New York,True,32.6,38.62,17.58,10.13,1879,97.8,5.95,10.89,100149,25.16,12.94,46.12,3.19,36.07,13.6,52.09,6.13
36081071303,Queens County,New York,True,60.84,61.33,39.24,1.32,3065,98.33,9.54,19.56,97563,17.73,15.48,54.01,2.81,23.65,21.57,40.55,2.92
36081071304,Queens County,New York,True,53.1,41.37,20.53,1.88,3589,94.71,12.59,20.23,100238,27.83,12.96,53.98,1.24,29.36,12.8,37.1,9.92
36081071305,Queens County,New York,True,82.08,44.96,24.19,16.19,4985,96.95,12.93,10.26,118409,14.08,25.5,55.07,1.83,18.48,25.62,28.31,9.69
36081071306,Queens County,New York,True,77.7,55.11,27.47,12.14,5580,91.8,17.07,20.98,88329,18.08,21.43,30.48,16.3,20.49,25.14,34.68,10.81
36081071600,Queens County,New York,False,,,,,0,,,,,,,,,,,,
36081071701,Queens County,New York,True,51.6,65.51,43.96,17.57,2385,83.26,17.01,29.73,67566,31.17,19.5,52.9,3.19,25.89,13.38,51.14,20.9
36081071702,Queens County,New York,True,42.9,58.28,41.47,16.97,1709,78.25,14.14,18.43,87958,20.19,14.95,33.07,7.58,39.48,12.19,31.85,9.0
36081071900,Queens County,New York,True,74.19,71.54,36.79,23.32,2616,70.6,22.95,23.96,62408,14.28,29.19,35.95,3.49,28.04,33.13,20.26,14.11
36081072100,Queens County,New York,True,28.42,43.8,38.18,15.68,1394,99.3,3.54,17.68,100976,23.18,23.47,46.29,1.13,41.3,12.42,28.19,22.96
36081072300,Queens County,New York,True,12.3,29.69,10.94,0.0,377,84.97,2.76,9.45,181250,23.48,19.16,43.48,3.39,30.26,15.59,24.03,5.44
36081072900,Queens County,New York,True,22.5,28.38,22.97,0.0,250,97.73,11.81,19.38,104767,19.2,21.83,44.1,1.71,38.76,10.74,27.29,5.51
36081073100,Queens County,New York,True,26.34,56.58,34.87,13.16,389,90.03,4.96,6.76,170913,13.92,26.04,56.96,0.0,23.78,12.65,14.21,6.03
36081073700,Queens County,New York,True,61.21,22.14,19.86,9.76,1110,86.85,0.43,9.38,151731,24.38,12.64,60.49,2.25,19.3,14.99,37.96,9.24
36081073900,Queens County,New York,True,58.07,42.56,22.69,1.25,3017,97.97,2.58,17.33,116815,16.9,17.34,46.14,1.27,30.89,10.42,34.58,4.24
36081074100,Queens County,New York,True,38.52,52.17,23.65,5.45,1346,99.22,10.9,16.85,96894,21.05,14.02,41.81,8.96,23.92,27.47,50.43,9.8
36081074300,Queens County,New York,True,55.83,78.13,31.01,4.18,2195,86.58,15.8,19.78,66972,21.96,15.2,45.61,9.11,34.58,9.97,31.68,9.57
36081074500,Queens County,New York,True,82.93,43.87,32.67,5.98,3261,90.09,18.02,34.73,63268,23.84,19.79,36.16,19.7,17.36,21.52,33.73,20.66
36081074700,Queens County,New York,True,46.54,45.91,28.38,11.22,1449,86.45,11.93,12.57,99769,26.08,16.27,19.42,2.44,38.06,29.34,28.46,16.46
36081074900,Queens County,New York,True,16.81,13.92,13.92,0.0,313,90.03,2.72,4.73,224313,16.98,26.6,44.57,0.99,37.59,13.02,13.49,1.24
36081075701,Queens County,New York,True,51.78,40.63,19.12,9.65,2497,81.92,8.59,12.61,117361,22.24,18.45,46.97,4.37,31.05,20.27,43.77,8.19
36081075702,Queens County,New York,True,37.29,41.15,20.88,14.06,1635,95.01,5.75,13.06,125316,28.24,13.19,53.68,3.04,28.43,12.87,38.45,8.43
36081076901,Queens County,New York,True,44.34,30.48,16.41,3.86,2630,97.37,4.55,10.88,111389,20.74,22.4,61.65,2.33,22.01,17.5,36.15,6.66
36081076902,Queens County,New York,True,77.07,34.77,12.1,6.61,1017,92.74,4.52,6.21,134545,9.49,23.44,36.69,0.06,23.82,21.02,32.8,8.83
36081077300,Queens County,New York,True,33.76,59.9,38.83,10.66,800,94.91,6.04,15.0,106964,19.11,12.35,52.07,4.68,22.06,22.02,48.5,0.74
36081077500,Queens County,New York,True,72.79,57.29,26.54,11.4,1444,94.97,8.68,16.41,84427,26.77,11.29,57.7,5.32,13.39,14.04,43.26,5.59
36081077902,Queens County,New York,True,37.07,85.24,70.33,38.64,1981,92.73,15.86,13.4,102363,18.54,34.1,73.05,3.14,13.13,10.19,15.91,8.96
36081077903,Queens County,New York,True,40.6,40.0,23.91,5.94,1080,90.52,7.57,21.03,96944,13.61,23.75,43.43,3.61,28.83,22.05,23.02,10.77
36081077904,Queens County,New York,True,59.63,41.18,32.31,10.72,2893,96.86,8.8,16.53,107279,18.47,18.96,43.25,0.92,20.25,19.92,40.03,17.42
36081077905,Queens County,New York,True,34.18,47.8,26.91,3.17,848,91.71,11.26,16.47,94000,22.11,15.59,29.32,17.66,22.66,19.12,34.68,6.97
36081077906,Queens County,New York,True,41.36,58.8,18.35,11.04,1754,93.57,10.24,15.63,86324,20.6,25.75,57.32,4.94,22.76,10.57,21.51,11.85
36081077907,Queens County,New York,True,74.82,66.29,19.15,14.7,2175,68.42,8.69,11.82,68226,22.71,28.78,63.36,5.34,8.59,19.95,20.73,14.46
36081077908,Queens County,New York,True,93.22,59.54,33.2,10.06,2581,53.92,16.85,24.79,79265,11.63,21.53,27.51,28.94,13.85,38.48,36.43,8.11
36081078800,Queens County,New York,True,33.33,80.3,61.08,0.0,612,90.35,3.66,17.24,105529,16.58,22.9,0.0,51.21,2.75,8.2,18.56,1.71
36081079000,Queens County,New York,True,47.25,65.97,54.81,5.83,1495,68.57,17.88,24.31,97500,13.64,20.5,2.3,52.79,7.4,12.91,9.98,4.33
36081079200,Queens County,New York,True,46.42,49.45,27.6,5.21,1217,83.32,17.29,25.08,71510,15.96,21.27,0.0,64.13,7.61,21.41,31.79,8.19
36081079300,Queens County,New York,False,,,,,0,,,,,,,,,,,,
36081079701,Queens County,New York,True,72.59,46.69,20.53,22.97,4731,82.07,16.76,18.91,62173,24.75,14.65,3.72,3.05,90.33,1.36,27.84,43.67
36081079702,Queens County,New York,True,80.63,61.43,39.79,8.7,2797,77.12,34.16,36.9,48147,23.71,19.41,2.4,0.94,86.32,7.66,31.02,53.82
36081079900,Queens County,New York,True,59.15,84.02,44.55,19.08,2074,71.22,41.71,40.17,48980,16.57,23.96,16.44,0.03,62.87,21.01,27.69,37.97
36081080301,Queens County,New York,True,67.73,67.17,43.78,10.6,2347,70.55,14.66,19.36,59817,8.45,28.38,11.71,0.86,59.96,26.14,20.09,33.57
36081080302,Queens County,New York,True,21.54,10.55,0.0,0.0,1018,79.75,15.4,22.49,82358,26.33,19.39,25.36,1.13,57.77,15.18,13.75,37.79
36081080900,Queens County,New York,True,22.88,68.31,32.71,26.32,2101,97.68,8.83,26.7,55716,17.47,27.47,54.32,3.79,26.06,18.64,30.98,9.66
36081081400,Queens County,New York,True,15.67,70.62,30.0,21.88,569,77.52,18.21,11.85,105179,15.06,19.54,5.73,34.1,21.87,22.77,6.07,4.8
36081081800,Queens County,New York,True,28.75,31.33,22.49,14.68,1332,68.36,10.95,12.27,130457,19.52,16.31,2.65,37.18,31.43,11.45,5.59,10.62
36081083700,Queens County,New York,True,37.06,73.42,53.6,7.1,1647,85.82,10.99,16.7,70028,23.72,15.25,16.86,0.57,73.96,11.1,16.21,31.63
36081083800,Queens County,New York,True,35.02,63.54,32.85,23.44,1907,90.0,7.11,10.21,100354,16.27,13.21,11.96,11.17,29.26,22.38,9.67,6.71
36081084000,Queens County,New York,True,14.43,67.05,58.14,10.53,1245,77.14,14.0,11.87,87614,20.35,14.51,10.96,8.27,37.31,24.56,9.07,7.03
36081084500,Queens County,New York,True,88.01,68.13,39.64,17.23,3605,66.47,24.15,52.6,29552,36.82,10.45,7.85,6.61,55.85,29.75,51.27,43.39
36081084601,Queens County,New York,True,18.64,22.52,3.97,11.92,421,92.94,3.77,10.0,102692,18.05,17.34,12.54,10.16,29.55,26.5,11.73,4.73
36081084602,Queens County,New York,True,28.94,89.71,66.18,0.0,379,73.4,28.14,1.7,91953,6.75,26.25,17.69,28.31,14.94,45.12,3.83,17.77
36081084901,Queens County,New York,True,85.3,47.17,33.48,14.45,2697,61.07,34.23,26.94,95551,17.68,12.48,2.4,1.25,81.93,13.56,23.84,56.26
36081084902,Queens County,New York,True,74.42,65.72,39.77,19.68,3030,56.5,40.57,45.58,40901,17.46,12.59,6.23,3.26,84.29,9.46,26.47,55.55
36081085300,Queens County,New York,True,47.85,73.72,25.34,6.48,2178,77.34,17.83,45.19,35985,27.07,10.54,5.24,1.78,74.36,17.46,34.13,46.29
36081085500,Queens County,New York,True,88.31,70.81,41.78,25.43,5319,81.71,16.12,33.11,42611,27.19,13.02,6.42,3.44,73.46,17.36,39.67,38.85
36081085700,Queens County,New York,True,74.08,64.48,38.32,36.11,4149,78.23,14.7,29.95,54914,24.48,12.92,8.08,2.43,67.39,17.68,30.0,33.44
36081085900,Queens County,New York,True,50.31,61.13,27.38,13.81,2622,82.04,21.81,30.51,60460,26.23,12.35,12.93,0.41,75.65,12.76,27.17,43.07
36081086100,Queens County,New York,True,50.39,71.14,35.28,33.51,998,78.44,26.41,32.72,42026,31.89,14.1,4.38,4.33,76.48,14.8,29.19,48.81
36081086300,Queens County,New York,True,68.6,71.66,32.73,26.69,5108,75.99,23.09,27.72,53839,18.57,12.65,7.51,0.12,70.16,21.89,13.13,43.45
36081086400,Queens County,New York,True,40.22,41.01,31.86,18.73,1186,85.3,13.35,12.39,128398,15.5,15.01,14.18,10.61,17.96,48.89,8.87,4.47
36081086500,Queens County,New York,True,72.71,69.89,48.47,15.69,3381,72.58,14.39,26.78,65433,27.74,6.45,10.39,0.47,73.61,11.69,43.42,36.67
36081086900,Queens County,New York,True,76.32,55.39,40.57,10.82,1298,42.33,14.34,27.09,95469,16.52,10.81,9.8,1.26,76.77,16.92,38.99,32.11
36081087100,Queens County,New York,True,75.34,68.95,36.41,8.3,4012,16.11,24.42,31.75,52250,22.24,13.35,4.44,11.11,72.0,11.94,31.59,26.94
36081088400,Queens County,New York,True,30.38,60.46,34.73,12.91,2472,87.14,10.22,16.03,96806,26.5,21.67,72.68,6.3,2.23,19.49,22.02,6.92
36081088902,Queens County,New York,True,59.18,59.87,26.63,16.8,3812,73.66,23.44,32.79,59200,20.84,10.52,20.47,4.47,52.29,26.08,25.16,28.83
36081088903,Queens County,New York,True,20.41,82.1,51.09,0.0,748,94.23,22.81,33.74,53393,32.04,11.39,11.81,1.51,73.93,8.6,22.07,38.24
36081089201,Queens County,New York,True,12.39,66.06,41.24,0.0,1000,87.23,2.67,10.49,155291,21.54,28.35,83.34,1.61,1.24,10.36,15.03,4.32
36081089202,Queens County,New York,False,,,,,0,,,,,,,,,,,,
36081090700,Queens County,New York,True,24.2,70.59,63.97,5.88,358,90.67,7.44,9.96,101023,22.11,19.5,31.25,0.59,42.4,23.94,14.06,20.18
36081091602,Queens County,New York,True,100.0,0.0,0.0,0.0,16,0.0,0.0,0.0,,0.0,0.0,0.0,100.0,0.0,0.0,0.0,0.0
36081091603,Queens County,New York,True,0.54,100.0,100.0,0.0,10,52.86,6.66,15.23,122443,26.58,17.27,97.3,0.0,0.59,0.02,36.51,0.71
36081091604,Queens County,New York,False,,,,,0,,,,,,,,,,,,
36081091800,Queens County,New York,True,0.0,,,,0,100.0,0.0,0.0,,100.0,0.0,100.0,0.0,0.0,0.0,0.0,0.0
36081091900,Queens County,New York,True,40.21,72.81,40.27,5.87,2048,69.55,14.53,17.5,106612,30.51,19.16,23.57,4.64,42.43,32.38,29.73,21.98
36081092200,Queens County,New York,True,9.18,35.53,25.0,0.0,235,86.05,3.64,8.7,175682,14.84,26.56,90.29,0.0,0.26,5.6,27.17,0.93
36081092500,Queens County,New York,True,61.05,74.72,41.3,19.75,2516,82.83,17.22,20.66,64107,16.21,26.66,16.87,0.18,41.43,42.33,16.78,18.14
36081092800,Queens County,New York,True,9.08,24.76,2.86,0.0,289,94.25,4.43,8.39,162798,29.66,20.08,95.21,0.39,1.74,3.17,13.75,2.56
36081092900,Queens County,New York,True,48.77,53.09,33.75,15.83,3333,81.95,7.95,5.87,112324,19.83,19.69,20.42,0.03,33.64,44.92,13.73,24.92
36081093401,Queens County,New York,True,35.64,26.79,22.32,8.94,1117,88.24,12.69,18.43,131471,23.78,27.39,87.52,1.91,1.58,14.02,34.82,3.13
36081093402,Queens County,New York,True,52.52,41.03,25.11,3.61,1609,76.65,9.82,13.46,107371,18.3,25.57,79.14,4.63,0.62,20.48,42.38,1.34
36081093800,Queens County,New York,True,83.61,42.26,23.84,9.95,3513,90.65,10.96,17.42,81573,24.68,16.88,68.59,7.14,3.08,25.89,37.7,3.69
36081093900,Queens County,New York,True,61.65,52.43,39.11,13.58,3532,40.72,5.37,9.56,79471,16.0,24.95,17.2,3.01,42.45,37.91,17.65,22.83
36081094201,Queens County,New York,True,66.54,54.17,16.9,3.93,1977,23.56,21.27,12.62,75966,19.67,23.04,39.32,28.56,9.43,20.75,42.72,3.31
36081094202,Queens County,New York,True,64.86,55.95,37.91,5.69,3627,55.32,31.14,34.44,56800,8.34,31.28,23.58,44.96,2.45,26.78,28.04,7.65
36081094203,Queens County,New York,True,53.03,57.4,42.05,7.41,2911,84.08,12.27,29.35,48482,32.36,16.46,59.86,16.25,0.92,23.33,47.14,8.32
36081094500,Queens County,New York,True,21.82,67.52,46.58,12.33,1019,71.31,14.27,14.33,79406,33.63,17.76,41.56,0.03,36.15,23.07,20.58,19.4
36081094700,Queens County,New York,True,55.56,42.16,42.16,10.82,1668,91.0,12.67,15.56,85819,12.15,19.94,20.23,3.71,29.46,49.62,10.46,21.43
36081095400,Queens County,New York,True,47.26,81.03,39.08,14.26,2960,53.38,20.71,24.29,82053,9.87,31.07,13.61,54.68,1.85,28.06,26.51,3.0
36081096400,Queens County,New York,True,44.81,61.64,28.31,8.45,2839,27.75,22.36,24.41,89432,13.62,24.76,9.42,54.89,13.97,20.41,23.47,8.93
36081097202,Queens County,New York,True,100.0,65.84,46.77,16.62,3479,87.92,45.36,57.62,22500,9.03,37.6,1.44,85.43,0.75,12.7,40.54,3.75
36081097204,Queens County,New York,True,80.99,35.71,14.67,6.95,2563,76.6,14.07,15.59,73180,24.42,24.57,5.57,60.41,3.86,28.44,42.36,11.26
36081097205,Queens County,New York,True,100.0,49.18,26.57,18.08,3318,83.08,58.05,61.36,21295,10.19,29.48,15.07,60.49,8.23,37.13,38.18,7.1
36081097206,Queens County,New York,True,81.74,51.0,16.97,5.01,2229,69.4,28.73,40.24,34679,20.46,14.61,2.96,68.2,3.0,14.5,33.68,5.22
36081097207,Queens County,New York,False,,,,,0,,,,,,,,,,,,
36081097300,Queens County,New York,True,15.82,94.49,47.24,0.0,265,90.56,5.67,13.95,86008,28.45,14.13,74.91,0.8,13.28,16.02,21.05,9.41
36081098100,Queens County,New York,True,25.7,23.53,0.0,6.99,522,80.13,6.84,8.75,129250,15.93,13.96,65.41,0.0,19.39,16.89,16.95,7.49
36081098700,Queens County,New York,True,34.36,40.14,27.21,0.0,877,77.76,8.26,13.56,105313,23.08,17.33,77.69,2.05,13.74,8.07,30.0,3.74
36081099100,Queens County,New York,True,9.97,60.14,30.07,6.29,740,91.07,4.32,11.23,110250,32.97,20.18,67.75,0.0,13.12,18.6,32.98,8.64
36081099200,Queens County,New York,True,82.84,64.64,36.82,14.53,3512,48.51,42.63,43.89,36736,16.36,29.69,25.35,42.95,4.27,35.72,27.68,3.55
36081099701,Queens County,New York,True,8.26,40.43,15.96,0.0,201,91.92,9.47,9.05,93368,29.72,18.87,60.23,0.0,26.96,6.46,33.3,8.77
36081099703,Queens County,New York,True,31.19,35.05,13.71,0.0,1431,83.65,9.51,13.45,122188,29.03,19.38,55.28,3.21,30.45,11.55,39.25,8.0
36081099704,Queens County,New York,True,28.51,57.5,31.9,5.4,1726,72.16,11.13,22.62,87323,36.71,12.19,61.39,2.01,22.72,12.24,51.8,9.52
36081099705,Queens County,New York,True,20.7,55.71,37.44,0.0,903,37.37,13.15,22.35,117283,26.88,7.96,34.73,1.39,42.66,24.32,23.01,15.01
36081099801,Queens County,New York,True,72.55,53.89,39.19,22.06,5791,93.79,16.54,23.01,70278,17.59,17.72,3.87,55.0,4.42,26.38,21.63,7.58
36081099802,Queens County,New York,True,90.82,53.57,31.02,5.23,4641,57.74,27.4,37.74,41654,28.71,16.13,13.36,57.56,5.93,24.58,52.59,13.8
36081099900,Queens County,New York,False,,,,,0,,,,,,,,,,,,
36081100801,Queens County,New York,True,30.03,47.62,0.0,24.06,795,88.39,4.91,9.49,136800,18.83,24.01,28.62,43.15,3.37,16.21,15.44,8.3
36081100803,Queens County,New York,True,52.62,60.95,51.3,15.27,2242,63.73,20.92,36.92,46534,17.62,28.99,6.8,44.25,0.87,41.84,21.0,17.88
36081100804,Queens County,New York,True,47.49,47.14,15.4,5.2,1836,52.97,8.94,12.9,106235,12.38,32.05,33.67,54.94,0.45,9.51,15.79,1.96
36081101002,Queens County,New York,True,51.07,62.11,22.27,10.45,1852,79.94,14.17,32.5,77188,15.64,46.27,74.67,6.9,12.99,8.05,33.03,4.52
36081101003,Queens County,New York,True,79.72,40.64,26.03,11.93,2561,86.06,19.27,36.36,72254,18.57,34.59,51.97,14.93,4.08,24.86,42.52,5.48
36081101004,Queens County,New York,True,77.74,60.77,31.91,10.26,3928,78.33,28.64,42.08,48236,27.04,20.41,38.01,38.17,5.21,22.73,39.02,8.43
36081101700,Queens County,New York,True,7.66,28.5,28.5,11.4,579,93.52,8.48,17.39,110572,25.99,18.03,51.26,0.06,27.94,11.88,32.99,11.03
36081102900,Queens County,New York,True,51.75,52.96,38.08,11.29,1698,75.2,6.8,17.27,102972,15.65,15.23,55.85,0.76,23.47,17.54,36.0,9.35
36081103201,Queens County,New York,True,86.84,62.84,33.19,18.08,5543,93.74,35.26,41.81,50123,6.88,33.89,2.29,36.05,2.49,50.03,26.42,16.7
36081103202,Queens County,New York,True,68.23,60.11,21.88,19.98,5230,75.53,15.33,18.19,77069,13.52,32.45,42.66,29.15,0.22,30.42,16.93,13.39
36081103300,Queens County,New York,True,29.02,53.62,29.93,7.14,1170,84.66,9.92,13.6,123810,25.62,17.96,46.36,0.21,39.84,7.45,15.61,10.37
36081103900,Queens County,New York,True,33.98,68.06,51.56,5.59,2113,92.44,8.43,5.61,76587,23.78,18.81,32.94,0.0,38.46,23.18,19.6,17.27
36081104700,Queens County,New York,True,37.63,75.77,33.6,4.23,2232,83.31,15.77,18.94,66683,25.15,10.99,32.39,0.36,51.91,16.13,33.73,27.5
36081105900,Queens County,New York,True,5.51,100.0,78.43,0.0,145,94.19,8.52,14.93,109000,20.13,23.15,51.28,0.22,38.67,6.87,14.63,15.78
36081107201,Queens County,New York,True,22.31,49.48,17.53,0.0,363,87.3,2.57,7.07,111354,20.36,14.65,91.76,2.09,1.31,7.5,32.1,0.28
36081107202,Queens County,New York,False,,,,,0,,,,,,,,,,,,
36081108500,Queens County,New York,True,23.35,44.64,20.09,3.23,762,93.67,8.95,9.6,71111,27.37,18.07,49.48,0.5,36.28,13.06,15.73,17.92
36081109300,Queens County,New York,True,5.42,83.33,70.37,0.0,90,82.75,6.2,23.07,125536,30.36,16.83,50.33,1.28,39.77,7.69,30.89,13.89
36081109700,Queens County,New York,True,37.14,31.82,20.2,3.24,603,84.56,3.84,13.53,134145,22.21,16.95,50.47,0.63,40.47,8.63,16.99,5.76
36081109900,Queens County,New York,True,26.33,61.59,20.95,11.35,784,82.56,11.51,8.4,96250,16.66,28.16,38.73,0.24,32.31,17.19,14.14,6.3
36081111300,Queens County,New York,True,36.97,46.64,28.73,3.25,867,77.68,10.69,14.05,143917,20.34,26.46,32.24,3.65,42.82,19.49,7.8,14.09
36081112300,Queens County,New York,True,70.85,41.13,26.33,22.57,1508,79.24,19.56,17.71,93194,18.33,22.94,40.37,2.01,36.78,28.96,16.36,17.08
36081112900,Queens County,New York,True,35.53,50.53,27.13,3.78,890,81.99,6.03,16.97,104688,21.78,18.51,38.48,0.73,36.84,23.82,20.63,16.54
36081113300,Queens County,New York,True,20.0,56.73,23.08,4.58,332,94.01,11.41,20.15,111094,20.31,15.62,46.92,0.0,44.33,12.11,32.06,11.83
36081113900,Queens County,New York,True,54.25,39.78,27.01,16.27,2001,90.15,14.1,13.37,85485,19.43,21.57,38.81,1.43,39.89,15.35,28.75,19.58
36081114100,Queens County,New York,True,19.0,66.91,66.91,26.38,487,92.87,4.64,8.39,121579,24.78,22.9,58.1,0.0,35.19,10.58,12.94,12.02
36081114700,Queens County,New York,True,33.71,62.28,21.56,0.0,593,92.45,10.84,8.75,102135,19.8,19.63,47.25,0.0,43.2,6.69,11.99,16.98
36081115100,Queens County,New York,True,16.09,45.24,45.24,21.31,143,88.18,5.3,17.41,108542,30.35,15.68,25.25,0.0,53.05,21.18,25.86,22.4
36081115500,Queens County,New York,True,54.43,35.53,15.26,33.58,1431,90.53,14.21,18.96,109063,19.32,18.59,24.62,0.32,34.31,32.25,19.51,20.3
36081115700,Queens County,New York,True,50.21,69.95,33.51,24.54,1647,88.62,24.2,30.38,64153,19.29,19.83,21.88,4.53,63.17,11.32,23.38,29.0
36081115900,Queens County,New York,True,58.17,67.11,36.4,20.19,2363,80.91,11.59,22.94,61776,21.22,14.99,15.61,4.73,67.54,8.0,27.34,24.17
36081116100,Queens County,New York,True,56.74,51.1,44.49,11.42,1539,64.38,20.43,31.17,43417,30.41,9.82,7.2,4.61,76.79,13.19,34.16,37.03
36081116301,Queens County,New York,True,79.75,69.15,45.07,13.51,2799,63.61,28.51,25.43,65526,28.28,8.8,9.19,5.63,65.74,17.78,21.78,31.72
36081116302,Queens County,New York,True,71.62,58.94,45.38,18.42,2602,89.07,50.96,36.35,53631,25.2,25.79,7.46,4.67,64.55,24.84,34.27,38.2
36081116700,Queens County,New York,True,82.76,61.73,35.99,24.95,1588,73.44,18.18,29.66,62857,17.34,20.35,7.82,1.96,68.5,22.25,28.73,38.72
36081117100,Queens County,New York,True,64.1,59.6,45.7,0.33,1192,75.0,11.72,19.11,78856,20.08,12.83,16.87,1.58,66.89,14.34,22.6,23.85
36081117500,Queens County,New York,True,53.91,66.7,30.66,6.87,2062,78.86,16.69,18.76,78098,11.29,22.2,17.29,1.39,59.39,18.32,31.15,15.67
36081118100,Queens County,New York,True,64.44,49.72,31.07,10.36,1133,67.7,8.71,6.39,100536,17.26,17.11,36.73,1.84,43.75,21.31,14.51,12.63
36081118500,Queens County,New York,True,71.17,67.64,36.63,7.56,1362,59.07,15.71,18.9,67277,15.16,11.31,14.06,2.1,50.18,38.12,11.03,30.12
36081118700,Queens County,New York,True,58.74,55.76,33.74,32.77,1211,66.31,17.3,23.12,71657,23.69,18.35,11.17,0.16,71.6,15.04,24.78,41.53
36081118900,Queens County,New York,True,61.58,81.45,21.27,0.0,825,53.85,5.76,15.69,56446,20.33,10.95,9.86,0.0,74.05,16.0,42.53,32.42
36081119100,Queens County,New York,True,53.41,72.66,59.35,4.2,1428,68.57,22.69,25.12,68355,20.11,13.81,15.86,0.0,68.56,16.05,15.22,36.88
36081119300,Queens County,New York,True,44.07,73.61,46.18,19.27,1056,90.73,15.35,23.99,54273,29.28,20.64,11.13,0.0,46.29,31.81,25.47,27.21
36081119500,Queens County,New York,True,38.59,51.83,46.34,8.54,406,91.28,9.32,16.47,94010,14.53,19.74,17.02,0.15,54.29,28.69,16.24,30.43
36081119900,Queens County,New York,True,6.03,0.0,0.0,0.0,109,95.61,6.68,6.03,123519,25.4,15.94,25.22,0.36,68.83,3.03,6.42,23.44
36081120100,Queens County,New York,True,44.09,61.82,13.64,0.91,555,84.2,16.32,2.61,86125,29.88,13.45,16.75,0.45,69.6,14.55,19.04,35.7
36081120300,Queens County,New York,True,45.95,47.78,47.78,13.79,543,89.03,11.48,21.48,61000,25.47,15.8,10.32,0.06,80.46,8.7,21.83,43.65
36081120500,Queens County,New York,True,71.52,67.74,46.88,12.01,1441,67.12,22.68,52.57,26563,32.78,19.0,4.61,2.59,86.47,1.84,43.46,41.62
36081120701,Queens County,New York,True,11.24,46.43,13.1,21.43,319,84.8,7.41,10.55,115750,23.05,14.11,26.28,0.89,53.86,16.89,6.65,28.58
36081120702,Queens County,New York,False,,,,,0,,,,,,,,,,,,
36081121100,Queens County,New York,False,,,,,0,,,,,,,,,,,,
36081121500,Queens County,New York,True,49.09,66.61,10.38,31.75,2075,87.6,9.77,10.27,92412,14.48,26.31,12.78,3.17,56.99,17.26,12.09,26.42
36081122300,Queens County,New York,True,21.41,52.71,31.77,11.55,668,84.24,8.09,8.27,96313,21.42,17.4,32.66,3.1,59.57,7.01,14.68,30.4
36081122702,Queens County,New York,True,87.23,50.59,13.18,8.0,5402,81.94,31.12,52.71,26161,18.89,22.23,19.38,28.99,16.93,31.21,37.52,16.44
36081122703,Queens County,New York,True,62.26,45.27,18.24,3.5,3902,93.69,12.5,19.83,68089,18.84,16.66,24.08,16.16,18.06,36.01,42.55,12.32
36081122704,Queens County,New York,True,57.23,56.28,35.36,5.07,2106,49.64,11.19,27.32,82292,17.41,15.71,30.61,4.23,28.04,33.58,35.87,15.82
36081124100,Queens County,New York,True,25.61,54.29,8.89,5.34,1102,86.03,4.03,2.88,96560,27.34,16.8,32.73,8.32,46.15,11.22,20.29,11.72
36081124700,Queens County,New York,True,12.73,13.38,0.0,0.0,644,95.73,4.17,6.44,118813,18.49,28.41,42.85,0.31,50.27,0.23,7.8,17.3
36081125700,Queens County,New York,True,36.11,54.49,31.01,12.87,963,74.26,11.24,16.84,107125,25.93,13.38,7.18,7.02,32.45,44.4,31.85,20.4
36081126500,Queens County,New York,True,38.81,49.62,43.51,11.45,615,89.09,14.28,14.67,146250,21.39,13.14,24.56,3.12,51.18,18.99,19.41,13.8
36081126700,Queens County,New York,True,34.09,35.0,23.5,2.67,665,97.4,8.5,8.48,98000,7.2,15.35,36.91,21.75,17.5,29.09,16.36,5.1
36081127700,Queens County,New York,True,11.04,75.21,75.21,0.0,427,91.96,8.34,8.21,119591,32.72,16.11,57.82,6.38,15.91,7.08,14.81,6.07
36081128300,Queens County,New York,False,,,,,0,,,,,,,,,,,,
36081129102,Queens County,New York,True,3.15,62.5,62.5,0.0,102,96.55,7.49,14.9,150263,26.14,26.11,54.77,0.47,31.28,8.2,19.12,6.7
36081129103,Queens County,New York,True,33.37,49.49,35.85,2.9,1407,93.17,12.97,17.7,79367,27.37,23.93,54.82,0.98,23.02,18.81,41.05,9.77
36081129104,Queens County,New York,True,20.14,30.42,26.76,0.0,865,95.0,8.25,13.67,127303,23.81,18.87,32.47,5.15,41.36,15.72,32.79,11.65
36081130100,Queens County,New York,True,14.27,60.27,47.77,5.96,513,95.18,6.05,19.67,94854,33.8,10.29,12.93,25.07,31.45,24.85,25.68,4.79
36081133300,Queens County,New York,True,33.45,9.79,5.92,1.43,920,89.15,10.27,9.64,138602,20.23,17.76,43.77,1.24,40.27,14.62,19.9,4.27
36081133900,Queens County,New York,True,0.62,0.0,0.0,100.0,48,100.0,6.58,4.55,129934,31.56,23.09,50.38,0.35,37.72,8.4,10.56,9.99
36081134100,Queens County,New York,True,41.73,55.19,29.36,1.68,910,87.38,8.89,31.76,59033,24.47,15.96,28.88,0.0,66.19,7.32,26.33,20.76
36081134701,Queens County,New York,True,93.64,50.68,30.02,5.87,4420,79.23,7.61,14.82,92125,18.07,21.75,15.28,15.68,43.58,27.84,29.99,11.45
36081134702,Queens County,New York,True,72.67,46.1,24.47,11.23,3647,97.19,9.51,14.38,84031,14.76,24.51,14.01,16.92,56.6,12.8,33.13,17.18
36081136700,Queens County,New York,True,31.73,70.45,26.87,11.38,2333,88.93,6.15,16.48,82139,25.78,16.75,20.92,2.13,65.95,9.42,34.03,14.94
36081137700,Queens County,New York,True,39.8,65.6,46.04,0.0,2282,77.61,4.66,14.47,99140,18.69,22.19,29.15,5.06,53.59,14.94,29.26,14.64
36081138501,Queens County,New York,True,49.9,63.78,42.2,20.85,2091,82.59,11.82,16.91,92132,18.98,27.36,25.78,0.0,54.69,17.04,20.12,14.39
36081138502,Queens County,New York,False,,,,,0,,42.25,,,35.87,1.09,81.52,3.26,5.43,11.96,,3.26
36081139900,Queens County,New York,True,8.83,100.0,85.37,0.0,85,98.66,9.05,14.85,128000,21.4,17.07,20.81,0.0,62.77,20.94,17.48,12.45
36081140300,Queens County,New York,True,11.77,66.07,41.07,0.0,270,93.58,10.66,20.38,71842,25.38,18.07,20.82,0.0,74.25,3.66,20.13,29.2
36081140901,Queens County,New York,True,31.99,0.0,0.0,0.0,320,98.76,5.39,7.45,130281,24.09,22.15,19.46,0.11,45.91,33.55,7.14,18.19
36081140902,Queens County,New York,True,28.64,38.89,27.22,0.0,545,85.87,8.46,9.58,120208,19.84,18.8,25.55,0.12,69.82,5.79,23.79,18.13
36081141700,Queens County,New York,True,19.35,93.26,69.43,6.35,813,86.66,15.58,13.92,76275,21.35,18.14,19.49,2.53,59.6,16.37,18.71,16.08
36081142900,Queens County,New York,True,23.91,30.65,11.88,12.12,964,87.83,6.06,22.9,100864,22.73,18.19,34.31,0.0,50.92,14.87,30.8,18.85
36081143500,Queens County,New York,True,12.12,16.3,3.26,0.0,280,79.08,4.23,9.49,121875,17.5,16.69,27.96,0.81,51.34,5.12,14.1,16.37
36081144100,Queens County,New York,True,22.18,38.26,25.22,14.18,612,95.17,5.9,12.74,111410,16.82,19.02,40.31,0.0,54.63,4.46,24.04,19.85
36081144700,Queens County,New York,True,40.31,62.18,35.29,7.42,1560,65.95,21.0,11.96,94766,16.51,23.31,17.06,12.28,56.4,21.15,16.01,20.36
36081145101,Queens County,New York,True,36.08,46.62,33.78,0.0,213,70.16,9.36,13.21,71154,22.57,15.5,30.64,0.54,65.55,1.54,30.9,23.83
36081145102,Queens County,New York,True,24.15,67.45,44.81,2.71,522,80.65,5.72,21.86,93523,32.91,12.03,37.82,0.47,39.31,22.41,19.56,19.61
36081145900,Queens County,New York,True,24.27,53.47,21.29,5.15,564,94.31,9.32,11.88,125962,17.91,15.21,34.92,0.0,45.24,25.39,20.62,16.78
36081146300,Queens County,New York,True,52.9,53.28,26.28,2.44,1266,92.13,7.3,7.93,87244,27.54,19.46,33.95,7.09,36.13,18.51,37.51,14.62
36081146700,Queens County,New York,True,73.79,41.74,15.38,4.44,2067,81.08,9.63,10.9,106538,19.48,9.99,51.34,3.69,33.38,9.74,38.32,14.29
36081147100,Queens County,New York,True,30.19,52.84,44.44,0.0,1139,87.22,17.64,22.48,106615,18.32,19.71,44.36,1.81,32.02,20.76,34.76,9.25
36081147900,Queens County,New York,True,39.15,70.57,36.31,6.14,1466,85.79,10.21,14.6,92045,21.51,16.59,41.12,1.55,36.36,17.49,32.38,18.67
36081148300,Queens County,New York,True,6.41,29.17,29.17,0.0,190,98.19,4.91,8.17,178509,36.92,19.33,71.15,0.0,22.93,2.96,13.0,7.25
36081150701,Queens County,New York,True,31.08,61.59,7.93,2.26,927,87.9,4.32,5.79,158875,26.35,17.96,51.97,0.54,33.78,15.75,12.82,7.82
36081150702,Queens County,New York,True,23.89,62.61,42.61,0.0,569,85.28,6.01,10.63,107375,32.0,19.81,49.62,2.3,40.65,6.25,34.06,8.31
36081152901,Queens County,New York,True,26.83,21.57,10.78,0.0,1660,78.93,8.68,10.78,100909,26.21,14.52,31.82,13.74,43.74,10.55,31.52,17.96
36081152902,Queens County,New York,True,20.88,39.54,12.28,0.0,1533,87.07,1.73,5.69,129832,24.21,12.11,30.93,0.7,57.11,8.55,17.35,8.56
36081155101,Queens County,New York,True,5.48,73.81,32.14,0.0,133,92.8,7.64,14.87,89931,87.95,0.6,96.14,0.55,2.25,0.55,62.3,0.0
36081155103,Queens County,New York,True,44.04,33.51,10.38,1.03,2034,91.97,8.39,7.8,114526,25.37,14.72,48.89,12.25,19.62,14.51,35.65,2.59
36081155104,Queens County,New York,True,50.04,31.81,22.67,0.0,1481,96.72,11.1,15.54,88882,33.78,14.73,36.83,10.53,44.15,9.42,37.66,9.68
36081156700,Queens County,New York,True,75.17,51.54,39.21,10.57,583,3.54,30.61,26.16,59722,18.39,11.65,21.82,26.33,36.95,16.22,22.19,9.32
36081157101,Queens County,New York,True,29.52,63.24,21.81,13.48,2368,90.95,9.01,9.85,90575,31.09,11.69,19.91,3.63,59.56,14.86,20.22,8.84
36081157102,Queens County,New York,True,37.25,29.22,8.22,12.28,565,84.53,3.64,3.27,118250,27.23,15.92,13.48,1.9,50.98,31.41,15.52,5.05
36081157901,Queens County,New York,True,11.17,31.82,20.13,20.11,481,92.38,14.06,11.61,133542,34.06,12.38,14.42,0.0,66.69,12.88,25.22,13.94
36081157902,Queens County,New York,True,4.24,35.19,20.37,0.0,147,99.07,4.1,9.73,107153,40.23,15.1,18.01,0.6,68.79,13.83,11.15,9.7
36081157903,Queens County,New York,True,24.85,34.06,9.42,3.83,610,95.43,4.22,11.43,127533,19.97,22.42,19.69,3.87,66.14,8.72,21.21,11.46
36081161700,Queens County,New York,True,19.86,62.28,30.8,18.91,925,89.88,5.95,8.59,119688,16.15,21.06,30.35,7.87,30.56,25.34,11.2,5.55
36081162100,Queens County,New York,True,42.98,30.81,5.38,4.19,2224,92.52,2.75,7.1,121101,20.47,17.07,14.12,8.34,61.44,15.47,18.33,9.12
36081990100,Queens County,New York,False,,,,,0,,,,,,,,,,,,
36085000300,Richmond County,New York,True,68.57,58.6,24.19,19.08,1231,64.81,21.02,12.66,77981,17.15,12.18,36.95,16.46,26.79,17.89,53.27,6.86
36085000600,Richmond County,New York,True,57.24,50.0,31.79,3.83,1017,44.19,17.95,47.38,34492,31.07,14.02,58.64,7.55,12.23,30.53,56.15,14.23
36085000700,Richmond County,New York,True,80.74,55.61,35.14,12.44,4450,89.91,39.97,33.16,52813,15.72,29.84,19.68,48.6,4.01,30.97,26.62,3.66
36085000800,Richmond County,New York,True,25.3,44.04,25.74,3.62,1217,56.07,12.21,16.95,91438,11.97,19.93,38.32,9.17,37.74,14.93,12.76,10.58
36085000900,Richmond County,New York,True,67.71,53.42,42.14,4.79,1434,86.65,20.37,12.38,66208,12.13,27.12,24.94,53.51,3.58,19.19,26.97,0.65
36085001100,Richmond County,New York,True,54.65,80.86,54.22,13.69,2320,87.4,34.11,25.2,57368,6.86,26.9,15.89,31.62,6.41,45.51,16.22,9.17
36085001700,Richmond County,New York,True,41.18,77.96,62.86,0.0,416,81.16,9.28,25.21,64006,17.7,16.54,46.89,28.69,11.42,10.5,39.83,5.53
36085001800,Richmond County,New York,True,100.0,24.29,17.14,0.0,427,80.91,6.32,8.9,67273,2.0,36.3,47.88,20.94,5.57,19.6,29.45,2.68
36085002001,Richmond County,New York,True,28.04,53.11,33.97,6.81,791,61.4,3.72,13.56,69620,30.61,7.51,79.27,0.55,10.09,11.64,45.89,7.57
36085002002,Richmond County,New York,True,40.98,85.71,47.8,0.0,712,80.52,3.14,16.34,66641,21.27,12.06,66.7,3.23,17.79,9.72,43.53,3.44
36085002100,Richmond County,New York,True,80.05,60.46,39.42,21.98,4283,36.41,23.94,20.28,46667,10.12,19.15,38.96,29.24,3.72,45.95,33.33,11.25
36085002700,Richmond County,New York,True,77.22,75.74,55.41,36.72,1380,76.15,63.66,23.8,45848,19.64,24.86,17.47,24.51,4.38,52.0,14.43,16.79
36085002900,Richmond County,New York,True,68.1,48.14,26.94,7.22,3538,73.36,33.21,43.58,50189,9.03,24.79,12.17,50.83,12.74,31.92,27.53,9.69
36085003300,Richmond County,New York,True,43.18,64.27,30.18,4.54,1281,78.35,13.16,16.52,95317,15.28,26.33,45.64,28.42,10.44,15.99,34.92,4.64
36085003600,Richmond County,New York,True,33.22,37.37,23.88,9.34,802,55.54,13.23,11.61,88929,14.38,21.95,41.45,3.63,29.87,26.88,11.84,18.61
36085003900,Richmond County,New York,True,75.77,44.11,17.67,9.58,1605,84.24,10.31,11.25,103702,15.62,14.9,52.28,13.54,11.65,26.41,37.3,0.55
36085004001,Richmond County,New York,True,34.85,54.79,36.44,11.2,1250,63.64,5.37,10.62,59962,23.21,18.41,39.76,28.63,15.93,11.98,28.58,13.94
36085004002,Richmond County,New York,True,17.91,85.47,85.47,0.0,253,18.27,8.54,22.04,74759,16.01,13.27,13.89,20.66,54.25,16.38,21.91,17.32
36085004003,Richmond County,New York,True,92.76,40.96,23.22,10.25,3240,96.53,40.74,51.53,24896,9.13,24.88,5.29,73.02,2.39,25.45,37.05,9.94
36085004004,Richmond County,New York,True,44.55,48.77,42.42,10.1,1190,78.71,14.47,29.25,120497,7.33,16.93,12.57,30.73,27.31,38.99,17.01,18.97
36085004700,Richmond County,New York,True,41.59,68.21,14.2,18.91,899,69.89,7.51,13.47,108750,14.11,18.06,46.31,25.64,15.13,12.75,34.59,4.2
36085005000,Richmond County,New York,True,27.2,77.26,27.91,21.08,828,43.22,10.65,14.2,74890,19.49,22.96,51.42,5.2,27.78,22.64,18.4,17.1
36085005901,Richmond County,New York,True,43.8,40.62,14.23,2.21,1247,94.02,3.92,9.06,95863,14.08,15.77,70.02,7.18,1.47,22.5,29.99,0.74
36085005902,Richmond County,New York,False,,,,,0,,,,,,,,,,,,
36085006400,Richmond County,New York,True,47.01,58.89,41.99,0.0,1076,76.51,19.8,28.09,67946,23.12,16.29,58.57,6.48,19.5,20.03,25.96,12.12
36085006700,Richmond County,New York,True,37.16,43.11,12.03,19.41,1070,94.24,6.23,11.49,97432,18.54,16.81,59.92,7.85,5.15,29.06,27.52,3.31
36085007001,Richmond County,New York,True,22.22,71.86,17.09,11.21,648,76.75,5.87,10.15,78558,24.02,16.68,69.15,1.2,19.5,8.29,10.82,12.64
36085007002,Richmond County,New York,True,27.91,70.35,32.31,20.56,1338,48.05,14.62,18.18,98574,14.31,19.99,66.25,2.27,22.88,10.31,18.18,10.61
36085007400,Richmond County,New York,True,30.49,60.69,40.6,17.77,1337,47.65,17.47,23.23,78701,21.01,18.48,52.64,3.81,27.5,15.04,30.82,15.47
36085007500,Richmond County,New York,True,51.95,57.23,9.5,9.11,1182,83.36,9.6,11.83,81200,17.71,25.27,48.25,13.43,3.94,29.33,31.07,6.29
36085007700,Richmond County,New York,True,56.79,68.9,42.4,23.23,1025,55.04,31.95,26.96,89961,11.54,26.16,10.04,53.82,7.81,35.69,21.03,7.91
36085008100,Richmond County,New York,True,44.62,52.97,17.66,10.24,1514,71.02,13.35,25.01,91274,24.62,15.09,40.55,28.55,7.73,35.95,34.71,5.41
36085009601,Richmond County,New York,True,45.97,35.02,8.97,11.0,1272,76.76,3.53,7.17,105670,22.77,18.01,76.42,0.67,11.21,7.17,27.78,3.89
36085009602,Richmond County,New York,True,47.58,50.76,23.63,3.49,1485,74.24,4.48,6.09,89392,15.87,15.32,63.34,0.82,20.76,9.18,28.25,14.43
36085009701,Richmond County,New York,True,46.92,51.86,32.54,8.97,1871,72.66,8.49,12.39,100996,11.08,29.89,38.38,29.49,4.69,32.83,18.97,10.39
36085009702,Richmond County,New York,True,19.05,100.0,0.0,0.0,4,100.0,0.0,0.0,,42.5,0.0,100.0,0.0,0.0,0.0,19.05,0.0
36085010500,Richmond County,New York,True,48.47,58.57,44.36,1.05,2780,74.63,17.44,21.04,96607,14.69,26.65,38.64,17.74,3.16,36.81,24.6,12.17
36085011201,Richmond County,New York,True,40.94,49.26,36.09,6.41,1969,56.54,3.53,8.2,92387,17.72,22.31,65.18,0.0,21.64,12.86,20.36,12.22
36085011203,Richmond County,New York,True,26.78,72.63,50.26,12.48,1803,50.0,16.67,10.92,72935,15.66,22.02,41.95,1.15,41.83,17.39,13.64,20.86
36085011204,Richmond County,New York,True,100.0,40.74,40.74,59.26,75,100.0,14.67,40.74,,0.0,0.0,14.67,0.0,0.0,85.33,40.74,0.0
36085011401,Richmond County,New York,True,59.3,72.95,19.71,0.0,1621,89.05,15.28,36.72,50878,21.11,18.4,47.02,25.74,17.48,22.48,35.37,9.53
36085011402,Richmond County,New York,True,30.89,23.68,23.68,4.58,714,76.37,1.41,6.16,111058,22.99,20.14,70.58,1.1,19.17,6.89,25.48,7.11
36085012100,Richmond County,New York,True,2.11,100.0,100.0,0.0,23,93.17,1.15,5.41,202699,16.78,21.86,87.4,1.98,1.05,7.69,16.68,0.18
36085012200,Richmond County,New York,True,26.68,47.94,12.65,7.32,1198,93.92,7.9,13.59,127824,11.85,33.22,77.15,1.07,9.41,29.48,14.75,3.39
36085012500,Richmond County,New York,True,25.17,50.19,16.73,7.96,693,89.51,5.39,13.94,138000,11.92,19.23,55.34,22.39,3.31,34.81,24.65,4.8
36085012804,Richmond County,New York,True,27.15,57.0,38.89,0.97,1001,57.09,4.35,12.33,97624,14.19,18.73,62.63,0.98,23.15,14.23,16.72,17.92
36085012805,Richmond County,New York,True,21.66,84.77,18.54,4.19,300,64.76,4.03,7.91,134512,13.3,15.06,81.42,1.8,9.61,4.57,22.44,3.13
36085012806,Richmond County,New York,True,64.0,68.22,41.02,11.24,3806,75.78,12.64,21.23,67857,17.7,20.03,73.38,3.06,8.95,22.19,33.53,9.43
36085013201,Richmond County,New York,True,3.66,35.0,35.0,0.0,37,88.97,21.18,12.07,117083,24.62,22.39,85.15,2.41,4.89,6.64,25.59,1.63
36085013203,Richmond County,New York,True,24.21,53.93,0.0,15.56,1266,74.94,3.67,7.45,102750,17.56,17.1,78.02,0.15,9.1,13.84,11.95,4.95
36085013204,Richmond County,New York,True,37.0,54.36,41.35,0.0,1637,94.44,11.38,20.68,108447,20.61,22.19,68.98,0.36,14.73,16.45,24.76,5.99
36085013301,Richmond County,New York,True,96.99,36.61,23.64,6.4,1121,100.0,37.76,45.69,33705,19.39,25.17,20.66,51.7,0.0,49.74,46.29,6.41
36085013302,Richmond County,New York,True,60.0,55.49,38.45,14.51,1906,66.12,31.59,27.88,92070,6.41,31.62,10.39,41.51,8.96,63.99,21.24,14.12
36085013400,Richmond County,New York,True,36.3,54.17,40.74,5.62,1443,74.84,16.71,24.2,93145,18.82,25.52,50.7,15.1,18.46,11.63,31.34,4.63
36085013800,Richmond County,New York,True,10.54,7.62,7.62,21.46,699,71.09,2.33,5.37,146975,29.72,17.34,82.41,0.11,8.39,5.06,22.61,1.74
36085014100,Richmond County,New York,True,48.48,53.91,25.31,8.41,972,62.34,13.9,10.25,92500,18.95,20.13,38.57,23.65,8.46,35.24,29.51,6.45
36085014604,Richmond County,New York,True,22.54,68.15,44.96,0.0,1541,62.0,4.38,7.89,126950,19.65,23.17,77.89,0.4,9.58,13.37,13.73,5.18
36085014605,Richmond County,New York,True,17.22,50.83,29.83,0.0,612,80.04,2.69,9.51,148065,19.58,14.34,89.88,0.05,4.08,6.07,12.8,2.48
36085014606,Richmond County,New York,True,14.24,64.82,29.15,0.0,585,17.5,6.7,17.39,97247,19.46,14.82,74.19,0.06,9.55,19.41,24.71,6.24
36085014607,Richmond County,New York,True,9.31,43.16,22.11,0.0,340,72.89,8.19,10.56,130294,14.81,26.19,74.0,0.08,12.71,12.79,18.56,5.16
36085014608,Richmond County,New York,True,8.29,48.57,44.76,0.0,251,55.81,4.68,9.32,105625,23.19,18.01,85.41,0.67,3.34,11.39,20.06,5.33
36085014700,Richmond County,New York,True,26.04,59.25,5.2,5.72,610,95.42,5.41,9.39,123015,37.33,9.83,79.3,0.59,4.46,14.88,38.15,2.4
36085015100,Richmond County,New York,True,22.57,53.25,29.0,10.25,728,79.23,5.73,16.31,115769,17.18,22.52,75.62,0.81,11.24,11.52,21.44,1.42
36085015400,Richmond County,New York,False,,,,,0,,,,,,,,,,,,
36085015601,Richmond County,New York,True,29.57,43.61,9.42,23.27,1436,76.83,7.52,12.24,112076,18.67,19.12,71.5,1.93,9.88,18.46,23.61,4.54
36085015602,Richmond County,New York,True,10.27,70.91,0.0,0.0,248,87.08,10.44,13.43,145682,15.64,23.12,86.27,2.71,2.58,11.62,15.32,4.17
36085015603,Richmond County,New York,True,15.6,60.78,17.25,4.98,858,53.48,12.39,11.77,102792,15.84,22.32,72.42,1.62,14.73,17.04,14.77,6.4
36085016901,Richmond County,New York,True,33.72,58.93,19.64,2.27,1132,68.74,0.87,4.68,129583,13.83,25.49,61.63,0.53,12.6,26.74,10.98,9.67
36085017005,Richmond County,New York,True,24.95,53.58,41.34,6.36,886,34.56,2.92,13.57,100965,16.84,24.61,85.53,0.22,11.05,4.6,32.39,2.78
36085017007,Richmond County,New York,True,10.73,77.25,49.21,0.0,464,7.27,10.87,12.96,107003,10.87,28.63,58.87,0.68,18.06,24.22,15.99,7.92
36085017009,Richmond County,New York,True,20.97,77.74,69.51,2.69,777,44.78,2.96,7.91,124196,17.81,25.41,76.68,3.85,10.41,10.98,20.53,4.17
36085017011,Richmond County,New York,True,14.41,41.98,41.98,6.01,733,61.0,13.21,19.91,128933,16.23,19.47,76.84,0.32,12.46,9.23,19.6,6.67
36085017012,Richmond County,New York,True,18.34,66.56,49.01,10.06,670,48.24,7.31,12.75,126250,16.58,23.33,80.33,0.0,7.18,17.94,13.7,5.6
36085017013,Richmond County,New York,True,16.81,86.81,3.4,2.13,548,40.23,2.75,5.15,99914,20.4,20.84,56.08,4.66,25.73,13.88,17.81,8.29
36085017014,Richmond County,New York,True,21.12,38.3,30.64,0.0,574,31.16,4.9,9.69,112567,21.3,17.17,76.24,0.22,5.75,17.87,27.52,2.8
36085017015,Richmond County,New York,True,17.45,33.88,6.61,0.0,254,29.45,0.25,6.18,116923,18.41,17.75,89.07,0.0,0.0,4.89,24.36,0.45
36085017016,Richmond County,New York,True,19.34,39.93,13.43,0.0,604,69.02,2.53,3.23,104313,13.61,14.41,69.87,0.4,15.71,14.62,20.63,4.07
36085017300,Richmond County,New York,True,64.31,44.25,32.44,3.29,1400,82.87,11.63,33.47,55114,18.24,21.21,29.42,14.98,18.99,38.41,27.12,13.18
36085017600,Richmond County,New York,True,6.69,62.63,18.18,0.0,321,20.46,1.37,4.57,111786,18.96,24.9,88.68,3.44,6.5,1.41,9.07,4.15
36085017701,Richmond County,New York,True,9.7,61.16,36.36,6.38,217,64.82,8.9,8.94,131719,19.12,22.4,64.08,0.07,20.56,8.24,19.53,3.09
36085017702,Richmond County,New York,True,21.62,84.52,52.9,4.57,415,93.15,13.65,16.36,118743,28.91,12.23,84.6,0.05,6.33,6.71,21.62,1.59
36085018100,Richmond County,New York,True,38.6,57.75,45.16,4.22,812,55.17,18.51,37.54,98807,42.35,14.84,73.96,5.14,9.61,14.64,35.48,10.37
36085018701,Richmond County,New York,True,27.27,47.31,28.14,24.87,481,75.93,9.52,14.29,100903,10.55,25.59,63.03,2.98,17.28,11.85,25.4,6.75
36085018703,Richmond County,New York,True,27.1,53.47,13.53,13.53,842,64.75,10.1,8.94,96642,24.3,26.65,53.66,4.38,30.14,10.85,18.6,3.38
36085018704,Richmond County,New York,True,14.69,10.77,0.0,0.0,283,76.24,2.11,6.49,145432,20.26,26.98,70.94,1.78,21.53,2.9,21.09,4.25
36085018901,Richmond County,New York,True,22.04,46.94,42.27,18.45,1570,72.28,12.5,8.6,136370,13.88,23.82,58.51,6.07,12.61,22.93,14.26,9.18
36085018902,Richmond County,New York,True,12.42,79.57,35.48,20.6,592,60.03,17.79,10.92,101700,14.97,28.46,74.66,1.42,15.31,4.98,26.34,7.98
36085019700,Richmond County,New York,True,11.24,60.0,22.22,0.0,230,89.59,1.42,6.83,111250,16.05,19.8,70.53,0.81,13.01,15.19,19.91,1.63
36085019800,Richmond County,New York,True,32.92,92.49,56.23,0.0,2083,37.27,9.3,15.12,131496,15.35,23.93,86.1,0.72,7.18,8.57,13.01,1.36
36085020100,Richmond County,New York,True,32.39,76.08,67.2,14.25,879,83.86,10.49,16.43,116591,9.77,25.09,55.04,1.37,5.54,38.29,27.86,1.84
36085020701,Richmond County,New York,True,61.49,88.4,46.25,9.62,1502,68.32,20.04,26.67,58495,6.99,26.49,22.47,22.29,4.76,50.15,24.35,8.9
36085020702,Richmond County,New York,True,48.57,88.67,79.29,5.45,1250,49.68,30.49,36.72,46638,13.76,24.01,5.5,37.74,6.56,50.92,33.54,6.23
36085020803,Richmond County,New York,True,23.43,52.68,38.86,18.91,1527,27.6,7.58,10.78,108076,17.33,26.37,95.4,0.46,1.63,3.07,20.44,1.36
36085020804,Richmond County,New York,True,18.97,50.14,21.08,0.0,1073,53.31,4.8,15.03,104049,22.4,17.64,84.52,0.49,4.47,11.14,19.39,1.68
36085020805,Richmond County,New York,True,13.23,53.54,47.47,0.0,894,7.81,4.6,13.11,129939,21.97,23.08,81.99,0.06,6.71,11.21,20.89,2.41
36085020806,Richmond County,New York,True,13.96,84.4,34.86,0.0,208,7.67,10.86,13.84,98683,10.78,17.33,76.71,0.08,15.71,7.7,16.25,3.44
36085021300,Richmond County,New York,True,38.7,48.42,32.34,27.69,2263,79.96,14.43,17.01,103992,10.65,24.4,19.72,15.02,6.5,59.28,25.22,4.86
36085022300,Richmond County,New York,True,17.65,77.71,64.46,30.85,590,75.94,17.13,19.25,64964,17.04,25.8,16.55,42.29,5.52,31.47,37.09,4.41
36085022601,Richmond County,New York,True,28.93,59.01,41.29,8.78,1806,6.2,4.35,10.56,104385,13.95,25.38,78.12,2.03,0.95,15.01,17.55,5.05
36085022602,Richmond County,New York,True,52.44,84.84,10.37,0.0,522,70.08,26.44,45.75,,24.62,4.3,92.86,0.36,2.84,2.84,46.16,1.84
36085022801,Richmond County,New York,True,60.0,0.0,0.0,0.0,17,40.0,0.0,0.0,,0.0,0.0,83.78,0.0,0.0,0.0,0.0,32.43
36085022802,Richmond County,New York,False,,,,,0,,,,,,,,,,,,
36085023100,Richmond County,New York,True,33.36,75.73,22.41,14.71,1807,42.27,16.03,12.03,86589,11.73,26.35,19.04,30.01,13.87,45.96,16.42,11.47
36085023900,Richmond County,New York,True,27.49,77.35,71.78,9.41,718,65.38,10.94,11.59,66833,17.73,20.98,27.09,27.73,13.87,31.98,31.61,3.24
36085024401,Richmond County,New York,True,11.27,22.38,22.38,0.0,392,27.27,1.87,4.35,176363,11.32,25.25,93.73,0.0,5.26,4.8,12.35,4.37
36085024402,Richmond County,New York,True,13.12,58.14,7.56,0.0,490,11.31,5.48,13.73,131042,18.61,18.47,90.52,0.02,1.3,6.0,27.47,3.33
36085024700,Richmond County,New York,True,33.26,63.8,40.27,6.85,791,83.54,10.45,13.67,79833,13.72,23.03,34.74,29.28,10.12,25.4,21.64,5.24
36085024800,Richmond County,New York,True,21.31,48.24,19.72,22.22,989,63.99,12.18,9.86,131745,11.85,25.37,71.88,0.08,0.19,27.53,24.01,7.15
36085025100,Richmond County,New York,True,26.91,69.3,4.13,0.0,1223,78.44,8.33,5.36,109494,18.45,21.32,70.17,1.15,12.34,18.04,12.42,2.08
36085027301,Richmond County,New York,True,18.07,22.38,12.64,19.13,513,38.85,9.45,16.44,116181,18.71,15.71,58.63,7.12,20.78,16.82,30.27,3.16
36085027302,Richmond County,New York,True,25.32,46.26,37.37,31.85,1658,74.47,11.32,5.48,106979,18.8,41.58,77.98,3.18,9.98,1.27,12.26,2.25
36085027702,Richmond County,New York,True,29.94,46.76,26.48,8.52,2162,24.76,14.19,22.01,88295,21.33,15.52,60.28,0.78,18.42,13.41,43.19,4.18
36085027704,Richmond County,New York,True,23.13,61.64,35.08,11.27,948,50.92,19.33,21.3,82315,19.62,25.88,57.46,3.17,33.01,10.92,9.97,15.72
36085027705,Richmond County,New York,True,20.84,62.5,22.78,16.95,1258,41.91,6.85,10.45,99803,18.63,17.88,57.33,1.21,26.31,16.24,13.52,11.06
36085027706,Richmond County,New York,True,28.72,65.47,43.88,9.26,799,44.75,29.22,32.54,60781,16.06,18.18,62.6,0.0,23.53,10.56,18.88,7.15
36085027900,Richmond County,New York,True,18.04,92.04,64.6,0.0,170,58.78,6.33,15.86,167934,31.52,22.25,80.03,3.03,7.17,8.24,29.08,2.18
36085029102,Richmond County,New York,True,18.37,57.79,23.12,0.0,520,35.13,4.8,5.17,123393,10.34,24.8,52.82,3.31,21.46,29.12,23.73,4.03
36085029104,Richmond County,New York,True,31.14,47.95,43.38,0.0,2014,63.13,13.9,18.4,97412,23.14,15.83,62.48,5.07,17.92,17.74,15.66,10.3
36085029105,Richmond County,New York,True,32.49,29.51,10.68,9.32,1408,73.23,6.92,7.51,118597,17.26,18.98,71.08,3.2,13.21,9.56,22.02,5.29
36085029106,Richmond County,New York,True,33.93,58.78,39.78,0.0,579,83.38,13.74,22.65,75347,20.88,24.89,74.55,9.88,12.41,12.09,28.24,2.28
36085030301,Richmond County,New York,True,37.77,41.97,19.86,0.0,1658,47.4,5.28,14.0,118913,21.86,13.69,45.62,10.12,23.77,26.5,15.41,5.87
36085030302,Richmond County,New York,True,17.98,51.06,40.96,9.84,878,17.64,9.88,13.25,89917,15.04,17.9,36.39,22.82,15.29,33.82,21.62,8.75
36085031901,Richmond County,New York,True,79.9,34.69,16.76,6.6,3080,64.5,37.44,44.98,51743,6.99,28.01,13.75,39.99,7.62,47.26,13.18,4.4
36085031902,Richmond County,New York,True,44.49,72.73,62.7,0.0,1601,59.72,20.48,35.52,92083,12.35,26.22,23.62,42.19,0.97,41.98,22.28,7.76
36085032300,Richmond County,New York,True,28.15,95.33,63.55,4.07,195,18.88,11.26,24.49,79688,13.79,14.37,10.97,33.88,7.67,28.25,27.69,4.08
36085990100,Richmond County,New York,False,,,,,0,,,,,,,,,,,,
