geo_id,county,state,has_occupied_units,pct_renter,pct_rent_burden_30_plus,pct_poverty_under_100,pct_overcrowded_renter,median_household_income
36001000100,Albany County,New York,True,55.01,56.14,23.67,17.8,51551
36001000201,Albany County,New York,True,69.68,44.17,23.6,0.0,54013
36001000202,Albany County,New York,True,66.38,59.19,34.62,0.0,41952
36001000301,Albany County,New York,True,68.57,60.74,36.45,0.0,42912
36001000302,Albany County,New York,True,70.37,72.08,19.97,0.0,44730
36001000401,Albany County,New York,True,33.58,56.75,9.08,0.0,83359
36001000403,Albany County,New York,True,39.37,49.5,12.39,0.0,111646
36001000404,Albany County,New York,True,100.0,62.89,0.0,0.0,
36001000501,Albany County,New York,True,80.45,56.94,40.89,2.23,28311
36001000502,Albany County,New York,True,69.44,50.15,24.58,0.0,57115
36001000600,Albany County,New York,True,79.97,75.64,44.55,1.28,30368
36001000700,Albany County,New York,True,71.04,49.18,20.4,1.35,56555
36001000800,Albany County,New York,True,94.81,63.34,47.54,0.0,
36001001100,Albany County,New York,True,96.5,45.05,28.52,1.53,56591
36001001400,Albany County,New York,True,85.59,35.49,15.36,0.0,64348
36001001500,Albany County,New York,True,82.94,51.09,51.1,8.9,38365
36001001600,Albany County,New York,True,77.78,51.3,16.7,2.61,61154
36001001700,Albany County,New York,True,46.05,56.02,22.51,2.52,87940
36001001802,Albany County,New York,True,43.01,33.19,9.06,2.54,80266
36001001803,Albany County,New York,True,19.95,25.96,6.63,0.0,92702
36001001804,Albany County,New York,True,20.88,38.75,12.15,2.56,105027
36001001901,Albany County,New York,True,23.53,37.31,4.33,0.0,92784
36001001902,Albany County,New York,True,10.1,71.05,3.81,0.0,100197
36001002000,Albany County,New York,True,47.38,40.27,9.34,2.66,83597
36001002100,Albany County,New York,True,82.7,47.72,27.75,0.0,39671
36001002200,Albany County,New York,True,66.2,40.04,17.72,1.16,51667
36001002300,Albany County,New York,True,83.07,38.46,31.79,3.95,54265
36001002500,Albany County,New York,True,89.36,59.25,44.01,5.92,26613
36001002600,Albany County,New York,True,56.4,34.18,24.01,2.73,69874
36001012700,Albany County,New York,True,69.64,48.41,16.55,0.0,71875
36001012800,Albany County,New York,True,68.62,45.82,40.14,2.34,41367
36001012900,Albany County,New York,True,91.83,40.23,50.37,9.68,38750
36001013000,Albany County,New York,True,32.88,53.06,7.71,1.46,69190
36001013100,Albany County,New York,True,75.73,44.4,20.64,2.97,59406
36001013200,Albany County,New York,True,73.04,52.66,18.25,1.65,56858
36001013300,Albany County,New York,True,64.33,56.17,19.02,0.0,48777
36001013400,Albany County,New York,True,57.79,28.63,17.71,7.05,70899
36001013503,Albany County,New York,True,34.14,44.72,8.95,2.6,107500
36001013505,Albany County,New York,True,18.36,14.9,11.33,0.0,93967
36001013507,Albany County,New York,True,56.86,33.59,8.37,1.83,90478
36001013509,Albany County,New York,True,29.31,49.47,10.41,0.0,98424
36001013510,Albany County,New York,True,47.76,35.5,8.92,3.64,105648
36001013511,Albany County,New York,True,54.01,38.07,5.89,0.0,127656
36001013512,Albany County,New York,True,5.73,37.65,6.32,0.0,126875
36001013602,Albany County,New York,True,68.67,33.15,5.44,7.62,80583
36001013603,Albany County,New York,True,33.65,12.33,3.69,3.08,95847
36001013604,Albany County,New York,True,43.18,40.06,7.87,3.31,119554
36001013703,Albany County,New York,True,24.15,29.24,10.2,7.6,108790
36001013706,Albany County,New York,True,5.23,5.41,0.73,0.0,200083
36001013707,Albany County,New York,True,22.56,43.36,4.66,0.0,136638
36001013708,Albany County,New York,True,34.82,46.71,2.43,0.0,94665
36001013709,Albany County,New York,True,13.18,65.87,7.95,0.0,130489
36001013802,Albany County,New York,True,7.81,61.24,4.87,17.05,124063
36001013803,Albany County,New York,True,22.81,80.47,17.2,6.41,75795
36001013804,Albany County,New York,True,20.22,61.38,7.34,0.0,76466
36001013901,Albany County,New York,True,4.0,51.28,5.88,0.0,91827
36001013902,Albany County,New York,True,26.75,31.87,8.14,3.04,107188
36001014001,Albany County,New York,True,45.03,31.55,12.27,5.46,87500
36001014002,Albany County,New York,True,24.97,25.58,3.79,0.0,89823
36001014100,Albany County,New York,True,29.49,36.01,4.17,0.0,133594
36001014201,Albany County,New York,True,24.92,48.14,5.14,0.0,131571
36001014202,Albany County,New York,True,34.52,34.98,3.49,1.72,126397
36001014203,Albany County,New York,True,18.55,34.09,0.93,6.78,146875
36001014301,Albany County,New York,True,36.66,53.56,17.79,2.3,86190
36001014303,Albany County,New York,True,10.25,45.45,5.63,13.07,140313
36001014304,Albany County,New York,True,38.1,30.03,4.35,0.0,92541
36001014401,Albany County,New York,True,11.03,48.13,4.05,0.0,111133
36001014402,Albany County,New York,True,30.51,41.36,5.77,0.0,77217
36001014501,Albany County,New York,True,11.52,17.69,6.34,0.0,127273
36001014502,Albany County,New York,True,13.81,63.04,5.45,0.0,124293
36001014503,Albany County,New York,True,22.9,24.19,7.54,2.82,111172
36001014606,Albany County,New York,True,13.02,16.04,4.65,0.0,137604
36001014608,Albany County,New York,True,30.72,57.45,7.98,5.53,89167
36001014609,Albany County,New York,True,59.35,30.71,11.48,8.84,91130
36001014611,Albany County,New York,True,37.57,26.76,1.69,0.0,124306
36001014612,Albany County,New York,True,20.19,52.41,6.36,6.9,112159
36001014613,Albany County,New York,True,17.02,50.0,1.88,0.0,112000
36001014614,Albany County,New York,True,43.67,37.8,3.29,5.56,106250
36001014615,Albany County,New York,True,73.24,39.16,14.32,7.66,88355
36001014616,Albany County,New York,True,13.8,43.3,3.24,0.0,143777
36001014617,Albany County,New York,True,9.41,55.43,6.82,0.0,128929
36001014700,Albany County,New York,True,8.18,48.28,6.33,0.0,124083
36001014801,Albany County,New York,True,6.02,37.5,3.1,0.0,105219
36001014802,Albany County,New York,True,10.12,5.43,0.85,4.35,90324
36001014803,Albany County,New York,True,14.21,6.78,7.67,0.0,99167
36003940200,Allegany County,New York,False,,,,,
36003950100,Allegany County,New York,True,9.42,28.26,9.89,5.43,67176
36003950300,Allegany County,New York,True,22.52,22.86,16.8,6.03,75605
36003950401,Allegany County,New York,True,8.71,37.93,18.2,0.0,70227
36003950402,Allegany County,New York,True,9.86,52.44,10.64,0.0,69643
36003950500,Allegany County,New York,True,21.42,36.64,13.36,0.0,66116
36003950600,Allegany County,New York,True,24.06,39.64,20.93,2.1,58693
36003950700,Allegany County,New York,True,21.51,58.24,16.39,0.0,57798
36003950800,Allegany County,New York,True,32.19,52.95,22.42,0.98,59327
36003950900,Allegany County,New York,True,21.5,33.64,21.46,0.0,63856
36003951000,Allegany County,New York,True,17.74,53.07,11.11,0.0,67940
36003951100,Allegany County,New York,True,22.98,54.4,13.79,0.0,61488
36003951201,Allegany County,New York,True,22.95,40.38,20.82,7.04,54500
36003951202,Allegany County,New York,True,24.98,23.08,15.66,1.92,56229
36003951301,Allegany County,New York,True,13.2,22.54,13.54,0.0,60833
36003951302,Allegany County,New York,True,17.85,12.33,11.49,5.48,64038
36005000100,Bronx County,New York,False,,,,,
36005000200,Bronx County,New York,True,39.97,23.67,12.88,10.95,123729
36005000400,Bronx County,New York,True,39.77,50.57,4.47,6.01,105924
36005001600,Bronx County,New York,True,77.96,68.1,15.16,16.81,52147
36005001901,Bronx County,New York,True,90.25,59.59,22.45,3.95,58083
36005001902,Bronx County,New York,True,91.83,58.99,39.56,23.73,48953
36005001903,Bronx County,New York,False,,,,,
36005001904,Bronx County,New York,False,,,,,
36005002001,Bronx County,New York,True,100.0,51.24,52.39,2.89,22311
36005002002,Bronx County,New York,True,77.77,56.76,42.97,9.17,18649
36005002300,Bronx County,New York,True,100.0,50.26,60.3,9.87,16332
36005002400,Bronx County,New York,False,,,74.29,,
36005002500,Bronx County,New York,True,97.65,60.5,44.84,19.97,35582
36005002701,Bronx County,New York,True,97.58,53.6,46.74,19.78,20266
36005002702,Bronx County,New York,True,93.0,70.02,46.07,17.95,30895
36005002800,Bronx County,New York,True,83.0,38.77,8.22,12.84,58068
36005003100,Bronx County,New York,True,85.03,65.99,21.95,11.44,59297
36005003300,Bronx County,New York,True,79.16,52.44,43.25,9.15,31289
36005003500,Bronx County,New York,True,97.34,51.01,22.41,12.23,36569
36005003700,Bronx County,New York,True,100.0,11.41,29.97,0.0,53029
36005003800,Bronx County,New York,True,48.47,69.47,32.31,8.95,54214
36005003900,Bronx County,New York,True,92.13,54.74,37.09,20.55,25625
36005004001,Bronx County,New York,True,39.26,44.79,8.58,0.52,78935
36005004100,Bronx County,New York,True,98.26,55.84,53.9,17.2,14592
36005004200,Bronx County,New York,True,87.6,46.52,15.65,9.65,55404
36005004300,Bronx County,New York,True,86.19,67.74,47.15,12.9,23393
36005004400,Bronx County,New York,True,96.1,51.32,38.2,3.92,24375
36005004600,Bronx County,New York,True,77.71,69.57,51.39,9.3,30714
36005004800,Bronx County,New York,True,97.13,60.89,25.5,25.5,35870
36005005001,Bronx County,New York,True,88.05,68.82,55.94,23.59,33632
36005005002,Bronx County,New York,True,93.83,68.59,38.37,26.25,34688
36005005100,Bronx County,New York,True,93.52,59.6,38.18,11.64,25851
36005005200,Bronx County,New York,True,85.12,43.5,37.89,8.38,39743
36005005300,Bronx County,New York,True,98.64,72.42,63.89,9.99,20608
36005005400,Bronx County,New York,True,89.18,54.98,24.84,16.86,54884
36005005600,Bronx County,New York,True,84.59,59.34,43.7,18.68,41684
36005005902,Bronx County,New York,True,64.36,69.6,34.12,13.75,51364
36005006000,Bronx County,New York,True,90.67,57.14,14.48,23.43,78269
36005006100,Bronx County,New York,True,56.16,33.81,10.71,2.66,72123
36005006200,Bronx County,New York,True,98.78,51.65,47.12,12.85,27453
36005006301,Bronx County,New York,True,82.3,64.13,34.46,19.47,59924
36005006302,Bronx County,New York,False,,,,,
36005006400,Bronx County,New York,True,83.48,64.99,41.22,13.24,41429
36005006500,Bronx County,New York,True,96.12,59.08,54.26,9.78,22740
36005006700,Bronx County,New York,True,98.22,66.53,54.88,27.19,30191
36005006800,Bronx County,New York,True,71.0,86.75,34.78,14.98,32550
36005006900,Bronx County,New York,True,96.82,71.59,39.13,12.14,26608
36005007000,Bronx County,New York,True,72.22,57.89,34.98,15.02,40417
36005007100,Bronx County,New York,True,75.49,72.55,36.44,8.57,23148
36005007200,Bronx County,New York,True,66.89,50.23,18.68,30.82,58244
36005007300,Bronx County,New York,True,91.89,64.13,39.77,24.66,29978
36005007400,Bronx County,New York,True,73.55,51.86,19.27,13.04,69363
36005007500,Bronx County,New York,True,85.56,55.8,43.33,13.28,34259
36005007600,Bronx County,New York,True,74.04,61.75,20.42,8.01,53320
36005007700,Bronx County,New York,True,80.03,55.09,27.21,16.84,50733
36005007800,Bronx County,New York,True,72.41,67.83,29.31,15.01,47216
36005007900,Bronx County,New York,True,98.43,53.11,31.25,7.9,43081
36005008300,Bronx County,New York,True,89.25,43.7,30.15,11.09,48634
36005008400,Bronx County,New York,True,30.69,48.73,15.48,8.6,63631
36005008500,Bronx County,New York,True,82.37,47.03,26.86,10.65,41535
36005008600,Bronx County,New York,True,90.19,55.87,48.05,4.86,22671
36005008700,Bronx County,New York,True,94.07,58.01,36.95,9.25,40188
36005008900,Bronx County,New York,True,94.95,67.37,25.83,6.34,35914
36005009000,Bronx County,New York,True,84.47,61.09,42.85,0.0,36806
36005009200,Bronx County,New York,True,73.61,59.51,15.86,25.83,58717
36005009301,Bronx County,New York,True,85.25,44.54,25.96,19.39,50962
36005009302,Bronx County,New York,False,,,33.33,,
36005009600,Bronx County,New York,True,78.36,69.58,20.73,7.96,47212
36005009800,Bronx County,New York,True,47.39,35.9,12.38,16.94,97896
36005011000,Bronx County,New York,False,,,,,
36005011502,Bronx County,New York,True,94.58,69.32,38.42,17.05,30922
36005011701,Bronx County,New York,True,92.83,72.5,15.77,22.95,36857
36005011702,Bronx County,New York,False,,,,,
36005011800,Bronx County,New York,True,42.25,66.46,12.03,4.06,93319
36005011900,Bronx County,New York,True,95.09,52.27,22.99,16.6,44122
36005012101,Bronx County,New York,True,89.88,66.53,32.4,18.63,34464
36005012102,Bronx County,New York,True,97.55,62.54,39.81,15.41,28200
36005012300,Bronx County,New York,True,88.15,60.18,32.07,15.3,36435
36005012500,Bronx County,New York,True,79.64,46.62,29.78,8.32,55772
36005012701,Bronx County,New York,True,76.64,59.37,33.59,11.91,34688
36005012901,Bronx County,New York,True,100.0,52.98,45.08,21.96,39409
36005013000,Bronx County,New York,True,43.01,43.84,23.41,3.45,59595
36005013100,Bronx County,New York,True,90.16,70.44,39.47,4.69,19760
36005013200,Bronx County,New York,True,29.6,55.12,5.6,0.0,107563
36005013300,Bronx County,New York,True,94.98,50.53,46.94,7.75,28560
36005013500,Bronx County,New York,True,98.5,56.12,48.52,16.35,26125
36005013800,Bronx County,New York,True,26.45,44.58,18.55,8.43,92567
36005014100,Bronx County,New York,True,92.45,61.18,27.15,10.41,38816
36005014300,Bronx County,New York,True,100.0,69.18,49.47,7.0,12367
36005014400,Bronx County,New York,True,84.23,47.82,28.3,11.64,30288
36005014500,Bronx County,New York,True,98.52,75.43,52.96,20.61,28104
36005014701,Bronx County,New York,True,99.0,49.27,60.44,6.03,35277
36005014702,Bronx County,New York,True,98.44,29.78,36.26,10.88,23825
36005014900,Bronx County,New York,True,77.81,70.99,43.96,18.12,35982
36005015100,Bronx County,New York,True,81.06,61.77,31.74,9.03,31298
36005015200,Bronx County,New York,True,45.54,50.11,11.56,2.23,81875
36005015300,Bronx County,New York,True,91.47,58.26,24.92,0.0,33028
36005015500,Bronx County,New York,True,95.3,49.7,27.82,11.74,43913
36005015700,Bronx County,New York,True,91.38,60.73,29.83,14.29,46504
36005015800,Bronx County,New York,True,52.62,72.6,19.13,7.83,87656
36005015900,Bronx County,New York,True,90.13,59.98,37.01,3.47,25686
36005016000,Bronx County,New York,True,36.49,68.29,15.03,8.47,90221
36005016100,Bronx County,New York,True,98.79,59.17,37.49,7.42,23210
36005016200,Bronx County,New York,True,42.63,51.15,5.72,3.69,121645
36005016300,Bronx County,New York,False,,,,,
36005016400,Bronx County,New York,True,41.07,64.6,21.47,0.0,69057
36005016500,Bronx County,New York,True,100.0,37.23,21.74,25.27,52446
36005016600,Bronx County,New York,True,50.37,44.31,13.43,3.71,109519
36005016700,Bronx County,New York,True,96.45,59.12,36.98,21.56,45363
36005016900,Bronx County,New York,True,89.46,45.12,52.0,2.58,42168
36005017100,Bronx County,New York,False,,,,,
36005017300,Bronx County,New York,True,91.26,48.24,30.2,22.58,33269
36005017500,Bronx County,New York,True,100.0,60.1,39.07,4.94,18474
36005017701,Bronx County,New York,True,97.67,46.36,25.09,15.83,62126
36005017702,Bronx County,New York,True,76.66,54.13,34.75,23.6,40125
36005017901,Bronx County,New York,True,87.32,65.67,20.17,16.35,47778
36005017902,Bronx County,New York,True,100.0,70.81,15.94,13.82,42870
36005018101,Bronx County,New York,True,91.7,59.56,23.12,12.88,55664
36005018102,Bronx County,New York,True,98.09,60.98,31.25,20.77,31618
36005018301,Bronx County,New York,True,74.82,65.72,28.38,12.65,46389
36005018302,Bronx County,New York,True,85.4,65.16,23.88,18.23,68627
36005018400,Bronx County,New York,True,54.18,47.38,13.0,8.54,92273
36005018501,Bronx County,New York,True,98.98,39.21,30.9,7.79,49444
36005018502,Bronx County,New York,True,96.87,58.63,50.81,5.64,28963
36005018900,Bronx County,New York,True,90.79,58.79,25.88,21.13,54056
36005019300,Bronx County,New York,True,97.7,42.58,14.98,7.23,46794
36005019400,Bronx County,New York,True,48.56,44.97,7.84,8.28,100950
36005019500,Bronx County,New York,True,99.3,66.32,39.75,19.9,45661
36005019700,Bronx County,New York,True,100.0,71.0,56.84,27.29,25439
36005019900,Bronx County,New York,True,95.1,60.02,35.7,21.03,34311
36005020000,Bronx County,New York,True,80.14,62.57,26.28,23.82,46622
36005020100,Bronx County,New York,True,100.0,78.24,44.55,17.78,32692
36005020200,Bronx County,New York,True,81.95,57.45,25.76,14.02,53491
36005020400,Bronx County,New York,True,75.61,64.79,26.46,8.97,55947
36005020501,Bronx County,New York,True,92.02,57.92,43.85,24.08,27349
36005020502,Bronx County,New York,True,87.79,55.86,23.92,16.32,39688
36005020601,Bronx County,New York,True,69.9,52.21,19.47,7.94,86701
36005020900,Bronx County,New York,True,96.81,56.06,26.71,17.75,38333
36005021001,Bronx County,New York,True,71.57,56.35,18.96,10.43,52629
36005021002,Bronx County,New York,True,79.64,45.29,23.47,21.63,73188
36005021100,Bronx County,New York,True,92.86,49.17,30.25,14.52,52128
36005021200,Bronx County,New York,True,64.9,53.55,21.2,17.03,68926
36005021301,Bronx County,New York,True,70.02,69.33,32.04,7.03,37171
36005021302,Bronx County,New York,True,98.84,61.95,41.39,18.28,37049
36005021501,Bronx County,New York,True,95.99,67.7,39.65,15.61,37171
36005021502,Bronx County,New York,True,96.68,40.31,46.73,19.64,20415
36005021601,Bronx County,New York,True,89.25,64.73,30.14,19.9,33990
36005021602,Bronx County,New York,True,78.72,62.3,17.84,19.93,58569
36005021700,Bronx County,New York,True,97.89,59.59,38.26,18.97,36195
36005021800,Bronx County,New York,True,80.25,60.14,25.31,4.82,60108
36005021900,Bronx County,New York,True,100.0,69.94,14.01,15.13,48444
36005022000,Bronx County,New York,True,91.38,61.78,61.4,17.17,23910
36005022101,Bronx County,New York,True,100.0,48.77,23.93,34.35,52176
36005022102,Bronx County,New York,True,100.0,53.42,35.3,24.69,33614
36005022200,Bronx County,New York,True,83.84,60.24,26.81,23.44,48110
36005022300,Bronx County,New York,True,100.0,61.96,33.08,10.22,45257
36005022401,Bronx County,New York,True,79.38,56.92,23.06,8.88,53398
36005022403,Bronx County,New York,True,82.32,54.32,14.02,5.05,72143
36005022404,Bronx County,New York,True,72.96,59.43,16.24,7.53,61760
36005022500,Bronx County,New York,True,95.55,40.87,25.73,25.92,50243
36005022701,Bronx County,New York,True,98.37,69.58,28.73,11.9,37828
36005022702,Bronx County,New York,True,93.94,61.52,47.53,11.13,34145
36005022703,Bronx County,New York,True,100.0,58.27,37.51,6.04,60694
36005022800,Bronx County,New York,True,86.98,42.15,9.79,6.37,83859
36005022901,Bronx County,New York,True,98.48,51.91,30.3,14.69,52222
36005022902,Bronx County,New York,True,89.12,65.28,30.73,3.5,47833
36005023000,Bronx County,New York,True,81.97,73.7,38.32,35.15,53826
36005023100,Bronx County,New York,True,93.81,50.13,29.11,20.84,
36005023200,Bronx County,New York,True,82.01,67.37,33.17,3.66,50893
36005023301,Bronx County,New York,True,94.64,67.49,31.17,15.24,37936
36005023302,Bronx County,New York,True,93.62,33.96,24.1,23.3,69030
36005023501,Bronx County,New York,True,99.09,62.92,40.6,18.42,19940
36005023502,Bronx County,New York,True,95.54,44.62,30.71,16.84,41780
36005023600,Bronx County,New York,True,92.23,52.49,26.45,19.92,52368
36005023702,Bronx County,New York,True,94.01,50.67,33.2,17.11,34922
36005023703,Bronx County,New York,True,98.15,74.51,39.39,13.16,32892
36005023704,Bronx County,New York,True,100.0,80.24,37.14,8.84,32228
36005023800,Bronx County,New York,True,69.83,63.04,21.94,6.61,64408
36005023900,Bronx County,New York,True,98.92,59.3,39.33,38.12,37543
36005024000,Bronx County,New York,True,54.81,71.51,18.81,2.49,68832
36005024100,Bronx County,New York,True,100.0,49.5,40.4,22.39,22361
36005024300,Bronx County,New York,True,100.0,61.73,28.79,21.62,30446
36005024400,Bronx County,New York,True,67.95,49.11,17.31,5.14,82083
36005024501,Bronx County,New York,True,90.67,51.96,32.83,10.28,45900
36005024502,Bronx County,New York,True,87.5,52.68,24.0,1.82,60221
36005024600,Bronx County,New York,True,62.14,47.82,7.16,9.15,97115
36005024700,Bronx County,New York,True,98.5,51.52,16.0,4.01,48906
36005024800,Bronx County,New York,True,73.36,71.65,15.16,5.56,61210
36005024900,Bronx County,New York,False,,,,,
36005025000,Bronx County,New York,True,47.18,66.98,10.77,17.33,109896
36005025100,Bronx County,New York,True,84.18,68.94,40.5,15.61,36845
36005025200,Bronx County,New York,True,71.23,56.25,4.98,7.01,83688
36005025300,Bronx County,New York,True,98.55,52.04,33.38,7.9,42976
36005025400,Bronx County,New York,True,59.54,50.81,13.32,25.2,90108
36005025500,Bronx County,New York,True,99.65,59.18,22.55,21.93,49159
36005025600,Bronx County,New York,True,72.04,57.21,6.68,7.98,60815
36005025700,Bronx County,New York,True,92.53,56.18,39.94,24.88,38667
36005026100,Bronx County,New York,True,11.63,58.78,14.52,11.45,59242
36005026300,Bronx County,New York,True,100.0,66.33,23.63,21.66,42100
36005026400,Bronx County,New York,True,71.53,59.51,12.5,2.01,65337
36005026500,Bronx County,New York,True,96.1,56.2,15.16,20.52,71688
36005026601,Bronx County,New York,True,86.14,57.63,30.74,9.62,51042
36005026602,Bronx County,New York,True,81.83,51.01,16.98,4.87,53969
36005026701,Bronx County,New York,True,98.76,54.55,29.04,25.82,52286
36005026702,Bronx County,New York,True,82.36,46.54,20.2,12.35,75924
36005026900,Bronx County,New York,True,93.77,62.4,37.73,15.84,27569
36005027300,Bronx County,New York,True,92.25,60.92,26.73,11.75,51730
36005027401,Bronx County,New York,True,27.66,59.72,9.19,6.88,105346
36005027402,Bronx County,New York,True,30.55,41.79,7.28,0.0,108235
36005027600,Bronx County,New York,True,35.48,27.27,10.39,72.73,
36005027700,Bronx County,New York,True,89.61,45.76,30.44,18.2,48750
36005027900,Bronx County,New York,True,78.95,54.49,17.16,10.83,72721
36005028100,Bronx County,New York,True,54.87,46.62,5.45,3.59,65982
36005028300,Bronx County,New York,True,94.35,70.15,65.2,31.68,13796
36005028400,Bronx County,New York,False,,,79.26,,
36005028500,Bronx County,New York,True,75.1,46.63,10.34,13.62,70659
36005028600,Bronx County,New York,True,56.58,55.15,7.21,18.27,72692
36005028700,Bronx County,New York,True,61.09,58.16,8.81,25.13,62500
36005028800,Bronx County,New York,True,48.95,57.23,9.19,3.12,97969
36005028900,Bronx County,New York,True,77.86,69.08,18.64,15.32,61797
36005029301,Bronx County,New York,True,14.16,33.83,5.5,8.27,145951
36005029302,Bronx County,New York,True,33.3,38.96,1.77,4.3,133102
36005029500,Bronx County,New York,True,35.95,42.13,16.15,7.18,98125
36005029600,Bronx County,New York,True,88.8,43.38,18.58,11.38,57474
36005029700,Bronx County,New York,True,42.77,61.83,3.39,2.73,100548
36005030000,Bronx County,New York,True,67.81,59.91,9.11,10.77,78155
36005030100,Bronx County,New York,True,61.56,30.28,8.15,0.0,80357
36005030201,Bronx County,New York,True,54.98,30.96,10.24,3.13,69500
36005030202,Bronx County,New York,True,62.54,57.69,8.33,24.26,74044
36005030701,Bronx County,New York,True,40.85,33.81,4.16,1.73,109890
36005030900,Bronx County,New York,True,41.54,60.77,3.12,0.0,117333
36005031000,Bronx County,New York,True,27.81,21.17,4.19,5.01,148168
36005031200,Bronx County,New York,True,45.86,48.77,11.6,12.3,108056
36005031400,Bronx County,New York,True,34.73,34.3,5.19,12.08,111800
36005031600,Bronx County,New York,True,35.44,58.33,17.86,0.0,79263
36005031800,Bronx County,New York,True,32.66,44.07,4.21,0.0,96000
36005031900,Bronx County,New York,True,100.0,100.0,88.0,0.0,
36005032300,Bronx County,New York,True,29.93,37.02,3.55,5.59,95556
36005032400,Bronx County,New York,True,91.57,50.17,32.73,12.16,31489
36005032600,Bronx County,New York,True,50.8,71.35,15.53,7.21,89323
36005032800,Bronx County,New York,True,87.63,50.85,18.81,15.0,49720
36005033000,Bronx County,New York,True,90.27,55.15,23.95,14.12,40133
36005033201,Bronx County,New York,True,74.36,63.37,28.0,7.33,35360
36005033202,Bronx County,New York,True,78.82,55.45,25.33,13.56,50245
36005033400,Bronx County,New York,True,100.0,100.0,6.25,50.0,
36005033500,Bronx County,New York,True,52.43,27.14,13.46,2.38,109867
36005033601,Bronx County,New York,True,94.01,64.03,45.54,8.95,20765
36005033602,Bronx County,New York,True,52.97,42.31,14.04,0.0,70475
36005033700,Bronx County,New York,True,27.74,62.89,5.03,22.34,125273
36005033801,Bronx County,New York,True,83.35,41.92,22.92,3.81,72725
36005033802,Bronx County,New York,True,86.17,52.31,33.46,27.91,62153
36005034000,Bronx County,New York,True,77.58,52.01,19.77,10.24,63500
36005034200,Bronx County,New York,True,60.8,75.53,18.84,0.0,73298
36005034300,Bronx County,New York,True,54.09,54.98,4.88,5.14,76940
36005034400,Bronx County,New York,True,41.81,73.88,34.07,0.0,79167
36005034500,Bronx County,New York,True,45.3,45.07,10.1,10.12,100539
36005034800,Bronx County,New York,True,59.26,29.49,18.91,4.33,55700
36005035000,Bronx County,New York,True,62.28,87.4,7.58,2.24,72778
36005035100,Bronx County,New York,True,54.37,29.82,7.31,0.29,94948
36005035600,Bronx County,New York,True,41.3,50.0,12.59,0.0,85962
36005035800,Bronx County,New York,True,27.32,38.45,9.28,13.42,87553
36005035900,Bronx County,New York,True,91.44,62.27,42.46,13.76,34472
36005036000,Bronx County,New York,True,33.58,67.8,18.67,7.74,85708
36005036100,Bronx County,New York,True,96.5,47.53,48.89,6.32,29250
36005036300,Bronx County,New York,True,97.88,59.93,40.65,16.08,27273
36005036400,Bronx County,New York,True,49.47,74.29,9.77,4.01,64850
36005036501,Bronx County,New York,True,93.49,53.22,24.52,14.43,47739
36005036502,Bronx County,New York,True,95.57,71.39,37.59,11.31,27110
36005036700,Bronx County,New York,True,90.09,52.14,41.07,8.71,27465
36005036800,Bronx County,New York,True,42.31,59.85,28.08,13.26,65781
36005036901,Bronx County,New York,True,89.12,65.0,44.83,9.41,16232
36005036902,Bronx County,New York,True,96.59,48.11,37.62,16.93,36484
36005037000,Bronx County,New York,True,47.07,26.59,16.72,21.1,108523
36005037100,Bronx County,New York,True,87.79,54.6,24.06,11.53,39932
36005037200,Bronx County,New York,True,64.79,50.72,12.85,4.89,75224
36005037300,Bronx County,New York,True,92.99,54.76,22.88,17.07,50000
36005037400,Bronx County,New York,True,84.99,46.8,32.45,6.02,35785
36005037504,Bronx County,New York,True,98.01,50.69,32.37,10.2,40219
36005037600,Bronx County,New York,True,65.71,53.17,23.78,10.91,60288
36005037800,Bronx County,New York,True,81.7,46.65,22.72,13.0,65964
36005037900,Bronx County,New York,True,92.9,63.16,30.54,17.96,50250
36005038000,Bronx County,New York,True,70.01,48.72,44.93,6.62,48073
36005038100,Bronx County,New York,True,97.18,74.78,33.02,17.67,42015
36005038200,Bronx County,New York,True,49.64,44.79,16.55,5.83,83125
36005038301,Bronx County,New York,True,95.88,52.51,36.93,17.85,44040
36005038303,Bronx County,New York,True,98.38,67.21,25.8,6.0,45258
36005038304,Bronx County,New York,True,100.0,59.95,48.14,6.64,26842
36005038500,Bronx County,New York,True,98.67,66.76,72.33,16.57,13554
36005038600,Bronx County,New York,True,63.51,59.0,20.43,9.55,68481
36005038700,Bronx County,New York,True,98.58,55.07,29.2,12.74,44982
36005038800,Bronx County,New York,True,42.02,73.8,20.97,4.09,61000
36005038900,Bronx County,New York,True,99.18,52.73,34.67,13.88,46471
36005039000,Bronx County,New York,True,79.44,50.17,18.73,21.32,56563
36005039100,Bronx County,New York,True,95.11,60.15,33.61,5.91,34663
36005039200,Bronx County,New York,True,69.87,46.5,19.26,13.54,67917
36005039300,Bronx County,New York,True,98.42,60.6,37.67,17.45,27776
36005039400,Bronx County,New York,True,90.06,47.91,28.58,15.67,60373
36005039500,Bronx County,New York,True,93.85,52.25,41.47,8.84,21674
36005039600,Bronx County,New York,True,76.81,56.39,26.3,14.42,48798
36005039700,Bronx County,New York,True,96.74,48.21,35.84,8.53,31964
36005039800,Bronx County,New York,True,58.11,83.49,47.67,9.22,28491
36005039901,Bronx County,New York,True,98.51,62.86,20.33,17.97,43503
36005039902,Bronx County,New York,True,99.02,59.53,23.84,23.51,43491
36005040100,Bronx County,New York,True,98.34,71.3,44.68,11.33,28649
36005040302,Bronx County,New York,True,99.49,59.25,44.23,29.18,37756
36005040303,Bronx County,New York,True,93.89,74.36,30.78,17.66,42750
36005040304,Bronx County,New York,True,96.29,65.25,37.72,24.1,36913
36005040400,Bronx County,New York,True,43.46,56.56,15.7,32.99,65451
36005040501,Bronx County,New York,True,92.53,58.56,24.92,9.22,42386
36005040502,Bronx County,New York,True,91.79,72.78,35.85,8.1,38884
36005040600,Bronx County,New York,True,67.16,73.66,20.84,1.37,48857
36005040701,Bronx County,New York,True,99.5,68.64,33.36,12.34,46188
36005040702,Bronx County,New York,True,96.64,54.34,27.94,15.88,33946
36005040800,Bronx County,New York,True,86.03,69.73,20.75,17.67,41555
36005040900,Bronx County,New York,True,66.36,45.03,3.85,23.64,67793
36005041100,Bronx County,New York,True,89.12,61.93,20.25,13.93,54219
36005041300,Bronx County,New York,True,95.87,57.12,28.09,14.12,60254
36005041400,Bronx County,New York,True,42.21,58.85,13.74,0.0,125302
36005041500,Bronx County,New York,True,82.64,76.94,23.19,14.35,50579
36005041800,Bronx County,New York,True,84.95,54.25,15.79,15.34,62567
36005041900,Bronx County,New York,True,95.99,58.6,17.08,16.16,57079
36005042000,Bronx County,New York,True,94.74,64.71,44.51,19.43,31776
36005042100,Bronx County,New York,True,92.75,52.26,30.5,15.11,52824
36005042200,Bronx County,New York,True,51.63,50.07,7.98,13.04,75201
36005042300,Bronx County,New York,True,97.37,45.16,22.54,25.66,71422
36005042400,Bronx County,New York,True,52.63,48.5,10.51,2.5,106468
36005042500,Bronx County,New York,True,93.16,53.78,33.0,16.04,48280
36005042600,Bronx County,New York,True,33.39,43.85,16.43,31.4,99764
36005042800,Bronx County,New York,True,15.33,75.0,8.65,0.0,168646
36005042901,Bronx County,New York,True,98.32,57.25,33.56,20.85,46779
36005042902,Bronx County,New York,True,93.56,60.49,23.66,17.18,44663
36005043000,Bronx County,New York,True,37.45,40.64,11.65,0.0,85074
36005043101,Bronx County,New York,True,100.0,52.86,40.09,20.73,40089
36005043102,Bronx County,New York,True,84.34,61.11,21.78,23.55,50926
36005043400,Bronx County,New York,True,60.86,54.53,25.99,4.01,76036
36005043501,Bronx County,New York,True,100.0,59.87,35.91,8.74,
36005043502,Bronx County,New York,False,,,,,
36005043503,Bronx County,New York,False,,,,,
36005043600,Bronx County,New York,True,43.03,59.57,12.96,18.52,84735
36005044200,Bronx County,New York,True,42.27,81.61,32.11,6.0,56434
36005044400,Bronx County,New York,True,39.33,46.79,15.63,0.0,89615
36005044800,Bronx County,New York,True,31.14,49.1,19.0,34.23,104094
36005044901,Bronx County,New York,True,52.31,31.51,6.9,6.72,91419
36005044902,Bronx County,New York,True,69.17,41.31,11.04,2.23,99297
36005045101,Bronx County,New York,True,81.36,20.88,1.83,0.0,77246
36005045102,Bronx County,New York,True,37.06,44.13,4.16,5.03,99395
36005045600,Bronx County,New York,True,32.95,31.67,1.83,15.21,79386
36005045800,Bronx County,New York,True,100.0,47.42,42.6,6.18,30453
36005046000,Bronx County,New York,True,82.75,55.34,31.3,6.95,44355
36005046203,Bronx County,New York,True,52.58,38.79,12.3,2.14,40755
36005046204,Bronx County,New York,True,58.04,39.66,10.29,0.7,63652
36005046205,Bronx County,New York,True,60.49,43.76,16.68,0.0,75679
36005046206,Bronx County,New York,True,60.88,57.33,1.17,3.54,67234
36005046207,Bronx County,New York,True,50.43,38.33,16.16,2.04,59838
36005046208,Bronx County,New York,True,47.47,63.21,8.58,9.46,87061
36005046209,Bronx County,New York,True,85.6,64.13,51.89,14.33,30185
36005048401,Bronx County,New York,True,53.48,59.49,11.19,9.42,88862
36005048402,Bronx County,New York,False,,,,,
36005050400,Bronx County,New York,False,,,,,
36005051601,Bronx County,New York,True,25.65,48.4,5.2,0.0,103125
36005051602,Bronx County,New York,False,,,,,
36007000100,Broome County,New York,True,69.94,46.16,21.54,2.05,53362
36007000200,Broome County,New York,True,53.56,44.27,27.34,9.75,41715
36007000300,Broome County,New York,True,67.33,39.88,38.03,7.46,52966
36007000400,Broome County,New York,True,47.41,73.58,42.28,3.64,36875
36007000500,Broome County,New York,True,70.58,48.77,46.58,2.0,31051
36007000600,Broome County,New York,True,70.6,39.02,44.36,17.07,55602
36007000700,Broome County,New York,True,24.8,57.33,14.67,0.0,50607
36007000900,Broome County,New York,True,61.94,42.83,35.2,0.0,
36007001100,Broome County,New York,True,95.86,53.03,50.24,4.23,20221
36007001200,Broome County,New York,True,94.68,58.7,58.59,0.0,14806
36007001300,Broome County,New York,True,87.78,62.57,57.54,8.52,33900
36007001401,Broome County,New York,True,90.96,50.76,61.51,0.0,37273
36007001402,Broome County,New York,True,69.34,45.19,53.15,9.51,38750
36007001500,Broome County,New York,True,16.57,46.65,12.09,0.0,86277
36007001600,Broome County,New York,True,14.9,25.3,15.26,0.0,75000
36007001700,Broome County,New York,True,41.81,49.75,19.8,0.75,56128
36007001800,Broome County,New York,True,44.64,25.03,14.66,0.0,62832
36007010200,Broome County,New York,True,14.68,18.71,11.57,0.0,69115
36007011901,Broome County,New York,True,28.11,35.64,19.04,3.46,71875
36007011902,Broome County,New York,True,5.59,22.92,20.47,8.33,64348
36007011903,Broome County,New York,True,17.91,47.43,20.01,13.14,69375
36007012000,Broome County,New York,True,23.03,49.66,14.62,8.05,69432
36007012101,Broome County,New York,True,8.87,8.4,7.79,0.0,90234
36007012102,Broome County,New York,True,11.09,41.07,6.61,0.0,88555
36007012103,Broome County,New York,True,25.17,38.69,14.26,2.98,72083
36007012201,Broome County,New York,True,15.54,46.48,6.67,0.0,89769
36007012202,Broome County,New York,True,22.41,37.5,15.4,5.43,61359
36007012300,Broome County,New York,True,16.78,58.69,17.28,23.93,61317
36007012400,Broome County,New York,True,19.27,45.0,16.43,0.56,76724
36007012501,Broome County,New York,True,9.43,51.3,13.74,0.0,61549
36007012502,Broome County,New York,True,11.47,24.67,8.78,0.0,85000
36007012600,Broome County,New York,True,28.3,54.86,15.22,0.0,58588
36007012701,Broome County,New York,True,20.07,43.84,10.07,0.0,66356
36007012702,Broome County,New York,True,7.01,49.59,8.22,0.0,105345
36007012800,Broome County,New York,True,24.39,33.26,8.51,2.41,77864
36007012900,Broome County,New York,True,45.54,64.06,1.89,0.0,83144
36007013000,Broome County,New York,True,18.85,33.03,8.21,0.0,92782
36007013100,Broome County,New York,True,46.23,54.35,23.46,3.55,44059
36007013201,Broome County,New York,True,17.09,34.73,2.65,0.0,86369
36007013202,Broome County,New York,True,25.02,42.04,5.24,3.13,89718
36007013301,Broome County,New York,True,35.73,33.21,3.57,0.0,61397
36007013303,Broome County,New York,True,16.81,32.63,6.37,0.0,85128
36007013304,Broome County,New York,True,20.02,57.81,9.99,24.34,95903
36007013400,Broome County,New York,True,52.09,52.19,24.29,0.0,56544
36007013500,Broome County,New York,True,79.95,56.48,50.09,5.48,31250
36007013600,Broome County,New York,True,66.3,39.51,36.66,5.13,37304
36007013700,Broome County,New York,True,55.26,23.23,10.02,0.0,56455
36007013800,Broome County,New York,True,31.36,56.94,22.86,0.0,52796
36007013900,Broome County,New York,True,78.23,69.56,29.81,0.0,32533
36007014000,Broome County,New York,True,70.32,62.97,30.92,7.43,39583
36007014100,Broome County,New York,True,24.62,37.8,10.94,0.0,66250
36007014200,Broome County,New York,True,50.93,44.26,7.82,0.0,74209
36007014301,Broome County,New York,True,34.86,45.81,12.42,0.0,77725
36007014302,Broome County,New York,True,53.63,50.93,28.5,0.0,51987
36007014400,Broome County,New York,True,13.54,57.14,10.41,0.0,85057
36007014500,Broome County,New York,True,14.79,57.82,3.87,0.0,86629
36007014600,Broome County,New York,True,10.79,20.82,7.83,6.53,103068
36009940000,Cattaraugus County,New York,True,9.68,100.0,9.29,0.0,90417
36009940200,Cattaraugus County,New York,False,,,,,
36009940301,Cattaraugus County,New York,True,50.53,41.8,30.63,0.88,34602
36009940302,Cattaraugus County,New York,True,41.79,41.9,21.57,0.52,48056
36009960100,Cattaraugus County,New York,True,11.61,8.93,16.28,2.38,60451
36009960200,Cattaraugus County,New York,True,23.43,35.8,19.43,0.0,49672
36009960300,Cattaraugus County,New York,True,13.94,10.86,8.17,0.0,70517
36009960400,Cattaraugus County,New York,True,19.04,52.31,18.62,0.0,61020
36009960500,Cattaraugus County,New York,True,17.55,17.8,24.38,0.0,58902
36009960600,Cattaraugus County,New York,True,25.84,41.58,22.18,3.26,59630
36009960703,Cattaraugus County,New York,True,8.7,50.82,7.19,0.0,65114
36009960704,Cattaraugus County,New York,True,22.04,66.98,6.35,0.0,71350
36009960800,Cattaraugus County,New York,True,13.04,29.52,20.3,1.43,62027
36009961000,Cattaraugus County,New York,True,19.9,20.45,11.19,3.79,81351
36009961100,Cattaraugus County,New York,True,15.97,43.42,15.64,0.0,74728
36009961200,Cattaraugus County,New York,True,15.23,43.96,12.38,0.0,55607
36009961301,Cattaraugus County,New York,True,19.01,14.36,16.52,0.0,57206
36009961302,Cattaraugus County,New York,True,23.23,58.4,13.39,0.0,39549
36009961400,Cattaraugus County,New York,True,13.5,24.44,15.48,3.7,75647
36009961500,Cattaraugus County,New York,True,35.42,67.02,10.82,0.0,64402
36009961600,Cattaraugus County,New York,True,31.4,46.09,25.97,0.0,50000
36009961700,Cattaraugus County,New York,True,66.3,54.84,44.82,1.37,32870
36009961800,Cattaraugus County,New York,True,42.56,41.11,21.52,2.56,59053
36009962200,Cattaraugus County,New York,True,11.98,40.14,20.8,0.0,59563
36011040101,Cayuga County,New York,True,9.04,35.85,6.32,0.0,71071
36011040102,Cayuga County,New York,True,9.55,22.22,14.07,0.0,59750
36011040201,Cayuga County,New York,True,12.9,4.29,11.76,7.14,79760
36011040202,Cayuga County,New York,True,11.14,10.11,4.56,0.0,97019
36011040300,Cayuga County,New York,True,18.35,49.45,18.97,0.0,61311
36011040400,Cayuga County,New York,True,25.78,45.34,15.2,22.25,77031
36011040500,Cayuga County,New York,True,10.5,48.36,7.29,0.0,82292
36011040600,Cayuga County,New York,True,8.76,45.45,5.06,0.0,101585
36011040700,Cayuga County,New York,True,5.8,10.64,4.3,0.0,102245
36011040800,Cayuga County,New York,True,19.21,45.42,12.34,6.21,64366
36011040900,Cayuga County,New York,True,17.7,34.14,17.47,2.81,69011
36011041001,Cayuga County,New York,True,20.47,21.07,8.79,1.24,92667
36011041002,Cayuga County,New York,True,23.33,5.71,14.94,0.0,86731
36011041101,Cayuga County,New York,True,13.3,12.59,4.25,22.96,92216
36011041102,Cayuga County,New York,True,11.93,8.82,10.62,0.0,76618
36011041201,Cayuga County,New York,True,19.54,19.35,3.75,0.0,86042
36011041202,Cayuga County,New York,True,7.73,25.88,9.74,0.0,94079
36011041300,Cayuga County,New York,True,62.78,44.06,29.07,0.0,50503
36011041400,Cayuga County,New York,True,49.82,54.18,17.5,2.19,42383
36011041500,Cayuga County,New York,True,35.12,68.52,16.57,0.0,56786
36011041600,Cayuga County,New York,True,29.48,64.08,9.28,0.0,64664
36011041700,Cayuga County,New York,True,44.54,47.74,13.77,0.0,58283
36011041800,Cayuga County,New York,True,54.7,51.08,17.43,0.0,53069
36011042100,Cayuga County,New York,True,77.84,53.3,32.28,2.2,31356
36011990200,Cayuga County,New York,False,,,,,
36013030100,Chautauqua County,New York,True,49.46,53.2,34.7,0.0,35327
36013030200,Chautauqua County,New York,True,46.0,58.76,24.79,7.57,47696
36013030300,Chautauqua County,New York,True,65.44,52.61,33.4,6.43,31950
36013030400,Chautauqua County,New York,True,35.25,36.72,6.02,0.0,54830
36013030500,Chautauqua County,New York,True,86.49,40.31,40.89,3.91,25587
36013030600,Chautauqua County,New York,True,49.24,42.29,37.28,2.57,36250
36013030700,Chautauqua County,New York,True,42.62,58.6,27.1,1.2,42167
36013030800,Chautauqua County,New York,True,46.13,47.82,13.96,2.99,51650
36013035100,Chautauqua County,New York,True,21.62,32.26,17.55,15.05,67446
36013035300,Chautauqua County,New York,True,7.0,42.11,7.47,0.0,87083
36013035400,Chautauqua County,New York,True,44.45,49.91,28.77,0.0,45819
36013035500,Chautauqua County,New York,True,48.31,43.47,27.48,0.0,40994
36013035600,Chautauqua County,New York,True,31.88,44.68,25.31,0.0,64757
36013035700,Chautauqua County,New York,True,40.67,40.14,15.9,0.0,60500
36013035800,Chautauqua County,New York,True,53.57,61.49,34.86,0.0,48708
36013035901,Chautauqua County,New York,True,36.06,46.95,14.96,4.76,70938
36013035902,Chautauqua County,New York,True,75.71,54.72,68.39,0.0,26250
36013036000,Chautauqua County,New York,True,14.97,48.86,16.14,0.0,62692
36013036100,Chautauqua County,New York,True,16.22,28.43,17.38,3.59,62114
36013036300,Chautauqua County,New York,True,22.51,32.65,19.81,14.63,66333
36013036401,Chautauqua County,New York,True,22.06,31.85,19.75,0.0,73333
36013036402,Chautauqua County,New York,True,16.31,25.69,10.41,1.83,68917
36013036500,Chautauqua County,New York,True,28.71,38.28,12.6,0.0,50921
36013036600,Chautauqua County,New York,True,20.45,24.35,14.54,5.54,55250
36013036700,Chautauqua County,New York,True,16.27,27.9,8.08,2.15,71795
36013036801,Chautauqua County,New York,True,11.96,36.79,7.07,3.77,68816
36013036802,Chautauqua County,New York,True,15.37,40.3,9.22,0.0,60167
36013036901,Chautauqua County,New York,True,17.98,45.73,9.6,0.0,68217
36013036902,Chautauqua County,New York,True,11.1,24.84,8.83,0.0,96298
36013037000,Chautauqua County,New York,True,12.65,55.23,16.01,0.0,80385
36013037100,Chautauqua County,New York,True,37.56,52.46,13.08,0.0,61648
36013037200,Chautauqua County,New York,True,35.89,48.57,11.92,1.43,53214
36013037300,Chautauqua County,New York,True,21.61,38.39,10.29,0.89,66750
36013037400,Chautauqua County,New York,True,15.81,32.46,13.29,0.0,69464
36013037500,Chautauqua County,New York,True,13.44,50.0,9.05,0.0,80000
36013037600,Chautauqua County,New York,True,16.04,51.31,9.28,0.0,77607
36013990000,Chautauqua County,New York,False,,,,,
36015000100,Chemung County,New York,True,34.35,51.55,21.77,0.0,43271
36015000200,Chemung County,New York,True,42.95,33.04,20.02,0.0,53221
36015000300,Chemung County,New York,False,,,,,
36015000400,Chemung County,New York,True,28.08,55.28,32.13,0.0,57917
36015000500,Chemung County,New York,True,51.76,45.32,21.05,5.29,54345
36015000600,Chemung County,New York,True,78.77,44.66,44.44,0.0,25829
36015000700,Chemung County,New York,True,95.99,64.59,58.57,0.0,14841
36015000900,Chemung County,New York,True,31.88,67.45,31.36,1.65,40813
36015001000,Chemung County,New York,True,73.04,64.92,51.44,0.0,37813
36015001100,Chemung County,New York,True,28.51,54.81,10.98,0.0,58316
36015010100,Chemung County,New York,True,13.51,25.84,9.79,0.0,64194
36015010200,Chemung County,New York,True,13.01,34.69,8.13,10.31,74036
36015010301,Chemung County,New York,True,15.13,15.72,4.18,0.0,92730
36015010302,Chemung County,New York,True,30.16,50.26,6.81,0.0,80156
36015010400,Chemung County,New York,True,25.49,63.64,5.56,0.0,69414
36015010500,Chemung County,New York,True,54.1,40.6,16.98,0.0,56860
36015010600,Chemung County,New York,True,30.82,47.37,22.68,10.26,66835
36015010701,Chemung County,New York,True,29.89,75.14,9.22,0.0,87656
36015010702,Chemung County,New York,True,17.21,29.57,5.83,10.63,91555
36015010800,Chemung County,New York,True,42.57,28.14,17.06,0.0,55881
36015010900,Chemung County,New York,True,12.19,29.48,5.25,0.0,111083
36015011000,Chemung County,New York,True,15.78,39.08,7.31,2.94,67836
36015011101,Chemung County,New York,True,36.45,44.47,14.53,0.0,56362
36015011102,Chemung County,New York,True,24.84,53.94,9.59,0.0,70091
36015011200,Chemung County,New York,True,13.94,37.7,20.82,0.0,60000
36017970101,Chenango County,New York,True,17.21,33.67,6.61,1.51,72241
36017970102,Chenango County,New York,True,31.48,47.66,12.28,0.0,54850
36017970201,Chenango County,New York,True,13.28,28.32,7.5,0.0,69594
36017970202,Chenango County,New York,True,13.35,32.46,17.33,6.14,61579
36017970300,Chenango County,New York,True,47.77,38.26,6.78,3.79,61837
36017970400,Chenango County,New York,True,71.81,37.86,25.29,5.59,41627
36017970501,Chenango County,New York,True,23.19,33.95,16.82,0.0,56089
36017970502,Chenango County,New York,True,11.47,14.75,5.75,15.57,66500
36017970601,Chenango County,New York,True,8.37,49.24,9.72,14.39,73640
36017970602,Chenango County,New York,True,17.17,14.55,12.12,5.45,63500
36017970700,Chenango County,New York,True,20.2,60.1,15.4,0.0,60536
36017970801,Chenango County,New York,True,11.3,30.86,13.9,13.71,74461
36017970802,Chenango County,New York,True,18.46,29.67,8.75,2.93,75521
36017970901,Chenango County,New York,True,17.69,56.94,11.26,0.0,47473
36017970902,Chenango County,New York,True,30.68,41.45,12.9,8.22,60744
36017971000,Chenango County,New York,True,28.39,40.25,12.01,3.75,66202
36019100101,Clinton County,New York,True,26.83,52.69,16.54,16.85,83654
36019100102,Clinton County,New York,True,36.63,36.59,12.05,0.0,49063
36019100200,Clinton County,New York,True,17.1,21.97,6.53,0.0,95648
36019100600,Clinton County,New York,True,14.48,14.1,12.8,21.64,87162
36019100700,Clinton County,New York,True,20.5,47.11,4.86,0.0,80208
36019100800,Clinton County,New York,True,16.62,36.45,9.45,3.61,72273
36019100901,Clinton County,New York,True,72.78,48.44,22.39,1.41,54440
36019100902,Clinton County,New York,True,61.6,36.8,6.79,2.14,60253
36019101000,Clinton County,New York,True,32.11,40.26,5.26,0.0,85754
36019101600,Clinton County,New York,True,43.44,28.96,23.92,0.0,47578
36019101901,Clinton County,New York,True,18.61,58.31,9.4,0.0,109896
36019101902,Clinton County,New York,True,3.69,33.33,9.64,0.0,98942
36019102100,Clinton County,New York,True,30.89,33.73,13.25,0.0,83667
36019102200,Clinton County,New York,True,64.22,40.21,34.81,8.69,40759
36019102800,Clinton County,New York,True,23.85,39.34,11.45,4.8,97685
36019103000,Clinton County,New York,False,,,,,
36019103100,Clinton County,New York,True,84.6,61.66,52.64,0.0,26526
36019103200,Clinton County,New York,True,61.96,39.91,13.8,5.87,65481
36019103512,Clinton County,New York,True,19.75,31.53,14.02,7.1,69500
36019103800,Clinton County,New York,True,11.55,22.0,10.75,1.6,76103
36019103900,Clinton County,New York,True,9.71,26.61,6.21,0.0,105370
36019104200,Clinton County,New York,True,12.55,53.97,13.42,0.0,58081
36021000100,Columbia County,New York,True,13.36,26.92,10.75,0.0,75662
36021000200,Columbia County,New York,True,19.0,37.18,3.36,0.0,107313
36021000300,Columbia County,New York,True,13.41,34.24,7.41,3.11,107270
36021000401,Columbia County,New York,True,13.71,37.86,13.91,0.0,77083
36021000402,Columbia County,New York,True,24.09,49.36,7.0,0.0,88333
36021000500,Columbia County,New York,True,23.4,49.27,12.64,9.27,66000
36021000600,Columbia County,New York,True,23.06,29.51,7.08,17.21,98958
36021000700,Columbia County,New York,True,26.26,37.75,16.41,3.31,82092
36021000800,Columbia County,New York,True,6.13,40.0,2.98,0.0,113021
36021000900,Columbia County,New York,True,23.61,36.73,9.78,0.0,76700
36021001000,Columbia County,New York,True,12.96,64.58,7.81,0.0,74111
36021001100,Columbia County,New York,True,37.5,66.8,18.03,0.0,
36021001200,Columbia County,New York,True,48.03,59.83,29.5,6.22,54122
36021001300,Columbia County,New York,True,64.82,62.31,26.5,8.94,55089
36021001400,Columbia County,New York,True,30.06,39.51,17.08,3.09,54024
36021001500,Columbia County,New York,True,15.43,29.41,5.62,32.94,86250
36021001600,Columbia County,New York,True,11.18,46.5,13.52,0.0,113611
36021001700,Columbia County,New York,True,10.69,20.34,9.28,0.0,99773
36021001800,Columbia County,New York,True,7.39,7.69,6.78,0.0,89412
36021001900,Columbia County,New York,True,18.81,47.65,7.98,3.36,95104
36021002000,Columbia County,New York,True,20.52,40.0,6.78,0.0,97564
36023970100,Cortland County,New York,True,16.56,30.33,9.13,0.0,79063
36023970201,Cortland County,New York,True,11.79,44.35,9.02,0.0,88750
36023970202,Cortland County,New York,True,22.66,62.77,10.09,0.0,74043
36023970300,Cortland County,New York,True,28.23,43.54,2.18,0.0,73958
36023970400,Cortland County,New York,True,16.16,36.81,6.08,0.0,66875
36023970500,Cortland County,New York,True,56.4,55.57,23.77,4.59,60952
36023970600,Cortland County,New York,True,82.12,36.72,23.13,1.32,45813
36023970700,Cortland County,New York,True,19.45,38.58,15.78,0.0,89229
36023970800,Cortland County,New York,True,61.36,37.04,23.18,0.0,
36023970900,Cortland County,New York,True,59.94,65.75,21.21,0.25,48009
36023971000,Cortland County,New York,True,30.5,40.21,8.74,0.0,83993
36023971100,Cortland County,New York,True,20.86,35.25,11.32,0.0,67258
36023971200,Cortland County,New York,True,18.82,18.86,10.25,0.0,78655
36025970101,Delaware County,New York,True,18.64,40.5,18.47,1.65,52118
36025970102,Delaware County,New York,True,12.86,56.29,7.2,0.0,79539
36025970200,Delaware County,New York,True,10.11,16.67,7.79,0.0,82925
36025970300,Delaware County,New York,True,17.04,27.78,12.18,14.65,64323
36025970401,Delaware County,New York,True,9.98,31.25,16.58,0.0,54030
36025970402,Delaware County,New York,True,57.52,39.48,20.99,4.61,50208
36025970501,Delaware County,New York,True,23.13,42.04,16.22,1.33,48427
36025970502,Delaware County,New York,True,11.24,10.13,12.16,6.33,61350
36025970601,Delaware County,New York,True,30.26,39.79,23.81,0.0,48413
36025970602,Delaware County,New York,True,20.05,36.33,26.19,0.0,49567
36025970700,Delaware County,New York,True,12.97,27.78,11.63,4.86,69722
36025970800,Delaware County,New York,True,36.83,38.59,13.37,0.0,63043
36025970900,Delaware County,New York,False,,,,,
36025971000,Delaware County,New York,True,21.73,44.18,14.87,0.0,69907
36025971100,Delaware County,New York,True,17.55,38.78,5.37,0.0,58042
36025971200,Delaware County,New York,True,17.41,41.88,11.8,0.0,78021
36025971300,Delaware County,New York,True,12.01,46.51,12.18,0.0,67222
36025971400,Delaware County,New York,True,23.57,50.97,12.99,6.17,62243
36027010000,Dutchess County,New York,True,31.67,62.26,8.95,2.99,76426
36027020003,Dutchess County,New York,True,4.64,60.0,7.05,0.0,118404
36027020004,Dutchess County,New York,True,2.85,0.0,4.55,0.0,141830
36027020005,Dutchess County,New York,True,17.52,47.71,5.74,0.0,140219
36027030000,Dutchess County,New York,True,5.84,19.39,5.79,0.0,125685
36027040001,Dutchess County,New York,True,25.63,60.23,14.1,0.0,85833
36027040003,Dutchess County,New York,True,35.92,45.11,8.32,2.07,99934
36027050102,Dutchess County,New York,True,9.02,25.19,6.71,0.0,138047
36027050103,Dutchess County,New York,True,2.48,12.77,5.4,0.0,116196
36027050104,Dutchess County,New York,True,7.55,46.75,1.76,0.0,170833
36027050203,Dutchess County,New York,True,16.87,24.68,1.7,0.0,127333
36027050204,Dutchess County,New York,True,10.08,33.67,3.05,0.0,161667
36027050205,Dutchess County,New York,True,11.06,20.91,4.57,4.55,117732
36027060100,Dutchess County,New York,True,48.08,35.29,20.01,2.66,102045
36027060201,Dutchess County,New York,True,25.17,52.5,1.86,3.75,108412
36027060202,Dutchess County,New York,True,35.8,62.42,9.06,4.3,86921
36027060301,Dutchess County,New York,True,14.83,8.81,3.06,0.0,123456
36027060302,Dutchess County,New York,True,15.75,66.87,2.15,0.0,96591
36027060400,Dutchess County,New York,True,59.95,51.41,2.7,2.52,97045
36027070101,Dutchess County,New York,True,18.97,55.03,5.56,20.13,109000
36027070102,Dutchess County,New York,True,31.33,59.47,16.31,0.0,90084
36027070201,Dutchess County,New York,True,50.53,47.25,13.75,0.0,59688
36027070301,Dutchess County,New York,True,22.86,22.43,9.03,0.0,88355
36027070401,Dutchess County,New York,True,13.64,36.14,3.72,0.0,71750
36027080103,Dutchess County,New York,True,15.28,12.4,10.5,31.01,126375
36027080104,Dutchess County,New York,True,21.31,80.25,9.94,0.0,109542
36027080201,Dutchess County,New York,True,7.4,29.92,3.03,0.0,138246
36027080202,Dutchess County,New York,True,11.57,38.1,1.22,0.0,125708
36027090000,Dutchess County,New York,True,17.1,39.78,11.89,3.23,104318
36027100000,Dutchess County,New York,True,22.94,52.9,13.83,13.65,84757
36027110003,Dutchess County,New York,True,5.47,72.46,1.7,0.0,154079
36027110004,Dutchess County,New York,True,17.65,59.29,3.8,0.0,111250
36027110005,Dutchess County,New York,True,47.46,46.39,8.81,0.0,86792
36027120000,Dutchess County,New York,True,19.05,20.12,9.32,0.0,102109
36027130003,Dutchess County,New York,True,41.33,49.3,7.19,0.0,82340
36027130004,Dutchess County,New York,True,11.72,14.67,4.32,0.0,151667
36027130005,Dutchess County,New York,True,11.45,42.06,6.81,0.0,105833
36027140101,Dutchess County,New York,True,41.34,57.68,27.74,8.85,64515
36027140201,Dutchess County,New York,True,39.02,62.72,6.9,0.0,74545
36027140202,Dutchess County,New York,True,37.41,35.78,5.14,0.0,98947
36027140301,Dutchess County,New York,True,56.18,61.62,11.58,0.96,66316
36027140302,Dutchess County,New York,True,69.51,41.84,8.97,0.12,78633
36027140400,Dutchess County,New York,True,11.18,33.49,2.48,0.0,142602
36027140500,Dutchess County,New York,True,51.99,42.92,10.61,1.98,73875
36027140602,Dutchess County,New York,True,14.17,64.38,4.88,0.0,109848
36027140700,Dutchess County,New York,True,10.17,42.74,1.49,0.0,150785
36027140801,Dutchess County,New York,True,10.34,100.0,2.46,0.0,106205
36027150003,Dutchess County,New York,True,45.86,43.27,18.74,8.6,83060
36027150004,Dutchess County,New York,True,12.77,59.2,6.05,10.34,115257
36027150005,Dutchess County,New York,True,10.04,62.0,4.15,0.0,142266
36027150006,Dutchess County,New York,True,33.77,75.9,7.93,1.11,107411
36027160003,Dutchess County,New York,True,15.05,15.2,10.05,6.43,116447
36027160004,Dutchess County,New York,True,18.16,50.26,10.05,17.62,138750
36027160005,Dutchess County,New York,True,45.64,64.43,3.55,0.0,70496
36027170000,Dutchess County,New York,True,28.04,48.02,13.79,6.17,88578
36027180001,Dutchess County,New York,True,12.19,50.25,7.72,0.0,102888
36027190101,Dutchess County,New York,True,3.0,54.05,4.91,0.0,138194
36027190102,Dutchess County,New York,True,52.75,29.93,8.36,6.73,98544
36027190203,Dutchess County,New York,True,25.7,46.69,3.16,0.0,100833
36027190204,Dutchess County,New York,True,6.67,31.01,5.89,0.0,124313
36027190301,Dutchess County,New York,True,68.05,35.51,7.49,0.0,82137
36027190401,Dutchess County,New York,True,20.22,47.54,6.73,3.83,125856
36027190402,Dutchess County,New York,True,24.91,47.86,3.79,7.41,79330
36027200001,Dutchess County,New York,True,26.04,35.6,4.12,6.28,122431
36027200002,Dutchess County,New York,True,45.47,35.83,12.56,0.31,74265
36027210101,Dutchess County,New York,True,40.24,47.65,11.93,3.03,120561
36027210201,Dutchess County,New York,True,49.29,39.02,11.24,0.0,74953
36027210301,Dutchess County,New York,True,25.36,41.06,3.82,2.64,113931
36027220101,Dutchess County,New York,True,82.54,64.34,26.24,1.07,39097
36027220102,Dutchess County,New York,True,100.0,44.01,30.94,2.03,48449
36027220201,Dutchess County,New York,True,67.06,75.03,13.46,3.1,73523
36027220300,Dutchess County,New York,True,71.51,55.98,28.69,5.33,40060
36027220700,Dutchess County,New York,True,69.08,48.26,7.06,4.94,68476
36027220801,Dutchess County,New York,True,55.74,57.89,12.98,3.38,62119
36027220901,Dutchess County,New York,True,52.75,53.62,14.71,10.85,60500
36027221001,Dutchess County,New York,True,5.02,50.0,4.25,0.0,115052
36027221100,Dutchess County,New York,True,76.46,56.09,22.02,3.52,62646
36027300000,Dutchess County,New York,True,68.83,55.86,3.8,10.45,65040
36027410000,Dutchess County,New York,True,41.24,47.4,13.6,0.0,86856
36027610000,Dutchess County,New York,True,100.0,0.0,0.0,0.0,
36027640001,Dutchess County,New York,False,,,,,
36027640002,Dutchess County,New York,False,,,26.32,,
36029000110,Erie County,New York,True,29.45,41.99,29.51,0.0,45698
36029000200,Erie County,New York,True,47.1,36.23,15.57,1.45,59365
36029000500,Erie County,New York,True,55.83,58.41,28.81,0.0,37074
36029000600,Erie County,New York,True,18.11,46.74,7.64,0.0,87992
36029000700,Erie County,New York,True,26.21,38.59,3.31,0.0,87500
36029000800,Erie County,New York,True,30.19,58.86,16.92,0.0,69407
36029000900,Erie County,New York,True,38.0,30.67,5.23,0.0,74655
36029001000,Erie County,New York,True,60.88,39.32,16.94,3.51,60436
36029001100,Erie County,New York,True,59.48,37.24,21.48,0.0,43092
36029001403,Erie County,New York,True,84.92,42.55,41.59,3.34,23929
36029001404,Erie County,New York,True,82.9,51.69,44.13,0.0,20974
36029001500,Erie County,New York,True,54.98,50.14,31.09,0.0,35913
36029001601,Erie County,New York,True,49.21,45.74,33.68,0.0,36250
36029001602,Erie County,New York,True,58.36,57.32,22.85,0.0,41500
36029001700,Erie County,New York,True,50.41,60.8,34.48,4.93,29236
36029001900,Erie County,New York,True,42.45,43.78,16.84,1.57,51935
36029002300,Erie County,New York,True,46.38,55.18,26.79,3.94,41250
36029002400,Erie County,New York,True,32.61,40.8,23.37,0.0,44164
36029002502,Erie County,New York,True,64.77,47.36,44.54,0.0,28241
36029002703,Erie County,New York,True,75.23,51.49,38.31,7.92,
36029002704,Erie County,New York,True,43.63,87.67,57.34,16.44,36944
36029002801,Erie County,New York,True,63.82,48.09,67.0,17.52,38750
36029002802,Erie County,New York,True,66.58,73.73,34.88,0.0,37694
36029002900,Erie County,New York,True,60.25,52.74,53.72,0.97,33438
36029003000,Erie County,New York,True,60.55,48.7,41.54,3.99,34952
36029003100,Erie County,New York,True,55.28,46.02,28.15,0.0,26716
36029003301,Erie County,New York,True,39.18,61.66,14.39,0.0,59209
36029003302,Erie County,New York,True,61.37,45.65,32.04,3.86,35127
36029003400,Erie County,New York,True,61.97,58.97,15.16,0.36,46789
36029003501,Erie County,New York,True,60.99,69.11,45.28,36.04,19947
36029003502,Erie County,New York,True,54.85,51.11,19.18,0.0,29899
36029003600,Erie County,New York,True,40.95,64.58,27.42,6.25,38477
36029003700,Erie County,New York,True,57.01,49.2,24.09,2.99,47708
36029003800,Erie County,New York,True,53.71,48.48,42.31,0.0,33455
36029003901,Erie County,New York,True,64.01,76.23,31.32,0.0,
36029004002,Erie County,New York,True,53.2,74.25,43.72,10.37,37794
36029004003,Erie County,New York,True,60.78,67.53,18.34,0.54,41392
36029004100,Erie County,New York,True,40.25,67.53,25.92,1.98,39205
36029004200,Erie County,New York,True,47.5,53.93,46.36,0.0,51250
36029004300,Erie County,New York,True,54.14,48.99,21.87,0.0,47427
36029004401,Erie County,New York,True,49.87,46.36,27.81,2.02,53338
36029004402,Erie County,New York,True,87.49,51.18,50.29,3.85,30529
36029004500,Erie County,New York,True,40.52,54.23,12.78,0.0,91652
36029004601,Erie County,New York,True,58.66,37.99,26.89,0.0,67153
36029004701,Erie County,New York,True,65.01,60.88,36.49,0.0,40990
36029004702,Erie County,New York,True,79.37,56.14,37.28,0.0,41617
36029004800,Erie County,New York,True,35.97,44.54,19.12,1.96,100521
36029004901,Erie County,New York,True,54.77,58.03,15.61,0.0,60474
36029004902,Erie County,New York,True,63.95,40.83,11.79,0.59,76471
36029005000,Erie County,New York,True,61.37,49.87,24.25,0.0,62000
36029005100,Erie County,New York,True,60.5,42.67,15.54,0.0,64352
36029005201,Erie County,New York,True,43.51,33.33,12.2,7.19,105673
36029005202,Erie County,New York,True,52.63,77.44,39.6,4.77,47115
36029005300,Erie County,New York,True,60.0,29.79,12.76,0.0,65208
36029005400,Erie County,New York,True,55.4,42.95,15.95,4.56,64870
36029005500,Erie County,New York,True,82.78,60.9,44.94,7.93,26250
36029005600,Erie County,New York,True,63.4,41.38,29.7,0.0,45750
36029005700,Erie County,New York,True,65.48,45.05,30.6,0.0,41694
36029005801,Erie County,New York,True,48.26,29.49,32.97,0.0,41274
36029005802,Erie County,New York,True,60.3,45.51,25.81,1.61,47775
36029005900,Erie County,New York,True,70.93,46.64,28.39,10.15,38845
36029006100,Erie County,New York,True,54.89,56.13,29.44,4.23,50222
36029006301,Erie County,New York,True,57.02,49.55,27.39,0.0,82019
36029006302,Erie County,New York,True,49.44,37.46,11.07,0.0,92459
36029006501,Erie County,New York,True,64.16,32.55,13.92,0.0,70380
36029006601,Erie County,New York,True,63.34,44.75,14.57,0.0,74437
36029006602,Erie County,New York,True,54.55,47.69,9.92,1.96,73250
36029006701,Erie County,New York,True,64.68,60.21,15.37,0.0,53190
36029006702,Erie County,New York,True,82.1,49.78,28.72,0.39,
36029006801,Erie County,New York,True,76.02,38.86,10.03,0.0,73827
36029006802,Erie County,New York,True,61.71,40.69,18.63,1.37,50728
36029006901,Erie County,New York,True,67.88,42.46,20.99,8.81,58311
36029006903,Erie County,New York,True,44.74,37.92,6.37,12.75,91042
36029006904,Erie County,New York,True,69.64,38.4,47.85,6.75,59659
36029007000,Erie County,New York,True,61.26,58.83,24.72,2.39,44960
36029007102,Erie County,New York,True,83.78,60.32,32.55,0.0,53259
36029007103,Erie County,New York,True,91.37,62.91,35.68,0.0,37230
36029007104,Erie County,New York,True,85.78,57.72,59.8,4.04,22686
36029007202,Erie County,New York,True,73.63,26.25,10.59,8.13,43879
36029007303,Erie County,New York,True,33.67,49.38,4.94,0.0,97656
36029007304,Erie County,New York,True,17.77,42.08,1.76,0.0,129661
36029007305,Erie County,New York,True,2.08,0.0,5.28,0.0,112026
36029007306,Erie County,New York,True,7.34,16.0,5.3,0.0,120258
36029007600,Erie County,New York,True,12.34,11.24,6.95,0.0,51087
36029007700,Erie County,New York,True,28.34,48.09,18.72,0.0,64805
36029007800,Erie County,New York,True,23.18,60.65,9.88,0.0,55781
36029007901,Erie County,New York,True,40.13,29.06,6.19,0.0,92125
36029007902,Erie County,New York,True,13.22,35.82,3.83,0.0,98313
36029007903,Erie County,New York,True,3.8,37.74,4.89,0.0,85250
36029007904,Erie County,New York,True,24.54,69.97,4.52,0.0,72083
36029007905,Erie County,New York,True,22.16,69.33,4.18,0.0,79250
36029008001,Erie County,New York,True,17.88,54.57,15.2,19.54,84688
36029008002,Erie County,New York,True,24.71,52.22,11.46,3.68,85816
36029008003,Erie County,New York,True,22.61,43.68,9.29,0.0,70050
36029008101,Erie County,New York,True,39.59,51.59,13.61,0.0,69335
36029008102,Erie County,New York,True,23.04,34.99,7.0,0.0,90682
36029008201,Erie County,New York,True,22.73,63.7,9.36,0.0,60938
36029008202,Erie County,New York,True,43.25,33.95,16.59,1.85,55613
36029008300,Erie County,New York,True,76.83,52.8,26.51,0.0,37875
36029008400,Erie County,New York,True,26.53,41.92,15.02,5.84,68025
36029008500,Erie County,New York,True,26.92,32.38,6.55,0.0,90321
36029008600,Erie County,New York,True,38.79,36.63,7.67,3.37,87684
36029008700,Erie County,New York,True,32.61,62.4,9.01,0.0,74006
36029008800,Erie County,New York,True,22.16,47.24,12.97,0.0,78550
36029008900,Erie County,New York,True,26.62,27.69,5.82,0.0,102300
36029009004,Erie County,New York,True,8.98,11.69,14.86,0.0,111548
36029009007,Erie County,New York,True,9.31,31.23,0.33,8.7,185848
36029009008,Erie County,New York,True,37.65,82.13,8.24,0.0,72793
36029009009,Erie County,New York,True,25.24,42.88,3.68,3.52,137188
36029009010,Erie County,New York,True,29.7,66.21,12.09,0.0,123711
36029009011,Erie County,New York,True,13.18,90.62,1.87,0.0,111897
36029009012,Erie County,New York,True,27.25,43.92,8.63,5.51,81469
36029009104,Erie County,New York,True,5.01,30.53,3.25,0.0,131342
36029009106,Erie County,New York,True,22.53,25.15,7.43,0.0,91144
36029009107,Erie County,New York,True,47.71,55.92,12.05,5.92,85063
36029009109,Erie County,New York,True,31.66,52.57,16.94,8.05,72727
36029009110,Erie County,New York,False,,,,,
36029009112,Erie County,New York,True,68.47,60.11,28.53,0.84,48233
36029009113,Erie County,New York,True,2.26,0.0,1.76,0.0,132885
36029009114,Erie County,New York,True,11.05,5.91,2.71,0.0,102095
36029009115,Erie County,New York,True,66.47,51.87,33.81,6.54,51373
36029009116,Erie County,New York,True,52.17,55.02,17.73,0.94,66667
36029009200,Erie County,New York,True,61.2,44.15,13.28,0.0,57917
36029009301,Erie County,New York,True,48.82,34.18,23.8,0.0,48837
36029009302,Erie County,New York,True,10.99,51.06,13.04,0.0,80997
36029009401,Erie County,New York,True,33.96,43.83,16.95,3.86,92922
36029009402,Erie County,New York,True,13.24,43.75,3.31,0.0,116864
36029009501,Erie County,New York,True,4.04,0.0,4.64,0.0,137455
36029009503,Erie County,New York,True,21.13,24.42,2.63,0.0,119185
36029009504,Erie County,New York,True,24.63,68.45,8.27,0.0,83295
36029009601,Erie County,New York,True,42.12,25.52,12.35,1.4,85625
36029009602,Erie County,New York,True,45.92,65.56,9.77,0.0,80320
36029009701,Erie County,New York,True,28.39,68.27,10.0,8.53,67219
36029009702,Erie County,New York,True,16.44,59.3,10.26,17.54,78696
36029009800,Erie County,New York,True,33.2,54.72,11.09,0.0,76750
36029009900,Erie County,New York,True,32.13,45.09,14.69,0.0,72214
36029010001,Erie County,New York,True,32.02,47.02,6.2,1.85,74766
36029010002,Erie County,New York,True,27.59,48.59,6.8,4.33,53929
36029010003,Erie County,New York,True,27.84,42.95,8.59,3.96,68011
36029010101,Erie County,New York,True,6.35,40.3,17.72,0.0,79506
36029010102,Erie County,New York,True,56.62,65.09,22.48,9.63,45444
36029010103,Erie County,New York,True,17.03,31.97,8.75,0.0,83524
36029010201,Erie County,New York,True,20.23,23.21,19.68,0.0,58836
36029010202,Erie County,New York,True,33.44,55.2,18.66,6.8,62132
36029010300,Erie County,New York,True,30.98,28.04,20.61,10.58,60500
36029010400,Erie County,New York,True,47.8,43.38,21.96,2.56,54740
36029010500,Erie County,New York,True,21.57,62.26,6.17,4.72,59710
36029010600,Erie County,New York,True,26.34,44.53,7.43,0.0,77308
36029010700,Erie County,New York,True,23.0,38.08,16.44,0.0,62353
36029010803,Erie County,New York,True,20.6,42.14,14.83,0.0,77041
36029010804,Erie County,New York,True,17.84,45.35,8.7,0.0,79444
36029010805,Erie County,New York,True,17.08,36.92,6.5,0.0,85978
36029010807,Erie County,New York,True,35.95,21.87,7.53,13.57,78889
36029010808,Erie County,New York,True,49.1,43.31,5.85,4.26,66399
36029010809,Erie County,New York,True,6.11,34.21,1.93,0.0,91843
36029010901,Erie County,New York,True,25.89,29.37,6.02,1.86,72875
36029010902,Erie County,New York,True,55.16,47.6,4.38,1.03,49591
36029011000,Erie County,New York,True,20.55,34.15,8.59,0.0,64375
36029011100,Erie County,New York,True,13.09,52.94,7.79,0.0,72429
36029011201,Erie County,New York,True,11.19,58.75,2.19,0.0,118315
36029011202,Erie County,New York,True,27.62,51.74,6.74,0.0,78472
36029011300,Erie County,New York,True,25.74,41.4,6.43,0.0,74701
36029011400,Erie County,New York,True,21.99,62.5,13.66,0.0,71060
36029011500,Erie County,New York,True,22.45,43.36,9.22,0.0,56736
36029011600,Erie County,New York,True,49.91,29.96,4.99,7.49,66362
36029011700,Erie County,New York,True,34.41,47.28,10.38,0.0,64922
36029011800,Erie County,New York,True,20.22,29.75,15.6,0.0,78125
36029012001,Erie County,New York,True,13.11,38.22,14.61,0.0,87313
36029012002,Erie County,New York,True,26.61,37.67,5.65,6.05,100556
36029012003,Erie County,New York,True,8.26,37.57,5.95,0.0,117656
36029012300,Erie County,New York,True,61.47,50.82,30.78,1.2,43733
36029012400,Erie County,New York,True,41.56,65.68,35.88,14.32,36940
36029012501,Erie County,New York,True,36.67,52.57,13.06,3.65,59945
36029012502,Erie County,New York,True,29.91,41.88,15.56,20.22,70093
36029012800,Erie County,New York,True,38.85,46.82,14.16,0.0,69856
36029012902,Erie County,New York,True,51.06,51.76,9.56,0.0,71708
36029012903,Erie County,New York,True,44.54,22.94,3.51,0.0,74301
36029012904,Erie County,New York,True,33.24,44.41,12.97,2.96,80407
36029013001,Erie County,New York,True,29.78,38.68,16.77,0.0,70410
36029013002,Erie County,New York,True,23.01,45.51,8.42,0.0,77731
36029013101,Erie County,New York,True,14.2,36.84,5.18,0.0,83528
36029013103,Erie County,New York,True,0.63,0.0,4.98,0.0,150773
36029013104,Erie County,New York,True,1.26,63.64,3.18,0.0,114087
36029013201,Erie County,New York,True,24.75,20.0,2.96,2.54,89276
36029013202,Erie County,New York,True,20.42,29.44,2.29,0.0,98199
36029013300,Erie County,New York,True,17.7,44.89,3.75,0.0,87212
36029013400,Erie County,New York,True,27.26,34.02,2.66,0.0,122500
36029013501,Erie County,New York,True,31.87,62.22,6.62,0.0,100262
36029013502,Erie County,New York,True,2.09,70.91,8.22,0.0,173411
36029013600,Erie County,New York,True,42.92,38.41,12.32,0.0,103158
36029013701,Erie County,New York,True,26.05,34.93,5.26,0.0,98395
36029013702,Erie County,New York,True,31.2,36.07,6.03,0.0,137708
36029013801,Erie County,New York,True,12.2,62.07,2.63,0.0,101107
36029013802,Erie County,New York,True,9.53,21.96,2.97,0.0,93190
36029013900,Erie County,New York,True,22.94,38.08,3.35,0.0,96600
36029014000,Erie County,New York,True,23.3,41.59,3.21,0.0,121917
36029014101,Erie County,New York,True,11.26,7.81,4.18,5.2,104913
36029014102,Erie County,New York,True,11.5,50.81,3.44,0.0,130385
36029014204,Erie County,New York,True,34.88,53.1,7.95,0.0,68542
36029014206,Erie County,New York,True,0.0,,1.5,,153264
36029014207,Erie County,New York,True,32.27,49.66,4.64,2.55,100542
36029014208,Erie County,New York,True,14.41,46.13,5.34,0.0,107746
36029014209,Erie County,New York,True,15.04,13.04,2.93,4.68,113704
36029014300,Erie County,New York,True,21.65,64.04,3.92,0.0,78686
36029014400,Erie County,New York,True,32.14,40.03,10.26,0.0,61946
36029014501,Erie County,New York,True,9.94,56.18,4.28,0.0,85938
36029014502,Erie County,New York,True,45.9,38.19,14.57,0.0,60404
36029014601,Erie County,New York,True,33.24,41.24,10.66,0.0,90438
36029014603,Erie County,New York,True,4.93,26.04,6.18,15.62,139881
36029014605,Erie County,New York,True,15.1,64.66,5.67,0.0,138269
36029014606,Erie County,New York,True,5.61,29.47,1.88,0.0,185536
36029014701,Erie County,New York,True,5.42,26.96,2.71,12.17,147808
36029014703,Erie County,New York,True,5.81,24.53,10.72,0.0,144220
36029014704,Erie County,New York,True,34.81,31.33,7.31,0.0,70435
36029014801,Erie County,New York,True,41.42,52.86,6.83,0.65,45823
36029014804,Erie County,New York,True,7.19,58.12,8.3,25.64,83832
36029014805,Erie County,New York,True,9.08,0.0,3.53,0.0,110319
36029014901,Erie County,New York,True,34.28,30.49,7.63,0.0,70541
36029014903,Erie County,New York,True,7.4,27.75,3.92,0.0,95915
36029015001,Erie County,New York,True,7.58,22.09,2.66,11.66,92787
36029015002,Erie County,New York,True,11.23,17.78,4.28,0.0,88590
36029015003,Erie County,New York,True,11.03,62.65,6.63,0.0,66198
36029015101,Erie County,New York,True,11.21,50.35,10.05,9.09,97935
36029015102,Erie County,New York,True,9.22,4.0,12.36,0.0,84583
36029015201,Erie County,New York,True,17.56,68.77,5.2,0.0,81103
36029015202,Erie County,New York,True,22.31,48.69,4.75,0.0,95889
36029015301,Erie County,New York,True,10.95,55.38,9.94,0.0,86711
36029015302,Erie County,New York,True,9.37,32.76,9.5,0.0,106250
36029015401,Erie County,New York,True,15.94,24.05,20.37,0.0,87572
36029015402,Erie County,New York,True,20.9,17.1,9.01,0.0,65897
36029015501,Erie County,New York,True,13.95,22.38,6.47,0.0,81108
36029015503,Erie County,New York,True,16.43,35.71,9.39,0.0,68667
36029015504,Erie County,New York,True,1.44,34.78,15.19,0.0,59968
36029015600,Erie County,New York,True,24.12,36.56,16.35,2.2,89531
36029015700,Erie County,New York,True,21.28,31.31,5.02,0.0,100270
36029015800,Erie County,New York,True,8.35,36.36,4.44,0.0,84000
36029015900,Erie County,New York,True,40.64,64.39,10.54,0.0,71996
36029016200,Erie County,New York,True,41.07,25.54,15.44,9.96,56827
36029016300,Erie County,New York,True,64.14,45.11,28.5,0.0,30313
36029016400,Erie County,New York,True,76.64,47.84,31.98,6.75,46291
36029016500,Erie County,New York,True,91.09,41.48,19.1,4.28,66231
36029016600,Erie County,New York,True,36.24,50.6,26.88,0.24,28320
36029016700,Erie County,New York,True,48.82,77.54,40.03,0.0,40441
36029016801,Erie County,New York,True,48.24,68.19,17.98,7.5,28250
36029016802,Erie County,New York,True,40.16,39.8,13.35,3.95,53811
36029016900,Erie County,New York,True,53.29,44.98,10.69,0.84,108426
36029017000,Erie County,New York,True,31.68,62.28,15.43,0.0,43043
36029017100,Erie County,New York,True,75.15,52.05,26.62,0.98,39763
36029017200,Erie County,New York,True,49.5,45.9,20.65,0.0,48887
36029017301,Erie County,New York,True,6.01,46.97,5.62,0.0,113019
36029017302,Erie County,New York,True,30.81,57.85,9.0,0.0,76250
36029017400,Erie County,New York,True,47.64,43.93,27.62,1.38,48299
36029017501,Erie County,New York,True,23.12,64.19,10.93,0.0,50843
36029017502,Erie County,New York,True,15.51,34.55,7.17,0.0,71250
36029940000,Erie County,New York,True,21.82,59.73,25.16,2.01,47530
36029940100,Erie County,New York,False,,,,,
36029980000,Erie County,New York,False,,,,,
36029980300,Erie County,New York,True,0.0,,22.22,,
36029980400,Erie County,New York,False,,,,,
36029980500,Erie County,New York,True,0.0,,20.0,,
36029990000,Erie County,New York,False,,,,,
36031960100,Essex County,New York,True,21.14,58.38,18.46,0.51,65278
36031960200,Essex County,New York,True,11.61,27.43,6.74,0.0,72380
36031960300,Essex County,New York,True,21.93,10.61,5.25,4.17,81525
36031960401,Essex County,New York,True,65.7,38.94,9.47,0.0,50500
36031960402,Essex County,New York,True,42.44,50.96,3.38,0.0,52277
36031960501,Essex County,New York,True,41.23,41.57,13.27,0.0,76830
36031960502,Essex County,New York,True,19.79,80.11,8.48,0.0,106395
36031960700,Essex County,New York,True,18.14,32.93,9.46,2.44,80000
36031960800,Essex County,New York,True,15.54,42.65,12.14,5.88,69766
36031960901,Essex County,New York,True,21.11,46.79,17.94,0.0,53250
36031960902,Essex County,New York,True,14.91,21.32,6.08,0.0,84286
36031961001,Essex County,New York,True,9.57,20.69,7.86,0.0,64116
36031961002,Essex County,New York,True,23.14,50.15,17.34,0.0,58640
36031961100,Essex County,New York,True,5.75,8.0,6.91,0.0,82813
36031961201,Essex County,New York,True,26.13,50.0,6.82,0.0,79250
36031961202,Essex County,New York,True,35.43,43.17,23.79,8.63,54814
36031961300,Essex County,New York,True,12.94,41.59,7.67,0.0,69955
36031961400,Essex County,New York,True,10.16,13.51,6.72,2.7,76500
36033940000,Franklin County,New York,True,32.75,48.16,33.78,0.0,52191
36033950200,Franklin County,New York,True,23.1,56.5,19.02,0.0,52038
36033950301,Franklin County,New York,True,22.73,29.18,19.64,0.0,64517
36033950501,Franklin County,New York,True,44.01,36.39,19.8,0.0,56304
36033950502,Franklin County,New York,True,19.68,30.41,8.98,9.46,94038
36033950601,Franklin County,New York,True,11.52,30.3,7.92,3.03,78125
36033950701,Franklin County,New York,True,17.62,26.32,9.88,0.0,74063
36033950800,Franklin County,New York,True,17.91,14.44,13.03,5.56,77404
36033950900,Franklin County,New York,True,38.94,35.39,17.84,9.25,70379
36033951000,Franklin County,New York,True,45.46,29.4,15.21,0.0,66343
36033951100,Franklin County,New York,True,29.15,28.46,17.58,0.0,59241
36033951200,Franklin County,New York,True,27.29,9.31,17.13,0.0,70601
36033951300,Franklin County,New York,True,7.11,0.0,11.31,0.0,68644
36033951400,Franklin County,New York,True,35.58,26.01,19.07,0.0,74196
36033952000,Franklin County,New York,True,15.8,40.12,17.31,2.47,69074
36035970100,Fulton County,New York,True,21.22,13.04,6.44,1.58,72065
36035970200,Fulton County,New York,True,15.72,25.28,16.65,0.0,67500
36035970300,Fulton County,New York,True,18.77,30.1,14.31,0.0,75893
36035970400,Fulton County,New York,True,8.99,8.57,6.93,0.0,69750
36035970500,Fulton County,New York,True,11.27,34.41,16.27,0.0,71691
36035970601,Fulton County,New York,True,3.05,69.23,14.4,0.0,90000
36035970602,Fulton County,New York,True,8.43,0.0,2.4,0.0,100625
36035970700,Fulton County,New York,True,60.95,27.23,16.89,2.76,46595
36035970800,Fulton County,New York,True,61.29,62.08,13.4,0.0,46875
36035970900,Fulton County,New York,True,38.29,39.84,23.9,0.0,49406
36035971000,Fulton County,New York,True,44.1,46.51,6.17,0.0,69250
36035971100,Fulton County,New York,True,36.54,36.36,25.61,9.79,52887
36035971200,Fulton County,New York,True,37.65,47.98,15.6,1.49,53281
36035971300,Fulton County,New York,True,41.46,33.96,1.94,0.0,69364
36035971400,Fulton County,New York,True,16.4,47.47,12.38,0.0,91914
36035971501,Fulton County,New York,True,12.04,28.66,6.78,2.55,101283
36035971502,Fulton County,New York,True,23.76,64.44,22.35,3.77,63167
36037940100,Genesee County,New York,True,12.5,0.0,24.55,0.0,44545
36037950100,Genesee County,New York,True,11.74,70.17,8.31,0.0,80325
36037950200,Genesee County,New York,True,27.9,47.44,16.55,0.37,75350
36037950301,Genesee County,New York,True,22.36,24.4,10.3,6.4,95893
36037950302,Genesee County,New York,True,16.77,25.0,6.97,0.0,82500
36037950401,Genesee County,New York,True,17.65,50.0,10.39,6.2,63365
36037950402,Genesee County,New York,True,5.28,69.41,8.12,0.0,69453
36037950501,Genesee County,New York,True,42.04,47.5,8.14,0.0,56848
36037950502,Genesee County,New York,True,70.51,59.16,17.86,20.79,63403
36037950600,Genesee County,New York,True,36.62,37.59,8.8,0.0,64028
36037950700,Genesee County,New York,True,48.76,41.31,13.31,0.0,58170
36037950800,Genesee County,New York,True,45.3,50.0,21.06,4.92,58733
36037950900,Genesee County,New York,True,37.82,39.39,8.37,0.0,74889
36037951000,Genesee County,New York,True,57.41,36.54,18.04,0.0,55710
36037951100,Genesee County,New York,True,15.55,14.63,4.68,0.0,82889
36037951200,Genesee County,New York,True,31.65,48.93,11.14,0.0,62008
36037951300,Genesee County,New York,True,15.45,31.05,11.11,1.61,84219
36037951400,Genesee County,New York,True,8.1,8.64,5.99,1.23,84583
36039080100,Greene County,New York,True,9.71,22.69,8.36,23.53,100182
36039080201,Greene County,New York,True,20.75,55.1,2.47,0.0,81406
36039080202,Greene County,New York,True,7.97,17.39,4.12,0.0,81471
36039080301,Greene County,New York,True,11.01,43.06,7.36,4.17,76477
36039080302,Greene County,New York,True,23.89,35.8,11.34,5.56,60000
36039080402,Greene County,New York,True,8.5,32.5,9.08,0.0,75982
36039080403,Greene County,New York,True,22.05,20.93,6.82,13.95,91591
36039080404,Greene County,New York,True,42.83,43.1,25.63,23.01,65577
36039080501,Greene County,New York,True,24.07,58.82,12.21,2.21,61361
36039080502,Greene County,New York,True,25.37,31.46,9.4,4.15,85121
36039080600,Greene County,New York,True,13.35,15.82,16.45,0.0,97067
36039080700,Greene County,New York,True,40.3,33.61,8.31,2.1,64911
36039080800,Greene County,New York,False,,,,,
36039080900,Greene County,New York,True,15.34,26.86,6.58,0.0,84896
36039081001,Greene County,New York,True,28.19,32.32,19.36,0.0,58205
36039081002,Greene County,New York,True,51.5,45.03,4.44,3.77,81270
36039081101,Greene County,New York,True,21.87,55.05,11.32,0.0,73287
36039081102,Greene County,New York,True,30.51,42.36,11.01,17.36,67632
36041950100,Hamilton County,New York,True,16.16,35.29,10.2,0.0,73036
36041950300,Hamilton County,New York,True,20.21,54.48,6.07,0.0,62824
36041950400,Hamilton County,New York,True,9.84,25.4,9.68,7.94,72143
36041950500,Hamilton County,New York,True,24.24,33.33,17.05,0.69,63846
36043010100,Herkimer County,New York,True,15.89,33.71,11.87,4.21,79321
36043010201,Herkimer County,New York,True,19.49,33.57,9.68,0.0,57500
36043010202,Herkimer County,New York,True,13.21,30.32,4.94,0.45,71703
36043010300,Herkimer County,New York,True,22.2,46.4,10.03,15.11,75497
36043010400,Herkimer County,New York,True,50.08,38.8,24.09,0.0,50227
36043010501,Herkimer County,New York,True,28.35,13.89,15.09,0.0,72813
36043010502,Herkimer County,New York,True,14.66,56.38,7.09,0.0,71174
36043010701,Herkimer County,New York,True,26.25,24.48,7.36,0.0,68438
36043010702,Herkimer County,New York,True,41.77,42.52,41.17,9.5,41293
36043010900,Herkimer County,New York,True,10.54,16.92,9.41,0.77,68795
36043011001,Herkimer County,New York,True,42.11,32.32,11.5,0.0,67548
36043011002,Herkimer County,New York,True,5.21,40.62,12.23,0.0,78365
36043011100,Herkimer County,New York,True,53.94,44.78,31.26,0.0,36016
36043011200,Herkimer County,New York,True,41.56,43.93,22.49,0.0,61563
36043011301,Herkimer County,New York,True,13.93,0.0,4.14,0.0,84000
36043011302,Herkimer County,New York,True,17.17,48.55,7.79,0.0,65469
36043011400,Herkimer County,New York,True,10.08,23.7,12.31,1.73,83792
36043011502,Herkimer County,New York,True,10.1,20.43,5.54,0.0,79821
36043011503,Herkimer County,New York,True,12.04,22.35,8.79,0.0,100921
36043011504,Herkimer County,New York,True,8.83,52.17,7.1,0.0,81705
36045060101,Jefferson County,New York,True,12.34,20.0,3.67,0.0,99450
36045060102,Jefferson County,New York,True,33.62,34.37,10.67,1.41,57171
36045060201,Jefferson County,New York,True,25.19,54.48,8.08,0.0,99500
36045060202,Jefferson County,New York,True,27.99,47.76,13.5,2.49,59265
36045060203,Jefferson County,New York,True,28.13,38.64,12.86,0.0,84375
36045060301,Jefferson County,New York,True,11.92,50.0,9.06,0.0,60976
36045060302,Jefferson County,New York,True,6.47,26.67,10.88,1.67,81659
36045060401,Jefferson County,New York,True,15.14,36.94,9.34,4.95,80270
36045060402,Jefferson County,New York,True,38.55,47.87,8.5,0.0,87699
36045060500,Jefferson County,New York,True,31.78,46.89,14.05,0.89,67625
36045060601,Jefferson County,New York,True,34.68,30.1,11.88,2.91,86316
36045060602,Jefferson County,New York,True,79.58,56.95,20.08,11.76,50661
36045060700,Jefferson County,New York,True,20.82,17.25,10.9,2.05,74049
36045060803,Jefferson County,New York,True,96.09,61.96,12.4,2.13,51091
36045060805,Jefferson County,New York,True,93.92,43.87,11.56,0.84,72979
36045060806,Jefferson County,New York,True,82.46,39.84,8.53,0.0,79801
36045060901,Jefferson County,New York,True,66.85,24.39,16.16,5.93,64643
36045060902,Jefferson County,New York,True,26.04,61.48,22.71,0.0,54699
36045061000,Jefferson County,New York,True,47.9,37.39,13.72,0.78,57868
36045061101,Jefferson County,New York,True,26.1,57.09,21.35,5.12,82188
36045061102,Jefferson County,New York,True,38.58,35.38,10.21,23.85,79167
36045061200,Jefferson County,New York,True,58.38,41.35,29.02,3.13,46354
36045061300,Jefferson County,New York,True,53.97,44.68,29.56,0.0,47844
36045061400,Jefferson County,New York,True,52.63,51.61,24.04,0.8,48290
36045061500,Jefferson County,New York,True,70.98,47.2,11.85,0.55,49974
36045061600,Jefferson County,New York,True,42.67,60.56,12.25,0.0,80861
36045061700,Jefferson County,New York,True,12.29,27.78,7.57,0.0,84375
36045061801,Jefferson County,New York,True,21.93,57.28,7.95,7.28,72064
36045061802,Jefferson County,New York,True,32.39,15.94,10.64,3.86,63611
36045061900,Jefferson County,New York,True,38.22,32.46,8.64,1.8,80000
36045062100,Jefferson County,New York,True,87.58,39.14,17.47,4.99,48954
36045062200,Jefferson County,New York,True,40.0,36.69,20.91,0.0,71174
36045062400,Jefferson County,New York,True,16.55,19.7,8.73,0.0,85607
36045062500,Jefferson County,New York,True,15.62,25.51,10.06,3.57,81503
36045980000,Jefferson County,New York,False,,,,,
36045990001,Jefferson County,New York,False,,,,,
36047000100,Kings County,New York,True,32.5,33.21,2.79,1.9,178162
36047000200,Kings County,New York,True,67.62,67.18,34.47,31.66,79375
36047000301,Kings County,New York,True,50.95,31.03,5.18,0.0,185128
36047000501,Kings County,New York,True,42.44,45.85,8.43,0.0,141364
36047000502,Kings County,New York,True,58.74,34.66,7.52,0.0,168013
36047000700,Kings County,New York,True,58.49,43.68,4.1,1.0,201827
36047000900,Kings County,New York,True,73.75,25.84,2.91,0.84,205500
36047001100,Kings County,New York,True,91.27,35.97,10.51,3.32,203958
36047001300,Kings County,New York,True,37.85,38.83,10.49,5.3,139866
36047001501,Kings County,New York,True,82.91,47.88,24.38,6.42,142560
36047001502,Kings County,New York,True,85.45,42.5,16.34,9.86,138179
36047001801,Kings County,New York,False,,,,,
36047001802,Kings County,New York,False,,,,,
36047001803,Kings County,New York,False,,,72.73,,
36047001804,Kings County,New York,False,,,,,
36047002000,Kings County,New York,True,68.3,47.48,10.39,30.22,81458
36047002100,Kings County,New York,True,50.32,28.96,9.04,14.98,250001
36047002200,Kings County,New York,True,63.57,64.72,25.01,21.84,41852
36047002300,Kings County,New York,True,94.24,52.3,33.44,8.35,34977
36047002901,Kings County,New York,True,100.0,48.77,43.03,3.96,22855
36047003000,Kings County,New York,True,52.27,41.69,4.72,3.47,130473
36047003101,Kings County,New York,True,61.56,33.74,5.63,3.16,158500
36047003102,Kings County,New York,False,,,,,
36047003300,Kings County,New York,True,87.99,53.35,9.65,13.33,136217
36047003400,Kings County,New York,True,50.3,16.69,7.46,20.21,113143
36047003500,Kings County,New York,True,83.98,48.57,10.22,6.02,123417
36047003600,Kings County,New York,True,67.94,48.71,19.92,2.59,91583
36047003700,Kings County,New York,True,84.86,39.59,13.16,5.79,181404
36047003800,Kings County,New York,True,35.91,31.78,9.68,2.8,135313
36047003900,Kings County,New York,True,69.24,34.25,11.92,2.3,187273
36047004100,Kings County,New York,True,70.08,25.51,9.83,2.88,229002
36047004300,Kings County,New York,True,73.17,36.12,9.47,0.7,161875
36047004400,Kings County,New York,True,24.3,41.07,5.76,8.04,142143
36047004500,Kings County,New York,True,53.96,36.91,3.98,8.11,189833
36047004600,Kings County,New York,True,34.18,57.71,9.89,1.71,134773
36047004700,Kings County,New York,True,68.2,50.95,13.54,6.04,145341
36047004900,Kings County,New York,True,62.41,47.5,10.33,7.44,166667
36047005000,Kings County,New York,True,45.46,36.63,10.26,4.32,134013
36047005100,Kings County,New York,True,49.8,29.08,5.05,2.19,178913
36047005201,Kings County,New York,True,80.27,47.1,21.59,0.0,40789
36047005202,Kings County,New York,True,47.59,49.86,3.89,3.93,107143
36047005301,Kings County,New York,True,62.17,40.56,12.27,4.02,126071
36047005302,Kings County,New York,True,100.0,0.0,0.0,0.0,139609
36047005303,Kings County,New York,True,34.33,0.0,0.0,0.0,203750
36047005400,Kings County,New York,True,69.79,33.96,6.77,13.99,85342
36047005601,Kings County,New York,True,43.69,41.64,18.01,14.2,104598
36047005602,Kings County,New York,True,37.41,42.94,2.79,8.59,96397
36047005800,Kings County,New York,True,76.97,57.61,7.61,8.37,77648
36047005900,Kings County,New York,True,91.31,42.73,24.06,6.23,110288
36047006000,Kings County,New York,True,70.49,43.05,3.26,9.52,88542
36047006200,Kings County,New York,True,71.4,46.68,17.19,17.35,83500
36047006300,Kings County,New York,True,71.05,39.77,3.41,5.8,188519
36047006400,Kings County,New York,True,72.4,35.95,17.94,6.53,98846
36047006500,Kings County,New York,True,57.0,19.14,3.96,1.07,202355
36047006600,Kings County,New York,True,75.09,35.98,17.37,11.5,98158
36047006700,Kings County,New York,True,58.54,20.13,3.82,6.24,214931
36047006800,Kings County,New York,True,80.94,40.75,13.59,23.85,80938
36047006901,Kings County,New York,True,67.78,46.8,7.2,0.0,149936
36047006902,Kings County,New York,True,60.9,27.44,3.62,2.98,226136
36047007000,Kings County,New York,True,54.88,20.63,5.67,9.34,87198
36047007100,Kings County,New York,True,81.97,51.98,20.47,1.5,53786
36047007200,Kings County,New York,True,91.93,61.64,27.79,16.03,64000
36047007400,Kings County,New York,True,80.36,39.05,20.72,34.92,73454
36047007500,Kings County,New York,True,53.93,10.59,16.7,6.8,169375
36047007600,Kings County,New York,True,77.03,63.59,14.65,26.67,73681
36047007700,Kings County,New York,True,71.15,25.87,5.21,3.0,212827
36047007800,Kings County,New York,True,73.61,44.96,21.79,17.83,79981
36047008000,Kings County,New York,True,70.99,52.56,20.03,2.13,71250
36047008200,Kings County,New York,True,81.3,59.0,30.96,13.5,53500
36047008400,Kings County,New York,True,73.03,22.14,11.41,11.2,116100
36047008500,Kings County,New York,True,100.0,41.34,36.81,4.24,27854
36047008600,Kings County,New York,False,,,,,
36047008800,Kings County,New York,True,61.44,37.24,16.17,30.15,95707
36047009001,Kings County,New York,True,68.86,56.92,25.19,20.62,45945
36047009002,Kings County,New York,True,88.16,46.0,5.55,23.71,62225
36047009201,Kings County,New York,True,58.53,36.44,23.56,13.99,83824
36047009202,Kings County,New York,True,88.22,61.74,29.72,17.69,53641
36047009401,Kings County,New York,True,67.74,63.91,41.47,30.18,49620
36047009402,Kings County,New York,True,73.11,41.75,21.65,47.88,85929
36047009600,Kings County,New York,True,63.82,58.96,21.34,20.52,83664
36047009800,Kings County,New York,True,87.03,59.8,28.13,30.87,60679
36047010000,Kings County,New York,True,74.46,65.04,23.52,21.61,57881
36047010100,Kings County,New York,True,69.28,30.9,16.73,20.93,136705
36047010200,Kings County,New York,True,72.94,54.86,23.39,29.28,65668
36047010401,Kings County,New York,True,84.84,48.93,29.9,39.61,56875
36047010402,Kings County,New York,True,85.23,61.0,41.49,41.33,40255
36047010601,Kings County,New York,True,85.41,66.67,36.72,33.96,45106
36047010602,Kings County,New York,True,70.0,50.35,10.54,37.0,65372
36047010801,Kings County,New York,True,71.99,69.7,29.55,17.49,66143
36047010802,Kings County,New York,True,81.44,44.85,27.38,18.08,69479
36047011000,Kings County,New York,True,63.85,38.8,14.66,16.87,86932
36047011200,Kings County,New York,True,83.35,47.97,23.39,22.95,60348
36047011400,Kings County,New York,True,78.59,48.45,17.86,34.76,74063
36047011600,Kings County,New York,True,74.86,67.93,27.77,28.66,65551
36047011700,Kings County,New York,True,50.04,35.62,3.59,4.31,153348
36047011800,Kings County,New York,True,88.66,60.25,27.53,22.24,62273
36047011901,Kings County,New York,True,66.49,40.21,11.76,8.09,165179
36047011902,Kings County,New York,False,,,,,
36047012000,Kings County,New York,True,65.4,58.3,28.01,37.22,72987
36047012100,Kings County,New York,True,67.58,43.46,8.95,3.27,130357
36047012200,Kings County,New York,True,72.65,58.31,28.57,20.28,54071
36047012600,Kings County,New York,True,68.72,54.0,18.84,18.43,81477
36047012700,Kings County,New York,True,88.09,52.7,12.03,1.59,63750
36047012801,Kings County,New York,True,71.88,48.52,22.63,23.99,74306
36047012901,Kings County,New York,True,44.95,22.46,9.37,7.56,250001
36047012902,Kings County,New York,True,85.65,29.47,6.31,3.56,183510
36047013000,Kings County,New York,True,70.26,54.51,14.68,24.37,78942
36047013100,Kings County,New York,True,70.84,43.68,10.79,1.26,107083
36047013200,Kings County,New York,True,54.02,42.31,15.8,18.97,81429
36047013300,Kings County,New York,True,59.93,30.19,1.48,4.71,201298
36047013400,Kings County,New York,True,67.88,39.73,11.43,6.01,99886
36047013500,Kings County,New York,True,45.69,21.73,1.84,5.78,221920
36047013600,Kings County,New York,True,60.45,57.48,12.68,14.53,88182
36047013700,Kings County,New York,True,74.3,29.38,4.96,4.04,170600
36047013800,Kings County,New York,True,77.65,38.64,3.11,11.0,112703
36047013900,Kings County,New York,True,66.36,35.41,5.98,3.9,173378
36047014000,Kings County,New York,True,51.01,50.71,23.22,34.28,61111
36047014101,Kings County,New York,True,54.77,40.61,13.31,0.0,215104
36047014102,Kings County,New York,True,56.18,53.44,8.17,4.32,113750
36047014200,Kings County,New York,True,80.54,51.67,25.02,20.92,81250
36047014300,Kings County,New York,True,69.36,43.36,9.5,5.98,119594
36047014500,Kings County,New York,True,74.33,51.93,12.11,9.17,117800
36047014700,Kings County,New York,True,54.14,31.03,7.15,5.82,162847
36047014800,Kings County,New York,True,25.31,67.96,7.77,0.0,88787
36047014901,Kings County,New York,True,56.38,38.83,8.38,0.0,166161
36047014902,Kings County,New York,True,67.79,37.35,6.02,2.52,171346
36047015000,Kings County,New York,True,35.36,90.62,14.06,0.0,63594
36047015100,Kings County,New York,True,48.1,27.12,4.48,3.66,188866
36047015200,Kings County,New York,True,45.64,53.85,14.18,1.99,92454
36047015300,Kings County,New York,True,71.49,22.92,4.27,1.05,154286
36047015400,Kings County,New York,False,,,,,
36047015500,Kings County,New York,True,39.14,26.16,3.98,7.3,206176
36047015700,Kings County,New York,True,56.61,7.71,2.36,5.86,209940
36047015900,Kings County,New York,True,43.13,29.02,4.89,0.0,201858
36047016000,Kings County,New York,True,77.93,44.81,16.67,13.64,83920
36047016100,Kings County,New York,True,64.13,25.07,1.95,3.82,172234
36047016200,Kings County,New York,True,60.31,46.63,14.9,0.0,100278
36047016300,Kings County,New York,True,69.67,36.17,7.96,5.49,196630
36047016400,Kings County,New York,True,90.75,65.61,0.0,14.65,106875
36047016500,Kings County,New York,True,51.4,31.54,2.07,3.99,250001
36047016600,Kings County,New York,True,9.03,39.06,7.59,37.5,114635
36047016700,Kings County,New York,True,47.65,46.55,5.69,0.57,190125
36047016800,Kings County,New York,True,35.48,28.89,6.3,4.07,118341
36047016900,Kings County,New York,True,62.64,38.54,14.8,0.0,140727
36047017000,Kings County,New York,True,47.48,47.53,12.05,18.46,102417
36047017100,Kings County,New York,True,52.67,35.36,1.81,0.0,174646
36047017200,Kings County,New York,True,47.15,41.26,4.34,24.66,136096
36047017400,Kings County,New York,True,33.84,49.18,13.45,8.61,103594
36047017500,Kings County,New York,False,,,,,
36047017600,Kings County,New York,True,53.22,46.86,8.66,18.61,90833
36047017700,Kings County,New York,False,,,,,
36047017800,Kings County,New York,True,64.81,42.6,4.54,17.92,91923
36047017900,Kings County,New York,True,71.78,42.36,30.17,5.81,103836
36047018000,Kings County,New York,True,60.87,69.71,16.49,10.83,59936
36047018100,Kings County,New York,True,80.54,26.93,7.9,8.34,175294
36047018200,Kings County,New York,True,48.06,50.99,11.52,22.26,78750
36047018300,Kings County,New York,True,66.01,20.53,2.41,17.31,194519
36047018400,Kings County,New York,True,23.24,50.0,5.83,2.98,81467
36047018501,Kings County,New York,True,86.85,46.01,23.0,7.97,44877
36047018600,Kings County,New York,True,45.95,37.32,5.3,16.2,76667
36047018700,Kings County,New York,True,54.73,38.21,9.3,3.65,139231
36047018800,Kings County,New York,True,60.59,80.15,17.59,12.37,38227
36047019000,Kings County,New York,True,80.44,48.95,21.84,22.61,48824
36047019100,Kings County,New York,True,69.42,44.49,12.58,9.44,148929
36047019200,Kings County,New York,True,67.84,41.8,26.77,36.0,72303
36047019300,Kings County,New York,True,49.66,54.83,18.18,6.83,79505
36047019400,Kings County,New York,True,67.64,63.78,26.25,16.84,66080
36047019500,Kings County,New York,True,36.99,35.4,11.84,10.26,139329
36047019600,Kings County,New York,True,59.77,57.72,32.74,5.87,74292
36047019700,Kings County,New York,True,46.41,27.7,5.99,1.08,121235
36047019800,Kings County,New York,True,35.38,56.96,13.66,15.22,78673
36047019900,Kings County,New York,True,86.92,29.13,6.74,1.34,130688
36047020000,Kings County,New York,True,50.3,35.52,19.94,11.64,98214
36047020100,Kings County,New York,True,70.79,47.31,3.68,7.01,150978
36047020200,Kings County,New York,True,26.19,48.48,9.84,0.61,79643
36047020300,Kings County,New York,True,68.43,38.54,13.07,0.46,160795
36047020400,Kings County,New York,True,20.03,14.18,5.74,24.11,143162
36047020500,Kings County,New York,True,50.63,32.0,3.39,3.36,164926
36047020600,Kings County,New York,True,34.04,62.13,23.99,49.26,87446
36047020700,Kings County,New York,True,60.14,29.1,8.34,2.2,190843
36047020800,Kings County,New York,True,51.25,50.45,13.21,15.37,65491
36047021000,Kings County,New York,True,56.56,61.99,26.3,17.35,69970
36047021100,Kings County,New York,True,87.6,33.33,15.26,11.45,85225
36047021200,Kings County,New York,True,76.36,40.56,20.95,14.24,56250
36047021300,Kings County,New York,True,90.64,47.41,24.05,7.24,82426
36047021400,Kings County,New York,True,71.21,42.82,32.61,52.66,78214
36047021500,Kings County,New York,True,70.37,44.97,7.63,0.0,151154
36047021600,Kings County,New York,True,72.13,56.96,48.52,21.73,47950
36047021700,Kings County,New York,True,85.6,37.39,13.36,3.38,112957
36047021800,Kings County,New York,True,78.97,55.3,16.52,17.45,69291
36047021900,Kings County,New York,True,84.56,38.77,10.0,4.93,122589
36047022000,Kings County,New York,True,79.46,51.7,33.98,19.14,59395
36047022100,Kings County,New York,True,80.42,47.67,21.13,3.48,87021
36047022200,Kings County,New York,True,78.07,71.1,50.91,30.65,52361
36047022400,Kings County,New York,True,60.45,60.74,34.2,30.85,56105
36047022600,Kings County,New York,True,56.54,59.28,11.11,30.62,86655
36047022700,Kings County,New York,True,84.77,34.57,13.85,8.44,119148
36047022800,Kings County,New York,True,56.49,57.54,38.48,39.91,55898
36047022900,Kings County,New York,True,80.35,38.03,11.0,10.97,139609
36047023000,Kings County,New York,True,77.05,64.89,52.28,41.57,32725
36047023100,Kings County,New York,True,70.61,32.59,9.38,4.87,160199
36047023200,Kings County,New York,True,67.14,41.49,37.44,52.1,63094
36047023300,Kings County,New York,True,78.61,37.86,33.97,6.1,78177
36047023400,Kings County,New York,True,81.27,74.29,35.91,28.29,37587
36047023500,Kings County,New York,True,75.79,52.2,31.1,33.14,111917
36047023600,Kings County,New York,True,88.4,76.1,33.57,39.98,39479
36047023800,Kings County,New York,True,85.18,60.96,28.28,44.15,43843
36047024000,Kings County,New York,True,85.21,62.23,48.26,31.82,37833
36047024100,Kings County,New York,True,90.07,41.42,22.8,10.07,141717
36047024200,Kings County,New York,True,59.57,64.69,27.66,32.12,59276
36047024300,Kings County,New York,True,63.08,36.97,13.58,5.25,122203
36047024400,Kings County,New York,True,67.47,55.65,36.98,29.61,76417
36047024500,Kings County,New York,True,68.69,45.29,10.47,1.4,103194
36047024600,Kings County,New York,True,44.98,34.31,23.13,28.72,71711
36047024700,Kings County,New York,True,90.23,50.92,23.44,6.58,57106
36047024800,Kings County,New York,True,53.92,58.33,26.5,23.81,79340
36047024900,Kings County,New York,True,93.64,39.82,13.99,4.13,84746
36047025000,Kings County,New York,True,52.36,55.33,23.74,13.11,51250
36047025100,Kings County,New York,True,85.76,49.34,37.42,5.56,58856
36047025200,Kings County,New York,True,74.43,56.38,16.35,27.13,54012
36047025300,Kings County,New York,True,68.02,33.53,30.53,12.8,115700
36047025400,Kings County,New York,True,63.23,58.14,25.31,39.97,89021
36047025500,Kings County,New York,True,98.52,56.67,32.21,7.33,26906
36047025600,Kings County,New York,True,69.68,53.08,10.09,47.31,71250
36047025700,Kings County,New York,True,86.05,45.21,39.08,30.22,88750
36047025800,Kings County,New York,True,87.73,54.56,31.39,16.07,67167
36047025901,Kings County,New York,True,87.02,62.29,21.38,9.81,90000
36047025902,Kings County,New York,True,90.88,50.38,48.55,5.93,
36047026000,Kings County,New York,True,62.7,56.14,12.97,13.72,68043
36047026100,Kings County,New York,True,97.68,38.96,28.93,9.25,103274
36047026200,Kings County,New York,True,46.94,39.13,15.84,27.99,99750
36047026300,Kings County,New York,True,69.33,46.85,17.82,7.07,85546
36047026400,Kings County,New York,True,72.95,64.43,20.13,15.55,69808
36047026500,Kings County,New York,True,80.63,50.44,21.22,5.02,82088
36047026600,Kings County,New York,True,75.61,63.02,19.3,10.6,47544
36047026700,Kings County,New York,True,71.67,33.2,6.23,2.53,150386
36047026800,Kings County,New York,True,65.2,40.77,14.3,12.01,90442
36047026900,Kings County,New York,True,76.5,62.15,18.29,3.11,96006
36047027000,Kings County,New York,True,71.92,47.14,25.14,26.67,62083
36047027100,Kings County,New York,True,87.7,47.52,14.63,12.61,84412
36047027200,Kings County,New York,True,66.71,49.48,26.05,17.19,59802
36047027300,Kings County,New York,True,60.21,42.22,8.35,7.95,122093
36047027400,Kings County,New York,True,60.63,59.43,10.48,1.84,49800
36047027500,Kings County,New York,True,57.57,48.01,23.81,2.04,84756
36047027600,Kings County,New York,True,73.88,57.74,16.48,16.32,63447
36047027700,Kings County,New York,True,85.42,48.38,28.77,10.37,61042
36047027800,Kings County,New York,True,72.74,41.0,12.44,16.18,68792
36047027900,Kings County,New York,True,62.53,51.13,17.98,5.77,91771
36047028000,Kings County,New York,True,49.75,37.84,10.95,19.59,95208
36047028100,Kings County,New York,True,94.36,57.76,37.54,11.79,45850
36047028200,Kings County,New York,True,60.84,62.43,23.4,20.99,52926
36047028300,Kings County,New York,True,85.48,40.55,29.92,6.94,53040
36047028400,Kings County,New York,True,86.85,52.91,21.12,11.16,59954
36047028501,Kings County,New York,True,98.13,58.73,32.39,0.0,57969
36047028502,Kings County,New York,True,100.0,57.71,53.24,6.66,14944
36047028600,Kings County,New York,True,91.42,66.9,43.68,21.03,47923
36047028700,Kings County,New York,True,84.74,40.09,36.04,10.05,106462
36047028800,Kings County,New York,True,68.92,28.04,21.99,20.8,77042
36047028900,Kings County,New York,True,86.26,53.58,33.87,3.91,50152
36047029000,Kings County,New York,True,78.97,51.53,27.95,11.33,62731
36047029100,Kings County,New York,True,69.06,63.27,19.21,3.59,88153
36047029200,Kings County,New York,True,69.33,63.3,17.27,18.07,55653
36047029300,Kings County,New York,True,77.98,35.3,35.43,3.0,36833
36047029400,Kings County,New York,True,69.49,35.8,17.82,16.95,91544
36047029500,Kings County,New York,True,60.02,55.48,23.72,0.0,94227
36047029600,Kings County,New York,True,74.01,56.11,28.78,27.11,66349
36047029700,Kings County,New York,True,63.93,57.16,23.2,5.78,70536
36047029800,Kings County,New York,True,73.42,52.88,19.91,16.69,61059
36047029900,Kings County,New York,True,76.58,56.23,29.58,4.5,65433
36047030000,Kings County,New York,True,74.67,45.0,18.37,21.46,73981
36047030100,Kings County,New York,True,68.63,54.81,21.39,5.93,98438
36047030200,Kings County,New York,True,56.39,40.35,17.97,15.68,76005
36047030300,Kings County,New York,True,81.67,49.3,27.81,7.47,43275
36047030400,Kings County,New York,True,53.29,52.74,13.69,22.32,68581
36047030500,Kings County,New York,True,87.91,39.47,13.05,4.47,122353
36047030600,Kings County,New York,True,34.52,82.33,13.73,3.88,65985
36047030700,Kings County,New York,True,82.63,61.97,27.93,4.99,50049
36047030800,Kings County,New York,True,32.68,77.16,12.05,17.67,50865
36047030900,Kings County,New York,True,85.42,53.7,37.15,6.52,66889
36047031100,Kings County,New York,True,72.08,45.97,21.96,14.55,106845
36047031300,Kings County,New York,True,85.6,32.68,17.46,2.05,105407
36047031401,Kings County,New York,True,47.67,52.51,10.2,4.9,101193
36047031402,Kings County,New York,False,,,,,
36047031500,Kings County,New York,True,93.03,42.29,14.46,3.16,100899
36047031701,Kings County,New York,True,84.89,34.21,11.07,2.15,101806
36047031702,Kings County,New York,True,72.44,31.82,10.14,14.93,115512
36047031900,Kings County,New York,True,73.85,44.31,7.24,16.36,90357
36047032100,Kings County,New York,True,84.14,41.28,15.5,12.28,86685
36047032300,Kings County,New York,True,79.06,45.3,16.83,0.0,83815
36047032500,Kings County,New York,True,95.8,36.26,9.27,25.3,94328
36047032600,Kings County,New York,True,78.23,52.4,34.19,21.59,49911
36047032700,Kings County,New York,True,79.86,47.0,13.05,5.56,82554
36047032800,Kings County,New York,True,62.83,68.94,27.29,12.48,53526
36047032900,Kings County,New York,True,72.51,53.77,23.08,9.43,92193
36047033000,Kings County,New York,True,95.58,52.21,40.99,6.73,23583
36047033100,Kings County,New York,True,82.1,48.78,29.67,10.62,44347
36047033300,Kings County,New York,True,63.76,53.85,20.47,14.47,103333
36047033500,Kings County,New York,True,47.48,57.4,17.44,16.56,102188
36047033600,Kings County,New York,True,47.36,46.68,10.68,16.31,76719
36047033701,Kings County,New York,True,79.37,53.33,11.47,5.6,93620
36047033702,Kings County,New York,True,64.52,43.67,15.21,4.58,87165
36047033900,Kings County,New York,True,69.18,54.32,25.29,7.29,61979
36047034000,Kings County,New York,True,100.0,45.51,37.97,2.95,32983
36047034100,Kings County,New York,True,91.23,50.89,19.62,0.0,95300
36047034200,Kings County,New York,True,95.18,57.21,33.97,9.3,22872
36047034300,Kings County,New York,True,88.85,65.79,43.34,0.0,28750
36047034500,Kings County,New York,True,71.29,45.65,8.45,14.96,81850
36047034700,Kings County,New York,True,78.01,54.31,21.67,4.89,42457
36047034800,Kings County,New York,True,92.32,63.28,20.52,27.6,53710
36047034901,Kings County,New York,True,97.43,41.83,18.5,3.27,82521
36047034902,Kings County,New York,True,95.57,63.76,15.64,12.04,34381
36047035000,Kings County,New York,True,72.13,45.18,13.28,8.86,56891
36047035101,Kings County,New York,True,99.21,72.88,26.17,7.01,53626
36047035102,Kings County,New York,True,89.88,37.09,31.35,24.23,70030
36047035200,Kings County,New York,True,99.51,59.49,60.12,0.86,13240
36047035301,Kings County,New York,True,100.0,68.55,41.42,11.83,46789
36047035302,Kings County,New York,True,72.78,48.64,15.04,12.2,85234
36047035400,Kings County,New York,True,50.84,49.66,9.66,11.29,63382
36047035500,Kings County,New York,True,91.34,45.47,11.45,8.95,75139
36047035601,Kings County,New York,True,70.79,77.65,18.96,3.34,28750
36047035602,Kings County,New York,True,59.43,71.51,15.61,30.85,50456
36047035701,Kings County,New York,True,97.38,61.25,37.53,9.76,45313
36047035702,Kings County,New York,False,,,,,
36047035900,Kings County,New York,True,87.04,42.46,21.58,13.07,62774
36047036001,Kings County,New York,True,85.33,67.72,35.34,21.06,30877
36047036002,Kings County,New York,True,93.24,69.91,24.64,23.32,30176
36047036100,Kings County,New York,True,91.25,35.78,36.88,0.0,37035
36047036200,Kings County,New York,True,79.23,62.59,37.91,40.21,52023
36047036300,Kings County,New York,True,78.95,46.33,19.45,8.36,58091
36047036400,Kings County,New York,True,62.93,67.72,15.56,46.76,63480
36047036501,Kings County,New York,True,90.49,34.24,17.46,12.11,67165
36047036502,Kings County,New York,True,89.26,63.76,27.18,1.2,67038
36047036600,Kings County,New York,True,77.31,58.34,22.93,41.85,52385
36047036700,Kings County,New York,True,68.23,64.66,28.41,2.91,70426
36047036900,Kings County,New York,True,83.79,45.7,25.68,5.25,48583
36047037000,Kings County,New York,True,41.85,61.07,13.52,33.44,69493
36047037100,Kings County,New York,True,69.16,50.88,19.13,14.14,87679
36047037300,Kings County,New York,True,77.73,43.67,20.54,17.52,71786
36047037401,Kings County,New York,True,66.52,56.61,15.93,16.53,59004
36047037402,Kings County,New York,True,80.14,60.75,18.77,26.86,57118
36047037500,Kings County,New York,True,84.49,54.93,20.64,3.57,91985
36047037700,Kings County,New York,True,63.49,61.53,19.84,0.0,71786
36047037900,Kings County,New York,True,72.03,56.7,35.24,5.7,67949
36047038100,Kings County,New York,True,82.91,44.01,18.98,8.59,70867
36047038200,Kings County,New York,True,91.79,60.98,47.82,8.78,22332
36047038300,Kings County,New York,True,64.87,45.43,21.94,3.21,87786
36047038500,Kings County,New York,True,69.38,39.54,12.95,1.83,114375
36047038600,Kings County,New York,True,60.96,49.4,12.75,14.2,91857
36047038700,Kings County,New York,True,53.03,53.51,25.95,0.0,93221
36047038800,Kings County,New York,True,59.02,57.7,18.92,22.48,83558
36047038900,Kings County,New York,True,74.46,48.54,12.78,19.71,98819
36047039000,Kings County,New York,True,39.09,62.13,28.35,26.58,72143
36047039100,Kings County,New York,True,97.99,43.97,24.52,10.73,103796
36047039200,Kings County,New York,True,67.56,62.24,16.53,20.79,54483
36047039300,Kings County,New York,True,83.93,40.03,16.32,7.61,112566
36047039400,Kings County,New York,True,61.4,54.29,30.23,22.27,62875
36047039500,Kings County,New York,True,81.11,56.83,27.14,1.95,84219
36047039600,Kings County,New York,True,47.7,65.22,16.8,11.18,69563
36047039700,Kings County,New York,True,93.3,62.84,21.94,6.57,74291
36047039800,Kings County,New York,True,33.5,53.14,10.98,32.1,89750
36047039900,Kings County,New York,True,81.22,48.64,28.32,10.99,50329
36047040000,Kings County,New York,True,63.63,47.85,20.05,18.82,58941
36047040100,Kings County,New York,True,79.56,65.86,27.59,4.67,69616
36047040200,Kings County,New York,True,54.53,66.75,30.12,2.85,76250
36047040300,Kings County,New York,True,64.0,36.62,13.05,7.14,103792
36047040400,Kings County,New York,True,53.01,40.53,10.14,18.04,106442
36047040500,Kings County,New York,True,87.06,64.86,11.92,7.77,69437
36047040600,Kings County,New York,True,67.02,47.66,12.2,12.06,79941
36047040700,Kings County,New York,False,,,,,
36047040800,Kings County,New York,True,50.09,66.17,25.92,21.68,78750
36047040900,Kings County,New York,True,86.77,58.85,20.07,3.26,78220
36047041000,Kings County,New York,True,42.75,52.2,15.48,0.0,60694
36047041100,Kings County,New York,True,76.99,77.3,26.42,6.43,63125
36047041200,Kings County,New York,True,58.64,39.96,14.52,20.26,95152
36047041300,Kings County,New York,True,66.6,52.54,19.81,0.0,110996
36047041401,Kings County,New York,True,41.88,66.33,29.99,30.1,71944
36047041402,Kings County,New York,True,77.67,70.37,25.52,20.63,39048
36047041500,Kings County,New York,True,78.59,36.65,14.67,8.41,96110
36047041600,Kings County,New York,True,67.94,51.36,19.45,16.49,63425
36047041700,Kings County,New York,True,86.17,54.54,34.36,30.55,32028
36047041800,Kings County,New York,True,72.9,43.94,19.74,22.52,46607
36047041900,Kings County,New York,True,85.25,55.2,32.45,8.79,73958
36047042000,Kings County,New York,True,47.96,71.06,13.08,36.6,88700
36047042100,Kings County,New York,True,82.51,43.21,26.72,7.63,94209
36047042200,Kings County,New York,True,60.27,66.07,29.34,34.9,73033
36047042300,Kings County,New York,True,88.87,41.9,9.22,14.51,123750
36047042400,Kings County,New York,True,70.73,49.52,21.13,14.12,70060
36047042500,Kings County,New York,True,84.41,53.97,14.49,6.91,86316
36047042600,Kings County,New York,True,65.45,63.02,22.42,16.0,71840
36047042700,Kings County,New York,True,90.49,46.9,11.74,4.61,92250
36047042800,Kings County,New York,True,64.37,47.23,5.09,18.7,88656
36047042900,Kings County,New York,True,92.39,70.15,27.11,9.24,65000
36047043000,Kings County,New York,True,82.69,47.64,13.94,30.3,75417
36047043100,Kings County,New York,True,94.95,62.43,10.14,10.1,90745
36047043200,Kings County,New York,True,65.92,54.13,14.95,26.06,79667
36047043300,Kings County,New York,True,89.04,50.08,29.91,10.2,59551
36047043400,Kings County,New York,True,73.14,53.67,31.04,32.83,66763
36047043500,Kings County,New York,True,78.64,69.46,29.45,12.76,67778
36047043600,Kings County,New York,True,69.45,52.09,20.55,17.5,83284
36047043700,Kings County,New York,True,84.03,49.23,19.35,5.36,77904
36047043800,Kings County,New York,True,79.32,58.95,17.35,23.86,70066
36047043900,Kings County,New York,True,58.42,61.66,16.3,9.82,114318
36047044000,Kings County,New York,True,68.89,58.81,16.47,19.41,88344
36047044100,Kings County,New York,True,91.35,47.95,25.93,16.72,78526
36047044200,Kings County,New York,True,51.16,61.59,19.71,16.36,62708
36047044300,Kings County,New York,True,86.89,49.53,10.38,12.74,94517
36047044400,Kings County,New York,True,75.56,52.6,31.98,13.92,67554
36047044500,Kings County,New York,True,85.92,54.73,14.55,13.7,86717
36047044600,Kings County,New York,True,53.06,60.65,5.46,34.02,69099
36047044700,Kings County,New York,True,93.63,51.62,34.52,8.03,89511
36047044800,Kings County,New York,True,47.96,40.38,5.59,24.45,96639
36047044901,Kings County,New York,True,99.23,40.6,26.3,0.29,78774
36047044902,Kings County,New York,False,,,,,
36047045000,Kings County,New York,True,33.11,80.61,49.96,10.2,90893
36047045200,Kings County,New York,True,54.04,62.86,8.76,5.6,74250
36047045300,Kings County,New York,True,100.0,50.95,38.62,17.42,70598
36047045400,Kings County,New York,True,58.76,44.87,11.66,37.18,94607
36047045600,Kings County,New York,True,79.68,40.09,22.02,23.66,70329
36047045800,Kings County,New York,True,32.03,59.18,7.43,0.0,58958
36047046000,Kings County,New York,True,57.84,60.11,20.05,23.88,97188
36047046201,Kings County,New York,True,63.9,53.36,18.07,19.88,63375
36047046202,Kings County,New York,True,41.99,71.65,12.61,18.04,85536
36047046400,Kings County,New York,True,50.16,48.89,32.25,28.25,72422
36047046800,Kings County,New York,True,60.4,67.88,11.23,15.89,41343
36047047000,Kings County,New York,True,40.15,60.08,21.38,41.83,75069
36047047200,Kings County,New York,True,47.94,55.92,27.71,33.73,71635
36047047400,Kings County,New York,True,58.16,36.08,24.88,27.83,99769
36047047600,Kings County,New York,True,52.81,34.15,22.92,30.88,61250
36047047700,Kings County,New York,True,78.8,30.53,9.14,2.22,179175
36047047800,Kings County,New York,True,67.55,66.71,26.56,33.29,60590
36047048000,Kings County,New York,True,85.07,72.52,42.32,38.74,52940
36047048100,Kings County,New York,True,79.42,46.68,14.75,5.85,94896
36047048200,Kings County,New York,True,65.61,55.59,19.62,26.77,58234
36047048400,Kings County,New York,True,83.69,37.1,7.51,13.42,96964
36047048500,Kings County,New York,True,88.91,47.85,25.22,17.85,130278
36047048600,Kings County,New York,True,73.68,63.2,14.5,20.47,65714
36047048800,Kings County,New York,True,45.52,76.31,23.51,15.13,76110
36047048900,Kings County,New York,True,97.72,44.93,42.42,3.0,26070
36047049000,Kings County,New York,True,76.07,53.89,9.73,28.54,77917
36047049100,Kings County,New York,True,82.64,57.29,33.93,21.05,46137
36047049200,Kings County,New York,True,61.92,44.16,17.04,5.65,103269
36047049301,Kings County,New York,True,100.0,41.61,46.47,2.53,19440
36047049302,Kings County,New York,True,97.4,45.09,32.27,3.76,82423
36047049400,Kings County,New York,True,67.24,42.05,18.79,14.92,97625
36047049500,Kings County,New York,True,82.01,42.43,9.35,2.27,141250
36047049600,Kings County,New York,True,66.26,55.12,27.08,14.65,66920
36047049700,Kings County,New York,True,72.0,39.52,7.11,4.05,144872
36047049800,Kings County,New York,True,75.35,52.16,8.81,8.79,77692
36047049900,Kings County,New York,True,64.53,44.75,4.27,1.44,146106
36047050001,Kings County,New York,True,40.53,56.66,12.01,10.44,124177
36047050002,Kings County,New York,True,68.29,28.22,3.36,2.0,124107
36047050100,Kings County,New York,True,75.65,32.98,14.99,4.37,126696
36047050202,Kings County,New York,True,40.62,55.63,6.33,7.88,132670
36047050300,Kings County,New York,True,84.3,19.7,6.42,6.8,173548
36047050401,Kings County,New York,True,62.61,32.03,4.65,2.03,156033
36047050402,Kings County,New York,True,35.87,33.12,4.72,12.19,166100
36047050500,Kings County,New York,True,90.55,53.93,34.43,9.31,57500
36047050600,Kings County,New York,True,80.03,63.82,17.83,25.2,69276
36047050700,Kings County,New York,True,73.49,62.48,36.48,43.32,59158
36047050801,Kings County,New York,True,99.23,38.29,30.8,11.75,74333
36047050803,Kings County,New York,True,96.78,53.04,15.91,8.37,68496
36047050804,Kings County,New York,True,88.77,33.44,5.98,7.05,110317
36047050900,Kings County,New York,True,82.25,58.24,48.42,45.71,42361
36047051001,Kings County,New York,True,100.0,55.44,20.66,12.03,59583
36047051002,Kings County,New York,True,90.11,52.74,17.33,10.24,71007
36047051100,Kings County,New York,True,88.73,49.94,19.57,6.76,88457
36047051200,Kings County,New York,True,88.52,46.32,11.56,10.63,96719
36047051300,Kings County,New York,True,78.09,37.67,16.04,3.9,136207
36047051400,Kings County,New York,True,87.27,38.04,14.46,16.58,100000
36047051500,Kings County,New York,True,77.75,30.84,4.1,5.56,246707
36047051601,Kings County,New York,True,91.43,49.34,17.47,12.12,72304
36047051602,Kings County,New York,True,96.7,57.7,10.82,6.32,77801
36047051700,Kings County,New York,True,75.77,21.35,6.03,5.7,234444
36047051800,Kings County,New York,True,68.16,23.82,9.21,11.96,112589
36047051900,Kings County,New York,True,85.44,19.73,5.29,5.18,221375
36047052000,Kings County,New York,True,64.64,43.68,15.29,21.32,126102
36047052300,Kings County,New York,True,82.19,45.32,26.35,0.51,74454
36047052500,Kings County,New York,True,91.47,49.34,20.13,12.26,70625
36047052600,Kings County,New York,True,82.36,46.5,6.48,6.47,91500
36047052700,Kings County,New York,True,92.3,51.0,24.62,3.13,59632
36047052800,Kings County,New York,True,38.04,35.89,14.97,28.63,121000
36047052900,Kings County,New York,True,100.0,79.57,16.45,4.5,39549
36047053000,Kings County,New York,True,69.59,46.72,22.12,14.44,78621
36047053101,Kings County,New York,True,68.91,74.69,42.48,38.35,
36047053102,Kings County,New York,True,69.92,63.06,37.42,36.29,76635
36047053200,Kings County,New York,True,51.21,30.32,17.19,11.18,72500
36047053300,Kings County,New York,True,72.91,60.07,45.68,16.87,34519
36047053400,Kings County,New York,True,77.71,48.74,9.82,26.84,83421
36047053500,Kings County,New York,True,68.73,75.25,36.07,24.38,49244
36047053700,Kings County,New York,True,64.07,75.72,44.93,35.84,44085
36047053800,Kings County,New York,True,85.58,56.78,14.23,15.55,65556
36047053900,Kings County,New York,True,83.24,63.92,44.98,6.49,46914
36047054200,Kings County,New York,True,81.14,51.4,24.33,14.9,56481
36047054300,Kings County,New York,False,,,,,
36047054400,Kings County,New York,True,73.13,50.84,15.59,28.0,55938
36047054500,Kings County,New York,True,97.56,31.29,34.23,14.75,42071
36047054600,Kings County,New York,True,81.85,54.35,24.11,21.53,74651
36047054700,Kings County,New York,True,86.65,51.17,9.8,19.49,87047
36047054800,Kings County,New York,True,56.59,48.79,9.99,11.43,83500
36047054900,Kings County,New York,True,86.43,38.44,15.48,9.54,183091
36047055000,Kings County,New York,True,72.64,53.78,25.18,31.68,59955
36047055100,Kings County,New York,True,81.49,31.55,16.66,2.28,171952
36047055200,Kings County,New York,True,83.38,30.07,17.74,33.24,69861
36047055300,Kings County,New York,True,85.26,29.27,20.98,9.44,144083
36047055400,Kings County,New York,True,86.72,60.99,12.79,33.42,64894
36047055500,Kings County,New York,True,80.79,26.69,3.15,7.61,205860
36047055600,Kings County,New York,True,59.02,54.15,32.11,18.97,69485
36047055700,Kings County,New York,True,90.5,48.29,1.65,12.6,136250
36047055800,Kings County,New York,True,69.05,47.13,16.92,24.47,61786
36047056000,Kings County,New York,True,67.31,45.08,10.42,24.08,74104
36047056100,Kings County,New York,True,82.68,41.28,6.09,6.18,151875
36047056200,Kings County,New York,True,11.61,93.55,10.17,0.0,102083
36047056301,Kings County,New York,True,86.83,35.62,13.3,1.33,133636
36047056302,Kings County,New York,True,98.74,50.71,9.88,1.34,76351
36047056400,Kings County,New York,True,11.88,43.18,4.14,10.61,86392
36047056500,Kings County,New York,True,84.64,46.11,4.74,1.07,115329
36047056600,Kings County,New York,True,60.8,43.63,29.6,20.27,69286
36047056800,Kings County,New York,True,23.67,68.99,14.4,22.48,75521
36047056900,Kings County,New York,True,66.78,24.96,4.23,2.18,159286
36047057000,Kings County,New York,True,4.87,62.03,13.54,46.84,80216
36047057100,Kings County,New York,True,82.15,34.72,7.6,0.0,125272
36047057200,Kings County,New York,True,100.0,40.75,34.1,23.68,31864
36047057300,Kings County,New York,True,64.56,51.05,7.06,1.32,150885
36047057400,Kings County,New York,True,33.88,34.55,11.52,28.18,92813
36047057500,Kings County,New York,True,87.96,38.26,10.45,5.14,128804
36047057600,Kings County,New York,True,32.34,25.71,22.23,23.49,98750
36047057800,Kings County,New York,True,71.44,59.9,12.01,37.61,61919
36047057901,Kings County,New York,True,81.35,31.03,22.51,2.03,141754
36047057902,Kings County,New York,False,,,,,
36047058000,Kings County,New York,True,81.81,66.81,27.89,38.18,38945
36047058200,Kings County,New York,True,87.21,50.59,16.6,29.47,60811
36047058400,Kings County,New York,True,61.95,61.88,15.66,33.6,70870
36047058600,Kings County,New York,True,52.86,45.45,32.99,45.45,70167
36047058800,Kings County,New York,True,66.19,33.33,10.79,37.33,96838
36047058901,Kings County,New York,True,80.41,42.76,11.6,1.35,114659
36047058902,Kings County,New York,False,,,,,
36047059000,Kings County,New York,True,59.45,23.85,11.67,32.82,103619
36047059100,Kings County,New York,True,83.71,35.78,5.06,0.0,133795
36047059200,Kings County,New York,True,52.68,48.61,19.94,23.38,61944
36047059300,Kings County,New York,True,81.82,36.17,15.51,3.31,110625
36047059402,Kings County,New York,True,33.56,60.55,8.59,21.6,68625
36047059403,Kings County,New York,True,48.87,49.36,9.24,30.2,67232
36047059404,Kings County,New York,True,71.54,67.12,7.47,49.23,65520
36047059600,Kings County,New York,True,35.36,53.03,12.25,20.82,56757
36047059800,Kings County,New York,True,55.8,49.31,9.25,13.3,81051
36047060000,Kings County,New York,True,54.52,44.1,15.92,27.09,75671
36047060600,Kings County,New York,True,49.89,63.46,14.73,33.48,76080
36047060800,Kings County,New York,True,71.23,48.5,14.84,24.41,73546
36047061002,Kings County,New York,True,55.66,67.07,13.8,21.62,71944
36047061003,Kings County,New York,True,66.88,53.41,38.68,62.44,51054
36047061004,Kings County,New York,True,87.43,61.13,21.88,32.84,40931
36047061200,Kings County,New York,True,39.42,36.16,7.6,46.89,141094
36047061600,Kings County,New York,True,18.61,16.16,2.21,45.45,183095
36047062000,Kings County,New York,True,27.02,67.66,1.65,32.34,111932
36047062200,Kings County,New York,True,63.34,54.96,26.52,38.78,68821
36047062600,Kings County,New York,True,38.87,51.97,20.03,57.46,67218
36047062800,Kings County,New York,True,15.23,68.71,5.85,0.0,110377
36047063200,Kings County,New York,True,23.28,66.05,6.74,0.0,82941
36047063600,Kings County,New York,True,5.17,72.22,3.93,0.0,148056
36047063800,Kings County,New York,True,37.5,57.43,6.59,32.13,82188
36047064000,Kings County,New York,True,7.14,37.93,6.71,20.69,143214
36047064200,Kings County,New York,True,67.82,59.22,26.39,16.38,75735
36047064400,Kings County,New York,True,41.6,62.11,24.52,19.57,79259
36047064600,Kings County,New York,True,13.82,20.79,9.33,35.64,99067
36047064800,Kings County,New York,True,19.01,23.48,7.28,0.0,111406
36047065000,Kings County,New York,True,28.22,34.38,10.73,0.0,92673
36047065200,Kings County,New York,True,13.44,47.06,1.87,0.0,94000
36047065400,Kings County,New York,True,18.38,76.74,2.3,0.0,118000
36047065600,Kings County,New York,True,5.41,72.73,4.3,0.0,126607
36047065800,Kings County,New York,True,19.8,56.2,16.4,0.0,92014
36047066000,Kings County,New York,True,16.36,62.26,7.55,0.0,151719
36047066200,Kings County,New York,True,24.65,74.8,15.62,14.63,61083
36047066600,Kings County,New York,False,,,,,
36047067000,Kings County,New York,True,54.67,52.59,14.52,6.53,91979
36047067200,Kings County,New York,True,13.87,93.55,2.16,0.0,84280
36047067400,Kings County,New York,True,6.73,47.37,7.99,0.0,126705
36047067600,Kings County,New York,True,40.59,37.11,7.51,0.0,97750
36047067800,Kings County,New York,True,48.69,46.95,19.07,15.96,84612
36047068000,Kings County,New York,True,12.48,81.43,5.74,0.0,114904
36047068200,Kings County,New York,True,20.46,17.98,4.33,0.0,102000
36047068600,Kings County,New York,True,32.09,37.22,4.31,5.38,112646
36047068800,Kings County,New York,True,17.46,63.64,2.97,0.0,98750
36047069000,Kings County,New York,True,38.96,3.81,12.05,38.57,137650
36047069200,Kings County,New York,True,38.81,64.97,5.71,11.15,104712
36047069601,Kings County,New York,True,58.3,65.03,5.62,0.0,101760
36047069602,Kings County,New York,True,18.47,72.58,3.63,0.0,119451
36047069800,Kings County,New York,True,21.88,34.88,3.52,33.72,128194
36047070000,Kings County,New York,True,55.5,54.35,4.61,0.0,95331
36047070201,Kings County,New York,True,24.55,31.63,4.0,11.17,130174
36047070202,Kings County,New York,True,100.0,0.0,0.0,0.0,
36047070203,Kings County,New York,False,,,,,
36047070601,Kings County,New York,True,14.32,42.86,0.33,0.0,148214
36047070602,Kings County,New York,False,,,,,
36047072000,Kings County,New York,True,61.66,39.73,24.2,14.79,76912
36047072200,Kings County,New York,True,17.55,70.37,10.75,0.0,
36047072400,Kings County,New York,True,47.23,36.58,17.4,5.03,69263
36047072600,Kings County,New York,True,20.66,52.98,20.28,21.85,97292
36047072800,Kings County,New York,True,12.91,32.97,10.46,20.88,62333
36047073000,Kings County,New York,True,30.77,28.95,2.75,10.96,132227
36047073200,Kings County,New York,True,34.41,46.38,14.54,9.79,85846
36047073400,Kings County,New York,True,21.18,0.0,6.18,0.0,138750
36047073600,Kings County,New York,True,62.44,37.31,6.51,19.7,82358
36047073800,Kings County,New York,True,52.62,52.49,4.78,19.94,73125
36047074000,Kings County,New York,True,69.57,56.4,15.42,37.83,68125
36047074200,Kings County,New York,True,57.39,47.2,10.85,8.58,80240
36047074400,Kings County,New York,True,13.46,20.25,12.24,0.0,140391
36047074600,Kings County,New York,True,47.71,75.32,10.93,32.05,113750
36047074800,Kings County,New York,True,50.86,76.15,15.69,1.83,82266
36047075000,Kings County,New York,True,42.77,58.1,4.46,18.57,103125
36047075200,Kings County,New York,True,10.28,51.72,0.0,0.0,141250
36047075400,Kings County,New York,True,17.99,0.0,1.5,0.0,115851
36047075600,Kings County,New York,True,36.18,41.73,10.35,15.35,77273
36047075800,Kings County,New York,True,43.81,50.84,10.59,0.0,69662
36047076000,Kings County,New York,True,72.59,50.0,8.52,15.38,75174
36047076200,Kings County,New York,True,83.75,53.27,29.74,28.18,54725
36047076400,Kings County,New York,True,87.94,48.1,22.67,16.1,81813
36047076600,Kings County,New York,True,85.75,39.46,11.43,7.99,95563
36047076800,Kings County,New York,True,67.29,47.35,20.82,10.62,73125
36047077000,Kings County,New York,True,56.92,44.12,13.27,5.48,76921
36047077200,Kings County,New York,True,62.47,61.95,24.78,12.88,80855
36047077400,Kings County,New York,True,88.68,51.63,9.22,3.55,72488
36047077600,Kings County,New York,True,39.71,52.58,7.66,11.67,71983
36047078000,Kings County,New York,True,24.58,37.84,2.31,12.16,138611
36047078200,Kings County,New York,True,73.59,50.38,15.47,10.7,69558
36047078400,Kings County,New York,True,53.24,31.24,7.72,2.31,99653
36047078601,Kings County,New York,True,70.58,51.45,9.86,10.38,87614
36047078602,Kings County,New York,True,58.41,67.14,20.27,19.07,69615
36047078801,Kings County,New York,True,73.59,74.31,20.86,18.04,55984
36047078802,Kings County,New York,True,89.85,55.37,22.91,41.85,55179
36047079001,Kings County,New York,True,89.64,55.78,16.53,11.56,67857
36047079002,Kings County,New York,True,91.85,62.52,17.96,3.13,57672
36047079201,Kings County,New York,True,72.74,46.77,25.47,15.76,88162
36047079202,Kings County,New York,True,77.01,51.74,28.99,6.2,85833
36047079400,Kings County,New York,True,53.26,31.25,16.58,3.8,128295
36047079601,Kings County,New York,True,85.77,47.49,18.97,4.65,81629
36047079602,Kings County,New York,True,85.5,54.69,15.24,12.19,77370
36047079801,Kings County,New York,True,67.76,61.53,5.37,9.3,94375
36047079802,Kings County,New York,True,98.31,35.63,12.23,4.59,100438
36047080000,Kings County,New York,True,58.94,56.07,13.67,1.33,95769
36047080200,Kings County,New York,True,66.96,47.22,16.14,5.95,98942
36047080400,Kings County,New York,True,77.7,47.22,18.66,0.0,58413
36047080600,Kings County,New York,True,80.02,61.01,25.93,8.2,66632
36047080800,Kings County,New York,True,100.0,51.95,71.17,1.21,13337
36047081000,Kings County,New York,True,72.93,30.57,22.66,13.22,88490
36047081400,Kings County,New York,True,61.62,52.46,16.53,0.0,86705
36047081600,Kings County,New York,True,64.35,44.94,4.04,10.45,92784
36047081800,Kings County,New York,True,73.07,55.64,32.34,14.38,76607
36047082000,Kings County,New York,True,98.0,60.24,17.65,4.26,56250
36047082200,Kings County,New York,True,95.38,35.82,6.99,9.93,85645
36047082400,Kings County,New York,True,83.65,69.4,23.78,9.95,57204
36047082600,Kings County,New York,True,80.12,48.79,16.62,13.34,72543
36047082800,Kings County,New York,True,79.35,55.61,12.07,8.38,61313
36047083000,Kings County,New York,True,77.91,46.54,13.59,20.66,83690
36047083200,Kings County,New York,True,40.48,66.37,14.02,4.17,100161
36047083400,Kings County,New York,True,23.48,30.53,10.59,16.03,121000
36047083600,Kings County,New York,True,27.1,50.88,8.52,23.98,96094
36047083800,Kings County,New York,True,22.66,57.49,17.09,0.0,62950
36047084000,Kings County,New York,True,40.79,60.3,8.63,0.0,81058
36047084600,Kings County,New York,True,38.83,55.56,8.24,3.57,78304
36047084800,Kings County,New York,True,48.47,57.25,16.63,2.97,86012
36047085000,Kings County,New York,True,8.25,28.21,1.59,23.08,124219
36047085200,Kings County,New York,False,,,,,
36047085400,Kings County,New York,True,31.57,61.2,14.66,24.0,78828
36047085600,Kings County,New York,True,60.88,57.64,14.55,5.66,79107
36047085800,Kings County,New York,True,58.3,57.17,12.62,1.3,83640
36047086000,Kings County,New York,True,70.61,59.86,11.34,3.92,77955
36047086200,Kings County,New York,True,70.25,64.21,22.85,8.95,50438
36047086400,Kings County,New York,True,49.52,69.68,20.14,11.0,71016
36047086600,Kings County,New York,True,74.62,53.33,15.65,7.3,79508
36047086800,Kings County,New York,True,83.06,55.89,23.0,6.49,45764
36047087000,Kings County,New York,True,62.81,64.38,22.32,10.5,61136
36047087200,Kings County,New York,True,49.04,61.05,26.81,13.86,67650
36047087401,Kings County,New York,True,85.73,45.31,18.1,5.75,37207
36047087600,Kings County,New York,True,56.08,70.07,21.25,14.71,48125
36047087800,Kings County,New York,True,91.63,59.07,18.37,4.51,56633
36047088001,Kings County,New York,True,47.62,28.65,19.29,1.89,42351
36047088002,Kings County,New York,True,64.76,58.16,24.67,0.0,73750
36047088200,Kings County,New York,True,87.4,61.92,23.85,7.27,50754
36047088400,Kings County,New York,True,75.83,71.5,35.04,33.0,38594
36047088600,Kings County,New York,True,95.82,50.89,11.91,4.3,57674
36047088800,Kings County,New York,True,74.19,61.29,17.29,11.66,55053
36047089000,Kings County,New York,True,93.82,43.67,20.67,5.62,72535
36047089200,Kings County,New York,True,95.88,58.57,50.97,6.16,
36047089400,Kings County,New York,True,66.38,64.51,28.81,8.94,63125
36047089600,Kings County,New York,True,91.51,50.22,38.27,6.02,
36047089800,Kings County,New York,True,64.74,36.17,25.17,14.14,66976
36047090000,Kings County,New York,True,84.6,53.46,53.0,8.81,20500
36047090200,Kings County,New York,True,71.28,49.06,42.02,7.34,42612
36047090600,Kings County,New York,True,99.51,57.68,47.56,10.29,27908
36047090800,Kings County,New York,True,92.6,31.56,49.76,8.92,44875
36047091000,Kings County,New York,True,100.0,69.23,49.48,8.39,22321
36047091200,Kings County,New York,True,100.0,39.78,37.25,1.65,36899
36047091600,Kings County,New York,True,84.48,48.15,30.07,11.35,44825
36047091800,Kings County,New York,True,66.15,43.37,26.58,2.6,45942
36047092000,Kings County,New York,True,67.73,85.95,15.71,0.0,44978
36047092200,Kings County,New York,True,85.31,51.84,3.46,6.64,50994
36047092400,Kings County,New York,True,79.36,58.91,38.84,19.95,37271
36047092800,Kings County,New York,True,52.72,44.06,8.37,3.61,82250
36047093000,Kings County,New York,True,38.64,36.21,9.77,6.96,105848
36047093200,Kings County,New York,True,36.08,9.54,18.67,0.0,
36047093400,Kings County,New York,True,48.75,59.11,16.27,4.0,73321
36047093600,Kings County,New York,True,38.73,52.61,9.76,4.85,79773
36047093800,Kings County,New York,True,63.29,63.35,13.83,10.68,61827
36047094401,Kings County,New York,True,45.56,56.5,12.84,4.67,82500
36047094402,Kings County,New York,True,97.18,42.05,43.15,5.33,24676
36047094600,Kings County,New York,True,28.37,50.28,4.01,6.63,93667
36047095000,Kings County,New York,True,33.29,22.96,5.75,5.84,90083
36047095400,Kings County,New York,True,49.49,42.45,5.46,0.0,108309
36047095600,Kings County,New York,True,57.04,53.92,19.83,3.42,85603
36047095800,Kings County,New York,True,48.98,58.54,17.36,2.5,66452
36047096000,Kings County,New York,False,,,,,
36047096200,Kings County,New York,True,41.01,65.75,11.03,0.0,73750
36047096400,Kings County,New York,True,53.57,62.89,10.58,0.0,79934
36047096600,Kings County,New York,True,35.03,74.55,16.57,0.0,76174
36047096800,Kings County,New York,True,25.0,42.53,12.83,44.83,106250
36047097000,Kings County,New York,True,33.61,25.2,4.75,5.28,108864
36047097400,Kings County,New York,True,50.65,40.38,25.23,8.01,88688
36047098200,Kings County,New York,True,100.0,48.94,38.52,7.59,25125
36047098400,Kings County,New York,True,30.11,18.79,9.56,6.67,102200
36047098600,Kings County,New York,True,56.0,29.67,8.59,7.69,95508
36047098800,Kings County,New York,True,49.89,32.89,5.59,3.07,81985
36047099000,Kings County,New York,True,43.39,83.76,11.98,2.03,95326
36047099200,Kings County,New York,True,28.51,54.5,17.11,18.52,95597
36047099400,Kings County,New York,True,32.77,10.29,12.66,8.0,92738
36047099600,Kings County,New York,True,38.28,28.42,9.06,18.86,86426
36047099800,Kings County,New York,True,58.13,50.96,7.62,6.51,98153
36047100400,Kings County,New York,True,39.34,52.32,11.68,13.31,67063
36047100600,Kings County,New York,True,32.88,48.8,9.3,19.59,120518
36047100800,Kings County,New York,True,41.57,50.53,7.56,7.83,79250
36047101000,Kings County,New York,True,48.26,59.79,9.55,2.84,72115
36047101200,Kings County,New York,True,32.31,48.22,3.17,0.0,96726
36047101400,Kings County,New York,True,39.42,62.22,12.44,5.4,67961
36047101600,Kings County,New York,True,14.42,35.53,1.27,0.0,179803
36047101800,Kings County,New York,True,9.31,62.12,3.69,7.58,101996
36047102000,Kings County,New York,True,28.48,25.29,0.88,0.0,138672
36047102200,Kings County,New York,True,45.9,54.77,6.24,14.15,84063
36047102400,Kings County,New York,True,29.4,68.86,18.21,0.0,72955
36047102600,Kings County,New York,True,43.81,70.18,12.27,12.6,89055
36047102801,Kings County,New York,True,32.32,51.88,16.83,7.5,47063
36047102802,Kings County,New York,False,,,,,
36047103401,Kings County,New York,True,100.0,48.32,48.17,5.91,17853
36047103402,Kings County,New York,False,,,,,
36047105801,Kings County,New York,True,99.78,49.89,33.29,2.17,20988
36047105804,Kings County,New York,True,97.97,49.36,27.89,10.54,38380
36047107001,Kings County,New York,True,67.19,64.4,12.16,6.16,62028
36047107002,Kings County,New York,False,,,,,
36047107003,Kings County,New York,False,,,,,
36047107800,Kings County,New York,True,39.91,43.74,7.4,11.75,85947
36047109800,Kings County,New York,True,77.93,65.59,28.89,30.61,71635
36047110400,Kings County,New York,True,64.36,55.74,24.35,16.07,72229
36047110600,Kings County,New York,True,100.0,59.47,39.03,7.54,26536
36047111000,Kings County,New York,True,100.0,44.42,35.25,6.92,35174
36047111600,Kings County,New York,True,65.18,40.55,22.25,13.01,71021
36047111800,Kings County,New York,True,70.92,73.42,17.72,16.72,66838
36047112000,Kings County,New York,True,66.81,49.68,11.88,32.57,72167
36047112200,Kings County,New York,True,78.16,46.21,23.37,14.39,44188
36047112400,Kings County,New York,True,82.6,56.14,12.41,2.03,65472
36047112600,Kings County,New York,True,76.18,41.94,30.48,20.43,52039
36047112800,Kings County,New York,True,73.44,64.46,28.45,21.57,50426
36047113000,Kings County,New York,True,74.7,61.46,17.56,17.72,51938
36047113200,Kings County,New York,True,73.44,47.1,21.43,5.66,46812
36047113400,Kings County,New York,True,94.69,41.63,26.88,6.69,47994
36047114201,Kings County,New York,True,41.28,46.83,13.76,2.11,39531
36047114202,Kings County,New York,True,82.49,54.38,35.91,6.48,57826
36047114400,Kings County,New York,True,76.04,51.82,36.19,11.72,82422
36047114600,Kings County,New York,True,68.18,55.07,8.72,15.91,82228
36047115000,Kings County,New York,True,63.97,52.44,18.36,17.69,71044
36047115200,Kings County,New York,True,69.4,57.7,11.06,8.67,58542
36047115600,Kings County,New York,True,88.98,41.17,36.92,8.23,
36047115800,Kings County,New York,True,52.88,35.89,23.21,19.76,80091
36047116000,Kings County,New York,True,64.44,46.59,24.46,4.38,63839
36047116200,Kings County,New York,True,48.76,68.74,29.36,1.33,72614
36047116400,Kings County,New York,True,54.21,45.14,6.41,42.38,76713
36047116600,Kings County,New York,True,81.65,61.45,19.85,24.28,42158
36047116800,Kings County,New York,True,82.49,41.64,12.34,28.3,86563
36047117000,Kings County,New York,True,78.69,37.18,33.45,11.38,27840
36047117201,Kings County,New York,True,44.01,51.9,27.28,21.84,73214
36047117202,Kings County,New York,True,55.58,65.73,18.39,27.91,78190
36047117400,Kings County,New York,True,80.21,37.9,14.08,12.76,46583
36047117601,Kings County,New York,True,68.63,52.06,3.71,18.25,80882
36047117602,Kings County,New York,True,55.81,29.36,12.49,9.56,86848
36047117800,Kings County,New York,True,71.59,56.19,7.49,19.5,59034
36047118000,Kings County,New York,False,,,,,
36047118201,Kings County,New York,True,77.95,41.85,20.29,36.51,82976
36047118202,Kings County,New York,True,62.19,41.5,20.62,22.51,91802
36047118400,Kings County,New York,True,73.53,59.98,17.26,13.09,68093
36047118600,Kings County,New York,True,57.97,63.42,12.39,27.27,78971
36047118800,Kings County,New York,True,75.07,51.13,16.3,31.79,75394
36047119000,Kings County,New York,True,76.43,77.74,30.85,3.28,39733
36047119200,Kings County,New York,True,62.09,48.34,11.58,21.69,89286
36047119400,Kings County,New York,True,80.18,46.93,35.07,17.24,84332
36047119600,Kings County,New York,True,83.66,63.24,19.91,37.69,56513
36047119800,Kings County,New York,True,72.52,40.0,35.83,15.0,60289
36047120000,Kings County,New York,True,73.34,70.47,19.06,14.17,47031
36047120200,Kings County,New York,True,57.17,55.83,5.26,29.33,100559
36047120801,Kings County,New York,True,56.24,38.6,13.22,28.47,109091
36047120802,Kings County,New York,True,100.0,57.11,40.04,21.42,30853
36047120803,Kings County,New York,True,71.3,33.0,28.0,1.0,45125
36047121000,Kings County,New York,True,100.0,33.91,41.33,24.68,23136
36047121400,Kings County,New York,True,100.0,35.2,27.06,18.17,38094
36047122000,Kings County,New York,True,78.58,44.69,5.01,16.18,83594
36047123700,Kings County,New York,True,74.64,78.77,40.04,58.41,55861
36047150200,Kings County,New York,True,41.87,52.32,3.9,1.32,132727
36047152200,Kings County,New York,True,28.37,49.75,3.67,3.48,215602
36047990100,Kings County,New York,False,,,,,
36049950101,Lewis County,New York,True,14.01,40.58,7.75,2.17,66964
36049950200,Lewis County,New York,True,16.7,37.38,13.43,1.92,62050
36049950301,Lewis County,New York,True,44.67,33.12,13.13,4.55,68025
36049950302,Lewis County,New York,True,23.84,36.8,17.57,3.05,69583
36049950401,Lewis County,New York,True,7.56,44.19,8.81,13.95,70515
36049950500,Lewis County,New York,True,18.29,46.89,9.48,5.08,74559
36049950601,Lewis County,New York,True,12.5,52.31,12.03,0.0,65278
36049950700,Lewis County,New York,True,17.93,33.25,12.52,1.8,75820
36049950800,Lewis County,New York,True,4.9,38.1,9.34,0.0,49158
36051030100,Livingston County,New York,True,23.95,32.78,4.79,1.18,78649
36051030201,Livingston County,New York,True,43.14,59.5,30.39,0.0,65227
36051030203,Livingston County,New York,True,40.59,42.89,5.01,2.63,78167
36051030204,Livingston County,New York,True,14.3,54.46,5.81,4.69,82857
36051030300,Livingston County,New York,True,38.59,43.62,8.12,0.0,71771
36051030400,Livingston County,New York,True,42.69,63.89,20.7,0.0,79182
36051030500,Livingston County,New York,False,,,,,
36051030600,Livingston County,New York,True,17.32,55.64,9.36,14.29,87130
36051030701,Livingston County,New York,True,3.65,69.44,4.07,0.0,107750
36051030702,Livingston County,New York,True,19.87,48.77,9.52,4.41,77829
36051030800,Livingston County,New York,True,11.71,18.26,9.09,0.0,78147
36051030900,Livingston County,New York,True,26.48,56.18,13.32,0.0,51125
36051031000,Livingston County,New York,False,,,57.89,,
36051031101,Livingston County,New York,True,12.83,77.78,10.73,10.19,87794
36051031102,Livingston County,New York,True,8.11,12.5,5.79,7.95,77212
36051031200,Livingston County,New York,True,25.54,41.35,16.24,0.0,65750
36051031300,Livingston County,New York,True,8.23,36.03,8.71,0.0,73667
36051031400,Livingston County,New York,True,28.02,61.99,6.71,0.0,57329
36053030101,Madison County,New York,True,56.43,43.31,19.09,2.82,53036
36053030102,Madison County,New York,True,41.95,42.31,16.11,0.53,51610
36053030103,Madison County,New York,True,19.86,55.99,8.62,0.0,86607
36053030200,Madison County,New York,True,9.97,23.03,7.23,1.97,78750
36053030300,Madison County,New York,True,31.61,38.14,12.51,0.14,73750
36053030401,Madison County,New York,True,32.56,49.23,14.15,0.77,71793
36053030402,Madison County,New York,True,11.48,48.23,2.71,8.51,94194
36053030403,Madison County,New York,True,6.44,14.14,5.97,0.0,76118
36053030404,Madison County,New York,True,6.57,64.38,7.17,0.0,91328
36053030501,Madison County,New York,True,27.86,58.28,5.99,0.0,97375
36053030502,Madison County,New York,True,5.79,18.18,1.46,0.0,131131
36053030601,Madison County,New York,True,14.17,27.22,6.74,0.0,78233
36053030602,Madison County,New York,True,10.04,31.47,9.2,5.59,81700
36053030701,Madison County,New York,True,22.11,41.73,10.05,1.88,53281
36053030702,Madison County,New York,True,13.72,16.67,7.82,0.0,82063
36053030800,Madison County,New York,True,18.01,35.68,17.52,1.66,65000
36053030900,Madison County,New York,True,51.92,30.11,12.75,0.85,69167
36053031000,Madison County,New York,True,16.55,50.16,8.8,0.0,76545
36053031100,Madison County,New York,True,15.94,39.71,16.6,4.41,69205
36055000200,Monroe County,New York,True,87.76,62.48,32.21,8.62,41467
36055000700,Monroe County,New York,True,48.87,51.99,41.67,4.97,24866
36055001000,Monroe County,New York,True,86.43,29.99,15.48,0.51,65180
36055001300,Monroe County,New York,True,99.06,41.39,43.52,8.21,20581
36055001600,Monroe County,New York,True,54.53,64.97,40.57,6.91,19970
36055001800,Monroe County,New York,True,34.42,41.19,18.55,0.0,48943
36055001900,Monroe County,New York,True,53.6,59.71,27.9,4.3,43411
36055002000,Monroe County,New York,True,52.75,50.32,21.89,0.0,43922
36055002100,Monroe County,New York,True,48.34,54.95,25.79,0.0,50240
36055002200,Monroe County,New York,True,91.98,55.5,50.74,6.06,29856
36055002300,Monroe County,New York,True,79.78,61.34,41.85,8.25,22010
36055002400,Monroe County,New York,True,73.07,59.6,39.23,8.65,28625
36055002700,Monroe County,New York,True,66.23,65.5,37.19,8.5,33676
36055002900,Monroe County,New York,True,89.81,50.68,17.07,0.0,51703
36055003000,Monroe County,New York,True,77.66,44.32,34.22,0.0,68125
36055003101,Monroe County,New York,True,58.87,25.74,9.38,0.0,99140
36055003102,Monroe County,New York,True,85.11,58.79,15.14,0.0,53211
36055003200,Monroe County,New York,True,94.5,55.55,37.23,3.36,24510
36055003300,Monroe County,New York,True,76.56,46.22,54.21,3.19,30305
36055003400,Monroe County,New York,True,79.69,44.24,17.06,2.44,70515
36055003500,Monroe County,New York,True,25.17,39.86,4.99,0.0,71500
36055003600,Monroe County,New York,True,40.73,39.28,11.26,0.0,92935
36055003700,Monroe County,New York,True,71.12,33.07,11.55,0.0,83243
36055003806,Monroe County,New York,True,84.28,60.86,41.05,2.3,42692
36055003807,Monroe County,New York,True,38.06,25.16,15.61,4.9,64375
36055003900,Monroe County,New York,True,71.87,59.37,36.34,0.0,31563
36055004000,Monroe County,New York,True,63.62,77.19,31.69,10.31,32468
36055004100,Monroe County,New York,True,60.7,80.13,37.32,4.17,29146
36055004602,Monroe County,New York,True,89.59,46.82,30.32,3.9,27033
36055004701,Monroe County,New York,True,75.3,48.99,44.68,8.36,26417
36055004702,Monroe County,New York,True,42.96,53.78,19.01,2.73,47701
36055004800,Monroe County,New York,True,65.28,55.72,39.79,2.75,30474
36055004900,Monroe County,New York,True,82.85,50.73,41.66,28.39,41719
36055005000,Monroe County,New York,True,70.42,67.56,46.29,2.89,31080
36055005100,Monroe County,New York,True,78.92,60.04,32.09,12.18,29772
36055005200,Monroe County,New York,True,69.52,66.56,52.46,0.0,23897
36055005400,Monroe County,New York,True,22.33,63.82,14.47,0.0,80000
36055005500,Monroe County,New York,True,59.46,73.87,61.1,4.5,20500
36055005600,Monroe County,New York,True,74.22,70.16,46.31,6.54,28031
36055005700,Monroe County,New York,True,69.4,49.19,25.7,4.18,62019
36055005800,Monroe County,New York,True,45.68,71.96,34.83,0.0,48140
36055005900,Monroe County,New York,True,72.64,68.98,28.43,1.66,44917
36055006000,Monroe County,New York,True,37.23,26.68,11.12,0.0,53478
36055006100,Monroe County,New York,True,20.87,47.84,13.16,0.0,80431
36055006200,Monroe County,New York,True,26.74,54.55,13.34,0.0,55769
36055006300,Monroe County,New York,True,51.97,59.08,19.93,0.0,42197
36055006400,Monroe County,New York,True,46.98,63.21,41.69,1.58,27964
36055006500,Monroe County,New York,True,88.09,76.96,61.47,1.34,19031
36055006600,Monroe County,New York,True,88.45,36.15,29.11,6.17,48057
36055006700,Monroe County,New York,True,36.91,48.69,16.88,14.4,62695
36055006800,Monroe County,New York,True,34.44,16.2,5.64,0.0,75703
36055006900,Monroe County,New York,True,84.19,54.37,39.73,3.04,35177
36055007000,Monroe County,New York,True,48.66,49.92,23.86,0.0,70772
36055007100,Monroe County,New York,True,39.82,55.96,26.52,12.73,61366
36055007500,Monroe County,New York,True,69.77,77.01,30.7,3.7,29130
36055007600,Monroe County,New York,True,25.39,52.32,9.76,0.0,88495
36055007700,Monroe County,New York,True,52.4,38.93,16.13,0.0,66852
36055007801,Monroe County,New York,True,72.71,28.55,8.94,0.0,106898
36055007802,Monroe County,New York,True,28.06,13.98,3.32,0.0,115688
36055007900,Monroe County,New York,True,54.7,62.05,33.93,0.0,41094
36055008000,Monroe County,New York,True,54.8,70.62,33.56,6.44,29674
36055008100,Monroe County,New York,True,40.08,37.7,18.06,5.24,42045
36055008200,Monroe County,New York,True,41.87,59.02,30.15,0.0,40400
36055008301,Monroe County,New York,True,45.26,58.49,9.94,0.0,48953
36055008400,Monroe County,New York,True,64.29,46.03,45.85,15.4,33194
36055008500,Monroe County,New York,True,55.27,65.15,15.54,0.0,44507
36055008600,Monroe County,New York,True,33.49,65.05,19.65,0.0,58910
36055008702,Monroe County,New York,True,57.72,43.85,48.36,0.0,45500
36055008801,Monroe County,New York,True,53.64,66.47,20.83,6.71,39651
36055009200,Monroe County,New York,True,89.83,38.42,69.32,1.37,12369
36055009301,Monroe County,New York,True,90.89,41.34,50.85,0.62,24455
36055009302,Monroe County,New York,True,92.9,45.38,12.52,3.06,47409
36055009401,Monroe County,New York,True,92.99,38.43,33.22,2.18,
36055009402,Monroe County,New York,True,84.78,41.88,25.21,2.37,67366
36055009403,Monroe County,New York,False,,,,,
36055009404,Monroe County,New York,True,95.83,29.89,25.44,0.82,68000
36055009500,Monroe County,New York,True,62.23,35.97,27.66,4.37,51164
36055009601,Monroe County,New York,True,80.09,65.82,46.92,0.0,15714
36055009602,Monroe County,New York,True,69.21,19.24,33.12,0.0,31141
36055009605,Monroe County,New York,True,70.72,78.38,54.24,1.71,31263
36055010100,Monroe County,New York,True,12.28,6.52,11.45,0.0,74750
36055010200,Monroe County,New York,True,2.36,28.95,1.64,0.0,140469
36055010300,Monroe County,New York,True,4.28,47.14,2.97,0.0,99141
36055010400,Monroe County,New York,True,32.74,61.15,11.13,0.0,75208
36055010500,Monroe County,New York,True,5.06,13.33,6.87,0.0,96667
36055010601,Monroe County,New York,True,29.97,59.67,10.29,3.1,53750
36055010602,Monroe County,New York,True,30.67,55.81,6.95,0.0,69554
36055010700,Monroe County,New York,True,17.39,42.61,4.77,0.0,74630
36055010800,Monroe County,New York,True,2.13,51.72,3.85,0.0,99125
36055010901,Monroe County,New York,True,50.8,77.63,29.67,2.8,36602
36055010902,Monroe County,New York,True,46.2,54.95,22.95,0.42,59291
36055011000,Monroe County,New York,True,24.9,39.48,4.98,0.0,90511
36055011100,Monroe County,New York,True,12.35,43.54,3.06,0.0,91563
36055011201,Monroe County,New York,True,5.56,29.41,12.49,0.0,105150
36055011203,Monroe County,New York,True,5.27,10.87,0.73,0.0,105040
36055011205,Monroe County,New York,True,28.8,67.8,5.83,0.0,107128
36055011207,Monroe County,New York,True,46.24,44.37,2.9,5.39,92500
36055011209,Monroe County,New York,True,58.4,54.5,5.36,0.0,60997
36055011210,Monroe County,New York,True,26.79,58.22,12.58,0.0,67458
36055011302,Monroe County,New York,True,0.95,100.0,2.58,0.0,113649
36055011303,Monroe County,New York,True,14.25,74.36,5.25,0.0,126943
36055011304,Monroe County,New York,True,1.8,40.62,0.75,0.0,127803
36055011401,Monroe County,New York,True,29.53,44.25,7.06,3.07,94239
36055011402,Monroe County,New York,True,10.93,36.46,3.12,0.0,94722
36055011403,Monroe County,New York,True,93.97,52.67,9.44,0.76,63313
36055011503,Monroe County,New York,True,4.99,0.0,2.51,0.0,151365
36055011504,Monroe County,New York,True,1.22,58.06,2.32,0.0,147229
36055011505,Monroe County,New York,True,24.39,57.63,4.58,0.0,120398
36055011506,Monroe County,New York,True,6.1,10.64,2.08,10.64,130741
36055011507,Monroe County,New York,True,45.15,57.38,7.25,1.53,99022
36055011601,Monroe County,New York,True,19.78,51.97,6.32,7.87,97889
36055011603,Monroe County,New York,True,42.65,53.45,34.55,9.66,35833
36055011604,Monroe County,New York,True,24.52,29.61,2.89,0.0,128036
36055011605,Monroe County,New York,True,32.57,22.97,8.78,0.0,89018
36055011705,Monroe County,New York,True,8.65,87.8,5.6,0.0,128182
36055011707,Monroe County,New York,True,16.69,69.25,3.35,0.0,109821
36055011708,Monroe County,New York,True,10.24,23.81,1.6,0.0,160368
36055011709,Monroe County,New York,True,3.06,38.24,0.43,0.0,184943
36055011710,Monroe County,New York,True,23.42,26.18,2.09,0.0,99505
36055011711,Monroe County,New York,True,22.32,41.26,11.62,0.0,130536
36055011712,Monroe County,New York,True,26.33,46.91,6.6,0.0,109671
36055011800,Monroe County,New York,True,33.5,41.46,13.1,0.0,106786
36055011901,Monroe County,New York,True,27.51,63.79,4.91,0.0,73222
36055011903,Monroe County,New York,True,4.75,23.81,1.31,0.0,125000
36055011904,Monroe County,New York,True,20.48,49.86,3.79,0.0,100457
36055012000,Monroe County,New York,True,47.72,23.18,5.23,0.0,76509
36055012100,Monroe County,New York,True,32.13,42.28,9.13,1.65,72797
36055012201,Monroe County,New York,True,24.83,28.49,9.74,7.72,153450
36055012202,Monroe County,New York,True,19.06,50.35,3.35,0.0,117247
36055012301,Monroe County,New York,True,21.77,46.15,2.26,0.0,116458
36055012304,Monroe County,New York,True,2.3,70.59,3.68,0.0,139130
36055012305,Monroe County,New York,True,2.36,0.0,0.92,0.0,191250
36055012307,Monroe County,New York,True,0.9,0.0,1.94,0.0,227292
36055012308,Monroe County,New York,True,15.05,59.13,4.04,0.0,130357
36055012401,Monroe County,New York,True,42.25,39.14,9.88,1.69,82667
36055012402,Monroe County,New York,True,7.54,27.78,3.74,0.0,154760
36055012500,Monroe County,New York,True,34.63,64.28,13.39,1.96,70524
36055012600,Monroe County,New York,True,34.29,55.09,7.54,3.69,103769
36055012700,Monroe County,New York,True,18.14,31.73,3.88,0.0,125795
36055012800,Monroe County,New York,True,54.08,35.53,10.49,6.17,83832
36055012900,Monroe County,New York,True,34.68,65.65,4.64,0.0,129331
36055013003,Monroe County,New York,True,1.39,0.0,1.32,0.0,134917
36055013004,Monroe County,New York,True,55.0,44.36,10.62,4.0,75742
36055013005,Monroe County,New York,True,84.06,48.28,13.4,2.71,53835
36055013006,Monroe County,New York,True,58.78,40.09,13.02,0.0,68304
36055013101,Monroe County,New York,True,19.91,35.22,10.36,5.82,81662
36055013103,Monroe County,New York,True,45.27,52.47,24.36,1.92,66750
36055013104,Monroe County,New York,True,58.62,58.0,21.23,3.09,57250
36055013203,Monroe County,New York,True,10.71,39.64,5.89,30.36,94929
36055013205,Monroe County,New York,True,40.44,67.15,30.38,0.0,77391
36055013206,Monroe County,New York,True,20.09,47.73,8.76,0.0,123063
36055013207,Monroe County,New York,True,26.17,55.0,4.18,3.82,108000
36055013208,Monroe County,New York,True,49.79,30.14,3.73,1.29,72315
36055013300,Monroe County,New York,True,4.11,0.0,3.6,0.0,122519
36055013401,Monroe County,New York,True,61.48,32.7,8.58,0.0,59034
36055013402,Monroe County,New York,True,21.74,27.3,3.86,0.0,106739
36055013503,Monroe County,New York,True,1.27,100.0,1.3,100.0,101875
36055013505,Monroe County,New York,True,41.87,54.57,10.53,0.0,60184
36055013507,Monroe County,New York,True,10.92,61.6,4.49,0.0,114036
36055013508,Monroe County,New York,True,5.8,59.34,1.41,0.0,120428
36055013509,Monroe County,New York,True,28.5,43.93,5.04,0.0,90000
36055013510,Monroe County,New York,True,12.04,55.15,4.25,7.27,114596
36055013511,Monroe County,New York,True,20.2,47.56,4.7,0.0,108750
36055013601,Monroe County,New York,True,18.52,53.16,5.56,0.0,78867
36055013603,Monroe County,New York,True,5.49,11.5,5.82,0.0,96837
36055013604,Monroe County,New York,True,37.04,56.54,25.31,1.45,61912
36055013701,Monroe County,New York,True,23.26,53.46,5.11,0.0,84327
36055013702,Monroe County,New York,True,28.06,53.74,12.66,2.2,63033
36055013800,Monroe County,New York,True,18.66,46.87,15.07,18.05,77816
36055013901,Monroe County,New York,True,15.5,58.62,9.72,14.56,71778
36055013902,Monroe County,New York,True,63.97,42.54,32.16,5.18,50979
36055014001,Monroe County,New York,True,35.99,47.88,10.25,1.99,70653
36055014003,Monroe County,New York,True,36.89,61.66,13.1,3.22,67604
36055014004,Monroe County,New York,True,54.75,49.34,22.97,9.44,60972
36055014102,Monroe County,New York,True,22.94,20.0,9.24,4.17,88750
36055014103,Monroe County,New York,True,18.21,56.9,9.18,0.0,75078
36055014104,Monroe County,New York,True,34.86,48.08,12.46,0.0,74632
36055014202,Monroe County,New York,True,26.48,32.38,10.23,0.0,79548
36055014204,Monroe County,New York,True,12.44,21.62,7.91,0.0,81750
36055014205,Monroe County,New York,True,23.13,42.96,5.98,0.0,72083
36055014206,Monroe County,New York,True,45.61,39.23,8.29,8.59,82635
36055014301,Monroe County,New York,True,59.54,43.38,13.34,3.0,67581
36055014302,Monroe County,New York,True,5.71,15.18,21.42,0.0,54647
36055014400,Monroe County,New York,True,11.09,41.71,6.56,5.21,87762
36055014501,Monroe County,New York,True,12.85,32.56,4.07,0.0,77868
36055014503,Monroe County,New York,True,12.94,16.05,9.21,0.0,99216
36055014504,Monroe County,New York,True,4.81,42.72,2.1,0.0,110428
36055014505,Monroe County,New York,True,53.32,56.33,5.57,0.0,74275
36055014601,Monroe County,New York,True,18.33,57.93,3.37,0.0,91850
36055014602,Monroe County,New York,True,38.66,47.27,19.56,3.32,71188
36055014700,Monroe County,New York,True,32.32,27.78,11.21,0.0,82538
36055014802,Monroe County,New York,True,6.82,4.64,8.04,0.0,88231
36055014803,Monroe County,New York,True,2.42,73.53,2.15,0.0,106167
36055014805,Monroe County,New York,True,54.98,54.2,14.29,1.01,60893
36055014806,Monroe County,New York,True,16.47,54.05,9.01,2.16,108639
36055014901,Monroe County,New York,True,31.42,38.51,6.77,0.0,80956
36055014903,Monroe County,New York,True,11.64,53.95,5.91,6.58,101759
36055014905,Monroe County,New York,True,24.31,34.26,9.16,0.0,94182
36055014906,Monroe County,New York,True,32.03,46.67,8.62,0.0,84702
36055015000,Monroe County,New York,True,12.9,52.05,3.21,0.0,100750
36055015101,Monroe County,New York,True,11.33,54.75,6.7,0.0,90134
36055015102,Monroe County,New York,True,9.85,66.45,17.69,0.0,73482
36055015200,Monroe County,New York,True,33.43,27.79,7.85,0.0,83286
36055015301,Monroe County,New York,True,100.0,15.0,9.43,0.0,87206
36055015303,Monroe County,New York,True,36.21,53.73,16.53,1.87,62774
36055015304,Monroe County,New York,True,52.87,40.58,15.88,0.0,68125
36055015400,Monroe County,New York,True,24.93,48.84,14.96,0.0,98125
36055980000,Monroe County,New York,False,,,,,
36055980100,Monroe County,New York,True,0.0,,24.29,,65125
36055980200,Monroe County,New York,True,0.0,,100.0,,
36055990000,Monroe County,New York,False,,,,,
36057070200,Montgomery County,New York,True,56.57,41.2,25.31,5.99,50377
36057070300,Montgomery County,New York,True,47.49,66.58,16.89,0.0,49420
36057070400,Montgomery County,New York,True,38.35,23.26,17.15,4.23,71726
36057070500,Montgomery County,New York,True,23.12,65.57,16.12,0.0,94844
36057070600,Montgomery County,New York,True,64.29,48.34,27.25,0.0,42629
36057070700,Montgomery County,New York,True,33.42,40.4,11.2,0.0,83190
36057070800,Montgomery County,New York,True,61.79,30.85,23.19,12.81,44289
36057070900,Montgomery County,New York,True,62.92,39.04,31.37,0.0,41417
36057072100,Montgomery County,New York,True,16.31,26.7,8.43,0.0,83989
36057072200,Montgomery County,New York,True,19.78,48.59,8.12,0.0,81473
36057072300,Montgomery County,New York,True,26.28,41.69,13.7,0.0,69722
36057072400,Montgomery County,New York,True,31.91,42.73,21.0,2.42,54837
36057072500,Montgomery County,New York,True,21.56,43.19,18.05,0.0,44195
36057072600,Montgomery County,New York,True,20.12,47.23,7.6,5.11,78281
36057072700,Montgomery County,New York,True,9.04,11.85,11.99,5.19,77181
36057072800,Montgomery County,New York,True,9.48,22.01,5.56,0.0,92712
36059300100,Nassau County,New York,True,4.49,49.21,0.93,0.0,211299
36059300300,Nassau County,New York,True,35.11,64.57,7.62,18.22,109795
36059300400,Nassau County,New York,True,25.39,47.58,5.85,6.96,152714
36059300500,Nassau County,New York,True,8.48,40.83,7.91,7.1,179561
36059300600,Nassau County,New York,True,13.43,20.5,7.43,3.42,173182
36059300700,Nassau County,New York,True,45.98,45.77,7.08,3.44,97721
36059300800,Nassau County,New York,True,13.51,56.37,8.15,8.33,101786
36059300901,Nassau County,New York,True,6.79,28.85,4.4,0.0,244079
36059300902,Nassau County,New York,True,13.94,64.86,3.03,0.0,173315
36059301000,Nassau County,New York,True,11.58,50.0,2.25,0.0,250001
36059301101,Nassau County,New York,True,63.25,65.85,6.39,9.33,105486
36059301102,Nassau County,New York,True,25.35,55.82,1.7,0.0,161818
36059301200,Nassau County,New York,True,21.68,66.15,5.69,1.73,131307
36059301300,Nassau County,New York,True,43.99,48.51,6.01,9.92,139656
36059301400,Nassau County,New York,True,5.72,28.95,0.93,5.26,250001
36059301500,Nassau County,New York,True,2.87,55.17,2.24,0.0,250001
36059301600,Nassau County,New York,True,6.01,81.91,2.91,12.77,250001
36059301700,Nassau County,New York,True,0.61,0.0,1.98,0.0,250001
36059301800,Nassau County,New York,True,41.88,35.98,7.42,0.0,111419
36059301900,Nassau County,New York,True,0.0,,1.31,,227311
36059302000,Nassau County,New York,True,26.65,36.35,8.56,0.0,154375
36059302101,Nassau County,New York,True,1.49,57.89,2.27,0.0,224375
36059302102,Nassau County,New York,True,0.0,,3.47,,250001
36059302200,Nassau County,New York,True,14.54,61.17,4.15,0.0,137137
36059302300,Nassau County,New York,True,3.34,0.0,2.97,0.0,212344
36059302400,Nassau County,New York,True,6.03,25.49,3.05,0.0,132955
36059302501,Nassau County,New York,True,5.33,100.0,5.8,0.0,246250
36059302502,Nassau County,New York,True,7.16,45.9,2.86,0.0,250001
36059302600,Nassau County,New York,True,18.79,46.3,1.24,0.0,126974
36059302700,Nassau County,New York,True,9.56,58.46,2.16,31.54,184430
36059302800,Nassau County,New York,True,1.59,25.0,3.82,0.0,153073
36059302900,Nassau County,New York,True,1.7,100.0,2.99,0.0,197000
36059303000,Nassau County,New York,True,10.87,38.67,3.35,6.22,129029
36059303101,Nassau County,New York,True,7.62,12.22,5.61,0.0,165536
36059303102,Nassau County,New York,True,4.21,46.3,5.69,0.0,135208
36059303203,Nassau County,New York,True,5.19,66.67,1.84,66.67,165982
36059303204,Nassau County,New York,True,22.3,46.56,1.04,8.12,146406
36059303301,Nassau County,New York,True,7.15,49.21,1.76,14.29,145288
36059303302,Nassau County,New York,True,28.12,61.85,3.96,4.31,158478
36059303400,Nassau County,New York,True,2.48,0.0,2.26,0.0,214750
36059303500,Nassau County,New York,True,13.21,24.9,2.49,13.88,183663
36059303600,Nassau County,New York,True,52.09,43.43,8.1,5.9,133252
36059303700,Nassau County,New York,True,14.83,49.75,4.32,3.27,122112
36059303800,Nassau County,New York,True,18.71,51.08,4.34,0.0,145500
36059303900,Nassau County,New York,True,4.81,22.03,3.99,25.42,172105
36059304001,Nassau County,New York,True,12.06,46.0,2.97,0.0,187813
36059304002,Nassau County,New York,True,33.95,38.6,3.55,12.77,132500
36059304100,Nassau County,New York,True,23.43,20.13,2.87,26.2,124792
36059304202,Nassau County,New York,True,25.08,30.53,3.59,10.18,148708
36059304203,Nassau County,New York,True,30.41,23.61,6.79,35.0,202574
36059304204,Nassau County,New York,True,59.54,43.37,10.49,38.1,147440
36059404300,Nassau County,New York,True,10.3,50.91,2.36,0.0,166484
36059404400,Nassau County,New York,True,15.58,44.62,3.54,9.23,165938
36059404500,Nassau County,New York,True,15.29,50.2,2.95,1.98,142292
36059404600,Nassau County,New York,True,9.92,48.28,3.45,0.0,158068
36059404700,Nassau County,New York,True,14.99,47.8,4.28,6.92,160483
36059404800,Nassau County,New York,True,17.2,55.22,7.23,28.62,103614
36059404901,Nassau County,New York,True,4.97,44.62,6.54,0.0,129817
36059404902,Nassau County,New York,True,22.51,53.61,10.36,3.76,109321
36059405000,Nassau County,New York,True,18.1,62.78,6.36,0.0,115424
36059405100,Nassau County,New York,True,20.25,20.04,1.83,0.0,132626
36059405200,Nassau County,New York,True,36.7,51.87,2.49,14.93,119539
36059405301,Nassau County,New York,True,10.85,44.14,5.52,0.0,152083
36059405302,Nassau County,New York,True,27.75,63.17,3.97,9.21,112854
36059405400,Nassau County,New York,True,26.33,35.93,10.27,3.18,144265
36059405500,Nassau County,New York,True,6.71,56.52,2.98,0.0,125428
36059405600,Nassau County,New York,True,15.7,31.43,0.96,0.0,149975
36059405700,Nassau County,New York,True,6.51,47.12,6.09,0.0,152188
36059405800,Nassau County,New York,True,15.16,43.48,4.34,0.0,136164
36059405900,Nassau County,New York,True,1.28,100.0,1.0,0.0,176932
36059406001,Nassau County,New York,True,8.66,35.97,7.1,7.91,164194
36059406002,Nassau County,New York,True,27.37,44.64,7.13,2.86,172656
36059406100,Nassau County,New York,True,2.4,56.52,5.31,0.0,146026
36059406201,Nassau County,New York,True,12.79,51.75,3.25,0.0,141384
36059406202,Nassau County,New York,True,15.4,61.8,14.89,0.0,118777
36059406300,Nassau County,New York,True,2.23,56.67,3.28,0.0,250001
36059406400,Nassau County,New York,True,14.65,64.25,1.69,0.0,244002
36059406501,Nassau County,New York,True,1.44,0.0,4.7,0.0,235676
36059406600,Nassau County,New York,True,2.44,0.0,2.3,0.0,250001
36059406701,Nassau County,New York,True,37.23,27.13,14.0,13.11,102783
36059406702,Nassau County,New York,True,73.25,36.92,16.14,9.28,48209
36059406801,Nassau County,New York,True,92.77,61.12,14.19,19.52,54432
36059406802,Nassau County,New York,True,78.61,52.62,13.81,40.11,105650
36059406900,Nassau County,New York,True,37.48,63.63,5.74,15.54,106229
36059407000,Nassau County,New York,True,59.67,55.34,28.05,11.71,49038
36059407101,Nassau County,New York,True,31.51,53.93,10.51,22.52,83929
36059407102,Nassau County,New York,True,12.05,58.82,2.99,19.12,159432
36059407201,Nassau County,New York,True,76.78,67.69,26.75,14.22,70142
36059407203,Nassau County,New York,True,37.57,64.72,19.69,38.44,110246
36059407204,Nassau County,New York,True,18.24,36.91,4.96,18.79,114620
36059407301,Nassau County,New York,True,42.58,46.04,9.02,0.0,155446
36059407302,Nassau County,New York,True,26.47,81.89,15.12,3.32,110653
36059407401,Nassau County,New York,True,26.8,52.17,5.95,16.62,148583
36059407402,Nassau County,New York,True,41.57,46.08,10.09,25.81,136571
36059407501,Nassau County,New York,True,33.47,26.62,6.81,21.89,110203
36059407502,Nassau County,New York,True,13.85,45.99,8.48,0.0,116534
36059407600,Nassau County,New York,True,2.78,48.98,1.45,0.0,197697
36059407700,Nassau County,New York,True,6.64,44.95,4.65,0.0,172727
36059407801,Nassau County,New York,True,12.19,70.31,6.92,6.55,151581
36059407802,Nassau County,New York,True,8.17,0.0,19.9,0.0,37885
36059407900,Nassau County,New York,True,29.48,95.27,4.84,0.57,95833
36059408000,Nassau County,New York,True,5.61,51.43,1.23,0.0,192778
36059408100,Nassau County,New York,True,8.02,57.24,14.22,0.0,147315
36059408200,Nassau County,New York,True,3.94,13.1,12.55,0.0,125568
36059408300,Nassau County,New York,True,7.27,30.3,0.35,0.0,149258
36059408400,Nassau County,New York,True,2.6,54.29,0.45,0.0,171484
36059408500,Nassau County,New York,True,7.48,21.85,1.71,0.0,196429
36059408600,Nassau County,New York,True,18.82,39.92,3.35,0.0,146806
36059408700,Nassau County,New York,True,7.96,67.21,1.38,0.0,176875
36059408800,Nassau County,New York,True,7.22,100.0,10.23,0.0,120085
36059408900,Nassau County,New York,True,7.12,35.51,4.46,0.0,162375
36059409000,Nassau County,New York,True,4.45,24.14,2.84,49.43,117219
36059409100,Nassau County,New York,True,4.77,32.94,4.63,0.0,141528
36059409200,Nassau County,New York,True,13.42,27.24,4.81,0.0,137426
36059409300,Nassau County,New York,True,4.72,87.69,2.69,0.0,136250
36059409400,Nassau County,New York,True,5.1,17.39,5.65,0.0,173625
36059409500,Nassau County,New York,True,4.34,12.73,4.88,0.0,174536
36059409600,Nassau County,New York,True,1.89,0.0,4.35,0.0,181250
36059409700,Nassau County,New York,True,8.47,54.74,2.78,0.0,128873
36059409800,Nassau County,New York,True,6.91,0.0,5.19,0.0,174667
36059409900,Nassau County,New York,True,9.6,44.4,3.68,6.22,134779
36059410000,Nassau County,New York,True,8.41,36.36,2.77,0.0,118684
36059410100,Nassau County,New York,True,2.07,0.0,9.75,0.0,144809
36059410200,Nassau County,New York,True,6.82,51.49,3.3,0.0,147765
36059410300,Nassau County,New York,True,10.06,58.73,1.76,16.4,160202
36059410400,Nassau County,New York,True,10.7,33.77,3.46,18.18,158977
36059410500,Nassau County,New York,True,46.64,59.25,10.6,12.71,79650
36059410600,Nassau County,New York,True,12.16,76.68,2.29,0.0,161767
36059410700,Nassau County,New York,True,27.38,44.63,10.48,20.12,138182
36059410800,Nassau County,New York,True,7.03,6.9,2.55,0.0,130478
36059410900,Nassau County,New York,True,15.36,50.89,9.75,8.54,145000
36059411000,Nassau County,New York,True,34.61,57.92,7.41,8.35,97301
36059411100,Nassau County,New York,True,67.84,54.55,22.93,41.67,90397
36059411200,Nassau County,New York,True,33.31,71.11,6.43,3.25,101572
36059411301,Nassau County,New York,True,9.88,79.41,3.19,0.0,165890
36059411302,Nassau County,New York,True,0.94,0.0,0.39,0.0,192658
36059411400,Nassau County,New York,True,15.38,45.11,3.0,15.79,165458
36059411500,Nassau County,New York,True,2.05,21.05,2.08,0.0,250001
36059411600,Nassau County,New York,True,18.73,40.72,3.51,0.0,170000
36059411700,Nassau County,New York,True,15.57,50.53,6.7,0.0,140765
36059411800,Nassau County,New York,True,18.67,35.25,3.94,0.0,151190
36059411901,Nassau County,New York,True,51.81,52.44,11.99,7.67,86563
36059411902,Nassau County,New York,True,9.93,46.22,3.96,0.0,155795
36059412000,Nassau County,New York,True,21.09,47.3,11.23,0.0,135293
36059412100,Nassau County,New York,True,26.48,42.69,1.79,9.25,125044
36059412200,Nassau County,New York,True,9.23,55.73,3.1,6.77,114183
36059412301,Nassau County,New York,True,36.99,51.71,7.23,7.14,104473
36059412302,Nassau County,New York,True,20.63,74.61,4.44,2.34,134816
36059412400,Nassau County,New York,True,47.45,47.25,7.23,0.0,106652
36059412500,Nassau County,New York,True,3.09,0.0,1.78,0.0,209583
36059412600,Nassau County,New York,True,3.24,0.0,2.47,0.0,250001
36059412700,Nassau County,New York,True,2.61,0.0,4.32,0.0,240642
36059412800,Nassau County,New York,True,4.2,52.08,1.67,18.75,156023
36059412900,Nassau County,New York,True,8.66,0.0,3.34,0.0,156900
36059413001,Nassau County,New York,True,11.69,46.25,3.89,0.0,123487
36059413002,Nassau County,New York,True,11.78,66.28,4.51,0.0,150323
36059413100,Nassau County,New York,True,9.32,27.78,2.63,0.0,164167
36059413200,Nassau County,New York,True,9.17,0.0,7.05,0.0,112250
36059413300,Nassau County,New York,True,0.0,,0.16,,165903
36059413400,Nassau County,New York,True,2.58,0.0,0.66,0.0,181250
36059413500,Nassau County,New York,True,9.05,71.95,4.3,52.94,142349
36059413600,Nassau County,New York,True,26.12,53.23,8.22,9.68,125598
36059413700,Nassau County,New York,True,22.01,34.38,6.54,5.77,114688
36059413803,Nassau County,New York,True,5.13,45.33,5.7,0.0,146573
36059413804,Nassau County,New York,True,6.66,60.0,14.2,0.0,183989
36059413900,Nassau County,New York,True,19.91,46.77,1.51,0.0,139342
36059414001,Nassau County,New York,True,26.81,94.72,6.94,0.0,88235
36059414002,Nassau County,New York,True,25.3,67.41,4.4,15.34,142974
36059414100,Nassau County,New York,True,5.38,23.81,3.09,0.0,138315
36059414201,Nassau County,New York,True,46.76,40.18,11.03,29.86,119464
36059414202,Nassau County,New York,True,36.83,58.91,14.93,19.06,99942
36059414301,Nassau County,New York,True,43.56,51.06,12.32,15.11,78688
36059414303,Nassau County,New York,True,31.79,69.26,3.64,30.32,141829
36059414304,Nassau County,New York,True,53.89,48.45,5.25,6.7,96250
36059414400,Nassau County,New York,True,47.87,55.01,9.51,22.64,113730
36059414501,Nassau County,New York,True,9.41,4.17,3.61,0.0,134252
36059414502,Nassau County,New York,True,12.29,67.26,7.61,10.76,83846
36059414600,Nassau County,New York,True,3.81,100.0,3.11,0.0,168182
36059414700,Nassau County,New York,True,8.9,46.04,6.58,0.0,145221
36059414800,Nassau County,New York,True,15.89,77.59,0.84,0.0,130500
36059414900,Nassau County,New York,True,5.49,0.0,0.99,0.0,193438
36059415000,Nassau County,New York,True,5.47,11.11,2.54,0.0,133703
36059415101,Nassau County,New York,True,1.42,53.85,4.31,0.0,142644
36059415102,Nassau County,New York,True,1.59,28.57,0.7,0.0,247957
36059415201,Nassau County,New York,True,4.86,32.2,2.45,0.0,188558
36059415202,Nassau County,New York,True,2.7,92.5,2.2,0.0,197250
36059415300,Nassau County,New York,True,14.07,37.63,5.91,3.83,146258
36059415401,Nassau County,New York,True,4.9,64.37,2.67,0.0,163453
36059415402,Nassau County,New York,True,6.45,36.08,0.32,0.0,190293
36059415500,Nassau County,New York,True,5.37,0.0,1.56,0.0,188796
36059415600,Nassau County,New York,True,4.67,51.85,2.25,0.0,181731
36059415700,Nassau County,New York,True,4.5,0.0,5.55,0.0,158281
36059415802,Nassau County,New York,True,4.9,21.5,1.76,0.0,183178
36059416000,Nassau County,New York,True,4.79,38.24,4.31,0.0,185795
36059416100,Nassau County,New York,True,10.24,33.78,3.97,0.0,152750
36059416201,Nassau County,New York,True,21.95,58.04,2.92,17.67,120566
36059416202,Nassau County,New York,True,41.16,69.34,12.45,4.02,104926
36059416300,Nassau County,New York,True,17.28,31.97,4.37,0.82,165536
36059416401,Nassau County,New York,True,40.28,33.26,3.85,0.0,171389
36059416402,Nassau County,New York,True,16.97,26.51,1.6,0.0,156852
36059416500,Nassau County,New York,True,30.86,47.9,12.71,0.0,153525
36059416600,Nassau County,New York,True,38.37,72.57,9.74,2.88,133986
36059416701,Nassau County,New York,True,29.3,48.64,5.66,9.81,141998
36059416702,Nassau County,New York,True,44.85,54.81,9.66,1.45,98735
36059416801,Nassau County,New York,True,15.71,55.04,4.76,0.0,154375
36059416802,Nassau County,New York,True,31.82,64.92,6.86,0.0,124725
36059416900,Nassau County,New York,True,24.85,39.52,10.1,0.0,147105
36059517000,Nassau County,New York,True,24.08,24.32,5.87,0.0,140599
36059517101,Nassau County,New York,True,53.02,70.77,6.52,10.65,90795
36059517102,Nassau County,New York,True,1.95,28.57,2.05,0.0,136161
36059517201,Nassau County,New York,True,81.63,69.89,23.27,6.05,53298
36059517202,Nassau County,New York,True,50.4,65.23,38.25,42.09,81535
36059517301,Nassau County,New York,True,38.54,54.02,9.32,5.02,85700
36059517302,Nassau County,New York,True,52.12,53.34,7.71,8.64,105043
36059517400,Nassau County,New York,True,22.72,40.3,0.94,0.0,193590
36059517500,Nassau County,New York,True,11.79,94.71,0.9,0.0,131541
36059517600,Nassau County,New York,True,10.49,60.0,2.32,0.0,138465
36059517701,Nassau County,New York,True,10.2,41.35,2.29,0.0,246583
36059517705,Nassau County,New York,True,5.89,20.75,4.89,0.0,250001
36059517801,Nassau County,New York,True,12.72,38.64,7.12,2.27,250001
36059517802,Nassau County,New York,True,13.86,62.79,2.53,15.12,152472
36059517901,Nassau County,New York,True,8.12,48.28,2.53,0.0,157589
36059517902,Nassau County,New York,True,17.56,82.76,5.97,0.0,133000
36059518000,Nassau County,New York,True,41.57,63.08,7.41,11.77,111264
36059518100,Nassau County,New York,True,1.73,56.25,1.52,0.0,204071
36059518201,Nassau County,New York,True,6.95,25.77,5.12,3.09,250001
36059518203,Nassau County,New York,True,22.42,51.31,7.12,0.0,175512
36059518204,Nassau County,New York,True,5.56,33.0,4.24,0.0,206912
36059518300,Nassau County,New York,True,16.49,53.14,3.32,14.78,199621
36059518400,Nassau County,New York,True,1.88,100.0,3.48,0.0,173750
36059518501,Nassau County,New York,True,21.23,83.18,5.27,10.83,155682
36059518502,Nassau County,New York,True,38.19,59.54,13.3,12.47,125547
36059518600,Nassau County,New York,True,5.19,100.0,5.47,0.0,196250
36059518700,Nassau County,New York,True,6.46,16.96,6.41,0.0,174412
36059518800,Nassau County,New York,True,0.0,,2.88,,249598
36059518900,Nassau County,New York,True,21.79,33.13,4.59,1.84,141199
36059519000,Nassau County,New York,True,13.83,31.76,0.78,41.96,155469
36059519100,Nassau County,New York,True,13.31,48.6,3.44,0.0,128585
36059519200,Nassau County,New York,True,10.31,25.0,6.8,3.43,153750
36059519300,Nassau County,New York,True,24.96,52.2,3.46,2.86,147580
36059519400,Nassau County,New York,True,6.92,55.34,3.7,14.56,128344
36059519500,Nassau County,New York,True,7.8,69.23,3.83,4.2,161042
36059519601,Nassau County,New York,True,5.89,31.33,1.75,0.0,184318
36059519602,Nassau County,New York,True,5.09,54.55,3.29,0.0,195326
36059519702,Nassau County,New York,True,9.13,45.9,3.96,0.0,209859
36059519703,Nassau County,New York,True,0.82,0.0,1.83,0.0,151210
36059519704,Nassau County,New York,True,9.07,57.0,5.1,0.0,225125
36059519801,Nassau County,New York,True,13.39,15.6,2.61,0.0,207877
36059519802,Nassau County,New York,True,8.21,62.77,2.33,0.0,166037
36059519900,Nassau County,New York,True,2.82,82.69,3.95,0.0,138860
36059520001,Nassau County,New York,True,11.99,55.3,8.34,0.0,112624
36059520002,Nassau County,New York,True,10.64,34.32,3.17,5.33,114821
36059520100,Nassau County,New York,True,7.15,63.19,2.6,0.0,195202
36059520200,Nassau County,New York,True,8.62,38.96,8.5,29.87,152650
36059520300,Nassau County,New York,True,6.74,26.19,4.0,0.0,161688
36059520401,Nassau County,New York,True,30.5,47.19,5.17,2.62,114886
36059520402,Nassau County,New York,True,29.44,56.68,5.15,2.48,125147
36059520501,Nassau County,New York,True,5.2,44.07,3.2,0.0,143594
36059520502,Nassau County,New York,True,3.25,12.73,3.93,0.0,140625
36059520600,Nassau County,New York,True,6.09,49.56,1.67,0.0,202050
36059520700,Nassau County,New York,True,11.05,25.93,6.35,0.0,141618
36059520800,Nassau County,New York,True,1.36,55.56,1.82,0.0,186964
36059520900,Nassau County,New York,True,3.37,38.89,6.22,0.0,144122
36059521000,Nassau County,New York,True,4.23,25.35,4.75,0.0,137589
36059521100,Nassau County,New York,True,3.37,60.0,1.87,0.0,163750
36059521200,Nassau County,New York,True,11.23,34.26,1.27,0.0,170833
36059521301,Nassau County,New York,True,0.0,,3.86,,178929
36059521302,Nassau County,New York,True,2.25,17.5,4.12,0.0,187194
36059521400,Nassau County,New York,True,1.34,0.0,1.41,0.0,189194
36059521500,Nassau County,New York,True,2.51,11.36,5.37,0.0,170521
36059521601,Nassau County,New York,True,1.46,52.38,0.93,0.0,164536
36059521602,Nassau County,New York,True,4.21,0.0,2.75,0.0,164186
36059521700,Nassau County,New York,True,0.64,0.0,3.11,0.0,177500
36059521801,Nassau County,New York,True,2.57,0.0,0.85,0.0,160057
36059521802,Nassau County,New York,True,5.21,74.6,1.04,0.0,169030
36059521902,Nassau County,New York,True,2.86,0.0,1.08,0.0,174924
36059522000,Nassau County,New York,True,19.97,45.6,6.75,4.32,99869
36059522700,Nassau County,New York,True,4.82,58.23,2.45,0.0,191318
36059980100,Nassau County,New York,False,,,,,
36059981100,Nassau County,New York,True,100.0,0.0,0.0,0.0,
36059982100,Nassau County,New York,True,0.0,,25.0,,
36059990100,Nassau County,New York,False,,,,,
36059990200,Nassau County,New York,False,,,,,
36059990301,Nassau County,New York,False,,,,,
36059990302,Nassau County,New York,False,,,,,
36059990400,Nassau County,New York,False,,,,,
36061000100,New York County,New York,False,,,,,
36061000201,New York County,New York,True,100.0,57.98,51.36,15.14,37353
36061000202,New York County,New York,True,68.23,58.02,28.66,5.84,36688
36061000500,New York County,New York,False,,,,,
36061000600,New York County,New York,True,94.85,51.14,34.68,8.54,36893
36061000700,New York County,New York,True,81.36,47.36,3.77,6.8,190388
36061000800,New York County,New York,True,98.42,54.39,39.64,8.82,31262
36061000900,New York County,New York,True,70.1,40.26,6.6,3.35,250001
36061001001,New York County,New York,True,17.73,4.86,3.95,0.0,140000
36061001002,New York County,New York,True,99.04,55.11,47.69,7.12,23796
36061001200,New York County,New York,True,36.66,38.5,12.08,1.55,114318
36061001300,New York County,New York,True,85.36,44.5,11.85,6.62,171923
36061001401,New York County,New York,True,24.01,30.79,4.33,2.55,103750
36061001402,New York County,New York,True,91.72,44.08,30.01,4.42,90469
36061001501,New York County,New York,True,39.86,48.11,9.36,0.0,125712
36061001502,New York County,New York,True,84.11,47.05,5.8,5.87,204310
36061001600,New York County,New York,True,73.65,50.99,17.27,8.5,35875
36061001800,New York County,New York,True,88.68,38.99,20.78,4.59,76726
36061002000,New York County,New York,True,100.0,44.65,35.46,5.96,30792
36061002100,New York County,New York,True,63.45,36.62,0.93,2.98,250001
36061002201,New York County,New York,True,90.19,52.68,29.07,1.44,39961
36061002202,New York County,New York,True,83.27,29.34,13.0,6.62,151711
36061002400,New York County,New York,True,100.0,49.75,48.15,4.95,21092
36061002500,New York County,New York,True,100.0,46.7,53.8,7.05,20597
36061002601,New York County,New York,True,92.28,59.38,32.91,3.07,30350
36061002602,New York County,New York,True,68.64,35.26,16.07,1.83,89970
36061002700,New York County,New York,True,19.52,52.89,9.04,0.83,124063
36061002800,New York County,New York,True,83.56,38.16,19.47,5.0,70691
36061002901,New York County,New York,True,100.0,82.61,65.91,0.0,11094
36061002902,New York County,New York,True,87.31,41.51,32.99,8.88,
36061003001,New York County,New York,True,94.07,51.44,18.56,2.46,88889
36061003002,New York County,New York,True,94.38,39.57,21.96,6.38,74691
36061003100,New York County,New York,True,74.0,50.25,14.09,2.46,189250
36061003200,New York County,New York,True,77.27,48.81,14.43,0.74,101294
36061003300,New York County,New York,True,56.13,31.48,3.46,0.0,250001
36061003400,New York County,New York,True,87.35,43.13,17.17,9.35,121413
36061003601,New York County,New York,True,79.1,49.67,19.9,1.14,57000
36061003602,New York County,New York,True,84.74,44.74,24.14,1.17,155000
36061003700,New York County,New York,True,57.34,19.12,4.39,3.7,250001
36061003800,New York County,New York,True,86.59,52.76,17.74,2.0,78220
36061003900,New York County,New York,True,53.83,50.86,18.62,0.0,202542
36061004001,New York County,New York,True,89.07,54.39,10.84,0.0,150661
36061004002,New York County,New York,True,81.77,24.59,18.72,1.21,196833
36061004100,New York County,New York,True,92.96,44.11,13.41,9.25,101893
36061004200,New York County,New York,True,59.14,51.85,16.54,1.04,131083
36061004300,New York County,New York,True,89.97,49.98,17.34,1.29,122730
36061004400,New York County,New York,True,100.0,31.98,9.37,6.46,153280
36061004500,New York County,New York,True,53.38,52.04,13.27,0.45,170714
36061004700,New York County,New York,True,76.85,46.15,6.26,6.48,148750
36061004800,New York County,New York,True,47.08,38.22,9.8,5.68,161973
36061004900,New York County,New York,True,63.49,35.03,7.61,1.56,146967
36061005000,New York County,New York,True,49.49,34.77,8.24,5.71,205250
36061005200,New York County,New York,True,37.19,35.99,5.79,4.67,238750
36061005400,New York County,New York,True,48.42,28.95,8.81,1.88,124732
36061005501,New York County,New York,True,68.52,30.05,11.8,7.95,214306
36061005502,New York County,New York,True,73.25,21.24,9.53,0.87,179844
36061005600,New York County,New York,True,70.38,57.31,20.03,0.0,183068
36061005700,New York County,New York,True,62.36,45.92,8.27,1.42,201116
36061005800,New York County,New York,True,93.48,39.76,13.57,0.0,206827
36061005900,New York County,New York,True,36.25,48.2,6.19,10.2,181375
36061006000,New York County,New York,True,100.0,37.51,4.85,3.34,202600
36061006100,New York County,New York,True,42.32,41.2,6.91,10.46,179167
36061006200,New York County,New York,True,100.0,57.22,19.1,7.9,104255
36061006300,New York County,New York,True,53.58,53.2,10.59,3.63,173995
36061006400,New York County,New York,True,68.21,49.32,18.53,1.63,130385
36061006500,New York County,New York,True,84.12,37.01,5.82,2.11,133781
36061006600,New York County,New York,True,70.88,44.45,16.09,0.86,101990
36061006700,New York County,New York,True,80.66,48.27,6.3,2.03,131304
36061006800,New York County,New York,True,65.32,48.88,10.89,1.03,128919
36061006900,New York County,New York,True,57.75,43.32,3.6,3.12,238563
36061007001,New York County,New York,True,79.91,44.04,2.21,1.87,163287
36061007002,New York County,New York,True,86.57,48.0,7.99,3.26,154965
36061007100,New York County,New York,True,65.54,60.73,3.89,3.83,150449
36061007200,New York County,New York,True,80.92,39.88,6.46,5.27,136979
36061007300,New York County,New York,True,82.43,31.52,10.61,4.23,175590
36061007400,New York County,New York,True,74.48,46.1,13.5,1.52,215511
36061007500,New York County,New York,True,52.79,29.23,7.03,5.62,187647
36061007600,New York County,New York,True,70.37,33.33,10.21,4.93,193644
36061007700,New York County,New York,True,72.85,28.76,4.68,3.4,230044
36061007800,New York County,New York,True,71.93,39.78,6.66,1.0,134092
36061007900,New York County,New York,True,60.85,27.65,6.84,14.57,200079
36061008000,New York County,New York,True,56.04,29.63,6.6,0.0,177105
36061008100,New York County,New York,True,59.94,44.02,7.22,3.27,134538
36061008200,New York County,New York,True,57.38,39.18,5.77,10.17,162143
36061008300,New York County,New York,True,88.93,46.57,22.58,1.01,75000
36061008400,New York County,New York,True,69.75,25.82,8.09,6.13,231546
36061008601,New York County,New York,True,79.09,51.84,17.2,4.66,145054
36061008602,New York County,New York,False,,,,,
36061008603,New York County,New York,True,30.66,35.86,4.02,2.53,200735
36061008700,New York County,New York,True,70.34,43.67,10.73,1.94,150384
36061008800,New York County,New York,True,66.61,61.86,9.96,7.81,112782
36061008900,New York County,New York,True,75.26,43.85,13.51,3.69,102260
36061009000,New York County,New York,True,73.55,48.22,8.68,0.6,156381
36061009100,New York County,New York,True,73.3,32.12,14.44,1.11,160866
36061009200,New York County,New York,True,85.14,32.23,6.55,1.66,166638
36061009300,New York County,New York,True,55.07,47.35,12.38,0.0,122586
36061009400,New York County,New York,True,76.47,76.92,28.57,23.08,81875
36061009500,New York County,New York,True,77.05,35.24,11.39,3.98,222321
36061009600,New York County,New York,True,74.74,30.99,44.99,7.04,
36061009700,New York County,New York,True,43.98,40.71,17.24,0.0,71537
36061009800,New York County,New York,True,55.73,49.31,12.12,3.74,171745
36061009901,New York County,New York,True,70.6,26.44,2.31,9.86,250001
36061009902,New York County,New York,True,99.44,38.16,9.18,4.13,162845
36061009903,New York County,New York,True,91.13,48.77,8.26,5.42,187596
36061010000,New York County,New York,True,78.01,54.79,7.54,1.13,99875
36061010100,New York County,New York,True,100.0,44.91,18.8,4.62,108304
36061010200,New York County,New York,True,57.32,3.33,4.12,0.0,
36061010300,New York County,New York,True,93.79,33.65,3.66,8.23,180200
36061010400,New York County,New York,True,52.01,22.26,2.46,3.55,193026
36061010601,New York County,New York,True,32.06,38.02,3.52,8.26,249091
36061010602,New York County,New York,True,70.88,42.74,8.89,5.72,207717
36061010801,New York County,New York,True,56.95,32.87,6.8,3.62,160719
36061010802,New York County,New York,True,47.5,64.96,9.26,8.64,134004
36061010803,New York County,New York,True,45.3,55.35,5.46,6.5,119178
36061010900,New York County,New York,True,88.5,41.0,28.37,7.0,163542
36061011000,New York County,New York,True,85.52,36.56,1.63,1.37,150164
36061011100,New York County,New York,True,89.05,59.26,15.02,8.01,104451
36061011201,New York County,New York,True,81.2,54.89,13.81,0.72,163750
36061011202,New York County,New York,True,28.43,79.78,2.51,0.0,211563
36061011203,New York County,New York,True,53.22,41.99,3.85,1.07,167083
36061011300,New York County,New York,True,71.43,25.71,54.41,0.0,93750
36061011401,New York County,New York,True,63.12,43.23,19.2,0.0,155809
36061011402,New York County,New York,True,37.46,21.56,3.31,0.0,206818
36061011500,New York County,New York,True,90.54,41.66,19.97,4.98,138750
36061011600,New York County,New York,True,84.44,40.94,12.12,0.0,90212
36061011700,New York County,New York,True,99.45,53.86,9.04,3.19,116048
36061011800,New York County,New York,True,56.31,50.36,7.3,1.14,139332
36061011900,New York County,New York,True,99.46,43.43,45.79,0.0,18050
36061012000,New York County,New York,True,34.91,45.68,8.03,0.0,192644
36061012101,New York County,New York,True,93.85,39.71,29.47,0.99,63690
36061012102,New York County,New York,True,94.15,49.51,10.75,2.1,62727
36061012200,New York County,New York,True,40.78,57.1,2.09,2.5,222909
36061012400,New York County,New York,True,75.48,48.18,5.39,1.22,120709
36061012500,New York County,New York,True,92.15,40.43,12.09,0.0,171250
36061012601,New York County,New York,True,41.4,32.16,4.39,0.0,136781
36061012602,New York County,New York,True,57.56,21.25,2.37,0.59,232600
36061012700,New York County,New York,True,73.28,37.32,11.24,0.86,120214
36061012800,New York County,New York,True,29.47,36.61,3.12,0.0,220256
36061012901,New York County,New York,True,81.61,60.32,7.78,2.74,110917
36061012902,New York County,New York,True,72.64,39.1,18.93,2.2,128625
36061013000,New York County,New York,True,30.04,37.47,11.51,0.0,212414
36061013100,New York County,New York,True,88.76,45.02,9.02,4.51,136346
36061013201,New York County,New York,True,66.85,33.33,2.42,4.45,162054
36061013202,New York County,New York,True,94.48,53.04,12.36,8.43,101836
36061013203,New York County,New York,True,60.71,48.26,33.61,15.93,122083
36061013300,New York County,New York,True,84.08,44.69,11.58,1.22,156829
36061013400,New York County,New York,True,69.32,30.11,9.71,4.12,122163
36061013501,New York County,New York,True,99.08,37.8,8.13,4.7,99265
36061013502,New York County,New York,True,98.33,37.2,20.36,7.07,95693
36061013601,New York County,New York,True,13.89,34.07,2.22,8.89,250001
36061013602,New York County,New York,True,57.66,31.85,1.3,25.74,188628
36061013603,New York County,New York,True,95.2,40.05,5.76,1.99,171912
36061013604,New York County,New York,True,71.66,42.98,4.99,2.29,168970
36061013700,New York County,New York,True,62.15,39.23,7.67,4.18,167929
36061013800,New York County,New York,True,53.68,36.04,5.46,4.18,141343
36061013900,New York County,New York,True,70.47,54.72,3.99,7.08,108071
36061014000,New York County,New York,True,46.91,48.74,5.37,1.93,220066
36061014200,New York County,New York,True,29.26,50.64,6.53,0.0,250001
36061014300,New York County,New York,False,,,,,
36061014401,New York County,New York,True,50.44,46.02,5.31,0.0,202966
36061014402,New York County,New York,True,68.25,39.43,7.8,0.93,163086
36061014500,New York County,New York,True,72.89,39.77,6.13,8.2,186389
36061014601,New York County,New York,True,80.4,48.6,12.85,8.95,139000
36061014602,New York County,New York,True,75.59,48.03,6.74,0.61,132457
36061014700,New York County,New York,True,84.77,43.85,6.76,1.46,202250
36061014801,New York County,New York,True,59.19,32.92,2.78,3.25,202670
36061014802,New York County,New York,True,58.58,29.83,3.76,6.03,179304
36061014900,New York County,New York,True,67.07,40.27,9.12,3.48,184896
36061015001,New York County,New York,True,59.29,31.67,3.46,3.86,194659
36061015002,New York County,New York,True,18.5,65.55,3.04,0.0,243480
36061015101,New York County,New York,True,94.14,52.08,47.85,4.72,44107
36061015102,New York County,New York,True,84.92,35.51,19.24,5.48,163274
36061015200,New York County,New York,True,79.74,38.76,20.92,5.32,114940
36061015301,New York County,New York,True,52.6,35.19,3.92,3.86,186949
36061015302,New York County,New York,True,63.66,38.57,6.15,9.08,189453
36061015401,New York County,New York,True,89.73,22.9,3.37,1.73,122860
36061015402,New York County,New York,True,60.38,36.96,7.36,4.55,147589
36061015403,New York County,New York,True,56.17,36.63,10.98,10.38,129848
36061015501,New York County,New York,True,36.27,39.83,9.76,0.0,186563
36061015502,New York County,New York,True,44.17,47.13,12.67,0.0,177841
36061015601,New York County,New York,True,93.92,53.28,12.13,6.21,127741
36061015602,New York County,New York,True,90.51,39.79,17.76,4.96,75147
36061015700,New York County,New York,True,59.34,39.94,4.4,2.12,163712
36061015801,New York County,New York,True,63.5,30.74,5.94,1.12,177750
36061015802,New York County,New York,True,97.19,43.41,8.62,6.35,95391
36061015900,New York County,New York,True,46.6,47.7,5.23,4.11,156830
36061016001,New York County,New York,True,17.8,41.03,2.76,0.0,250001
36061016002,New York County,New York,True,63.76,42.51,6.65,0.0,121216
36061016100,New York County,New York,True,77.34,35.19,5.94,1.82,179179
36061016200,New York County,New York,True,95.71,54.63,47.81,11.53,21942
36061016300,New York County,New York,True,53.01,35.8,5.55,2.93,137829
36061016400,New York County,New York,True,98.98,48.64,37.16,9.53,26544
36061016500,New York County,New York,True,52.96,33.65,9.71,4.65,213661
36061016600,New York County,New York,True,90.42,37.87,36.36,3.37,50231
36061016700,New York County,New York,True,53.05,29.84,5.75,2.16,250001
36061016800,New York County,New York,True,94.8,53.93,34.34,7.41,38833
36061016900,New York County,New York,True,74.85,34.32,6.4,2.21,184268
36061017000,New York County,New York,True,90.53,55.62,30.76,11.17,40027
36061017100,New York County,New York,True,57.6,57.14,17.08,1.11,149587
36061017200,New York County,New York,True,98.11,57.27,25.59,9.21,34024
36061017300,New York County,New York,True,70.89,41.18,5.96,2.49,162625
36061017401,New York County,New York,True,89.58,50.5,26.65,5.44,37975
36061017402,New York County,New York,True,86.2,55.09,11.6,11.83,81364
36061017500,New York County,New York,True,62.65,45.42,3.3,7.84,154118
36061017700,New York County,New York,True,60.51,62.5,13.15,19.34,108429
36061017800,New York County,New York,True,87.51,44.36,29.87,7.17,56875
36061017900,New York County,New York,True,63.01,36.47,8.87,7.52,168859
36061018000,New York County,New York,True,88.67,49.35,33.78,10.3,50560
36061018100,New York County,New York,True,65.72,36.57,8.3,3.58,114966
36061018200,New York County,New York,True,96.23,55.78,39.32,6.93,38942
36061018300,New York County,New York,True,65.38,44.88,17.33,2.88,149367
36061018400,New York County,New York,True,78.55,48.04,25.63,8.18,51866
36061018500,New York County,New York,True,67.51,35.25,4.8,8.73,162188
36061018600,New York County,New York,True,96.01,32.04,29.45,9.31,50862
36061018700,New York County,New York,True,74.15,34.45,9.65,13.38,145459
36061018800,New York County,New York,True,96.83,50.7,30.54,7.91,27237
36061018900,New York County,New York,True,80.74,53.62,31.91,2.52,44263
36061019000,New York County,New York,True,59.27,26.56,12.45,6.77,121438
36061019100,New York County,New York,True,56.64,47.82,9.39,9.46,142500
36061019200,New York County,New York,True,100.0,49.45,46.91,6.95,19525
36061019300,New York County,New York,True,81.64,46.02,20.98,0.95,67090
36061019400,New York County,New York,True,95.47,67.75,26.65,4.86,45750
36061019500,New York County,New York,True,64.02,53.51,16.27,10.49,122103
36061019600,New York County,New York,True,99.67,45.45,31.67,10.08,28069
36061019701,New York County,New York,True,100.0,52.04,33.99,4.85,57292
36061019702,New York County,New York,True,79.28,43.87,13.99,5.16,111250
36061019800,New York County,New York,True,55.2,38.91,12.75,4.05,108250
36061019900,New York County,New York,True,66.27,44.1,19.7,0.0,83929
36061020000,New York County,New York,True,83.65,39.97,18.35,0.0,57034
36061020101,New York County,New York,True,83.09,42.14,25.03,0.0,152250
36061020102,New York County,New York,True,75.39,44.85,15.67,12.53,83375
36061020300,New York County,New York,True,95.06,68.85,24.67,8.13,67528
36061020500,New York County,New York,True,80.79,34.95,9.42,3.52,196576
36061020600,New York County,New York,True,91.43,60.2,30.01,1.84,50864
36061020701,New York County,New York,True,93.13,46.85,21.89,8.27,92788
36061020800,New York County,New York,True,76.64,43.61,23.48,12.49,73197
36061020901,New York County,New York,True,92.36,43.98,33.78,4.96,25357
36061021000,New York County,New York,True,85.46,61.64,36.7,8.07,43645
36061021100,New York County,New York,True,70.35,52.83,29.67,4.0,65753
36061021200,New York County,New York,True,89.81,38.75,20.7,8.69,69702
36061021303,New York County,New York,True,87.24,41.68,21.19,8.35,57119
36061021400,New York County,New York,True,100.0,49.03,24.53,1.7,51068
36061021500,New York County,New York,True,93.47,46.59,19.41,5.52,56884
36061021600,New York County,New York,True,80.3,50.39,15.69,14.6,73831
36061021703,New York County,New York,False,,,,,
36061021800,New York County,New York,True,69.27,54.32,13.86,1.46,47193
36061021900,New York County,New York,True,99.37,53.41,38.7,4.81,21938
36061022000,New York County,New York,True,79.02,36.69,25.15,3.34,74151
36061022102,New York County,New York,True,70.74,58.26,14.64,0.0,67669
36061022200,New York County,New York,True,69.76,55.29,18.72,10.95,84071
36061022301,New York County,New York,True,87.24,60.61,31.93,4.48,50668
36061022302,New York County,New York,True,96.68,59.15,19.62,6.08,50238
36061022400,New York County,New York,True,98.88,46.95,41.81,10.9,19326
36061022500,New York County,New York,True,82.91,46.99,24.77,3.07,53424
36061022600,New York County,New York,True,75.07,54.73,16.63,8.08,86559
36061022700,New York County,New York,True,75.76,50.22,20.32,6.35,63574
36061022800,New York County,New York,True,68.23,56.91,24.44,5.68,63413
36061022900,New York County,New York,True,89.28,46.71,30.64,1.66,60346
36061023000,New York County,New York,True,94.09,65.01,48.8,2.58,27860
36061023100,New York County,New York,True,82.31,46.97,21.0,8.47,69949
36061023200,New York County,New York,True,99.33,65.25,52.43,13.73,27967
36061023300,New York County,New York,True,88.48,51.36,19.6,4.68,84927
36061023400,New York County,New York,True,96.75,62.06,26.59,15.02,62346
36061023501,New York County,New York,True,84.91,40.18,17.25,3.47,71893
36061023502,New York County,New York,True,89.39,56.9,36.92,16.0,44491
36061023600,New York County,New York,True,80.56,54.34,15.47,9.48,43679
36061023700,New York County,New York,True,85.97,52.48,29.49,4.78,60404
36061023802,New York County,New York,True,95.68,58.3,8.19,11.24,100870
36061023803,New York County,New York,True,54.78,67.34,10.64,3.36,80724
36061023804,New York County,New York,True,90.21,44.04,17.73,18.49,183536
36061023900,New York County,New York,True,95.2,57.36,18.09,9.01,48816
36061024000,New York County,New York,False,,,69.76,,
36061024100,New York County,New York,True,82.0,56.93,21.22,4.27,59500
36061024200,New York County,New York,True,98.13,41.52,28.8,13.36,42617
36061024301,New York County,New York,True,90.02,47.02,16.7,1.26,74226
36061024302,New York County,New York,True,100.0,36.5,41.79,2.52,23574
36061024500,New York County,New York,True,97.92,62.04,31.55,8.18,51403
36061024700,New York County,New York,True,78.0,41.33,19.21,5.88,83605
36061024900,New York County,New York,True,90.21,59.43,9.65,4.25,68000
36061025100,New York County,New York,True,100.0,52.8,29.43,15.49,37839
36061025300,New York County,New York,True,98.19,61.62,18.02,9.15,72763
36061025500,New York County,New York,True,84.85,59.17,20.0,14.14,78315
36061025700,New York County,New York,True,75.62,36.22,16.03,0.59,104033
36061025900,New York County,New York,True,61.18,49.05,15.92,15.66,79429
36061026100,New York County,New York,True,97.66,58.65,35.74,13.24,40352
36061026300,New York County,New York,True,99.11,54.84,18.01,18.75,67024
36061026500,New York County,New York,True,77.12,47.38,11.12,1.67,92434
36061026700,New York County,New York,True,100.0,66.33,17.28,9.48,51250
36061026900,New York County,New York,True,90.53,43.74,14.42,3.04,52389
36061027100,New York County,New York,True,89.53,51.76,15.05,8.68,71595
36061027300,New York County,New York,True,69.13,39.37,4.47,9.01,122654
36061027500,New York County,New York,True,30.1,46.48,5.34,1.85,170000
36061027700,New York County,New York,True,100.0,54.18,22.47,11.02,58086
36061027900,New York County,New York,True,87.96,53.86,10.78,8.14,68596
36061028100,New York County,New York,True,65.04,45.73,4.33,4.53,143194
36061028300,New York County,New York,True,71.38,48.88,16.52,16.0,64803
36061028500,New York County,New York,True,100.0,53.41,30.23,14.79,51026
36061028700,New York County,New York,True,92.9,39.39,16.59,7.77,89476
36061029100,New York County,New York,True,97.14,47.32,14.1,11.63,62348
36061029300,New York County,New York,True,99.45,67.68,35.78,28.78,35987
36061029500,New York County,New York,True,86.22,43.17,5.54,5.89,87108
36061029700,New York County,New York,False,,,,,
36061029900,New York County,New York,True,98.28,55.35,18.6,8.73,34731
36061030300,New York County,New York,True,90.98,39.41,12.72,3.64,94208
36061030700,New York County,New York,True,47.63,42.11,3.12,9.95,108073
36061030900,New York County,New York,True,91.36,59.64,36.67,17.59,40438
36061031100,New York County,New York,False,,,,,
36061031703,New York County,New York,True,89.42,39.69,5.78,7.84,250001
36061031704,New York County,New York,True,61.01,33.36,3.3,0.91,218917
36061031900,New York County,New York,False,,,,,
36063020100,Niagara County,New York,True,10.91,56.13,9.38,0.0,110486
36063020200,Niagara County,New York,True,82.25,71.02,51.71,5.67,23688
36063020300,Niagara County,New York,True,32.33,47.74,13.99,4.8,53875
36063020400,Niagara County,New York,True,35.0,8.04,15.1,0.0,51579
36063020500,Niagara County,New York,True,59.43,59.56,25.68,0.0,32703
36063020600,Niagara County,New York,True,52.22,45.76,19.79,2.95,42250
36063020700,Niagara County,New York,True,36.41,84.46,35.63,15.54,49477
36063020900,Niagara County,New York,True,70.6,53.6,45.88,0.0,21275
36063021000,Niagara County,New York,True,39.64,50.71,26.57,0.0,53306
36063021100,Niagara County,New York,True,77.23,44.22,40.26,0.0,37177
36063021200,Niagara County,New York,True,66.36,55.28,43.44,0.0,
36063021300,Niagara County,New York,True,60.61,76.01,53.98,0.0,32517
36063021400,Niagara County,New York,True,27.9,31.21,14.31,0.0,50833
36063021700,Niagara County,New York,True,53.57,28.31,18.92,2.9,45617
36063022000,Niagara County,New York,True,31.02,53.28,20.28,0.0,65568
36063022100,Niagara County,New York,True,28.97,44.19,9.87,0.0,48603
36063022200,Niagara County,New York,True,17.38,48.67,15.82,0.0,77500
36063022300,Niagara County,New York,True,32.88,55.0,12.11,0.0,66906
36063022401,Niagara County,New York,True,18.9,43.86,4.61,0.0,70350
36063022500,Niagara County,New York,True,25.06,43.91,8.98,3.53,59150
36063022601,Niagara County,New York,True,19.6,40.68,16.74,5.65,66656
36063022602,Niagara County,New York,True,24.87,22.08,23.0,2.47,55231
36063022702,Niagara County,New York,True,8.95,6.61,9.43,0.0,113750
36063022713,Niagara County,New York,True,27.21,36.46,2.28,0.0,99639
36063022714,Niagara County,New York,True,33.03,56.37,7.15,0.0,79929
36063022715,Niagara County,New York,True,6.84,48.21,2.86,0.0,80972
36063022716,Niagara County,New York,True,36.56,79.3,5.14,0.0,75893
36063022717,Niagara County,New York,True,6.42,73.87,8.69,0.0,108646
36063022803,Niagara County,New York,True,7.18,17.14,4.74,0.0,90370
36063022804,Niagara County,New York,True,9.74,43.24,8.77,0.0,86454
36063022901,Niagara County,New York,True,41.79,41.96,18.15,10.94,49432
36063022902,Niagara County,New York,True,16.61,52.17,5.23,3.38,92250
36063023001,Niagara County,New York,True,44.41,53.78,24.35,1.83,51961
36063023100,Niagara County,New York,True,30.97,40.13,13.68,5.1,59615
36063023200,Niagara County,New York,True,57.41,47.46,15.66,2.43,51871
36063023301,Niagara County,New York,True,13.18,54.12,2.95,0.0,86818
36063023302,Niagara County,New York,True,60.44,50.85,24.19,2.35,42451
36063023401,Niagara County,New York,True,17.01,39.66,13.53,4.05,89500
36063023402,Niagara County,New York,True,7.42,7.14,2.79,0.0,102313
36063023404,Niagara County,New York,True,34.59,24.64,4.59,14.42,91575
36063023405,Niagara County,New York,True,29.24,50.82,11.1,2.38,50827
36063023500,Niagara County,New York,True,37.61,51.32,14.96,3.97,59028
36063023600,Niagara County,New York,True,37.0,48.56,20.49,2.72,60526
36063023700,Niagara County,New York,True,70.67,40.82,40.7,8.3,45743
36063023800,Niagara County,New York,True,33.22,35.39,12.48,0.0,57625
36063023901,Niagara County,New York,True,34.49,43.11,7.39,1.62,86250
36063023902,Niagara County,New York,True,42.6,24.98,7.7,0.0,62218
36063024001,Niagara County,New York,True,19.1,30.91,3.04,0.0,98899
36063024002,Niagara County,New York,True,27.92,35.59,7.61,1.8,67375
36063024101,Niagara County,New York,True,10.13,34.87,6.31,0.0,91743
36063024102,Niagara County,New York,True,14.42,37.14,12.84,4.0,69167
36063024201,Niagara County,New York,True,15.96,15.22,9.32,0.0,75841
36063024202,Niagara County,New York,True,19.21,12.37,12.03,4.3,72500
36063024301,Niagara County,New York,True,18.25,43.59,23.16,0.0,60639
36063024302,Niagara County,New York,True,7.06,53.17,4.15,0.0,106179
36063024303,Niagara County,New York,True,12.83,18.21,5.04,0.0,111563
36063024401,Niagara County,New York,True,39.68,36.86,5.87,3.59,73821
36063024404,Niagara County,New York,True,19.59,31.96,7.19,0.0,76109
36063024405,Niagara County,New York,True,22.36,65.83,16.88,6.21,83793
36063024406,Niagara County,New York,True,10.99,18.56,13.08,0.0,81406
36063024501,Niagara County,New York,True,17.58,32.64,4.85,5.7,90625
36063024502,Niagara County,New York,True,28.27,46.32,8.35,0.0,72115
36063024600,Niagara County,New York,True,18.92,40.66,11.77,7.07,71489
36063940001,Niagara County,New York,True,13.35,0.0,22.27,0.0,39924
36063940100,Niagara County,New York,False,,,,,
36063990000,Niagara County,New York,False,,,,,
36065020102,Oneida County,New York,True,55.33,46.79,32.33,0.0,57583
36065020300,Oneida County,New York,True,94.04,37.2,46.09,0.54,30469
36065020705,Oneida County,New York,True,40.1,17.18,6.94,0.0,73711
36065020802,Oneida County,New York,True,64.64,52.87,17.44,13.7,47821
36065020803,Oneida County,New York,True,61.88,42.57,19.21,11.15,49457
36065020900,Oneida County,New York,True,74.29,62.77,61.71,10.62,31819
36065021000,Oneida County,New York,True,78.59,60.52,53.3,7.84,16601
36065021103,Oneida County,New York,True,57.26,39.3,46.77,2.09,29583
36065021104,Oneida County,New York,True,80.13,56.2,39.69,7.37,30793
36065021201,Oneida County,New York,True,57.07,46.73,40.09,8.41,28553
36065021202,Oneida County,New York,True,49.9,53.35,37.61,7.71,47991
36065021301,Oneida County,New York,True,38.49,96.3,11.19,0.0,97552
36065021302,Oneida County,New York,True,38.95,49.61,31.29,12.34,50039
36065021303,Oneida County,New York,True,27.36,39.79,13.03,1.86,90819
36065021401,Oneida County,New York,True,58.7,26.15,29.96,5.71,53812
36065021402,Oneida County,New York,True,48.72,46.58,25.23,0.0,56528
36065021500,Oneida County,New York,True,59.55,61.35,35.57,0.16,31635
36065021601,Oneida County,New York,True,24.81,55.46,11.33,0.0,78944
36065021602,Oneida County,New York,True,29.61,35.54,4.1,0.0,82342
36065021701,Oneida County,New York,True,19.08,35.64,8.85,0.0,93821
36065021702,Oneida County,New York,True,41.54,46.97,10.21,0.0,65037
36065021900,Oneida County,New York,True,46.89,75.22,33.42,0.0,27476
36065022000,Oneida County,New York,True,56.18,38.58,22.42,0.24,51161
36065022100,Oneida County,New York,True,19.27,44.16,4.47,9.09,58993
36065022200,Oneida County,New York,True,21.65,48.35,6.34,0.0,81667
36065022400,Oneida County,New York,True,45.39,50.48,26.31,12.48,57984
36065022500,Oneida County,New York,True,76.58,38.4,18.65,0.0,41633
36065022701,Oneida County,New York,True,28.86,41.67,7.69,2.56,84928
36065022702,Oneida County,New York,True,8.78,41.01,6.89,0.0,90972
36065022800,Oneida County,New York,True,3.69,30.77,6.69,0.0,100306
36065023000,Oneida County,New York,True,10.35,18.42,3.19,0.0,105333
36065023200,Oneida County,New York,True,48.94,60.26,20.37,5.33,46853
36065023300,Oneida County,New York,True,33.39,31.96,4.17,6.54,72969
36065023400,Oneida County,New York,True,43.55,28.77,28.76,11.72,61590
36065023501,Oneida County,New York,True,1.02,100.0,5.04,0.0,107240
36065023502,Oneida County,New York,True,8.31,18.3,4.5,0.0,117872
36065023702,Oneida County,New York,True,19.01,45.72,13.02,0.0,98297
36065023901,Oneida County,New York,True,3.84,0.0,6.7,0.0,91466
36065023902,Oneida County,New York,True,10.36,66.22,5.9,0.0,103143
36065024000,Oneida County,New York,True,13.46,31.36,7.94,0.0,88807
36065024101,Oneida County,New York,True,7.64,17.86,4.67,0.0,72813
36065024102,Oneida County,New York,True,18.18,44.5,11.86,4.0,69300
36065024200,Oneida County,New York,True,30.91,44.71,11.79,0.0,68253
36065024301,Oneida County,New York,True,8.2,26.09,1.4,7.83,102031
36065024302,Oneida County,New York,True,5.47,0.0,10.77,0.0,85197
36065024303,Oneida County,New York,True,16.53,38.92,9.59,1.8,86500
36065024400,Oneida County,New York,True,12.96,22.86,14.13,30.86,69559
36065024500,Oneida County,New York,True,17.52,36.57,7.89,1.28,62394
36065024700,Oneida County,New York,True,8.69,38.39,6.68,0.0,83534
36065024800,Oneida County,New York,True,27.27,26.08,5.68,0.81,88947
36065024900,Oneida County,New York,True,25.27,24.16,10.18,0.0,74016
36065025001,Oneida County,New York,True,53.44,25.61,4.9,0.0,68779
36065025002,Oneida County,New York,True,42.39,28.23,7.3,0.0,83843
36065025003,Oneida County,New York,True,9.71,0.0,7.8,0.0,145417
36065025100,Oneida County,New York,True,35.29,56.79,9.5,3.4,82717
36065025200,Oneida County,New York,True,25.02,39.68,10.69,4.09,55720
36065025300,Oneida County,New York,True,19.19,31.09,2.33,0.0,128125
36065025400,Oneida County,New York,True,18.72,51.16,8.99,0.0,101184
36065025500,Oneida County,New York,True,17.39,54.44,5.1,5.56,93491
36065025601,Oneida County,New York,True,9.65,23.38,6.93,0.0,101250
36065025602,Oneida County,New York,True,24.4,47.92,15.68,1.04,57852
36065025700,Oneida County,New York,True,34.77,20.44,4.21,1.93,91563
36065025800,Oneida County,New York,True,18.58,4.9,18.34,0.0,44850
36065025900,Oneida County,New York,False,,,100.0,,
36065026100,Oneida County,New York,True,18.71,40.54,7.05,0.0,95208
36065026200,Oneida County,New York,True,19.42,28.35,8.34,0.0,92675
36065026300,Oneida County,New York,True,80.54,38.6,39.89,0.0,29922
36065026400,Oneida County,New York,True,58.14,50.47,39.84,5.15,42205
36065026501,Oneida County,New York,False,,,,,
36065026502,Oneida County,New York,True,0.0,,82.45,,
36065026600,Oneida County,New York,True,100.0,0.0,0.0,0.0,
36065026700,Oneida County,New York,True,16.56,43.29,10.78,0.0,83244
36065980002,Oneida County,New York,False,,,,,
36065980003,Oneida County,New York,False,,,,,
36065980100,Oneida County,New York,False,,,,,
36067000100,Onondaga County,New York,True,92.18,33.38,11.27,0.0,91696
36067000200,Onondaga County,New York,True,49.86,65.27,28.11,5.44,51848
36067000300,Onondaga County,New York,True,35.7,40.25,18.74,7.2,74716
36067000400,Onondaga County,New York,True,28.3,28.5,27.56,9.9,66250
36067000501,Onondaga County,New York,True,93.35,43.33,48.57,3.17,36639
36067000600,Onondaga County,New York,True,63.98,68.24,44.61,9.71,34549
36067000700,Onondaga County,New York,True,53.1,66.23,14.96,5.45,52250
36067000800,Onondaga County,New York,True,41.58,71.17,24.86,18.61,38319
36067000900,Onondaga County,New York,True,30.49,45.68,18.23,0.0,98403
36067001000,Onondaga County,New York,True,59.74,48.93,10.82,0.0,53417
36067001400,Onondaga County,New York,True,76.46,59.48,47.8,17.27,
36067001500,Onondaga County,New York,True,61.31,50.45,27.7,17.0,47903
36067001600,Onondaga County,New York,True,90.58,42.76,30.0,4.35,31477
36067001701,Onondaga County,New York,True,30.67,54.85,10.13,0.0,61695
36067001702,Onondaga County,New York,True,36.85,39.58,10.58,0.0,77330
36067001800,Onondaga County,New York,True,35.33,39.06,9.21,0.0,68269
36067001900,Onondaga County,New York,True,33.4,48.33,13.47,0.0,63398
36067002000,Onondaga County,New York,True,62.21,65.31,29.48,0.63,42130
36067002101,Onondaga County,New York,True,80.86,56.77,31.15,2.67,35938
36067002300,Onondaga County,New York,True,97.53,62.63,54.09,5.56,25038
36067002400,Onondaga County,New York,True,84.69,42.18,43.64,7.19,53558
36067002700,Onondaga County,New York,True,63.16,38.83,20.46,1.17,61167
36067002901,Onondaga County,New York,True,49.63,24.3,14.07,0.0,69189
36067003000,Onondaga County,New York,True,76.58,46.12,39.81,1.82,26167
36067003200,Onondaga County,New York,True,95.25,43.82,28.6,1.91,57371
36067003400,Onondaga County,New York,True,90.04,56.06,53.95,0.0,22784
36067003500,Onondaga County,New York,True,69.82,55.44,31.73,1.84,45469
36067003601,Onondaga County,New York,True,47.97,60.95,25.85,0.0,48631
36067003602,Onondaga County,New York,True,43.32,53.73,16.85,7.95,59167
36067003800,Onondaga County,New York,True,69.83,56.63,44.54,4.48,31354
36067003900,Onondaga County,New York,True,75.52,64.85,57.87,2.73,20456
36067004000,Onondaga County,New York,True,60.18,53.76,42.08,0.0,49348
36067004200,Onondaga County,New York,True,95.09,44.27,80.52,0.83,17765
36067004301,Onondaga County,New York,True,100.0,45.89,35.49,0.0,19118
36067004302,Onondaga County,New York,True,100.0,66.09,53.59,0.86,19741
36067004401,Onondaga County,New York,True,51.72,56.46,21.29,0.0,69426
36067004500,Onondaga County,New York,True,57.28,51.64,31.08,0.0,65132
36067004600,Onondaga County,New York,True,27.14,48.87,13.86,0.0,91451
36067004800,Onondaga County,New York,True,5.93,29.73,7.71,0.0,97500
36067004900,Onondaga County,New York,True,24.66,48.17,24.75,0.0,85919
36067005000,Onondaga County,New York,True,34.19,33.96,19.75,0.0,78443
36067005100,Onondaga County,New York,True,50.86,71.33,42.11,16.93,36497
36067005200,Onondaga County,New York,True,79.15,39.31,28.84,5.73,43107
36067005300,Onondaga County,New York,True,61.98,42.27,48.84,0.0,26453
36067005400,Onondaga County,New York,True,81.71,62.06,46.53,3.22,33750
36067005500,Onondaga County,New York,True,77.43,59.23,7.37,3.66,42803
36067005601,Onondaga County,New York,True,23.78,32.0,10.1,3.43,92045
36067005602,Onondaga County,New York,True,83.74,88.35,62.45,0.0,21741
36067005700,Onondaga County,New York,True,25.26,33.85,10.67,0.0,73088
36067005800,Onondaga County,New York,True,58.73,55.19,46.52,16.9,26847
36067005900,Onondaga County,New York,True,54.58,70.72,41.08,10.86,42557
36067006000,Onondaga County,New York,True,30.81,54.8,16.91,4.2,53614
36067006101,Onondaga County,New York,True,50.16,77.99,38.21,6.12,28750
36067006102,Onondaga County,New York,True,90.94,46.03,16.04,1.6,24899
36067006103,Onondaga County,New York,True,13.01,14.18,10.03,24.63,68534
36067010100,Onondaga County,New York,True,4.26,53.19,5.15,0.0,109821
36067010200,Onondaga County,New York,True,30.11,37.4,17.36,0.0,83368
36067010301,Onondaga County,New York,True,28.58,58.06,15.89,0.0,80753
36067010321,Onondaga County,New York,True,1.88,0.0,3.54,0.0,132232
36067010322,Onondaga County,New York,True,11.69,50.33,1.5,0.0,122697
36067010400,Onondaga County,New York,True,21.93,41.45,12.86,0.0,73906
36067010500,Onondaga County,New York,True,4.23,36.84,3.44,0.0,100000
36067010600,Onondaga County,New York,True,13.72,15.17,11.06,0.0,96339
36067010700,Onondaga County,New York,True,31.08,33.1,10.26,0.0,74297
36067010800,Onondaga County,New York,True,33.54,46.09,8.81,0.0,68559
36067010900,Onondaga County,New York,True,8.35,91.11,15.25,0.0,73182
36067011011,Onondaga County,New York,True,41.51,41.53,12.3,0.0,66597
36067011012,Onondaga County,New York,True,58.15,26.41,3.51,2.36,81178
36067011021,Onondaga County,New York,True,10.42,48.25,14.7,0.0,106402
36067011022,Onondaga County,New York,True,24.26,36.45,9.07,0.0,84574
36067011101,Onondaga County,New York,True,8.94,57.45,5.54,0.0,86848
36067011102,Onondaga County,New York,True,94.67,37.76,27.85,7.93,59407
36067011201,Onondaga County,New York,True,39.8,59.62,13.62,1.21,65919
36067011202,Onondaga County,New York,True,20.09,64.25,2.76,0.0,96371
36067011231,Onondaga County,New York,True,8.2,47.68,10.75,3.31,100455
36067011232,Onondaga County,New York,True,17.98,53.35,3.87,2.74,126833
36067011241,Onondaga County,New York,True,2.76,0.0,0.85,0.0,132750
36067011242,Onondaga County,New York,True,5.54,57.14,2.85,0.0,113984
36067011300,Onondaga County,New York,True,35.1,53.42,3.49,0.0,118338
36067011401,Onondaga County,New York,True,20.48,62.88,7.83,12.64,105052
36067011402,Onondaga County,New York,True,8.67,56.62,6.93,0.0,118621
36067011500,Onondaga County,New York,True,16.04,62.94,4.44,8.96,122315
36067011600,Onondaga County,New York,True,25.96,32.41,4.14,0.0,100686
36067011700,Onondaga County,New York,True,56.92,41.92,12.72,3.1,75428
36067011800,Onondaga County,New York,True,41.5,59.37,8.98,3.39,58079
36067011900,Onondaga County,New York,True,6.62,29.41,3.19,0.0,111250
36067012000,Onondaga County,New York,True,12.78,28.05,10.82,6.6,76479
36067012100,Onondaga County,New York,True,8.48,73.89,6.16,0.0,112247
36067012200,Onondaga County,New York,True,50.87,47.73,10.23,0.0,51136
36067012300,Onondaga County,New York,True,15.81,25.21,3.75,0.0,93653
36067012400,Onondaga County,New York,True,27.31,75.35,9.69,9.9,79563
36067012500,Onondaga County,New York,True,29.38,36.25,10.62,3.96,74492
36067012600,Onondaga County,New York,True,11.52,68.77,7.5,0.0,87412
36067012700,Onondaga County,New York,True,20.2,42.42,10.98,0.0,75333
36067012800,Onondaga County,New York,True,22.89,39.02,3.71,0.0,91648
36067012900,Onondaga County,New York,True,57.75,32.41,13.66,5.86,52381
36067013000,Onondaga County,New York,True,43.29,28.47,3.54,0.0,68609
36067013100,Onondaga County,New York,True,1.87,37.14,2.05,0.0,94470
36067013200,Onondaga County,New York,True,13.64,44.87,3.89,0.0,91042
36067013300,Onondaga County,New York,True,37.12,35.65,6.35,2.95,86932
36067013400,Onondaga County,New York,True,35.74,24.27,8.45,3.38,81538
36067013500,Onondaga County,New York,True,38.53,27.87,5.15,0.0,81360
36067013600,Onondaga County,New York,True,49.61,27.54,12.2,0.0,75625
36067013701,Onondaga County,New York,True,26.33,51.62,12.97,0.0,65352
36067013800,Onondaga County,New York,True,15.33,68.31,17.65,0.0,78654
36067013900,Onondaga County,New York,True,20.59,55.81,20.39,0.0,68667
36067014000,Onondaga County,New York,True,18.97,28.62,11.49,3.18,65213
36067014200,Onondaga County,New York,True,25.05,36.92,13.19,0.0,61944
36067014300,Onondaga County,New York,True,47.33,23.47,11.49,0.0,62143
36067014400,Onondaga County,New York,True,17.67,49.67,9.43,0.0,80833
36067014500,Onondaga County,New York,True,31.37,49.22,8.29,4.23,76078
36067014600,Onondaga County,New York,True,44.31,47.47,12.49,13.48,80729
36067014700,Onondaga County,New York,True,16.59,53.66,5.76,0.0,156944
36067014800,Onondaga County,New York,True,5.26,0.0,6.94,0.0,139500
36067014900,Onondaga County,New York,True,13.93,50.56,10.99,0.0,117159
36067015000,Onondaga County,New York,True,13.08,55.12,3.53,0.0,121250
36067015100,Onondaga County,New York,True,31.24,48.59,8.99,0.0,100922
36067015201,Onondaga County,New York,True,38.43,55.02,6.77,3.11,78839
36067015202,Onondaga County,New York,True,12.48,21.15,6.35,9.13,141354
36067015203,Onondaga County,New York,True,17.05,18.36,2.95,0.0,152353
36067015400,Onondaga County,New York,True,11.93,34.31,4.94,6.57,96667
36067015500,Onondaga County,New York,True,7.69,35.42,3.92,0.0,118304
36067015601,Onondaga County,New York,True,5.84,15.69,6.61,0.0,100938
36067015602,Onondaga County,New York,True,10.82,30.43,3.11,0.0,154457
36067015701,Onondaga County,New York,True,1.99,0.0,2.87,0.0,102972
36067015702,Onondaga County,New York,True,3.42,55.74,3.6,0.0,140517
36067015800,Onondaga County,New York,True,21.33,13.49,4.18,0.0,113750
36067016001,Onondaga County,New York,True,6.0,11.84,4.3,0.0,93813
36067016002,Onondaga County,New York,True,3.28,0.0,2.46,0.0,109375
36067016100,Onondaga County,New York,True,22.31,42.41,5.04,5.76,109286
36067016200,Onondaga County,New York,True,16.87,30.07,4.88,13.07,70489
36067016300,Onondaga County,New York,True,21.76,50.24,2.36,0.0,123099
36067016400,Onondaga County,New York,True,25.24,62.05,3.79,0.0,88409
36067016501,Onondaga County,New York,True,9.38,45.07,4.22,0.0,111838
36067016502,Onondaga County,New York,True,26.31,33.66,5.94,3.11,87500
36067016600,Onondaga County,New York,True,23.97,34.39,11.58,0.0,100507
36067016700,Onondaga County,New York,True,13.5,32.21,7.44,0.0,113889
36067016801,Onondaga County,New York,True,4.02,0.0,5.79,0.0,111138
36067016802,Onondaga County,New York,True,12.01,13.45,5.75,3.36,83950
36067016901,Onondaga County,New York,True,18.98,28.0,9.92,2.0,108529
36067016902,Onondaga County,New York,True,12.87,24.77,8.32,0.0,94063
36067940000,Onondaga County,New York,True,0.0,,36.39,,37850
36069050101,Ontario County,New York,True,20.85,32.99,0.71,4.47,140139
36069050103,Ontario County,New York,True,19.99,41.71,4.26,0.0,68660
36069050104,Ontario County,New York,True,30.87,57.52,1.38,2.03,144118
36069050105,Ontario County,New York,True,18.64,46.86,4.68,2.58,102458
36069050106,Ontario County,New York,True,1.17,0.0,3.12,0.0,214342
36069050203,Ontario County,New York,True,56.66,53.59,6.13,13.63,56839
36069050204,Ontario County,New York,True,2.85,27.03,5.75,0.0,95667
36069050205,Ontario County,New York,True,20.64,34.95,9.42,0.0,120655
36069050206,Ontario County,New York,True,13.12,54.29,13.53,0.0,99167
36069050302,Ontario County,New York,True,16.1,18.44,6.08,0.0,82875
36069050303,Ontario County,New York,True,30.49,48.14,28.3,1.86,58198
36069050304,Ontario County,New York,True,10.67,36.36,12.17,0.0,69500
36069050401,Ontario County,New York,True,8.4,41.13,13.27,23.39,71298
36069050402,Ontario County,New York,True,15.6,40.65,6.62,13.55,86698
36069050501,Ontario County,New York,True,20.77,27.33,3.5,0.0,90451
36069050502,Ontario County,New York,True,10.5,30.88,7.63,0.0,61399
36069050601,Ontario County,New York,True,20.84,73.32,8.26,0.0,111447
36069050603,Ontario County,New York,True,47.65,37.99,5.58,0.0,103712
36069050604,Ontario County,New York,True,47.15,56.75,13.08,0.0,67070
36069050800,Ontario County,New York,True,56.85,38.14,11.27,0.0,57444
36069050900,Ontario County,New York,True,32.82,82.77,10.86,3.66,81806
36069051001,Ontario County,New York,True,63.57,21.34,6.41,0.0,73456
36069051101,Ontario County,New York,True,45.71,24.36,10.31,12.3,65956
36069051102,Ontario County,New York,True,48.39,33.51,16.38,0.0,61688
36069051200,Ontario County,New York,True,9.7,23.97,8.53,0.0,84358
36069051301,Ontario County,New York,True,4.2,65.52,4.09,0.0,71544
36069051302,Ontario County,New York,True,30.36,66.47,12.99,0.0,60938
36069051400,Ontario County,New York,True,8.4,6.82,6.22,0.0,90658
36069051501,Ontario County,New York,True,5.76,26.92,8.77,26.92,108792
36069051502,Ontario County,New York,True,42.67,52.08,19.4,2.49,58309
36069051600,Ontario County,New York,True,28.51,40.38,7.7,0.0,88036
36069051700,Ontario County,New York,True,44.96,52.75,34.01,0.0,65104
36069051801,Ontario County,New York,True,57.53,32.39,10.0,3.11,84906
36069051900,Ontario County,New York,True,40.6,60.66,10.81,0.0,86375
36069052001,Ontario County,New York,True,18.4,6.49,4.05,0.0,67740
36069052002,Ontario County,New York,True,9.64,65.22,8.17,40.58,79194
36069052003,Ontario County,New York,True,28.21,53.25,5.47,0.0,79104
36069052101,Ontario County,New York,True,7.15,30.0,6.46,0.0,97148
36069052102,Ontario County,New York,True,2.36,28.57,6.99,0.0,86000
36069052200,Ontario County,New York,True,19.09,35.61,12.33,0.0,69702
36071000100,Orange County,New York,True,56.26,65.26,3.35,0.0,66031
36071000200,Orange County,New York,True,27.64,54.68,7.89,0.0,94792
36071000301,Orange County,New York,True,64.46,48.6,4.8,14.49,99437
36071000302,Orange County,New York,True,51.39,41.52,16.62,3.98,72019
36071000400,Orange County,New York,True,70.42,53.3,44.47,0.0,32405
36071000501,Orange County,New York,True,80.1,69.06,35.13,2.39,35676
36071000502,Orange County,New York,True,74.34,43.25,26.33,10.64,82934
36071000600,Orange County,New York,True,80.72,58.54,30.79,1.33,46027
36071001100,Orange County,New York,True,47.93,50.99,15.84,4.25,68550
36071001200,Orange County,New York,True,53.17,33.65,22.18,11.69,74022
36071001300,Orange County,New York,True,14.18,64.88,4.96,0.0,110048
36071001500,Orange County,New York,True,66.45,53.14,13.23,1.65,84651
36071001601,Orange County,New York,True,59.31,62.86,14.82,13.64,75845
36071001602,Orange County,New York,True,16.24,29.5,7.55,0.0,87011
36071002100,Orange County,New York,True,39.42,55.15,14.13,1.65,59803
36071002200,Orange County,New York,True,68.45,76.13,39.06,3.37,35309
36071002300,Orange County,New York,True,27.62,31.05,6.21,0.0,94808
36071010101,Orange County,New York,True,5.98,41.41,19.59,0.0,106083
36071010102,Orange County,New York,True,31.91,44.98,1.81,0.0,122932
36071010200,Orange County,New York,True,23.53,27.36,3.69,11.08,122396
36071010300,Orange County,New York,True,9.16,35.04,3.09,0.0,108325
36071010400,Orange County,New York,True,38.82,56.11,7.12,0.0,94685
36071010501,Orange County,New York,True,16.38,25.6,8.41,0.0,86739
36071010502,Orange County,New York,True,12.95,47.86,5.85,0.0,124756
36071010601,Orange County,New York,True,10.46,50.0,1.06,0.0,134457
36071010602,Orange County,New York,True,33.16,65.37,12.98,12.4,86435
36071010701,Orange County,New York,True,27.22,31.25,2.89,0.0,131397
36071010702,Orange County,New York,True,46.5,59.21,15.88,12.8,77946
36071010801,Orange County,New York,True,44.7,49.51,4.45,7.9,88365
36071010802,Orange County,New York,True,22.46,61.39,20.46,1.92,94375
36071010901,Orange County,New York,True,34.9,40.69,17.14,1.28,112188
36071010902,Orange County,New York,True,8.9,24.67,1.35,0.0,142480
36071011000,Orange County,New York,True,7.11,48.15,6.04,7.41,108231
36071011101,Orange County,New York,True,34.51,69.23,5.93,1.86,94688
36071011102,Orange County,New York,True,59.33,44.71,11.55,3.91,96346
36071011200,Orange County,New York,True,36.45,45.96,11.36,8.98,95404
36071011301,Orange County,New York,True,52.25,60.29,23.12,15.76,58095
36071011302,Orange County,New York,True,58.8,38.46,6.26,4.62,103108
36071011400,Orange County,New York,True,3.28,74.47,8.51,0.0,117794
36071011500,Orange County,New York,True,19.04,44.33,5.09,0.0,91475
36071011601,Orange County,New York,True,20.15,56.95,14.38,0.0,69404
36071011602,Orange County,New York,True,19.85,37.85,6.31,0.0,78966
36071011701,Orange County,New York,True,14.39,44.76,4.21,0.0,122521
36071011702,Orange County,New York,True,16.61,38.87,5.1,0.0,127690
36071011801,Orange County,New York,True,14.49,53.6,6.78,0.0,144698
36071011802,Orange County,New York,True,5.63,8.7,1.54,0.0,132596
36071011900,Orange County,New York,True,6.3,14.29,6.68,0.0,157563
36071012100,Orange County,New York,True,43.9,53.59,1.81,2.03,92667
36071012200,Orange County,New York,True,15.13,44.67,1.97,4.51,118042
36071012300,Orange County,New York,True,12.85,14.22,7.54,0.0,124375
36071012601,Orange County,New York,True,32.06,50.08,8.79,0.0,93365
36071012602,Orange County,New York,True,44.1,51.81,5.58,4.57,70688
36071012700,Orange County,New York,True,33.59,64.99,10.44,12.13,80815
36071012800,Orange County,New York,True,16.29,78.49,6.58,8.14,88302
36071012900,Orange County,New York,True,35.21,35.67,6.25,0.0,121786
36071013000,Orange County,New York,True,30.48,39.54,6.06,1.93,99146
36071013100,Orange County,New York,True,17.41,54.01,3.64,6.48,121023
36071013201,Orange County,New York,True,24.08,67.27,7.47,3.64,111434
36071013202,Orange County,New York,True,4.86,80.56,4.92,0.0,103857
36071013301,Orange County,New York,True,9.41,80.26,9.48,0.0,76080
36071013302,Orange County,New York,True,8.13,56.67,5.04,11.67,109000
36071013400,Orange County,New York,True,34.78,51.95,36.72,8.54,64492
36071013500,Orange County,New York,True,13.46,63.04,3.79,0.0,120686
36071013600,Orange County,New York,True,99.31,56.2,3.25,0.0,135333
36071013700,Orange County,New York,True,41.13,56.31,6.96,7.77,103438
36071013800,Orange County,New York,True,38.52,39.12,4.06,7.36,104146
36071013900,Orange County,New York,True,7.63,91.67,5.43,0.0,121979
36071014101,Orange County,New York,True,22.65,44.79,13.15,36.2,98193
36071014102,Orange County,New York,True,35.17,38.13,12.52,2.64,106771
36071014201,Orange County,New York,True,10.0,67.39,3.57,0.0,126250
36071014202,Orange County,New York,True,3.88,28.74,2.86,34.48,158125
36071014301,Orange County,New York,True,41.97,26.78,6.84,0.0,101840
36071014302,Orange County,New York,True,6.76,0.0,8.92,0.0,155862
36071014400,Orange County,New York,True,14.11,34.78,5.92,13.04,129318
36071014501,Orange County,New York,True,9.05,8.27,4.83,0.0,134750
36071014502,Orange County,New York,True,27.5,59.17,7.75,3.0,161000
36071014601,Orange County,New York,True,29.33,41.88,3.7,0.0,106640
36071014602,Orange County,New York,True,38.51,48.49,3.24,1.51,106223
36071014700,Orange County,New York,True,8.56,79.34,1.69,0.0,126840
36071014801,Orange County,New York,True,14.99,82.54,29.38,0.0,97813
36071014802,Orange County,New York,True,24.69,73.6,4.28,0.0,99050
36071014900,Orange County,New York,True,24.76,66.58,7.65,1.28,129598
36071015003,Orange County,New York,True,59.82,68.38,25.11,39.63,68803
36071015005,Orange County,New York,True,65.57,64.46,41.93,16.2,49267
36071015007,Orange County,New York,True,65.88,69.76,45.83,29.39,45993
36071015008,Orange County,New York,True,83.48,83.06,52.4,11.53,29276
36071015009,Orange County,New York,True,48.51,86.73,26.09,14.97,66884
36071015010,Orange County,New York,True,73.5,78.94,46.52,12.79,36366
36071015100,Orange County,New York,True,53.08,41.12,14.9,9.35,54830
36071015201,Orange County,New York,True,9.01,39.1,1.57,0.0,147188
36071015202,Orange County,New York,True,15.78,73.43,1.5,0.0,123987
36071015203,Orange County,New York,True,63.49,43.33,2.45,3.89,129844
36073040200,Orleans County,New York,True,18.6,51.79,10.03,2.23,69205
36073040300,Orleans County,New York,True,15.69,23.75,10.42,0.0,78452
36073040400,Orleans County,New York,True,39.76,22.35,10.68,0.0,70183
36073040500,Orleans County,New York,True,47.39,28.65,14.77,4.17,53167
36073040601,Orleans County,New York,True,13.1,39.08,23.92,0.0,78654
36073040602,Orleans County,New York,False,,,,,
36073040603,Orleans County,New York,True,12.97,58.02,11.63,0.0,77254
36073040701,Orleans County,New York,True,38.7,52.86,20.46,0.0,56250
36073040702,Orleans County,New York,True,34.95,26.79,12.2,0.0,39888
36073040801,Orleans County,New York,True,10.32,42.58,10.08,0.0,57604
36073040802,Orleans County,New York,True,19.7,38.88,10.01,1.96,65077
36073401200,Orleans County,New York,True,10.86,45.32,19.44,0.0,82083
36073401300,Orleans County,New York,True,11.54,32.85,7.28,0.0,89297
36073990000,Orleans County,New York,False,,,,,
36075020101,Oswego County,New York,True,10.81,30.68,13.34,0.0,67333
36075020102,Oswego County,New York,True,10.62,19.61,15.69,5.88,70833
36075020201,Oswego County,New York,True,27.56,58.12,24.32,9.03,59646
36075020202,Oswego County,New York,True,26.19,43.75,18.19,2.5,67208
36075020301,Oswego County,New York,True,61.94,34.68,20.55,0.0,50481
36075020303,Oswego County,New York,True,6.78,26.09,11.63,0.0,107258
36075020304,Oswego County,New York,True,17.36,59.2,20.94,0.0,62628
36075020400,Oswego County,New York,True,24.2,30.4,13.98,0.53,59081
36075020501,Oswego County,New York,True,13.5,23.08,10.27,17.58,60357
36075020502,Oswego County,New York,True,16.22,30.11,14.59,0.0,68008
36075020503,Oswego County,New York,True,18.78,40.45,26.55,0.0,65469
36075020600,Oswego County,New York,True,9.2,11.18,18.08,0.0,69792
36075020703,Oswego County,New York,True,10.28,50.67,9.97,0.0,91168
36075020704,Oswego County,New York,True,7.13,32.2,4.35,0.0,101847
36075020705,Oswego County,New York,True,15.26,39.37,7.49,0.0,81667
36075020706,Oswego County,New York,True,44.95,43.98,15.46,0.6,67500
36075020707,Oswego County,New York,True,15.89,31.86,4.55,0.0,67181
36075020800,Oswego County,New York,True,11.85,46.0,20.4,5.33,71548
36075020901,Oswego County,New York,True,52.14,49.82,16.07,2.55,59327
36075020903,Oswego County,New York,True,8.44,21.57,20.89,26.47,73286
36075020904,Oswego County,New York,True,10.65,44.32,9.91,0.0,80333
36075020905,Oswego County,New York,True,16.7,53.25,9.79,0.0,95375
36075021001,Oswego County,New York,True,14.87,44.0,12.11,0.0,68424
36075021002,Oswego County,New York,True,30.52,4.07,14.06,0.0,77000
36075021003,Oswego County,New York,True,2.56,63.64,20.76,0.0,86667
36075021101,Oswego County,New York,True,43.7,50.23,19.93,0.0,46135
36075021102,Oswego County,New York,True,64.32,58.96,33.62,0.0,42500
36075021103,Oswego County,New York,True,26.04,54.95,17.76,0.0,62967
36075021104,Oswego County,New York,True,52.38,41.91,25.39,12.48,51158
36075021201,Oswego County,New York,True,16.17,18.46,17.9,0.0,56111
36075021202,Oswego County,New York,True,39.08,30.11,11.3,0.0,100363
36075021203,Oswego County,New York,True,16.03,48.02,14.88,0.0,79657
36075021300,Oswego County,New York,True,16.41,39.02,15.96,0.0,74148
36075021401,Oswego County,New York,True,16.41,31.27,18.66,13.68,78083
36075021402,Oswego County,New York,True,13.44,45.16,6.91,0.0,100682
36075021501,Oswego County,New York,True,5.59,78.12,15.55,7.81,91324
36075021503,Oswego County,New York,True,3.96,33.33,6.22,0.0,111985
36075021504,Oswego County,New York,True,7.06,11.43,9.71,0.0,66000
36075021505,Oswego County,New York,True,47.84,49.87,15.31,0.0,73750
36075021601,Oswego County,New York,True,59.12,53.86,18.51,0.0,49797
36075021602,Oswego County,New York,True,58.22,54.58,33.69,3.87,53345
36075021603,Oswego County,New York,True,25.33,36.24,11.39,0.0,73313
36075021604,Oswego County,New York,True,56.65,60.49,25.4,1.01,43276
36075021605,Oswego County,New York,True,49.85,70.51,13.55,0.0,46939
36075990000,Oswego County,New York,False,,,,,
36077590101,Otsego County,New York,True,11.59,21.98,12.39,0.0,74896
36077590102,Otsego County,New York,True,17.28,18.58,6.83,0.0,118333
36077590201,Otsego County,New York,True,20.02,55.49,7.47,0.0,81196
36077590202,Otsego County,New York,True,29.64,29.57,6.95,0.0,72891
36077590301,Otsego County,New York,True,28.28,39.09,18.16,10.91,59833
36077590302,Otsego County,New York,True,7.16,27.66,6.13,0.0,71000
36077590401,Otsego County,New York,True,21.48,33.8,25.74,4.93,67639
36077590402,Otsego County,New York,True,11.48,44.08,15.0,0.0,72733
36077590500,Otsego County,New York,True,16.15,33.71,6.78,0.0,73333
36077590600,Otsego County,New York,True,8.14,20.34,6.73,3.39,69659
36077590701,Otsego County,New York,True,6.72,60.47,10.54,6.98,63036
36077590702,Otsego County,New York,True,9.28,91.78,21.68,0.0,69886
36077590800,Otsego County,New York,True,24.76,42.53,14.12,0.0,79074
36077590900,Otsego County,New York,True,39.88,36.06,8.58,0.0,79659
36077591000,Otsego County,New York,True,57.94,61.59,21.17,2.37,53750
36077591100,Otsego County,New York,True,66.79,39.33,18.81,0.0,56324
36077591401,Otsego County,New York,True,22.44,39.33,8.54,1.12,77553
36077591402,Otsego County,New York,True,16.21,27.01,10.19,0.0,72404
36077591500,Otsego County,New York,True,13.81,42.23,8.34,0.0,79318
36077591601,Otsego County,New York,True,15.19,30.19,12.3,7.55,65882
36077591602,Otsego County,New York,True,19.72,37.69,10.48,1.51,51250
36077591700,Otsego County,New York,True,31.78,35.6,11.26,0.0,100875
36079010100,Putnam County,New York,True,3.12,70.0,8.97,0.0,107625
36079010201,Putnam County,New York,True,23.07,66.21,5.88,0.0,101339
36079010202,Putnam County,New York,True,34.46,42.81,42.05,2.11,91458
36079010300,Putnam County,New York,True,10.81,77.22,8.54,0.0,132132
36079010400,Putnam County,New York,True,19.83,81.78,8.1,4.67,80881
36079010500,Putnam County,New York,True,9.62,32.02,4.01,0.0,140962
36079010600,Putnam County,New York,True,17.23,37.39,7.37,10.92,156840
36079010700,Putnam County,New York,True,33.1,47.98,4.08,0.0,120536
36079010800,Putnam County,New York,True,12.47,35.29,7.43,8.24,127289
36079010901,Putnam County,New York,True,7.35,10.64,9.62,0.0,147331
36079010902,Putnam County,New York,True,15.53,65.88,1.76,0.0,119028
36079011000,Putnam County,New York,True,7.87,29.82,1.92,0.0,156250
36079011100,Putnam County,New York,True,7.15,21.71,3.49,0.0,136676
36079011201,Putnam County,New York,True,10.82,100.0,1.1,0.0,151619
36079011202,Putnam County,New York,True,7.95,43.27,2.02,0.0,140213
36079011300,Putnam County,New York,True,14.68,70.66,6.65,2.48,117193
36079011400,Putnam County,New York,True,18.25,88.79,2.52,0.0,111149
36079011501,Putnam County,New York,True,36.88,46.14,9.67,14.33,109159
36079011502,Putnam County,New York,True,8.32,13.92,8.42,0.0,144107
36079011600,Putnam County,New York,True,7.35,100.0,3.05,0.0,139208
36079011700,Putnam County,New York,True,13.14,58.87,4.36,0.0,139539
36079011801,Putnam County,New York,True,58.2,54.96,12.32,11.97,67599
36079011802,Putnam County,New York,True,9.04,73.81,13.32,49.4,109792
36079011900,Putnam County,New York,True,12.69,24.8,4.63,0.0,121837
36081000101,Queens County,New York,True,67.95,33.13,6.02,9.02,134304
36081000102,Queens County,New York,True,95.85,30.92,3.43,11.98,213135
36081000103,Queens County,New York,True,100.0,0.0,0.0,0.0,
36081000104,Queens County,New York,True,100.0,100.0,63.35,0.0,
36081000200,Queens County,New York,True,53.98,61.17,15.09,14.32,84643
36081000400,Queens County,New York,True,47.26,48.48,8.46,2.85,74107
36081000600,Queens County,New York,True,51.12,33.53,17.5,11.51,101042
36081000701,Queens County,New York,True,58.28,29.95,5.12,4.97,136875
36081000702,Queens County,New York,True,86.01,43.72,15.44,11.9,132368
36081000800,Queens County,New York,True,35.01,30.4,10.06,18.67,111856
36081001000,Queens County,New York,True,47.5,54.71,8.47,15.34,85625
36081001200,Queens County,New York,True,58.48,33.38,5.53,12.59,86524
36081001400,Queens County,New York,True,58.83,48.04,11.78,5.03,80456
36081001600,Queens County,New York,True,37.24,69.61,14.45,20.49,77500
36081001800,Queens County,New York,True,43.29,61.72,16.93,12.24,118694
36081001901,Queens County,New York,True,66.25,25.48,2.53,10.54,232109
36081001902,Queens County,New York,True,80.23,34.27,10.15,11.86,171458
36081001903,Queens County,New York,True,75.13,37.39,5.0,1.43,172986
36081002000,Queens County,New York,True,39.41,57.53,11.56,16.13,138750
36081002200,Queens County,New York,True,68.28,49.56,9.85,2.88,71667
36081002400,Queens County,New York,True,48.84,55.95,15.72,36.61,88421
36081002500,Queens County,New York,True,98.78,45.42,27.5,5.33,26044
36081002600,Queens County,New York,True,28.85,56.41,12.97,22.05,135267
36081002800,Queens County,New York,True,53.61,41.41,10.94,5.56,89545
36081003000,Queens County,New York,True,41.91,52.72,3.83,38.59,120417
36081003100,Queens County,New York,True,84.29,43.83,20.42,4.83,121908
36081003200,Queens County,New York,True,38.05,56.74,22.33,9.77,130160
36081003301,Queens County,New York,True,93.26,35.99,11.41,6.26,152056
36081003302,Queens County,New York,True,82.69,33.43,33.1,6.98,80385
36081003400,Queens County,New York,True,53.02,61.92,19.78,2.85,74922
36081003600,Queens County,New York,True,55.89,42.64,13.51,13.38,64459
36081003700,Queens County,New York,False,,,,,
36081003800,Queens County,New York,True,55.27,50.0,11.68,4.64,86146
36081003900,Queens County,New York,True,90.17,70.09,19.73,12.39,59988
36081004001,Queens County,New York,True,58.66,57.0,9.6,14.25,92500
36081004002,Queens County,New York,True,43.3,66.1,20.3,22.03,49379
36081004200,Queens County,New York,True,55.06,71.07,27.59,28.62,67270
36081004300,Queens County,New York,True,100.0,52.58,31.04,4.96,26814
36081004401,Queens County,New York,True,48.72,38.22,19.7,6.7,61920
36081004500,Queens County,New York,True,20.92,63.17,8.48,0.0,97462
36081004700,Queens County,New York,True,94.22,42.27,30.51,8.58,56333
36081005000,Queens County,New York,False,,,,,
36081005100,Queens County,New York,True,95.78,53.67,8.03,29.34,90104
36081005200,Queens County,New York,True,54.09,72.55,15.33,16.25,76300
36081005300,Queens County,New York,True,84.32,40.51,5.76,8.28,113816
36081005400,Queens County,New York,True,31.82,61.66,11.59,1.45,78633
36081005500,Queens County,New York,True,87.41,40.83,7.9,18.15,81310
36081005700,Queens County,New York,True,90.74,38.22,23.27,5.5,94142
36081005800,Queens County,New York,True,43.92,43.05,2.24,14.75,91875
36081005900,Queens County,New York,True,93.77,46.65,8.94,13.57,76813
36081006100,Queens County,New York,True,95.73,37.49,5.98,8.41,106413
36081006201,Queens County,New York,True,18.46,68.27,7.99,0.0,61954
36081006202,Queens County,New York,True,49.14,36.62,7.29,9.43,91902
36081006300,Queens County,New York,True,85.5,29.31,4.53,4.68,137746
36081006501,Queens County,New York,True,94.48,40.01,6.81,3.85,94628
36081006502,Queens County,New York,True,83.11,46.51,15.19,4.41,80539
36081006900,Queens County,New York,True,91.22,37.16,10.35,5.92,121526
36081007100,Queens County,New York,True,94.91,41.13,10.45,5.08,89562
36081007300,Queens County,New York,True,83.72,38.49,7.71,6.56,101691
36081007500,Queens County,New York,True,80.32,38.11,10.54,10.52,79634
36081007700,Queens County,New York,True,84.32,34.43,27.08,8.05,139267
36081007900,Queens County,New York,True,61.98,50.47,16.74,5.14,111875
36081008100,Queens County,New York,True,78.31,57.43,4.38,2.42,122798
36081008300,Queens County,New York,True,91.28,48.24,12.22,11.72,94803
36081008500,Queens County,New York,True,95.6,45.27,32.12,15.6,82708
36081008600,Queens County,New York,True,31.22,57.84,14.36,1.96,89667
36081008700,Queens County,New York,True,99.47,48.58,36.18,8.9,
36081008800,Queens County,New York,True,37.78,41.56,4.92,3.68,127313
36081009100,Queens County,New York,True,57.78,48.21,6.07,4.77,99070
36081009400,Queens County,New York,True,50.0,60.31,19.32,15.78,73636
36081009500,Queens County,New York,True,73.27,37.27,6.64,0.0,127946
36081009600,Queens County,New York,True,20.16,49.5,10.94,31.68,124423
36081009700,Queens County,New York,True,67.41,30.96,9.0,7.91,121088
36081009800,Queens County,New York,True,46.36,71.6,13.36,2.37,84458
36081009900,Queens County,New York,False,,,,,
36081010000,Queens County,New York,True,20.6,27.75,10.55,26.18,114327
36081010100,Queens County,New York,True,62.5,32.85,5.55,2.34,147308
36081010200,Queens County,New York,True,40.82,45.82,12.34,12.97,107270
36081010300,Queens County,New York,True,77.46,41.57,11.65,14.67,84821
36081010400,Queens County,New York,True,37.75,65.14,12.58,12.02,95781
36081010500,Queens County,New York,True,87.2,52.23,13.37,22.74,65233
36081010600,Queens County,New York,True,27.55,60.96,14.79,17.13,121250
36081010701,Queens County,New York,False,,,,,
36081010800,Queens County,New York,True,26.77,70.28,7.54,2.36,108299
36081011000,Queens County,New York,True,55.84,58.39,27.85,19.71,77031
36081011100,Queens County,New York,True,71.8,29.18,12.83,8.25,111125
36081011200,Queens County,New York,True,54.14,47.63,19.1,10.13,69030
36081011300,Queens County,New York,True,78.65,56.72,8.53,1.74,87393
36081011400,Queens County,New York,True,73.07,55.11,11.53,23.36,121442
36081011500,Queens County,New York,True,92.9,41.57,8.19,5.98,113370
36081011600,Queens County,New York,True,41.1,61.69,32.43,8.81,71576
36081011700,Queens County,New York,True,77.63,36.79,9.66,3.91,125550
36081011800,Queens County,New York,True,53.21,70.28,10.67,11.45,86754
36081011900,Queens County,New York,True,87.66,46.4,6.93,5.28,84886
36081012000,Queens County,New York,True,58.15,72.49,15.29,23.81,82500
36081012100,Queens County,New York,True,60.46,36.33,10.94,14.34,108125
36081012200,Queens County,New York,True,39.2,65.33,9.6,27.74,118015
36081012301,Queens County,New York,True,60.32,29.23,3.76,12.91,106328
36081012400,Queens County,New York,True,60.2,60.19,9.41,1.3,71435
36081012500,Queens County,New York,True,87.6,39.25,7.68,4.84,93309
36081012601,Queens County,New York,True,44.56,63.08,8.51,18.6,82450
36081012602,Queens County,New York,True,48.43,44.47,10.65,7.01,79531
36081012800,Queens County,New York,True,52.21,52.26,9.21,9.04,103750
36081013000,Queens County,New York,True,62.14,28.51,6.12,22.3,82708
36081013200,Queens County,New York,True,65.32,39.6,8.18,6.19,84452
36081013400,Queens County,New York,True,63.19,61.58,7.36,4.79,77073
36081013500,Queens County,New York,True,42.49,39.02,5.96,5.28,103250
36081013600,Queens County,New York,True,54.65,42.65,12.82,3.99,86601
36081013700,Queens County,New York,True,79.08,37.37,5.07,3.89,108056
36081013800,Queens County,New York,True,44.38,55.91,22.04,9.55,76938
36081014000,Queens County,New York,True,64.35,47.61,4.13,11.23,117631
36081014100,Queens County,New York,True,76.46,35.82,9.73,9.08,100568
36081014201,Queens County,New York,True,52.93,43.85,7.75,23.98,70813
36081014202,Queens County,New York,True,44.19,50.17,12.15,23.21,88750
36081014300,Queens County,New York,True,81.53,54.07,12.85,8.55,95446
36081014400,Queens County,New York,True,81.47,45.94,14.3,7.89,80101
36081014500,Queens County,New York,True,81.83,36.94,9.69,2.88,88462
36081014700,Queens County,New York,True,90.66,38.56,9.92,3.98,94180
36081014800,Queens County,New York,True,34.81,25.88,7.54,20.18,
36081014900,Queens County,New York,True,93.79,60.48,17.57,3.04,66000
36081015000,Queens County,New York,True,35.65,60.0,4.25,4.76,91116
36081015100,Queens County,New York,True,74.1,55.82,13.57,16.15,68932
36081015200,Queens County,New York,True,51.79,49.01,8.67,14.53,82093
36081015300,Queens County,New York,True,79.24,47.73,13.23,4.14,88636
36081015400,Queens County,New York,True,53.9,56.57,10.24,15.15,69414
36081015500,Queens County,New York,True,87.36,35.4,4.2,5.43,94375
36081015600,Queens County,New York,True,31.04,49.8,13.31,34.39,79063
36081015700,Queens County,New York,True,98.88,57.69,7.95,6.21,75982
36081015801,Queens County,New York,True,35.84,45.93,14.03,7.61,98387
36081015802,Queens County,New York,True,51.26,51.51,7.73,33.07,105149
36081015900,Queens County,New York,True,88.43,52.42,9.14,2.67,71615
36081016100,Queens County,New York,True,72.6,56.26,6.41,12.87,92042
36081016300,Queens County,New York,True,91.4,47.07,20.75,2.8,35237
36081016400,Queens County,New York,True,23.21,80.39,11.06,0.0,80568
36081016600,Queens County,New York,True,30.28,76.57,11.35,65.12,78108
36081016800,Queens County,New York,True,30.79,37.79,11.36,30.53,108173
36081016900,Queens County,New York,True,62.49,48.81,6.79,7.37,89679
36081017000,Queens County,New York,True,22.42,62.5,5.99,19.08,108229
36081017101,Queens County,New York,False,,,,,
36081017102,Queens County,New York,True,100.0,70.86,6.41,0.0,184083
36081017200,Queens County,New York,True,31.74,86.93,15.89,8.54,74760
36081017400,Queens County,New York,True,37.91,55.07,4.78,17.03,121759
36081017600,Queens County,New York,True,30.95,30.65,19.85,31.16,83906
36081017800,Queens County,New York,True,31.84,57.3,6.09,18.92,90096
36081017901,Queens County,New York,True,94.9,43.46,2.22,19.86,81319
36081017902,Queens County,New York,False,,,100.0,,
36081018000,Queens County,New York,True,36.22,57.75,15.7,33.8,80147
36081018101,Queens County,New York,True,89.98,54.4,14.28,11.63,78864
36081018102,Queens County,New York,True,82.6,52.22,5.79,12.45,83750
36081018200,Queens County,New York,True,33.42,77.2,12.1,0.0,93043
36081018300,Queens County,New York,True,82.67,63.41,18.69,18.99,71891
36081018401,Queens County,New York,True,36.93,49.44,20.34,0.0,57679
36081018402,Queens County,New York,True,31.52,60.47,11.24,27.44,89766
36081018501,Queens County,New York,True,55.26,43.93,10.04,8.33,88027
36081018502,Queens County,New York,True,83.39,36.73,10.78,4.41,112260
36081018600,Queens County,New York,True,35.7,35.32,13.41,17.41,94840
36081018700,Queens County,New York,True,64.2,49.29,14.69,18.33,89479
36081018800,Queens County,New York,True,32.32,57.03,9.29,14.06,84688
36081018900,Queens County,New York,True,69.29,38.66,9.12,19.43,93333
36081019000,Queens County,New York,True,25.18,54.46,10.75,19.72,87051
36081019200,Queens County,New York,True,25.33,53.76,8.08,6.94,93403
36081019400,Queens County,New York,True,17.36,44.16,8.47,12.34,100938
36081019600,Queens County,New York,True,52.32,64.35,25.98,22.36,72000
36081019800,Queens County,New York,True,66.07,56.16,8.94,6.01,68828
36081019901,Queens County,New York,True,59.65,82.35,42.69,48.53,
36081019902,Queens County,New York,True,100.0,0.0,69.7,0.0,
36081019903,Queens County,New York,False,,,,,
36081020200,Queens County,New York,True,28.4,82.64,12.05,27.27,
36081020400,Queens County,New York,True,66.72,51.64,17.18,12.25,63750
36081020500,Queens County,New York,True,41.4,71.91,5.44,10.67,76786
36081020600,Queens County,New York,True,64.5,84.23,14.01,8.39,56667
36081020800,Queens County,New York,True,84.08,59.64,14.72,18.08,60486
36081021200,Queens County,New York,True,77.3,55.47,23.05,16.7,70776
36081021400,Queens County,New York,True,64.3,50.27,17.82,12.21,87356
36081021601,Queens County,New York,True,37.18,29.14,3.06,4.76,92609
36081021602,Queens County,New York,True,60.19,61.18,11.49,6.21,73446
36081021603,Queens County,New York,False,,,,,
36081021900,Queens County,New York,False,,,,,
36081022001,Queens County,New York,True,72.33,41.42,16.62,10.71,86915
36081022002,Queens County,New York,True,44.3,47.79,15.47,11.19,89600
36081022900,Queens County,New York,False,,,,,
36081023000,Queens County,New York,True,31.35,48.04,3.46,2.79,118494
36081023200,Queens County,New York,True,62.38,42.29,12.55,11.79,102386
36081023501,Queens County,New York,True,95.05,50.1,18.93,16.9,60044
36081023502,Queens County,New York,True,98.98,56.63,15.52,13.43,82676
36081023600,Queens County,New York,True,81.84,49.54,16.7,12.8,81557
36081023800,Queens County,New York,True,93.54,56.73,23.23,23.75,59938
36081024000,Queens County,New York,True,96.61,65.51,12.25,24.67,59421
36081024300,Queens County,New York,True,40.53,56.32,8.14,10.63,60880
36081024500,Queens County,New York,True,63.88,30.48,4.31,3.49,62647
36081024600,Queens County,New York,False,,,,,
36081024700,Queens County,New York,True,79.17,76.32,24.9,24.74,57143
36081024900,Queens County,New York,True,88.1,63.93,5.17,13.88,76987
36081025100,Queens County,New York,True,57.75,37.23,12.25,9.22,90996
36081025301,Queens County,New York,True,87.41,56.07,13.47,5.68,70664
36081025302,Queens County,New York,True,89.9,53.29,17.28,22.65,66393
36081025401,Queens County,New York,True,74.52,56.8,3.9,24.23,76434
36081025402,Queens County,New York,True,76.88,64.25,21.87,1.39,41822
36081025500,Queens County,New York,True,68.62,55.75,6.76,3.83,92260
36081025700,Queens County,New York,True,63.03,34.13,14.63,16.27,95139
36081025800,Queens County,New York,True,33.96,56.78,10.14,13.57,107442
36081025900,Queens County,New York,True,75.67,65.07,8.1,7.77,61289
36081026000,Queens County,New York,True,66.98,72.75,17.93,6.01,63565
36081026100,Queens County,New York,True,88.06,39.75,6.05,17.48,79419
36081026200,Queens County,New York,True,39.05,85.99,18.22,43.31,83667
36081026300,Queens County,New York,True,76.05,45.24,13.56,15.49,87232
36081026400,Queens County,New York,True,42.13,54.49,9.78,6.46,86411
36081026501,Queens County,New York,True,90.79,47.37,15.67,24.4,73641
36081026502,Queens County,New York,True,83.81,57.67,6.0,30.97,74643
36081026600,Queens County,New York,True,62.85,43.08,22.13,7.25,55441
36081026700,Queens County,New York,True,88.4,57.8,12.83,26.11,58274
36081026901,Queens County,New York,True,86.47,58.66,20.87,37.16,58163
36081026902,Queens County,New York,True,74.38,60.2,12.71,32.37,53694
36081027000,Queens County,New York,True,27.7,33.09,5.16,0.0,110938
36081027101,Queens County,New York,True,69.22,63.59,15.85,25.42,54568
36081027102,Queens County,New York,True,91.98,59.89,21.14,36.31,65786
36081027200,Queens County,New York,True,33.81,28.95,9.32,22.63,97357
36081027301,Queens County,New York,True,78.05,61.04,32.8,37.41,69631
36081027302,Queens County,New York,True,71.78,59.75,19.33,28.59,81532
36081027400,Queens County,New York,True,16.89,48.21,18.49,0.0,65234
36081027500,Queens County,New York,True,61.37,38.45,24.16,30.98,66971
36081027600,Queens County,New York,True,32.21,71.77,10.24,15.32,111250
36081027701,Queens County,New York,True,83.88,50.29,9.32,33.33,67602
36081027702,Queens County,New York,True,43.46,54.45,15.98,26.71,69521
36081027800,Queens County,New York,True,63.92,47.67,28.51,8.78,51992
36081027900,Queens County,New York,True,71.8,51.8,8.09,29.08,81417
36081028000,Queens County,New York,True,45.86,36.86,13.22,8.63,80286
36081028100,Queens County,New York,True,52.59,56.48,10.41,15.09,86631
36081028200,Queens County,New York,True,39.5,64.86,4.53,4.05,92368
36081028300,Queens County,New York,True,65.01,44.46,11.72,22.81,79340
36081028400,Queens County,New York,True,44.01,58.87,5.08,3.83,72633
36081028500,Queens County,New York,True,35.44,41.65,8.44,19.92,126991
36081028700,Queens County,New York,True,67.54,38.61,23.0,22.33,83108
36081028801,Queens County,New York,True,41.5,36.34,7.36,18.9,120234
36081028802,Queens County,New York,True,34.52,64.32,13.07,46.95,89653
36081028803,Queens County,New York,False,,,,,
36081028900,Queens County,New York,True,73.63,43.43,9.03,20.57,83870
36081029100,Queens County,New York,True,67.75,74.47,10.9,29.06,53384
36081029300,Queens County,New York,True,66.43,69.82,5.6,20.73,70556
36081029400,Queens County,New York,True,47.98,57.05,14.17,14.98,102984
36081029500,Queens County,New York,True,34.47,61.71,10.43,2.02,81051
36081029700,Queens County,New York,True,60.17,47.92,14.06,22.22,101538
36081029900,Queens County,New York,False,,,,,
36081030600,Queens County,New York,True,35.91,42.42,11.73,7.87,111458
36081030903,Queens County,New York,True,51.44,36.17,2.69,15.01,75728
36081030904,Queens County,New York,True,54.25,76.04,12.09,11.52,58726
36081030905,Queens County,New York,True,67.43,52.06,10.99,6.9,74339
36081030906,Queens County,New York,True,70.97,61.04,7.3,14.55,84907
36081031700,Queens County,New York,True,44.95,45.48,21.32,3.24,75591
36081032000,Queens County,New York,True,33.86,60.27,23.67,8.04,100417
36081032700,Queens County,New York,True,65.73,48.86,4.7,30.06,88167
36081032800,Queens County,New York,True,34.51,53.18,9.98,0.0,94398
36081032900,Queens County,New York,True,41.48,67.97,14.63,0.21,66573
36081033000,Queens County,New York,True,27.54,52.83,8.27,0.34,105013
36081033100,Queens County,New York,False,,,,,
36081033401,Queens County,New York,True,57.94,75.2,16.73,10.94,63892
36081033403,Queens County,New York,True,86.73,47.11,22.0,0.86,53013
36081033404,Queens County,New York,True,92.03,42.13,16.32,1.98,52574
36081033405,Queens County,New York,True,57.93,23.08,6.55,0.0,86065
36081033700,Queens County,New York,True,38.85,71.01,9.89,20.71,107750
36081033900,Queens County,New York,True,24.03,68.46,24.89,3.69,69755
36081034700,Queens County,New York,True,61.46,71.75,20.86,20.79,77025
36081035100,Queens County,New York,True,42.28,63.95,14.9,13.87,85284
36081035200,Queens County,New York,True,22.07,37.57,9.69,10.98,105139
36081035300,Queens County,New York,True,51.83,50.38,4.48,14.86,104107
36081035700,Queens County,New York,True,50.29,29.93,18.86,0.0,93153
36081035800,Queens County,New York,True,41.22,50.37,6.13,0.0,97128
36081036100,Queens County,New York,True,60.55,55.27,12.18,10.32,92500
36081036300,Queens County,New York,True,69.72,56.12,11.81,10.91,76613
36081036500,Queens County,New York,True,58.93,44.33,17.88,29.43,72031
36081036600,Queens County,New York,True,38.4,75.85,11.9,0.0,75395
36081036700,Queens County,New York,True,67.16,62.5,14.46,11.58,78200
36081036800,Queens County,New York,True,20.27,72.39,5.97,0.0,125882
36081037100,Queens County,New York,True,31.63,51.56,11.6,3.12,81607
36081037300,Queens County,New York,True,57.06,66.58,12.49,13.01,59821
36081037501,Queens County,New York,True,83.82,40.34,16.61,27.59,92647
36081037502,Queens County,New York,True,86.89,66.5,16.22,30.35,70625
36081037600,Queens County,New York,True,31.06,55.85,4.47,4.94,112955
36081037700,Queens County,New York,True,88.91,58.14,16.84,26.9,81797
36081037900,Queens County,New York,True,80.72,54.94,10.61,21.52,80927
36081038100,Queens County,New York,True,63.51,69.97,19.91,35.84,83654
36081038301,Queens County,New York,False,,,,,
36081038302,Queens County,New York,False,,,,,
36081038400,Queens County,New York,True,15.7,68.84,8.48,0.0,100337
36081039400,Queens County,New York,True,47.58,44.03,22.72,7.3,100833
36081039800,Queens County,New York,True,21.75,22.32,9.64,0.0,86948
36081039901,Queens County,New York,True,66.54,38.79,16.97,39.08,118319
36081039902,Queens County,New York,True,87.47,78.93,32.5,50.84,58640
36081040000,Queens County,New York,True,23.77,40.54,4.11,19.82,112560
36081040101,Queens County,New York,True,68.84,60.04,15.77,22.96,60338
36081040102,Queens County,New York,True,93.47,46.8,22.64,33.88,75660
36081040200,Queens County,New York,True,21.91,87.27,7.71,0.0,103214
36081040301,Queens County,New York,True,83.65,87.11,21.85,29.99,37018
36081040302,Queens County,New York,True,73.25,45.04,21.79,49.56,70179
36081040400,Queens County,New York,True,34.27,81.29,8.72,0.0,87917
36081040501,Queens County,New York,True,89.6,32.59,14.75,15.62,102682
36081040502,Queens County,New York,True,84.19,44.6,13.82,18.31,74091
36081040701,Queens County,New York,True,90.6,51.85,36.73,39.77,77944
36081040702,Queens County,New York,True,75.05,46.65,13.57,17.12,99722
36081040901,Queens County,New York,True,63.37,53.9,10.01,56.74,83320
36081040902,Queens County,New York,True,78.46,47.71,9.49,28.76,84091
36081041100,Queens County,New York,True,44.49,41.1,18.12,15.96,73899
36081041300,Queens County,New York,True,70.92,54.73,33.71,36.35,72519
36081041400,Queens County,New York,True,48.2,41.79,17.76,0.15,92939
36081041500,Queens County,New York,True,67.68,45.73,23.45,34.94,63411
36081042400,Queens County,New York,True,17.48,8.61,1.74,43.05,95855
36081042600,Queens County,New York,False,,,66.45,,
36081042700,Queens County,New York,True,71.63,42.31,17.99,25.07,70921
36081043200,Queens County,New York,True,21.76,72.15,10.63,0.0,92750
36081043400,Queens County,New York,True,12.7,59.15,14.48,0.0,95057
36081043701,Queens County,New York,True,76.45,54.5,23.27,24.49,60188
36081043702,Queens County,New York,True,35.71,69.68,18.29,29.16,66731
36081043900,Queens County,New York,True,84.11,59.23,18.78,32.87,68922
36081044000,Queens County,New York,True,46.04,79.45,5.78,5.14,67463
36081044301,Queens County,New York,True,94.41,55.31,21.22,25.38,36467
36081044302,Queens County,New York,True,66.6,46.69,22.88,14.37,62731
36081044400,Queens County,New York,True,76.67,56.95,21.31,12.26,46434
36081044601,Queens County,New York,True,84.48,56.17,21.45,24.39,57614
36081044602,Queens County,New York,True,85.95,64.28,31.01,16.96,45688
36081044800,Queens County,New York,True,65.81,57.0,9.16,14.33,72371
36081045000,Queens County,New York,True,59.03,10.55,7.85,0.0,148424
36081045200,Queens County,New York,True,52.87,40.22,12.54,48.91,76071
36081045400,Queens County,New York,True,53.14,34.8,17.53,19.66,84100
36081045500,Queens County,New York,True,100.0,51.68,16.29,10.71,80100
36081045600,Queens County,New York,True,17.4,22.54,5.41,0.0,75357
36081045700,Queens County,New York,True,67.95,61.48,9.23,11.42,82176
36081045800,Queens County,New York,True,57.23,70.41,7.24,45.41,79236
36081045900,Queens County,New York,True,59.21,66.56,11.7,7.89,72279
36081046000,Queens County,New York,True,80.6,62.73,22.3,42.9,57184
36081046100,Queens County,New York,True,76.96,49.72,12.5,21.28,77000
36081046200,Queens County,New York,True,75.87,74.0,10.78,25.68,60647
36081046300,Queens County,New York,True,81.61,77.12,12.42,24.94,75539
36081046400,Queens County,New York,True,39.81,36.36,10.51,17.7,118472
36081046500,Queens County,New York,True,80.99,48.69,29.6,43.2,94125
36081046600,Queens County,New York,True,74.6,54.91,18.32,34.33,76885
36081046700,Queens County,New York,True,92.94,57.29,9.09,24.25,77246
36081046800,Queens County,New York,True,59.58,35.35,12.15,33.16,83388
36081046901,Queens County,New York,True,78.54,54.91,14.03,26.37,73538
36081046902,Queens County,New York,True,84.51,58.95,19.52,43.8,68353
36081047000,Queens County,New York,True,47.78,72.73,16.82,41.23,72955
36081047100,Queens County,New York,True,84.7,70.25,13.75,17.1,60616
36081047200,Queens County,New York,True,47.1,38.36,6.95,10.49,128274
36081047300,Queens County,New York,True,61.97,53.79,11.24,25.75,72441
36081047500,Queens County,New York,True,75.41,52.1,11.5,21.59,86271
36081047600,Queens County,New York,True,14.67,71.43,3.8,6.49,115335
36081047801,Queens County,New York,True,28.52,32.05,15.71,20.49,56848
36081047802,Queens County,New York,True,42.28,39.74,11.81,15.38,116198
36081047900,Queens County,New York,True,68.62,59.63,21.11,28.09,87515
36081048000,Queens County,New York,True,34.9,85.38,16.76,22.69,86250
36081048100,Queens County,New York,True,76.86,50.0,18.91,28.52,73983
36081048200,Queens County,New York,True,42.86,36.16,7.09,22.6,110729
36081048301,Queens County,New York,True,53.32,46.34,14.9,34.63,60568
36081048302,Queens County,New York,True,81.65,68.54,4.07,15.92,85724
36081048400,Queens County,New York,True,39.21,62.86,9.42,3.81,86726
36081048500,Queens County,New York,True,47.95,59.41,13.99,17.08,77614
36081048900,Queens County,New York,True,55.67,64.51,16.92,20.99,61552
36081049201,Queens County,New York,True,91.19,47.0,16.47,11.58,60797
36081049202,Queens County,New York,True,25.3,57.53,19.76,0.0,107063
36081049301,Queens County,New York,True,45.08,30.17,19.01,10.06,86429
36081049302,Queens County,New York,True,49.31,59.16,22.72,16.33,59940
36081049500,Queens County,New York,True,62.36,32.32,15.49,5.49,92800
36081049600,Queens County,New York,True,13.26,56.52,7.8,18.26,91991
36081049700,Queens County,New York,True,52.71,54.83,8.32,11.34,86031
36081049900,Queens County,New York,True,53.8,48.15,11.76,25.86,85045
36081050000,Queens County,New York,True,91.32,48.8,10.65,19.01,68850
36081050201,Queens County,New York,True,39.86,45.71,7.07,8.57,90972
36081050202,Queens County,New York,True,39.96,70.95,18.53,0.0,85147
36081050400,Queens County,New York,True,35.78,41.03,8.33,46.15,131168
36081050500,Queens County,New York,True,53.92,47.88,3.26,23.94,113438
36081050600,Queens County,New York,True,25.34,46.02,12.97,28.32,93000
36081050700,Queens County,New York,True,46.71,49.67,11.47,1.32,84476
36081050800,Queens County,New York,True,34.63,33.77,10.57,20.35,77040
36081051000,Queens County,New York,True,28.57,32.79,23.09,0.0,85179
36081051100,Queens County,New York,True,25.36,57.75,10.91,4.69,92647
36081051200,Queens County,New York,True,21.02,37.82,12.6,4.49,122778
36081051300,Queens County,New York,True,34.53,50.71,14.57,17.86,83618
36081051500,Queens County,New York,True,18.62,48.2,4.67,0.0,102833
36081051600,Queens County,New York,True,29.54,65.36,9.3,0.0,107500
36081051700,Queens County,New York,True,50.31,23.3,9.96,4.13,113125
36081051800,Queens County,New York,True,13.56,67.47,6.4,0.0,124423
36081052000,Queens County,New York,True,14.48,43.24,4.58,0.0,105163
36081052100,Queens County,New York,True,45.14,49.01,17.33,4.64,84009
36081052200,Queens County,New York,True,22.36,78.86,17.15,0.0,86818
36081052400,Queens County,New York,True,25.99,25.0,10.28,0.0,112838
36081052500,Queens County,New York,True,45.16,48.53,6.97,2.14,77037
36081052600,Queens County,New York,True,33.16,32.4,10.89,17.2,96695
36081052800,Queens County,New York,True,42.64,44.1,11.29,6.99,79542
36081053000,Queens County,New York,True,22.8,66.67,8.76,0.0,102381
36081053100,Queens County,New York,True,47.15,67.23,10.08,4.44,73938
36081053200,Queens County,New York,True,17.58,47.71,11.37,12.84,97419
36081053401,Queens County,New York,True,20.87,28.0,3.76,9.6,103594
36081053501,Queens County,New York,True,66.08,64.9,21.74,11.8,73042
36081053502,Queens County,New York,False,,,,,
36081053601,Queens County,New York,True,36.83,100.0,16.7,0.0,
36081053800,Queens County,New York,True,21.46,52.75,5.24,8.79,121034
36081053901,Queens County,New York,True,64.92,52.61,11.89,3.7,91027
36081053902,Queens County,New York,True,50.0,0.0,0.0,0.0,
36081054000,Queens County,New York,True,37.53,34.13,12.39,8.49,102174
36081054200,Queens County,New York,True,15.3,76.54,7.93,8.64,94125
36081054500,Queens County,New York,True,76.75,59.09,9.22,13.14,66076
36081054700,Queens County,New York,True,83.92,35.41,8.4,23.69,119732
36081054800,Queens County,New York,True,21.14,64.83,10.62,24.14,84601
36081054900,Queens County,New York,True,96.14,33.31,10.01,7.69,104821
36081055100,Queens County,New York,True,92.96,35.19,17.0,7.71,80268
36081055200,Queens County,New York,True,49.44,65.43,9.57,2.88,71213
36081055300,Queens County,New York,True,94.67,46.51,9.96,8.34,90114
36081055400,Queens County,New York,True,43.33,46.33,15.93,28.15,89375
36081055500,Queens County,New York,True,74.49,40.89,11.46,9.88,86667
36081055600,Queens County,New York,True,16.44,83.64,2.96,0.0,135052
36081055700,Queens County,New York,True,79.26,38.08,9.54,6.15,101636
36081055800,Queens County,New York,True,28.06,54.21,6.25,25.26,78672
36081055900,Queens County,New York,True,81.44,60.44,16.12,18.99,70481
36081056000,Queens County,New York,True,18.22,87.8,6.8,1.22,139615
36081056100,Queens County,New York,True,0.0,,0.0,,
36081056200,Queens County,New York,True,14.29,69.86,0.43,23.29,102125
36081056400,Queens County,New York,True,43.39,65.92,13.29,3.59,95000
36081056500,Queens County,New York,True,54.28,22.42,3.14,2.73,129647
36081056600,Queens County,New York,True,46.12,90.19,24.39,2.8,71974
36081056700,Queens County,New York,True,32.68,36.19,4.41,3.17,111477
36081056800,Queens County,New York,True,37.76,58.25,9.61,17.68,101321
36081057700,Queens County,New York,True,76.55,49.55,13.25,3.73,75750
36081057900,Queens County,New York,True,74.44,48.89,9.4,4.44,76023
36081058000,Queens County,New York,True,10.73,30.7,3.57,0.0,139342
36081058100,Queens County,New York,True,68.58,26.2,8.13,23.21,78950
36081058200,Queens County,New York,True,22.46,59.04,5.6,12.35,123583
36081058300,Queens County,New York,True,67.64,40.0,11.79,4.97,109327
36081058500,Queens County,New York,True,73.75,37.09,6.03,3.09,101157
36081058700,Queens County,New York,True,83.4,43.62,9.78,8.33,100385
36081058900,Queens County,New York,True,88.71,51.54,28.27,13.96,60224
36081059000,Queens County,New York,True,20.72,69.14,8.82,0.0,93750
36081059100,Queens County,New York,True,86.92,72.49,26.09,0.54,53832
36081059200,Queens County,New York,True,6.53,55.17,22.34,0.0,77857
36081059300,Queens County,New York,True,65.43,31.48,20.07,6.69,90975
36081059400,Queens County,New York,True,6.94,51.35,1.02,0.0,134297
36081059501,Queens County,New York,True,70.92,51.76,11.67,5.19,80515
36081059502,Queens County,New York,True,63.99,73.49,22.74,11.88,75833
36081059600,Queens County,New York,True,13.73,55.13,14.34,0.0,92162
36081059800,Queens County,New York,True,39.42,47.25,5.51,6.42,96250
36081059900,Queens County,New York,True,26.83,71.07,9.45,7.44,120979
36081060000,Queens County,New York,True,19.96,37.78,6.45,0.0,129519
36081060100,Queens County,New York,True,50.18,57.08,4.65,0.0,75811
36081060300,Queens County,New York,True,45.8,28.65,9.15,2.01,95909
36081060600,Queens County,New York,True,14.97,100.0,5.02,0.0,131250
36081060701,Queens County,New York,False,,,,,
36081060800,Queens County,New York,True,17.19,51.72,7.38,13.79,115000
36081061000,Queens County,New York,True,5.3,63.64,8.88,36.36,97788
36081061200,Queens County,New York,True,4.71,100.0,3.97,0.0,133214
36081061301,Queens County,New York,True,73.15,53.85,11.64,7.48,93669
36081061302,Queens County,New York,False,,,,,
36081061400,Queens County,New York,True,11.69,57.14,6.63,0.0,132159
36081061601,Queens County,New York,True,8.68,27.27,4.21,0.0,107838
36081061602,Queens County,New York,True,5.73,0.0,3.0,0.0,127857
36081061800,Queens County,New York,True,20.11,41.26,6.92,5.59,112868
36081061900,Queens County,New York,True,63.38,55.8,17.79,0.0,62083
36081062000,Queens County,New York,True,1.91,50.0,1.49,0.0,129457
36081062100,Queens County,New York,True,45.94,60.26,13.95,6.62,77011
36081062200,Queens County,New York,True,6.5,59.09,8.31,0.0,122938
36081062300,Queens County,New York,True,61.16,35.19,17.72,0.0,77563
36081062400,Queens County,New York,False,,,,,
36081062500,Queens County,New York,True,41.29,40.15,4.59,5.3,83631
36081062600,Queens County,New York,True,12.59,17.8,3.09,13.56,139602
36081062700,Queens County,New York,True,44.07,40.99,7.7,5.8,76439
36081062900,Queens County,New York,True,68.84,62.32,10.0,24.29,101097
36081063000,Queens County,New York,True,13.8,64.2,3.28,0.0,120821
36081063200,Queens County,New York,True,15.0,20.37,4.79,0.0,107672
36081063301,Queens County,New York,True,37.43,28.79,2.88,8.59,142768
36081063302,Queens County,New York,True,37.1,44.84,9.02,0.0,102292
36081063500,Queens County,New York,True,37.94,64.12,8.71,20.62,86219
36081063700,Queens County,New York,True,32.2,32.29,18.45,0.0,91488
36081063800,Queens County,New York,True,8.8,42.11,10.45,0.0,164604
36081063900,Queens County,New York,True,46.15,26.5,5.59,13.03,102083
36081064101,Queens County,New York,True,5.71,16.95,4.86,22.03,99393
36081064102,Queens County,New York,False,,,,,
36081064500,Queens County,New York,True,42.75,54.13,15.72,0.0,81250
36081064600,Queens County,New York,True,17.0,44.44,4.78,0.0,125875
36081065000,Queens County,New York,True,13.85,12.1,5.77,18.55,133482
36081065401,Queens County,New York,True,31.95,34.63,12.77,0.0,104622
36081065402,Queens County,New York,False,,,,,
36081065501,Queens County,New York,False,,,,,
36081065600,Queens County,New York,True,38.19,44.11,6.68,0.0,117800
36081065702,Queens County,New York,True,43.4,49.45,3.56,4.03,74821
36081065703,Queens County,New York,True,23.96,55.12,2.76,16.54,122434
36081065900,Queens County,New York,True,18.39,21.95,6.74,7.32,112917
36081066000,Queens County,New York,True,43.3,51.3,1.13,0.0,137843
36081066100,Queens County,New York,True,14.76,21.28,5.21,0.0,116806
36081066301,Queens County,New York,True,15.62,35.67,2.99,0.0,92318
36081066302,Queens County,New York,False,,,,,
36081066401,Queens County,New York,True,48.91,64.89,11.38,35.11,110000
36081066402,Queens County,New York,True,32.02,71.99,6.02,20.48,111494
36081066403,Queens County,New York,True,39.99,74.66,21.68,4.22,100441
36081066404,Queens County,New York,False,,,,,
36081066501,Queens County,New York,True,43.22,35.84,4.14,10.98,100391
36081066701,Queens County,New York,True,40.14,27.87,9.67,8.05,103594
36081066900,Queens County,New York,True,48.83,56.73,15.25,11.54,96484
36081067100,Queens County,New York,True,7.44,0.0,7.33,0.0,121266
36081067700,Queens County,New York,True,19.4,39.26,3.49,11.11,100313
36081067900,Queens County,New York,True,79.74,46.26,15.18,14.72,78538
36081068000,Queens County,New York,True,20.87,45.22,5.17,4.49,133510
36081068200,Queens County,New York,True,26.68,73.74,12.65,0.0,89732
36081068300,Queens County,New York,True,54.11,41.06,11.61,26.24,85771
36081068700,Queens County,New York,True,67.64,57.83,7.56,9.54,86193
36081069000,Queens County,New York,True,48.38,47.1,4.74,11.23,111464
36081069300,Queens County,New York,True,76.28,61.34,10.13,27.52,57099
36081069400,Queens County,New York,True,51.59,34.3,4.03,13.59,117692
36081069500,Queens County,New York,True,50.0,35.91,19.3,4.09,91591
36081069701,Queens County,New York,True,80.49,45.33,4.14,12.86,102500
36081069702,Queens County,New York,True,22.04,51.93,11.41,5.93,92489
36081070300,Queens County,New York,True,36.75,24.33,7.96,23.15,106250
36081070700,Queens County,New York,True,18.17,44.13,2.52,0.0,138237
36081070900,Queens County,New York,True,48.95,53.65,12.8,5.88,117375
36081071100,Queens County,New York,True,32.6,37.02,5.95,10.13,100149
36081071303,Queens County,New York,True,60.84,57.68,9.54,1.32,97563
36081071304,Queens County,New York,True,53.1,41.37,12.59,1.88,100238
36081071305,Queens County,New York,True,82.08,44.53,12.93,16.19,118409
36081071306,Queens County,New York,True,77.7,53.43,17.07,12.14,88329
36081071600,Queens County,New York,False,,,,,
36081071701,Queens County,New York,True,51.6,62.45,17.01,17.57,67566
36081071702,Queens County,New York,True,42.9,55.48,14.14,16.97,87958
36081071900,Queens County,New York,True,74.19,69.58,22.95,23.32,62408
36081072100,Queens County,New York,True,28.42,43.73,3.54,15.68,100976
36081072300,Queens County,New York,True,12.3,17.59,2.76,0.0,181250
36081072900,Queens County,New York,True,22.5,19.44,11.81,0.0,104767
36081073100,Queens County,New York,True,26.34,56.58,4.96,13.16,170913
36081073700,Queens County,New York,True,61.21,18.92,0.43,9.76,151731
36081073900,Queens County,New York,True,58.07,41.44,2.58,1.25,116815
36081074100,Queens County,New York,True,38.52,48.08,10.9,5.45,96894
36081074300,Queens County,New York,True,55.83,76.87,15.8,4.18,66972
36081074500,Queens County,New York,True,82.93,40.74,18.02,5.98,63268
36081074700,Queens County,New York,True,46.54,43.44,11.93,11.22,99769
36081074900,Queens County,New York,True,16.81,11.46,2.72,0.0,224313
36081075701,Queens County,New York,True,51.78,40.2,8.59,9.65,117361
36081075702,Queens County,New York,True,37.29,31.34,5.75,14.06,125316
36081076901,Queens County,New York,True,44.34,27.48,4.55,3.86,111389
36081076902,Queens County,New York,True,77.07,33.26,4.52,6.61,134545
36081077300,Queens County,New York,True,33.76,59.9,6.04,10.66,106964
36081077500,Queens County,New York,True,72.79,53.43,8.68,11.4,84427
36081077902,Queens County,New York,True,37.07,80.09,15.86,38.64,102363
36081077903,Queens County,New York,True,40.6,39.07,7.57,5.94,96944
36081077904,Queens County,New York,True,59.63,41.18,8.8,10.72,107279
36081077905,Queens County,New York,True,34.18,43.55,11.26,3.17,94000
36081077906,Queens County,New York,True,41.36,52.51,10.24,11.04,86324
36081077907,Queens County,New York,True,74.82,64.76,8.69,14.7,68226
36081077908,Queens County,New York,True,93.22,55.26,16.85,10.06,79265
36081078800,Queens County,New York,True,33.33,80.3,3.66,0.0,105529
36081079000,Queens County,New York,True,47.25,61.65,17.88,5.83,97500
36081079200,Queens County,New York,True,46.42,42.89,17.29,5.21,71510
36081079300,Queens County,New York,False,,,,,
36081079701,Queens County,New York,True,72.59,45.02,16.76,22.97,62173
36081079702,Queens County,New York,True,80.63,51.88,34.16,8.7,48147
36081079900,Queens County,New York,True,59.15,79.05,41.71,19.08,48980
36081080301,Queens County,New York,True,67.73,65.91,14.66,10.6,59817
36081080302,Queens County,New York,True,21.54,10.4,15.4,0.0,82358
36081080900,Queens County,New York,True,22.88,66.39,8.83,26.32,55716
36081081400,Queens County,New York,True,15.67,70.62,18.21,21.88,105179
36081081800,Queens County,New York,True,28.75,26.62,10.95,14.68,130457
36081083700,Queens County,New York,True,37.06,53.8,10.99,7.1,70028
36081083800,Queens County,New York,True,35.02,61.11,7.11,23.44,100354
36081084000,Queens County,New York,True,14.43,56.91,14.0,10.53,87614
36081084500,Queens County,New York,True,88.01,63.38,24.15,17.23,29552
36081084601,Queens County,New York,True,18.64,22.52,3.77,11.92,102692
36081084602,Queens County,New York,True,28.94,89.71,28.14,0.0,91953
36081084901,Queens County,New York,True,85.3,46.47,34.23,14.45,95551
36081084902,Queens County,New York,True,74.42,62.24,40.57,19.68,40901
36081085300,Queens County,New York,True,47.85,58.77,17.83,6.48,35985
36081085500,Queens County,New York,True,88.31,63.46,16.12,25.43,42611
36081085700,Queens County,New York,True,74.08,52.82,14.7,36.11,54914
36081085900,Queens County,New York,True,50.31,49.58,21.81,13.81,60460
36081086100,Queens County,New York,True,50.39,63.38,26.41,33.51,42026
36081086300,Queens County,New York,True,68.6,64.72,23.09,26.69,53839
36081086400,Queens County,New York,True,40.22,39.27,13.35,18.73,128398
36081086500,Queens County,New York,True,72.71,66.86,14.39,15.69,65433
36081086900,Queens County,New York,True,76.32,53.39,14.34,10.82,95469
36081087100,Queens County,New York,True,75.34,63.58,24.42,8.3,52250
36081088400,Queens County,New York,True,30.38,60.46,10.22,12.91,96806
36081088902,Queens County,New York,True,59.18,59.87,23.44,16.8,59200
36081088903,Queens County,New York,True,20.41,58.75,22.81,0.0,53393
36081089201,Queens County,New York,True,12.39,53.55,2.67,0.0,155291
36081089202,Queens County,New York,False,,,,,
36081090700,Queens County,New York,True,24.2,70.59,7.44,5.88,101023
36081091602,Queens County,New York,True,100.0,0.0,0.0,0.0,
36081091603,Queens County,New York,True,0.54,100.0,6.66,0.0,122443
36081091604,Queens County,New York,False,,,,,
36081091800,Queens County,New York,True,0.0,,0.0,,
36081091900,Queens County,New York,True,40.21,66.85,14.53,5.87,106612
36081092200,Queens County,New York,True,9.18,35.53,3.64,0.0,175682
36081092500,Queens County,New York,True,61.05,74.72,17.22,19.75,64107
36081092800,Queens County,New York,True,9.08,24.76,4.43,0.0,162798
36081092900,Queens County,New York,True,48.77,52.04,7.95,15.83,112324
36081093401,Queens County,New York,True,35.64,22.81,12.69,8.94,131471
36081093402,Queens County,New York,True,52.52,32.28,9.82,3.61,107371
36081093800,Queens County,New York,True,83.61,42.26,10.96,9.95,81573
36081093900,Queens County,New York,True,61.65,50.55,5.37,13.58,79471
36081094201,Queens County,New York,True,66.54,51.07,21.27,3.93,75966
36081094202,Queens County,New York,True,64.86,53.17,31.14,5.69,56800
36081094203,Queens County,New York,True,53.03,53.04,12.27,7.41,48482
36081094500,Queens County,New York,True,21.82,52.67,14.27,12.33,79406
36081094700,Queens County,New York,True,55.56,38.59,12.67,10.82,85819
36081095400,Queens County,New York,True,47.26,81.03,20.71,14.26,82053
36081096400,Queens County,New York,True,44.81,50.0,22.36,8.45,89432
36081097202,Queens County,New York,True,100.0,63.46,45.36,16.62,22500
36081097204,Queens County,New York,True,80.99,35.21,14.07,6.95,73180
36081097205,Queens County,New York,True,100.0,44.2,58.05,18.08,21295
36081097206,Queens County,New York,True,81.74,46.31,28.73,5.01,34679
36081097207,Queens County,New York,False,,,,,
36081097300,Queens County,New York,True,15.82,94.49,5.67,0.0,86008
36081098100,Queens County,New York,True,25.7,20.96,6.84,6.99,129250
36081098700,Queens County,New York,True,34.36,34.01,8.26,0.0,105313
36081099100,Queens County,New York,True,9.97,60.14,4.32,6.29,110250
36081099200,Queens County,New York,True,82.84,57.57,42.63,14.53,36736
36081099701,Queens County,New York,True,8.26,40.43,9.47,0.0,93368
36081099703,Queens County,New York,True,31.19,32.11,9.51,0.0,122188
36081099704,Queens County,New York,True,28.51,45.78,11.13,5.4,87323
36081099705,Queens County,New York,True,20.7,48.8,13.15,0.0,117283
36081099801,Queens County,New York,True,72.55,52.61,16.54,22.06,70278
36081099802,Queens County,New York,True,90.82,53.57,27.4,5.23,41654
36081099900,Queens County,New York,False,,,,,
36081100801,Queens County,New York,True,30.03,33.02,4.91,24.06,136800
36081100803,Queens County,New York,True,52.62,59.24,20.92,15.27,46534
36081100804,Queens County,New York,True,47.49,42.92,8.94,5.2,106235
36081101002,Queens County,New York,True,51.07,56.53,14.17,10.45,77188
36081101003,Queens County,New York,True,79.72,34.65,19.27,11.93,72254
36081101004,Queens County,New York,True,77.74,57.47,28.64,10.26,48236
36081101700,Queens County,New York,True,7.66,28.5,8.48,11.4,110572
36081102900,Queens County,New York,True,51.75,51.53,6.8,11.29,102972
36081103201,Queens County,New York,True,86.84,61.34,35.26,18.08,50123
36081103202,Queens County,New York,True,68.23,58.09,15.33,19.98,77069
36081103300,Queens County,New York,True,29.02,47.99,9.92,7.14,123810
36081103900,Queens County,New York,True,33.98,63.91,8.43,5.59,76587
36081104700,Queens County,New York,True,37.63,62.37,15.77,4.23,66683
36081105900,Queens County,New York,True,5.51,69.86,8.52,0.0,109000
36081107201,Queens County,New York,True,22.31,46.83,2.57,0.0,111354
36081107202,Queens County,New York,False,,,,,
36081108500,Queens County,New York,True,23.35,40.32,8.95,3.23,71111
36081109300,Queens County,New York,True,5.42,83.33,6.2,0.0,125536
36081109700,Queens County,New York,True,37.14,25.51,3.84,3.24,134145
36081109900,Queens County,New York,True,26.33,59.51,11.51,11.35,96250
36081111300,Queens County,New York,True,36.97,40.58,10.69,3.25,143917
36081112300,Queens County,New York,True,70.85,39.06,19.56,22.57,93194
36081112900,Queens County,New York,True,35.53,32.65,6.03,3.78,104688
36081113300,Queens County,New York,True,20.0,45.04,11.41,4.58,111094
36081113900,Queens County,New York,True,54.25,38.4,14.1,16.27,85485
36081114100,Queens County,New York,True,19.0,55.83,4.64,26.38,121579
36081114700,Queens County,New York,True,33.71,50.0,10.84,0.0,102135
36081115100,Queens County,New York,True,16.09,31.15,5.3,21.31,108542
36081115500,Queens County,New York,True,54.43,33.83,14.21,33.58,109063
36081115700,Queens County,New York,True,50.21,68.07,24.2,24.54,64153
36081115900,Queens County,New York,True,58.17,64.35,11.59,20.19,61776
36081116100,Queens County,New York,True,56.74,47.63,20.43,11.42,43417
36081116301,Queens County,New York,True,79.75,65.68,28.51,13.51,65526
36081116302,Queens County,New York,True,71.62,56.89,50.96,18.42,53631
36081116700,Queens County,New York,True,82.76,50.84,18.18,24.95,62857
36081117100,Queens County,New York,True,64.1,53.71,11.72,0.33,78856
36081117500,Queens County,New York,True,53.91,65.2,16.69,6.87,78098
36081118100,Queens County,New York,True,64.44,39.64,8.71,10.36,100536
36081118500,Queens County,New York,True,71.17,67.64,15.71,7.56,67277
36081118700,Queens County,New York,True,58.74,51.98,17.3,32.77,71657
36081118900,Queens County,New York,True,61.58,78.73,5.76,0.0,56446
36081119100,Queens County,New York,True,53.41,70.63,22.69,4.2,68355
36081119300,Queens County,New York,True,44.07,64.83,15.35,19.27,54273
36081119500,Queens County,New York,True,38.59,51.83,9.32,8.54,94010
36081119900,Queens County,New York,True,6.03,0.0,6.68,0.0,123519
36081120100,Queens County,New York,True,44.09,61.82,16.32,0.91,86125
36081120300,Queens County,New York,True,45.95,32.95,11.48,13.79,61000
36081120500,Queens County,New York,True,71.52,55.64,22.68,12.01,26563
36081120701,Queens County,New York,True,11.24,39.8,7.41,21.43,115750
36081120702,Queens County,New York,False,,,,,
36081121100,Queens County,New York,False,,,,,
36081121500,Queens County,New York,True,49.09,61.87,9.77,31.75,92412
36081122300,Queens County,New York,True,21.41,52.71,8.09,11.55,96313
36081122702,Queens County,New York,True,87.23,46.33,31.12,8.0,26161
36081122703,Queens County,New York,True,62.26,43.85,12.5,3.5,68089
36081122704,Queens County,New York,True,57.23,37.77,11.19,5.07,82292
36081124100,Queens County,New York,True,25.61,48.03,4.03,5.34,96560
36081124700,Queens County,New York,True,12.73,12.5,4.17,0.0,118813
36081125700,Queens County,New York,True,36.11,50.4,11.24,12.87,107125
36081126500,Queens County,New York,True,38.81,49.62,14.28,11.45,146250
36081126700,Queens County,New York,True,34.09,31.11,8.5,2.67,98000
36081127700,Queens County,New York,True,11.04,75.21,8.34,0.0,119591
36081128300,Queens County,New York,False,,,,,
36081129102,Queens County,New York,True,3.15,26.32,7.49,0.0,150263
36081129103,Queens County,New York,True,33.37,37.04,12.97,2.9,79367
36081129104,Queens County,New York,True,20.14,30.42,8.25,0.0,127303
36081130100,Queens County,New York,True,14.27,57.45,6.05,5.96,94854
36081133300,Queens County,New York,True,33.45,8.79,10.27,1.43,138602
36081133900,Queens County,New York,True,0.62,0.0,6.58,100.0,129934
36081134100,Queens County,New York,True,41.73,52.41,8.89,1.68,59033
36081134701,Queens County,New York,True,93.64,50.68,7.61,5.87,92125
36081134702,Queens County,New York,True,72.67,44.56,9.51,11.23,84031
36081136700,Queens County,New York,True,31.73,63.19,6.15,11.38,82139
36081137700,Queens County,New York,True,39.8,62.94,4.66,0.0,99140
36081138501,Queens County,New York,True,49.9,55.56,11.82,20.85,92132
36081138502,Queens County,New York,False,,,42.25,,
36081139900,Queens County,New York,True,8.83,87.23,9.05,0.0,128000
36081140300,Queens County,New York,True,11.77,39.78,10.66,0.0,71842
36081140901,Queens County,New York,True,31.99,0.0,5.39,0.0,130281
36081140902,Queens County,New York,True,28.64,28.23,8.46,0.0,120208
36081141700,Queens County,New York,True,19.35,60.2,15.58,6.35,76275
36081142900,Queens County,New York,True,23.91,24.24,6.06,12.12,100864
36081143500,Queens County,New York,True,12.12,16.3,4.23,0.0,121875
36081144100,Queens County,New York,True,22.18,33.72,5.9,14.18,111410
36081144700,Queens County,New York,True,40.31,53.11,21.0,7.42,94766
36081145101,Queens County,New York,True,36.08,45.1,9.36,0.0,71154
36081145102,Queens County,New York,True,24.15,64.71,5.72,2.71,93523
36081145900,Queens County,New York,True,24.27,46.35,9.32,5.15,125962
36081146300,Queens County,New York,True,52.9,50.87,7.3,2.44,87244
36081146700,Queens County,New York,True,73.79,38.51,9.63,4.44,106538
36081147100,Queens County,New York,True,30.19,50.59,17.64,0.0,106615
36081147900,Queens County,New York,True,39.15,68.86,10.21,6.14,92045
36081148300,Queens County,New York,True,6.41,20.29,4.91,0.0,178509
36081150701,Queens County,New York,True,31.08,57.06,4.32,2.26,158875
36081150702,Queens County,New York,True,23.89,46.75,6.01,0.0,107375
36081152901,Queens County,New York,True,26.83,20.1,8.68,0.0,100909
36081152902,Queens County,New York,True,20.88,39.54,1.73,0.0,129832
36081155101,Queens County,New York,True,5.48,73.81,7.64,0.0,89931
36081155103,Queens County,New York,True,44.04,31.93,8.39,1.03,114526
36081155104,Queens County,New York,True,50.04,30.07,11.1,0.0,88882
36081156700,Queens County,New York,True,75.17,51.54,30.61,10.57,59722
36081157101,Queens County,New York,True,29.52,61.55,9.01,13.48,90575
36081157102,Queens County,New York,True,37.25,28.07,3.64,12.28,118250
36081157901,Queens County,New York,True,11.17,27.37,14.06,20.11,133542
36081157902,Queens County,New York,True,4.24,35.19,4.1,0.0,107153
36081157903,Queens County,New York,True,24.85,32.75,4.22,3.83,127533
36081161700,Queens County,New York,True,19.86,57.69,5.95,18.91,119688
36081162100,Queens County,New York,True,42.98,30.43,2.75,4.19,121101
36081990100,Queens County,New York,False,,,,,
36083040100,Rensselaer County,New York,True,53.75,56.6,32.9,3.17,39819
36083040200,Rensselaer County,New York,True,60.74,66.79,28.07,0.0,41685
36083040300,Rensselaer County,New York,True,63.79,39.49,12.48,0.0,73636
36083040400,Rensselaer County,New York,True,90.82,69.85,32.54,1.8,35016
36083040500,Rensselaer County,New York,True,76.1,62.67,44.31,0.0,38889
36083040600,Rensselaer County,New York,True,69.97,54.44,39.02,5.28,45044
36083040701,Rensselaer County,New York,True,89.19,46.84,26.28,2.6,43078
36083040702,Rensselaer County,New York,True,58.44,40.91,22.9,0.0,73581
36083040800,Rensselaer County,New York,True,72.54,44.54,21.38,2.91,68664
36083040900,Rensselaer County,New York,True,62.98,51.04,30.58,10.16,62175
36083041000,Rensselaer County,New York,True,66.37,42.09,15.17,4.86,68040
36083041101,Rensselaer County,New York,True,36.73,30.19,8.47,0.0,93208
36083041102,Rensselaer County,New York,True,62.47,46.08,34.0,1.37,42727
36083041200,Rensselaer County,New York,True,44.73,18.41,7.32,0.0,92050
36083041300,Rensselaer County,New York,True,54.46,62.2,29.5,0.0,61875
36083041400,Rensselaer County,New York,True,51.69,53.46,10.27,4.08,68160
36083051500,Rensselaer County,New York,True,73.56,33.65,25.37,2.5,73618
36083051601,Rensselaer County,New York,True,62.85,36.47,28.27,3.58,46399
36083051602,Rensselaer County,New York,True,38.33,27.34,4.78,1.59,107420
36083051701,Rensselaer County,New York,True,14.19,18.18,9.79,0.0,95387
36083051702,Rensselaer County,New York,True,36.3,48.81,16.1,26.88,48214
36083051800,Rensselaer County,New York,True,6.78,40.31,13.15,0.0,92098
36083051901,Rensselaer County,New York,True,11.7,35.94,3.82,0.0,116677
36083051902,Rensselaer County,New York,True,6.27,0.0,2.92,0.0,99450
36083052002,Rensselaer County,New York,True,2.85,20.0,2.8,20.0,119539
36083052003,Rensselaer County,New York,True,19.71,24.23,3.86,5.92,101146
36083052004,Rensselaer County,New York,True,26.49,26.38,2.09,2.69,112415
36083052101,Rensselaer County,New York,True,6.45,7.55,7.96,0.0,100809
36083052102,Rensselaer County,New York,True,9.08,35.85,4.96,0.0,77692
36083052103,Rensselaer County,New York,True,20.03,16.45,6.63,0.0,80313
36083052201,Rensselaer County,New York,True,14.48,38.08,5.32,0.0,126250
36083052203,Rensselaer County,New York,True,15.98,23.86,5.72,0.0,117071
36083052204,Rensselaer County,New York,True,11.61,10.0,3.52,0.0,132019
36083052301,Rensselaer County,New York,True,42.03,29.67,4.7,3.19,130361
36083052303,Rensselaer County,New York,True,16.63,39.02,5.35,0.0,104766
36083052305,Rensselaer County,New York,True,22.11,48.05,6.15,12.99,92730
36083052306,Rensselaer County,New York,True,10.11,52.69,4.81,0.0,119554
36083052402,Rensselaer County,New York,True,13.46,41.32,4.74,0.0,109479
36083052405,Rensselaer County,New York,True,17.1,29.68,6.8,0.0,74879
36083052406,Rensselaer County,New York,True,29.35,50.96,6.41,0.0,99615
36083052407,Rensselaer County,New York,True,32.89,65.22,2.31,1.34,127464
36083052408,Rensselaer County,New York,True,20.47,51.33,6.71,0.0,102333
36083052501,Rensselaer County,New York,True,6.08,35.86,4.32,0.0,125208
36083052502,Rensselaer County,New York,True,14.83,41.32,5.81,0.0,101007
36083052503,Rensselaer County,New York,True,35.66,74.69,14.13,1.22,52056
36083052601,Rensselaer County,New York,True,19.8,35.97,7.84,0.0,93438
36083052602,Rensselaer County,New York,True,38.04,33.53,4.63,0.0,84781
36083052603,Rensselaer County,New York,True,16.24,30.54,3.72,0.0,88617
36085000300,Richmond County,New York,True,68.57,55.54,21.02,19.08,77981
36085000600,Richmond County,New York,True,57.24,45.83,17.95,3.83,34492
36085000700,Richmond County,New York,True,80.74,55.61,39.97,12.44,52813
36085000800,Richmond County,New York,True,25.3,44.04,12.21,3.62,91438
36085000900,Richmond County,New York,True,67.71,49.4,20.37,4.79,66208
36085001100,Richmond County,New York,True,54.65,62.1,34.11,13.69,57368
36085001700,Richmond County,New York,True,41.18,77.96,9.28,0.0,64006
36085001800,Richmond County,New York,True,100.0,11.64,6.32,0.0,67273
36085002001,Richmond County,New York,True,28.04,52.11,3.72,6.81,69620
36085002002,Richmond County,New York,True,40.98,58.98,3.14,0.0,66641
36085002100,Richmond County,New York,True,80.05,59.17,23.94,21.98,46667
36085002700,Richmond County,New York,True,77.22,75.74,63.66,36.72,45848
36085002900,Richmond County,New York,True,68.1,43.7,33.21,7.22,50189
36085003300,Richmond County,New York,True,43.18,63.86,13.16,4.54,95317
36085003600,Richmond County,New York,True,33.22,37.37,13.23,9.34,88929
36085003900,Richmond County,New York,True,75.77,40.36,10.31,9.58,103702
36085004001,Richmond County,New York,True,34.85,52.08,5.37,11.2,59962
36085004002,Richmond County,New York,True,17.91,71.94,8.54,0.0,74759
36085004003,Richmond County,New York,True,92.76,38.33,40.74,10.25,24896
36085004004,Richmond County,New York,True,44.55,48.08,14.47,10.1,120497
36085004700,Richmond County,New York,True,41.59,57.25,7.51,18.91,108750
36085005000,Richmond County,New York,True,27.2,73.28,10.65,21.08,74890
36085005901,Richmond County,New York,True,43.8,39.56,3.92,2.21,95863
36085005902,Richmond County,New York,False,,,,,
36085006400,Richmond County,New York,True,47.01,58.89,19.8,0.0,67946
36085006700,Richmond County,New York,True,37.16,38.83,6.23,19.41,97432
36085007001,Richmond County,New York,True,22.22,61.64,5.87,11.21,78558
36085007002,Richmond County,New York,True,27.91,69.35,14.62,20.56,98574
36085007400,Richmond County,New York,True,30.49,51.47,17.47,17.77,78701
36085007500,Richmond County,New York,True,51.95,57.23,9.6,9.11,81200
36085007700,Richmond County,New York,True,56.79,65.66,31.95,23.23,89961
36085008100,Richmond County,New York,True,44.62,46.82,13.35,10.24,91274
36085009601,Richmond County,New York,True,45.97,33.7,3.53,11.0,105670
36085009602,Richmond County,New York,True,47.58,48.47,4.48,3.49,89392
36085009701,Richmond County,New York,True,46.92,39.79,8.49,8.97,100996
36085009702,Richmond County,New York,True,19.05,100.0,0.0,0.0,
36085010500,Richmond County,New York,True,48.47,51.46,17.44,1.05,96607
36085011201,Richmond County,New York,True,40.94,43.59,3.53,6.41,92387
36085011203,Richmond County,New York,True,26.78,70.22,16.67,12.48,72935
36085011204,Richmond County,New York,True,100.0,40.74,14.67,59.26,
36085011401,Richmond County,New York,True,59.3,71.38,15.28,0.0,50878
36085011402,Richmond County,New York,True,30.89,19.41,1.41,4.58,111058
36085012100,Richmond County,New York,True,2.11,100.0,1.15,0.0,202699
36085012200,Richmond County,New York,True,26.68,44.17,7.9,7.32,127824
36085012500,Richmond County,New York,True,25.17,45.67,5.39,7.96,138000
36085012804,Richmond County,New York,True,27.15,57.0,4.35,0.97,97624
36085012805,Richmond County,New York,True,21.66,76.65,4.03,4.19,134512
36085012806,Richmond County,New York,True,64.0,68.22,12.64,11.24,67857
36085013201,Richmond County,New York,True,3.66,35.0,21.18,0.0,117083
36085013203,Richmond County,New York,True,24.21,44.19,3.67,15.56,102750
36085013204,Richmond County,New York,True,37.0,53.63,11.38,0.0,108447
36085013301,Richmond County,New York,True,96.99,36.16,37.76,6.4,33705
36085013302,Richmond County,New York,True,60.0,50.6,31.59,14.51,92070
36085013400,Richmond County,New York,True,36.3,46.99,16.71,5.62,93145
36085013800,Richmond County,New York,True,10.54,6.13,2.33,21.46,146975
36085014100,Richmond County,New York,True,48.48,51.27,13.9,8.41,92500
36085014604,Richmond County,New York,True,22.54,62.94,4.38,0.0,126950
36085014605,Richmond County,New York,True,17.22,40.0,2.69,0.0,148065
36085014606,Richmond County,New York,True,14.24,40.19,6.7,0.0,97247
36085014607,Richmond County,New York,True,9.31,26.28,8.19,0.0,130294
36085014608,Richmond County,New York,True,8.29,48.57,4.68,0.0,105625
36085014700,Richmond County,New York,True,26.04,51.0,5.41,5.72,123015
36085015100,Richmond County,New York,True,22.57,53.25,5.73,10.25,115769
36085015400,Richmond County,New York,False,,,,,
36085015601,Richmond County,New York,True,29.57,40.21,7.52,23.27,112076
36085015602,Richmond County,New York,True,10.27,30.0,10.44,0.0,145682
36085015603,Richmond County,New York,True,15.6,55.16,12.39,4.98,102792
36085016901,Richmond County,New York,True,33.72,46.74,0.87,2.27,129583
36085017005,Richmond County,New York,True,24.95,50.88,2.92,6.36,100965
36085017007,Richmond County,New York,True,10.73,72.28,10.87,0.0,107003
36085017009,Richmond County,New York,True,20.97,76.35,2.96,2.69,124196
36085017011,Richmond County,New York,True,14.41,38.2,13.21,6.01,128933
36085017012,Richmond County,New York,True,18.34,65.26,7.31,10.06,126250
36085017013,Richmond County,New York,True,16.81,86.81,2.75,2.13,99914
36085017014,Richmond County,New York,True,21.12,26.47,4.9,0.0,112567
36085017015,Richmond County,New York,True,17.45,21.35,0.25,0.0,116923
36085017016,Richmond County,New York,True,19.34,35.79,2.53,0.0,104313
36085017300,Richmond County,New York,True,64.31,44.04,11.63,3.29,55114
36085017600,Richmond County,New York,True,6.69,59.62,1.37,0.0,111786
36085017701,Richmond County,New York,True,9.7,52.48,8.9,6.38,131719
36085017702,Richmond County,New York,True,21.62,66.5,13.65,4.57,118743
36085018100,Richmond County,New York,True,38.6,54.68,18.51,4.22,98807
36085018701,Richmond County,New York,True,27.27,41.8,9.52,24.87,100903
36085018703,Richmond County,New York,True,27.1,53.47,10.1,13.53,96642
36085018704,Richmond County,New York,True,14.69,8.14,2.11,0.0,145432
36085018901,Richmond County,New York,True,22.04,43.05,12.5,18.45,136370
36085018902,Richmond County,New York,True,12.42,74.37,17.79,20.6,101700
36085019700,Richmond County,New York,True,11.24,34.18,1.42,0.0,111250
36085019800,Richmond County,New York,True,32.92,79.15,9.3,0.0,131496
36085020100,Richmond County,New York,True,32.39,68.36,10.49,14.25,116591
36085020701,Richmond County,New York,True,61.49,81.7,20.04,9.62,58495
36085020702,Richmond County,New York,True,48.57,59.69,30.49,5.45,46638
36085020803,Richmond County,New York,True,23.43,51.96,7.58,18.91,108076
36085020804,Richmond County,New York,True,18.97,48.75,4.8,0.0,104049
36085020805,Richmond County,New York,True,13.23,50.8,4.6,0.0,129939
36085020806,Richmond County,New York,True,13.96,75.41,10.86,0.0,98683
36085021300,Richmond County,New York,True,38.7,48.42,14.43,27.69,103992
36085022300,Richmond County,New York,True,17.65,68.62,17.13,30.85,64964
36085022601,Richmond County,New York,True,28.93,53.11,4.35,8.78,104385
36085022602,Richmond County,New York,True,52.44,84.84,26.44,0.0,
36085022801,Richmond County,New York,True,60.0,0.0,0.0,0.0,
36085022802,Richmond County,New York,False,,,,,
36085023100,Richmond County,New York,True,33.36,71.57,16.03,14.71,86589
36085023900,Richmond County,New York,True,27.49,77.35,10.94,9.41,66833
36085024401,Richmond County,New York,True,11.27,22.38,1.87,0.0,176363
36085024402,Richmond County,New York,True,13.12,42.74,5.48,0.0,131042
36085024700,Richmond County,New York,True,33.26,48.29,10.45,6.85,79833
36085024800,Richmond County,New York,True,21.31,36.24,12.18,22.22,131745
36085025100,Richmond County,New York,True,26.91,69.3,8.33,0.0,109494
36085027301,Richmond County,New York,True,18.07,22.38,9.45,19.13,116181
36085027302,Richmond County,New York,True,25.32,41.4,11.32,31.85,106979
36085027702,Richmond County,New York,True,29.94,38.74,14.19,8.52,88295
36085027704,Richmond County,New York,True,23.13,52.96,19.33,11.27,82315
36085027705,Richmond County,New York,True,20.84,55.28,6.85,16.95,99803
36085027706,Richmond County,New York,True,28.72,56.17,29.22,9.26,60781
36085027900,Richmond County,New York,True,18.04,89.66,6.33,0.0,167934
36085029102,Richmond County,New York,True,18.37,57.79,4.8,0.0,123393
36085029104,Richmond County,New York,True,31.14,42.58,13.9,0.0,97412
36085029105,Richmond County,New York,True,32.49,29.51,6.92,9.32,118597
36085029106,Richmond County,New York,True,33.93,48.24,13.74,0.0,75347
36085030301,Richmond County,New York,True,37.77,41.22,5.28,0.0,118913
36085030302,Richmond County,New York,True,17.98,51.06,9.88,9.84,89917
36085031901,Richmond County,New York,True,79.9,33.51,37.44,6.6,51743
36085031902,Richmond County,New York,True,44.49,66.38,20.48,0.0,92083
36085032300,Richmond County,New York,True,28.15,82.93,11.26,4.07,79688
36085990100,Richmond County,New York,False,,,,,
36087010101,Rockland County,New York,True,14.69,44.61,3.67,0.0,153293
36087010102,Rockland County,New York,True,12.43,80.3,4.65,22.17,132740
36087010200,Rockland County,New York,True,17.37,82.09,7.53,12.69,101863
36087010501,Rockland County,New York,True,6.19,87.5,3.28,0.0,133623
36087010503,Rockland County,New York,True,7.56,48.53,2.51,0.0,147083
36087010504,Rockland County,New York,True,29.77,49.12,17.94,4.27,83778
36087010601,Rockland County,New York,True,20.71,21.72,12.67,9.43,120500
36087010602,Rockland County,New York,True,55.91,48.09,21.14,13.22,66541
36087010701,Rockland County,New York,True,27.32,65.47,16.02,9.12,81628
36087010702,Rockland County,New York,True,66.52,69.11,18.69,19.05,63929
36087010703,Rockland County,New York,True,59.9,63.05,14.35,17.27,77708
36087010801,Rockland County,New York,True,1.34,50.0,1.48,0.0,242708
36087010802,Rockland County,New York,True,1.61,60.71,5.24,0.0,189211
36087010803,Rockland County,New York,True,16.03,83.27,6.22,13.88,113155
36087010804,Rockland County,New York,True,13.31,71.82,3.95,0.0,165147
36087010901,Rockland County,New York,True,10.42,40.76,7.38,24.84,184063
36087010902,Rockland County,New York,True,8.94,40.48,3.37,0.0,129135
36087011000,Rockland County,New York,True,5.99,50.0,10.39,0.0,188125
36087011101,Rockland County,New York,True,5.5,33.01,1.94,0.0,125705
36087011102,Rockland County,New York,True,35.19,54.94,3.48,0.0,129219
36087011200,Rockland County,New York,True,6.97,32.48,2.55,19.11,136818
36087011302,Rockland County,New York,True,16.26,43.66,6.84,3.38,131406
36087011303,Rockland County,New York,True,34.04,49.74,8.12,7.62,116019
36087011304,Rockland County,New York,True,83.72,62.09,24.96,11.42,57031
36087011305,Rockland County,New York,True,67.54,50.61,14.2,1.89,106458
36087011401,Rockland County,New York,True,0.0,,2.07,,191435
36087011403,Rockland County,New York,True,9.77,64.97,5.55,0.0,152500
36087011404,Rockland County,New York,True,10.07,46.36,4.88,0.0,126726
36087011405,Rockland County,New York,True,14.18,44.58,7.55,0.0,158259
36087011505,Rockland County,New York,True,90.36,77.95,62.39,36.56,30568
36087011506,Rockland County,New York,True,77.58,71.21,53.68,30.64,34767
36087011507,Rockland County,New York,True,4.17,44.74,5.51,55.26,165263
36087011508,Rockland County,New York,True,13.92,59.54,8.76,0.0,164609
36087011509,Rockland County,New York,True,13.82,42.55,18.71,24.11,113902
36087011510,Rockland County,New York,True,9.74,100.0,1.87,0.0,125565
36087011511,Rockland County,New York,True,32.27,68.75,18.27,9.21,127016
36087011512,Rockland County,New York,True,23.28,33.2,10.38,62.85,151790
36087011601,Rockland County,New York,True,20.08,23.41,2.13,0.0,172841
36087011602,Rockland County,New York,True,44.22,67.9,16.9,0.0,64315
36087011603,Rockland County,New York,True,19.34,69.5,15.59,4.4,104537
36087011700,Rockland County,New York,True,12.52,55.15,5.38,15.44,108043
36087011800,Rockland County,New York,True,48.33,54.26,4.03,11.17,90917
36087011901,Rockland County,New York,True,35.22,78.61,7.19,6.25,111958
36087011902,Rockland County,New York,True,60.36,38.19,10.28,9.38,112357
36087012000,Rockland County,New York,True,9.18,2.27,1.71,6.82,95625
36087012107,Rockland County,New York,True,72.93,75.62,53.6,28.75,44284
36087012108,Rockland County,New York,True,90.44,62.34,59.87,21.74,27368
36087012109,Rockland County,New York,True,68.59,87.13,30.25,16.58,38977
36087012110,Rockland County,New York,True,66.37,79.32,69.14,46.59,28702
36087012111,Rockland County,New York,True,40.82,40.38,35.17,21.54,91080
36087012112,Rockland County,New York,True,42.91,69.05,42.12,34.23,84656
36087012113,Rockland County,New York,True,56.92,60.84,49.03,18.01,52147
36087012114,Rockland County,New York,True,61.47,89.14,46.98,16.16,41792
36087012115,Rockland County,New York,True,50.15,54.39,31.16,26.32,107375
36087012116,Rockland County,New York,True,57.76,73.61,46.69,50.85,53052
36087012203,Rockland County,New York,True,70.91,56.74,26.56,14.82,60877
36087012204,Rockland County,New York,True,55.8,69.8,30.33,35.4,63409
36087012205,Rockland County,New York,True,81.23,64.92,35.78,20.57,50214
36087012206,Rockland County,New York,True,54.46,57.49,21.34,18.29,62955
36087012301,Rockland County,New York,True,79.44,58.39,33.98,42.24,63382
36087012302,Rockland County,New York,True,78.52,62.71,33.91,16.3,56250
36087012401,Rockland County,New York,True,80.43,69.37,17.43,31.95,65541
36087012403,Rockland County,New York,True,81.26,66.82,28.32,10.59,56365
36087012404,Rockland County,New York,True,67.14,54.33,29.65,26.7,58750
36087012503,Rockland County,New York,True,36.76,33.67,8.97,2.02,102717
36087012504,Rockland County,New York,True,14.39,7.98,5.35,6.13,132798
36087012505,Rockland County,New York,True,19.56,27.1,11.47,23.36,94951
36087012506,Rockland County,New York,True,19.84,31.18,0.54,0.0,104884
36087012600,Rockland County,New York,True,13.71,100.0,12.38,38.13,134750
36087012700,Rockland County,New York,True,38.29,48.36,4.64,3.14,111555
36087012800,Rockland County,New York,True,14.79,88.16,3.95,0.0,180536
36087013001,Rockland County,New York,True,2.32,5.88,9.33,0.0,174725
36087013002,Rockland County,New York,True,12.21,55.0,8.44,0.0,109007
36087013003,Rockland County,New York,True,20.77,59.67,10.8,0.0,177879
36087013101,Rockland County,New York,True,63.48,41.21,5.9,4.55,120893
36087013102,Rockland County,New York,True,62.55,37.68,9.68,3.89,127434
36087013200,Rockland County,New York,True,32.42,56.01,3.39,3.07,121667
36087013300,Rockland County,New York,True,33.8,46.75,1.11,0.0,140450
36087013401,Rockland County,New York,True,10.19,31.79,3.7,0.0,151296
36087013402,Rockland County,New York,True,0.73,33.33,1.83,0.0,192875
36089490100,St. Lawrence County,New York,True,50.94,60.12,28.71,0.0,50930
36089490200,St. Lawrence County,New York,True,25.38,36.76,18.72,5.02,71857
36089490300,St. Lawrence County,New York,True,41.2,57.6,22.76,2.18,46415
36089490400,St. Lawrence County,New York,True,16.23,38.27,10.09,0.0,91429
36089490500,St. Lawrence County,New York,True,15.0,51.58,18.37,14.03,71563
36089490600,St. Lawrence County,New York,True,23.93,42.39,13.43,12.41,67500
36089490700,St. Lawrence County,New York,True,22.78,45.04,16.66,7.27,63929
36089490800,St. Lawrence County,New York,True,53.57,54.04,30.73,0.0,55139
36089490900,St. Lawrence County,New York,True,58.59,69.44,17.71,0.62,38797
36089491000,St. Lawrence County,New York,True,22.52,39.63,14.88,0.0,60813
36089491100,St. Lawrence County,New York,True,100.0,66.67,0.0,0.0,
36089491200,St. Lawrence County,New York,False,,,,,
36089491300,St. Lawrence County,New York,True,8.24,31.97,7.95,0.0,73963
36089491400,St. Lawrence County,New York,True,34.63,28.9,11.03,0.0,62188
36089491500,St. Lawrence County,New York,True,34.6,38.81,22.68,1.26,63808
36089491600,St. Lawrence County,New York,True,29.48,45.63,12.7,1.9,58088
36089491700,St. Lawrence County,New York,True,12.61,17.78,13.75,0.0,85263
36089491800,St. Lawrence County,New York,True,13.46,28.5,10.58,4.66,65086
36089491900,St. Lawrence County,New York,False,,,,,
36089492000,St. Lawrence County,New York,True,30.73,28.85,10.76,0.0,80833
36089492100,St. Lawrence County,New York,True,53.17,32.78,18.13,0.0,47991
36089492301,St. Lawrence County,New York,True,11.97,36.42,14.12,0.0,71444
36089492302,St. Lawrence County,New York,True,8.33,12.2,4.84,7.32,92500
36089492401,St. Lawrence County,New York,True,12.56,42.27,11.55,0.0,62778
36089492501,St. Lawrence County,New York,True,15.61,25.36,18.8,0.0,52391
36089492600,St. Lawrence County,New York,True,17.11,30.71,15.35,7.86,60444
36089492700,St. Lawrence County,New York,True,43.26,57.9,21.44,3.65,44411
36089492800,St. Lawrence County,New York,True,18.88,48.78,26.54,8.78,67614
36089492900,St. Lawrence County,New York,True,19.75,38.15,27.58,4.05,72885
36089493000,St. Lawrence County,New York,True,7.52,13.51,11.76,0.0,68553
36091060102,Saratoga County,New York,True,31.6,31.04,12.41,0.67,95861
36091060103,Saratoga County,New York,True,5.27,52.78,6.83,0.0,117132
36091060104,Saratoga County,New York,True,21.61,54.77,16.23,2.51,65761
36091060200,Saratoga County,New York,True,50.36,41.95,12.4,1.2,58542
36091060301,Saratoga County,New York,True,10.86,43.14,8.84,0.0,84606
36091060400,Saratoga County,New York,True,34.25,30.38,13.95,0.0,76071
36091060501,Saratoga County,New York,True,16.31,33.81,11.48,0.0,73750
36091060504,Saratoga County,New York,True,9.51,41.18,19.8,0.0,74063
36091060505,Saratoga County,New York,True,13.78,28.38,11.48,0.0,58083
36091060506,Saratoga County,New York,True,3.14,19.05,12.67,0.0,88188
36091060507,Saratoga County,New York,True,15.94,36.36,3.97,0.0,107500
36091060601,Saratoga County,New York,True,31.09,56.36,16.88,2.49,86833
36091060602,Saratoga County,New York,True,13.6,63.33,14.63,0.0,85375
36091060703,Saratoga County,New York,True,13.77,13.64,3.98,0.0,108952
36091060704,Saratoga County,New York,True,37.34,53.84,6.23,0.0,82250
36091060705,Saratoga County,New York,True,55.12,45.62,4.29,0.0,90313
36091060706,Saratoga County,New York,True,5.66,87.18,3.63,0.0,135368
36091060800,Saratoga County,New York,True,8.9,30.93,7.7,0.0,91178
36091060901,Saratoga County,New York,True,15.0,31.76,2.63,0.0,114840
36091060902,Saratoga County,New York,True,34.01,54.07,14.33,2.22,69423
36091061001,Saratoga County,New York,True,60.77,35.22,9.2,0.0,100192
36091061002,Saratoga County,New York,True,70.79,25.58,17.09,11.44,65530
36091061101,Saratoga County,New York,True,42.94,42.07,16.16,0.0,108299
36091061102,Saratoga County,New York,True,29.5,39.03,1.97,0.0,116324
36091061201,Saratoga County,New York,True,66.88,28.2,14.74,0.0,95878
36091061202,Saratoga County,New York,True,52.41,39.69,15.47,0.0,118646
36091061301,Saratoga County,New York,True,24.75,45.48,10.24,0.0,166382
36091061303,Saratoga County,New York,True,0.0,,0.0,,
36091061304,Saratoga County,New York,True,1.76,0.0,4.3,0.0,120079
36091061305,Saratoga County,New York,True,40.51,61.47,6.52,4.29,77347
36091061401,Saratoga County,New York,True,12.54,41.55,10.11,0.0,79141
36091061403,Saratoga County,New York,True,30.52,35.59,3.87,1.47,98203
36091061404,Saratoga County,New York,True,9.05,0.0,1.14,0.0,163050
36091061500,Saratoga County,New York,True,9.54,32.35,8.9,0.0,110149
36091061600,Saratoga County,New York,True,3.64,17.74,5.04,0.0,106801
36091061701,Saratoga County,New York,True,25.53,40.93,3.25,2.75,118162
36091061702,Saratoga County,New York,True,16.78,21.9,6.33,0.0,115893
36091061800,Saratoga County,New York,True,33.58,37.21,8.36,0.0,102104
36091061904,Saratoga County,New York,True,36.29,32.91,4.07,0.0,110353
36091061905,Saratoga County,New York,True,29.86,58.6,8.37,0.0,103405
36091061906,Saratoga County,New York,True,55.37,26.84,16.81,10.64,101375
36091061907,Saratoga County,New York,True,27.31,25.48,1.61,3.29,118859
36091062001,Saratoga County,New York,True,18.27,52.86,7.13,0.57,105903
36091062002,Saratoga County,New York,True,15.23,0.0,5.08,0.0,121806
36091062100,Saratoga County,New York,True,36.29,17.97,8.0,0.0,90060
36091062200,Saratoga County,New York,True,58.76,52.59,19.22,0.0,48658
36091062300,Saratoga County,New York,True,61.17,48.89,16.03,0.0,53462
36091062404,Saratoga County,New York,True,24.4,42.25,2.43,0.0,98854
36091062406,Saratoga County,New York,True,34.75,40.8,6.44,0.0,100552
36091062407,Saratoga County,New York,True,35.58,26.68,3.89,6.86,119478
36091062408,Saratoga County,New York,True,12.89,35.23,4.38,0.0,103560
36091062409,Saratoga County,New York,True,40.92,48.12,8.04,0.0,80218
36091062410,Saratoga County,New York,True,73.0,36.33,3.46,5.66,84529
36091062501,Saratoga County,New York,True,2.82,0.0,1.7,0.0,146544
36091062503,Saratoga County,New York,True,14.68,33.54,1.09,8.54,115759
36091062505,Saratoga County,New York,True,0.78,0.0,2.27,0.0,150995
36091062506,Saratoga County,New York,True,7.87,40.35,2.05,0.0,124878
36091062507,Saratoga County,New York,True,25.85,51.29,4.45,2.8,112986
36091062508,Saratoga County,New York,True,38.6,52.52,3.71,0.68,111352
36091062509,Saratoga County,New York,True,28.67,29.57,1.99,0.0,137091
36091062601,Saratoga County,New York,True,4.89,8.62,2.42,0.0,162396
36091062602,Saratoga County,New York,True,13.33,69.88,1.88,0.0,167389
36091062700,Saratoga County,New York,True,25.75,14.18,7.45,0.0,93214
36091062800,Saratoga County,New York,True,46.23,26.24,10.6,1.03,72938
36091062900,Saratoga County,New York,True,23.92,37.23,0.0,0.0,92604
36093020101,Schenectady County,New York,True,47.65,19.34,3.52,1.51,96207
36093020102,Schenectady County,New York,True,49.1,68.67,26.09,0.0,54089
36093020200,Schenectady County,New York,True,66.03,36.95,26.97,7.2,58304
36093020300,Schenectady County,New York,True,76.38,50.29,29.16,0.0,47969
36093020500,Schenectady County,New York,True,24.13,57.59,16.34,13.5,74697
36093020600,Schenectady County,New York,True,30.97,47.99,7.19,0.0,84525
36093020700,Schenectady County,New York,True,33.28,59.67,27.04,9.45,64073
36093020800,Schenectady County,New York,True,80.41,64.5,30.75,1.08,31902
36093020900,Schenectady County,New York,True,76.15,87.93,42.53,2.28,32336
36093021001,Schenectady County,New York,True,98.28,53.86,19.78,2.04,38125
36093021002,Schenectady County,New York,True,81.49,52.58,57.42,14.88,14329
36093021200,Schenectady County,New York,True,42.4,53.3,11.35,7.13,58705
36093021400,Schenectady County,New York,True,56.59,67.97,41.11,1.09,55012
36093021500,Schenectady County,New York,True,68.48,89.88,48.96,4.94,33889
36093021600,Schenectady County,New York,True,33.38,61.69,16.44,0.0,67813
36093021700,Schenectady County,New York,True,64.22,43.69,29.69,0.0,54472
36093021801,Schenectady County,New York,True,15.72,70.39,15.67,1.32,94154
36093021802,Schenectady County,New York,True,54.71,49.57,17.75,7.75,69025
36093031901,Schenectady County,New York,True,7.85,11.19,4.34,20.9,136582
36093031902,Schenectady County,New York,True,30.58,41.92,6.63,0.0,119688
36093032000,Schenectady County,New York,True,28.31,37.19,5.93,4.44,107233
36093032101,Schenectady County,New York,True,8.67,43.89,1.26,0.0,185464
36093032102,Schenectady County,New York,True,2.42,0.0,1.42,0.0,180761
36093032200,Schenectady County,New York,True,24.61,74.07,5.88,0.0,79390
36093032300,Schenectady County,New York,True,27.13,24.48,3.06,0.0,71906
36093032402,Schenectady County,New York,True,55.97,34.15,3.25,0.78,83644
36093032403,Schenectady County,New York,True,19.52,47.78,1.83,0.0,100417
36093032404,Schenectady County,New York,True,21.4,40.89,5.45,0.0,106134
36093032502,Schenectady County,New York,True,3.75,85.0,2.72,0.0,109444
36093032503,Schenectady County,New York,True,10.04,66.25,7.16,0.0,116622
36093032504,Schenectady County,New York,True,2.25,21.05,2.99,0.0,109750
36093032601,Schenectady County,New York,True,27.26,32.02,3.36,2.77,105139
36093032602,Schenectady County,New York,True,51.47,45.55,8.33,0.0,78654
36093032700,Schenectady County,New York,True,30.08,44.66,12.46,2.67,72667
36093032901,Schenectady County,New York,True,7.63,41.44,5.69,0.0,90602
36093032902,Schenectady County,New York,True,8.86,25.79,5.76,3.77,88065
36093033002,Schenectady County,New York,True,10.79,92.0,6.74,0.0,113850
36093033003,Schenectady County,New York,True,28.16,45.14,2.66,0.0,90547
36093033004,Schenectady County,New York,True,34.26,38.21,13.15,3.71,94375
36093033101,Schenectady County,New York,True,8.28,67.65,4.25,0.0,98438
36093033102,Schenectady County,New York,True,12.88,47.95,9.77,0.0,95378
36093033200,Schenectady County,New York,True,36.25,34.22,12.88,3.8,69258
36093033300,Schenectady County,New York,True,15.01,28.93,2.54,0.0,75344
36093033400,Schenectady County,New York,True,50.16,41.83,5.66,3.27,69176
36093033500,Schenectady County,New York,True,79.08,44.29,8.19,0.0,60286
36095740100,Schoharie County,New York,True,26.73,39.96,10.93,6.39,71957
36095740200,Schoharie County,New York,True,46.85,45.62,15.05,2.1,54706
36095740300,Schoharie County,New York,False,,,,,
36095740400,Schoharie County,New York,True,19.06,28.2,14.38,5.22,79432
36095740500,Schoharie County,New York,True,21.77,47.42,9.67,10.64,59236
36095740600,Schoharie County,New York,True,7.23,31.11,10.76,2.22,71949
36095740700,Schoharie County,New York,True,19.27,48.57,10.51,0.71,57238
36095740800,Schoharie County,New York,True,5.02,21.88,7.59,0.0,82917
36097950100,Schuyler County,New York,True,8.57,75.71,15.65,0.0,79904
36097950200,Schuyler County,New York,True,18.6,27.82,5.56,0.0,86131
36097950300,Schuyler County,New York,True,15.28,36.21,17.73,0.0,64702
36097950400,Schuyler County,New York,True,33.88,42.78,12.25,4.69,53668
36097950500,Schuyler County,New York,True,27.43,45.95,17.61,8.1,65240
36099950100,Seneca County,New York,True,15.09,43.07,11.2,0.0,70769
36099950200,Seneca County,New York,True,40.12,41.61,22.52,3.4,61071
36099950300,Seneca County,New York,True,25.21,49.88,12.32,0.0,71324
36099950400,Seneca County,New York,True,45.81,36.41,14.15,0.0,59268
36099950500,Seneca County,New York,True,38.85,62.15,16.91,4.77,49527
36099950600,Seneca County,New York,True,29.87,19.46,4.94,0.0,69279
36099950700,Seneca County,New York,True,17.91,33.09,9.8,0.0,77875
36099950801,Seneca County,New York,False,,,,,
36099950802,Seneca County,New York,True,23.92,51.48,18.12,4.26,74292
36099950900,Seneca County,New York,True,29.0,30.77,16.6,4.52,74231
36099951000,Seneca County,New York,True,16.61,38.3,7.6,0.0,75688
36101960100,Steuben County,New York,True,11.43,18.75,6.81,0.0,68906
36101960200,Steuben County,New York,True,12.55,33.33,18.64,31.06,69107
36101960300,Steuben County,New York,True,11.44,28.83,15.03,15.32,65286
36101960400,Steuben County,New York,True,23.03,39.04,19.98,0.9,65385
36101960500,Steuben County,New York,True,8.76,36.36,10.61,6.06,69194
36101960600,Steuben County,New York,True,17.43,40.34,8.41,0.0,73014
36101960700,Steuben County,New York,True,58.26,23.36,14.28,0.0,47188
36101960800,Steuben County,New York,True,54.57,50.77,27.15,2.81,47969
36101960900,Steuben County,New York,True,38.22,46.19,28.72,0.0,46989
36101961000,Steuben County,New York,True,17.66,28.98,13.16,5.31,69668
36101961100,Steuben County,New York,True,26.76,47.22,15.66,3.33,49271
36101961200,Steuben County,New York,True,40.05,38.65,20.35,0.0,48936
36101961300,Steuben County,New York,True,18.19,33.33,17.57,8.43,51420
36101961400,Steuben County,New York,True,17.7,32.1,8.42,0.0,76845
36101961500,Steuben County,New York,True,7.42,25.86,7.88,13.79,81250
36101961600,Steuben County,New York,True,9.48,63.33,6.24,6.67,88281
36101961700,Steuben County,New York,True,16.11,50.0,21.9,43.62,74508
36101961800,Steuben County,New York,True,11.77,30.94,20.99,2.16,65398
36101961900,Steuben County,New York,True,24.94,52.26,10.69,0.0,62660
36101962000,Steuben County,New York,True,15.37,13.42,11.21,1.73,73521
36101962100,Steuben County,New York,True,15.27,26.42,14.16,1.26,64450
36101962200,Steuben County,New York,True,26.54,39.53,14.86,3.88,57105
36101962301,Steuben County,New York,True,34.98,51.17,7.28,8.09,104706
36101962302,Steuben County,New York,True,28.9,61.93,12.71,0.0,70100
36101962400,Steuben County,New York,True,36.19,37.04,10.12,2.04,66908
36101962500,Steuben County,New York,True,49.54,38.55,13.55,0.0,49605
36101962600,Steuben County,New York,True,51.14,49.4,9.7,0.0,59773
36101962700,Steuben County,New York,True,58.04,41.83,13.39,0.0,60677
36101962800,Steuben County,New York,True,13.46,29.55,6.89,0.0,88113
36101962900,Steuben County,New York,True,14.76,41.94,9.83,0.0,90882
36101963000,Steuben County,New York,True,6.62,12.63,5.79,0.0,94712
36103110101,Suffolk County,New York,True,2.74,21.88,2.08,0.0,250001
36103110103,Suffolk County,New York,True,7.25,89.47,2.76,0.0,163716
36103110104,Suffolk County,New York,True,6.64,0.0,1.51,0.0,250001
36103110200,Suffolk County,New York,True,10.52,66.53,4.07,12.24,168000
36103110300,Suffolk County,New York,True,11.03,36.4,2.56,0.0,225613
36103110401,Suffolk County,New York,True,0.0,,3.31,,196029
36103110402,Suffolk County,New York,True,4.63,33.33,1.45,0.0,182250
36103110501,Suffolk County,New York,True,2.18,23.08,5.37,0.0,229712
36103110502,Suffolk County,New York,True,12.92,70.99,9.86,6.87,182283
36103110601,Suffolk County,New York,True,14.81,39.78,7.67,0.0,145423
36103110602,Suffolk County,New York,True,13.1,42.77,18.91,0.0,161288
36103110801,Suffolk County,New York,True,10.48,23.08,3.29,0.0,203500
36103110803,Suffolk County,New York,True,1.31,0.0,2.85,0.0,169896
36103110901,Suffolk County,New York,True,33.41,30.84,3.71,15.9,158852
36103110902,Suffolk County,New York,True,26.96,26.63,11.39,0.0,136885
36103111001,Suffolk County,New York,True,25.39,52.63,5.11,14.17,136107
36103111002,Suffolk County,New York,True,37.0,58.73,8.2,10.14,126375
36103111101,Suffolk County,New York,True,18.61,50.85,7.7,47.46,130417
36103111102,Suffolk County,New York,True,29.66,29.56,16.3,30.19,158667
36103111103,Suffolk County,New York,True,16.96,81.5,9.18,6.94,124091
36103111201,Suffolk County,New York,True,22.18,13.08,4.55,35.05,146270
36103111202,Suffolk County,New York,True,27.6,9.09,2.8,0.56,106451
36103111300,Suffolk County,New York,True,7.23,60.17,5.71,0.0,189118
36103111401,Suffolk County,New York,True,8.95,65.96,8.34,0.0,174635
36103111402,Suffolk County,New York,True,1.31,47.83,2.94,0.0,161681
36103111503,Suffolk County,New York,True,25.63,57.36,7.35,0.22,131726
36103111504,Suffolk County,New York,True,2.41,31.58,3.39,0.0,180139
36103111506,Suffolk County,New York,True,2.18,35.0,2.94,0.0,205526
36103111507,Suffolk County,New York,True,12.28,32.53,4.26,18.07,191204
36103111508,Suffolk County,New York,True,11.39,51.8,4.49,30.22,159196
36103111601,Suffolk County,New York,True,6.39,26.74,4.99,0.0,168056
36103111602,Suffolk County,New York,True,8.75,74.11,3.37,0.0,117557
36103111701,Suffolk County,New York,True,24.71,12.86,8.29,0.0,157948
36103111703,Suffolk County,New York,True,4.28,34.88,12.32,0.0,158646
36103111704,Suffolk County,New York,True,3.56,0.0,6.66,0.0,161815
36103111801,Suffolk County,New York,True,6.93,0.0,3.65,0.0,173333
36103111802,Suffolk County,New York,True,0.0,,7.37,,168125
36103111803,Suffolk County,New York,True,4.45,50.0,1.46,36.84,194188
36103111804,Suffolk County,New York,True,1.01,0.0,1.37,0.0,181940
36103111900,Suffolk County,New York,True,5.0,32.99,3.87,13.4,185745
36103112001,Suffolk County,New York,True,18.95,21.23,5.16,0.0,142869
36103112002,Suffolk County,New York,True,4.2,25.32,1.96,0.0,162973
36103112102,Suffolk County,New York,True,2.51,0.0,2.93,0.0,250001
36103112103,Suffolk County,New York,True,9.4,42.76,1.15,0.0,146875
36103112104,Suffolk County,New York,True,4.61,38.24,4.71,0.0,213684
36103112204,Suffolk County,New York,True,5.96,45.07,10.74,0.0,159671
36103112211,Suffolk County,New York,True,0.66,0.0,5.67,0.0,196034
36103112212,Suffolk County,New York,True,2.48,0.0,0.22,0.0,250001
36103112213,Suffolk County,New York,True,8.74,13.64,4.24,19.7,210469
36103112215,Suffolk County,New York,True,33.79,73.37,2.47,3.54,126046
36103112216,Suffolk County,New York,True,2.26,40.74,5.2,0.0,209663
36103112217,Suffolk County,New York,True,6.24,45.16,1.27,0.0,250001
36103112218,Suffolk County,New York,True,2.49,43.75,2.21,0.0,201200
36103112219,Suffolk County,New York,True,11.32,66.29,5.62,0.0,105047
36103112220,Suffolk County,New York,True,2.67,100.0,2.6,0.0,250001
36103122300,Suffolk County,New York,True,22.37,33.56,2.68,20.76,129592
36103122405,Suffolk County,New York,True,5.95,54.72,5.41,20.75,142625
36103122407,Suffolk County,New York,True,20.93,75.21,6.67,0.0,87784
36103122408,Suffolk County,New York,True,13.19,45.86,1.46,6.77,152500
36103122502,Suffolk County,New York,True,4.23,100.0,4.53,47.83,155931
36103122602,Suffolk County,New York,True,7.61,34.23,1.27,0.0,151852
36103122603,Suffolk County,New York,True,13.55,70.12,1.79,0.0,158843
36103122604,Suffolk County,New York,True,11.78,68.7,4.18,32.06,125714
36103122605,Suffolk County,New York,True,27.85,39.78,5.06,0.0,132985
36103122704,Suffolk County,New York,True,33.33,52.65,5.15,12.06,109063
36103122705,Suffolk County,New York,True,8.5,73.42,4.88,0.0,135426
36103122706,Suffolk County,New York,True,18.89,54.03,3.05,1.61,117390
36103122707,Suffolk County,New York,True,5.83,45.76,2.94,0.0,158405
36103122801,Suffolk County,New York,True,33.93,55.48,4.51,20.67,134464
36103122802,Suffolk County,New York,True,20.79,45.87,4.25,4.89,133446
36103122901,Suffolk County,New York,True,25.31,34.58,3.7,3.11,142333
36103122902,Suffolk County,New York,True,29.94,54.87,7.49,5.94,128729
36103123001,Suffolk County,New York,True,13.16,28.33,5.68,0.0,153785
36103123002,Suffolk County,New York,True,17.42,70.87,10.15,33.46,123333
36103123101,Suffolk County,New York,True,13.78,53.37,3.7,0.0,122056
36103123102,Suffolk County,New York,True,3.13,31.71,3.51,0.0,146806
36103123201,Suffolk County,New York,True,54.84,79.71,4.84,5.88,87679
36103123203,Suffolk County,New York,True,33.26,9.3,5.1,0.0,137538
36103123204,Suffolk County,New York,True,33.03,78.53,10.54,0.0,130068
36103123303,Suffolk County,New York,True,25.18,41.18,2.97,48.61,168125
36103123304,Suffolk County,New York,True,49.28,36.18,3.21,10.19,100815
36103123401,Suffolk County,New York,True,12.77,31.54,3.68,0.0,107574
36103123403,Suffolk County,New York,True,26.01,75.56,5.68,0.0,111384
36103123404,Suffolk County,New York,True,20.37,49.74,9.24,17.28,129144
36103123500,Suffolk County,New York,True,39.54,62.82,14.7,5.6,89716
36103123600,Suffolk County,New York,True,5.18,36.14,6.5,0.0,119677
36103123701,Suffolk County,New York,True,35.93,55.04,5.99,4.03,125953
36103123703,Suffolk County,New York,True,24.25,69.71,4.89,10.95,90592
36103123704,Suffolk County,New York,True,12.04,35.29,4.94,0.0,144026
36103123801,Suffolk County,New York,True,8.31,65.12,6.12,0.0,141181
36103123802,Suffolk County,New York,True,17.14,66.67,6.38,0.0,123047
36103123900,Suffolk County,New York,True,13.92,37.33,13.3,0.0,108785
36103124001,Suffolk County,New York,True,6.71,47.25,2.07,0.0,140762
36103124002,Suffolk County,New York,True,4.6,57.78,2.3,0.0,171250
36103124101,Suffolk County,New York,True,16.09,42.06,7.44,9.87,135096
36103124102,Suffolk County,New York,True,10.04,28.07,6.12,8.77,111782
36103124200,Suffolk County,New York,True,17.62,70.4,2.93,15.52,126875
36103124301,Suffolk County,New York,True,29.68,48.65,6.28,4.05,116250
36103124302,Suffolk County,New York,True,36.32,63.07,6.38,6.06,116667
36103124401,Suffolk County,New York,True,48.54,55.72,9.75,2.86,109500
36103124402,Suffolk County,New York,True,12.13,20.83,3.63,0.0,98188
36103124500,Suffolk County,New York,True,25.39,43.71,3.65,12.58,152188
36103124601,Suffolk County,New York,True,8.32,10.47,2.82,0.0,111618
36103124602,Suffolk County,New York,True,24.87,65.23,3.63,2.5,150893
36103134702,Suffolk County,New York,True,26.44,69.71,3.09,0.0,105987
36103134703,Suffolk County,New York,True,0.64,0.0,2.74,0.0,203365
36103134704,Suffolk County,New York,True,23.19,55.42,5.13,0.0,126094
36103134902,Suffolk County,New York,True,10.57,25.31,1.38,0.0,164327
36103134906,Suffolk County,New York,True,15.63,41.49,2.67,4.33,116100
36103134907,Suffolk County,New York,True,12.86,35.26,1.62,0.0,144901
36103134908,Suffolk County,New York,True,16.88,77.78,5.1,0.0,191806
36103134909,Suffolk County,New York,True,11.39,72.08,4.42,31.82,144615
36103135002,Suffolk County,New York,True,19.37,45.48,3.21,0.0,131875
36103135003,Suffolk County,New York,True,8.35,86.96,3.05,0.0,173125
36103135004,Suffolk County,New York,True,8.13,66.67,4.29,0.0,207500
36103135005,Suffolk County,New York,True,7.91,73.91,3.94,0.0,113355
36103135101,Suffolk County,New York,True,3.01,21.62,4.91,0.0,192045
36103135102,Suffolk County,New York,True,12.47,39.67,8.74,2.17,177188
36103135103,Suffolk County,New York,True,0.82,0.0,2.11,0.0,192841
36103135104,Suffolk County,New York,True,5.18,86.9,2.35,0.0,181650
36103135201,Suffolk County,New York,True,8.9,62.9,2.65,0.0,208024
36103135205,Suffolk County,New York,True,13.04,57.14,5.38,0.0,160552
36103135208,Suffolk County,New York,True,3.8,31.58,5.93,0.0,134531
36103135209,Suffolk County,New York,True,10.17,50.85,3.47,0.0,172679
36103135303,Suffolk County,New York,True,2.32,75.0,6.43,0.0,130027
36103135305,Suffolk County,New York,True,5.48,100.0,2.73,0.0,130588
36103135306,Suffolk County,New York,True,6.2,37.38,4.76,0.0,154063
36103135401,Suffolk County,New York,True,26.37,40.03,6.86,0.69,135375
36103135402,Suffolk County,New York,True,7.51,77.78,2.81,0.0,158269
36103135403,Suffolk County,New York,True,16.47,71.9,8.18,1.24,113068
36103135500,Suffolk County,New York,True,1.09,0.0,4.67,0.0,152000
36103145701,Suffolk County,New York,True,41.97,55.41,5.45,12.24,121959
36103145703,Suffolk County,New York,True,36.83,62.18,7.43,35.25,107250
36103145705,Suffolk County,New York,True,39.09,51.41,18.34,5.04,72547
36103145706,Suffolk County,New York,True,6.82,52.17,4.49,86.96,136685
36103145803,Suffolk County,New York,True,3.96,45.45,5.68,0.0,138864
36103145804,Suffolk County,New York,True,4.03,48.98,7.69,0.0,116313
36103145807,Suffolk County,New York,True,5.45,40.85,0.3,0.0,148299
36103145808,Suffolk County,New York,True,11.78,52.76,4.2,0.0,116875
36103145809,Suffolk County,New York,True,18.93,51.28,3.27,0.0,131528
36103145810,Suffolk County,New York,True,3.77,84.78,7.23,0.0,101420
36103145901,Suffolk County,New York,True,22.02,30.35,8.71,3.98,122679
36103145903,Suffolk County,New York,True,7.17,76.98,6.86,27.78,172264
36103145904,Suffolk County,New York,True,15.3,66.67,10.68,31.07,100693
36103145905,Suffolk County,New York,True,28.25,23.0,2.3,13.74,127134
36103146002,Suffolk County,New York,True,14.4,37.13,9.16,32.93,151250
36103146004,Suffolk County,New York,True,17.6,100.0,16.96,20.0,79750
36103146005,Suffolk County,New York,True,30.7,54.59,3.06,22.79,114983
36103146102,Suffolk County,New York,True,6.71,23.26,3.92,27.91,118750
36103146103,Suffolk County,New York,True,4.19,0.0,7.71,0.0,131408
36103146202,Suffolk County,New York,True,15.0,91.12,8.54,44.97,136813
36103146203,Suffolk County,New York,True,20.77,67.86,11.53,10.71,102054
36103146205,Suffolk County,New York,True,7.48,30.61,5.29,0.0,119205
36103146206,Suffolk County,New York,True,11.26,50.0,3.49,14.71,137870
36103146300,Suffolk County,New York,True,25.94,41.33,6.26,0.0,104722
36103146402,Suffolk County,New York,True,17.23,63.64,5.03,0.0,147411
36103146403,Suffolk County,New York,True,16.46,77.09,12.25,18.06,115089
36103146404,Suffolk County,New York,True,2.57,33.33,4.42,0.0,131938
36103146500,Suffolk County,New York,True,8.02,35.97,2.57,0.0,155313
36103146607,Suffolk County,New York,True,39.11,69.39,15.98,0.0,94948
36103146608,Suffolk County,New York,True,43.34,50.23,10.33,0.46,147500
36103146611,Suffolk County,New York,True,42.8,56.83,5.38,0.87,114968
36103146612,Suffolk County,New York,True,6.78,24.51,3.4,18.63,140435
36103146613,Suffolk County,New York,True,16.99,37.19,4.03,0.0,143686
36103146614,Suffolk County,New York,True,3.8,52.86,1.78,0.0,147971
36103146616,Suffolk County,New York,True,2.53,25.0,6.94,0.0,163523
36103146617,Suffolk County,New York,True,11.16,82.76,3.28,0.0,119732
36103146618,Suffolk County,New York,True,39.22,49.13,3.04,13.85,121903
36103146619,Suffolk County,New York,True,43.23,21.58,6.82,4.64,131375
36103146620,Suffolk County,New York,True,54.25,37.59,1.59,0.0,137250
36103146703,Suffolk County,New York,True,7.11,87.5,7.21,0.0,118693
36103146704,Suffolk County,New York,True,5.2,37.84,3.09,0.0,133355
36103146705,Suffolk County,New York,True,5.11,0.0,1.39,0.0,175700
36103146706,Suffolk County,New York,True,7.44,27.42,1.24,0.0,160795
36103146800,Suffolk County,New York,True,5.9,34.91,2.3,0.0,176382
36103146901,Suffolk County,New York,True,7.13,24.6,2.64,16.67,188056
36103146902,Suffolk County,New York,True,0.72,0.0,2.29,0.0,223273
36103147001,Suffolk County,New York,True,3.31,100.0,5.0,0.0,154792
36103147003,Suffolk County,New York,True,4.57,10.81,4.09,0.0,137083
36103147004,Suffolk County,New York,True,14.58,42.86,19.5,0.0,41711
36103147100,Suffolk County,New York,True,3.61,34.21,0.19,0.0,218000
36103147201,Suffolk County,New York,True,51.53,57.08,4.91,1.24,110694
36103147202,Suffolk County,New York,True,44.07,65.83,8.71,9.8,79600
36103147301,Suffolk County,New York,True,35.08,32.55,22.86,0.0,46760
36103147302,Suffolk County,New York,True,63.4,60.05,23.7,26.71,81094
36103147401,Suffolk County,New York,True,30.43,71.19,7.48,11.05,105667
36103147402,Suffolk County,New York,True,2.43,66.67,1.37,0.0,133977
36103147502,Suffolk County,New York,True,0.0,,1.47,,167340
36103147503,Suffolk County,New York,True,33.14,46.64,5.37,0.0,136071
36103147504,Suffolk County,New York,True,6.54,22.22,3.43,0.0,188036
36103147505,Suffolk County,New York,True,20.27,80.8,6.71,0.0,134682
36103147601,Suffolk County,New York,True,5.65,67.35,1.05,0.0,178431
36103147602,Suffolk County,New York,True,24.05,84.22,10.16,2.99,90500
36103147701,Suffolk County,New York,True,20.05,52.84,3.68,3.49,143304
36103147702,Suffolk County,New York,True,14.24,38.11,2.95,0.0,166671
36103147802,Suffolk County,New York,True,20.04,66.42,6.03,3.73,134375
36103147803,Suffolk County,New York,True,48.05,44.43,6.09,2.11,134667
36103147804,Suffolk County,New York,True,7.47,57.04,4.33,0.0,157738
36103147901,Suffolk County,New York,True,34.73,58.76,8.43,1.89,114103
36103147902,Suffolk County,New York,True,4.92,37.18,4.0,21.79,200446
36103158001,Suffolk County,New York,True,16.25,48.25,5.78,0.0,205375
36103158009,Suffolk County,New York,True,8.45,81.82,5.09,0.0,171705
36103158010,Suffolk County,New York,True,2.82,0.0,3.82,0.0,205030
36103158011,Suffolk County,New York,True,9.09,35.14,5.08,0.0,152662
36103158012,Suffolk County,New York,True,9.83,78.47,7.9,0.0,166094
36103158013,Suffolk County,New York,True,11.02,34.31,8.17,0.0,133977
36103158014,Suffolk County,New York,False,,,,,
36103158015,Suffolk County,New York,False,,,,,
36103158016,Suffolk County,New York,True,23.34,0.0,4.26,0.0,238750
36103158017,Suffolk County,New York,True,7.28,45.1,5.22,0.0,216481
36103158102,Suffolk County,New York,True,21.79,49.33,2.52,0.0,116683
36103158103,Suffolk County,New York,True,14.9,49.3,2.14,0.0,128067
36103158107,Suffolk County,New York,True,21.83,32.29,6.78,0.0,94229
36103158108,Suffolk County,New York,True,16.84,58.78,5.8,0.0,156953
36103158111,Suffolk County,New York,True,5.89,87.93,4.99,6.9,126595
36103158112,Suffolk County,New York,True,9.66,65.25,9.0,0.0,127304
36103158114,Suffolk County,New York,True,27.16,71.33,7.66,0.0,107292
36103158116,Suffolk County,New York,True,18.55,60.29,4.11,11.03,125195
36103158117,Suffolk County,New York,True,1.63,0.0,5.77,0.0,120605
36103158118,Suffolk County,New York,True,21.88,72.64,3.81,0.0,117961
36103158119,Suffolk County,New York,True,9.55,15.03,10.02,5.78,125313
36103158120,Suffolk County,New York,True,6.59,37.29,1.68,0.0,133750
36103158205,Suffolk County,New York,True,6.3,46.88,1.16,0.0,147308
36103158206,Suffolk County,New York,True,38.77,41.05,8.17,9.36,138818
36103158207,Suffolk County,New York,True,15.97,44.19,3.51,9.68,166587
36103158208,Suffolk County,New York,True,11.77,41.48,8.73,0.0,155197
36103158209,Suffolk County,New York,True,37.36,70.13,10.43,0.0,81042
36103158304,Suffolk County,New York,True,19.25,100.0,3.86,2.34,149280
36103158306,Suffolk County,New York,True,4.92,86.02,1.49,0.0,134985
36103158309,Suffolk County,New York,True,39.74,66.57,6.39,3.37,93056
36103158310,Suffolk County,New York,True,14.21,74.81,4.91,0.0,92273
36103158315,Suffolk County,New York,True,7.58,46.56,1.67,0.0,111824
36103158317,Suffolk County,New York,True,15.27,58.49,2.39,0.0,131629
36103158318,Suffolk County,New York,True,5.88,43.43,2.24,0.0,138336
36103158319,Suffolk County,New York,True,12.46,23.26,4.0,0.0,130500
36103158320,Suffolk County,New York,True,12.54,54.77,7.98,1.41,83832
36103158322,Suffolk County,New York,True,17.62,33.72,4.74,0.0,161625
36103158324,Suffolk County,New York,True,13.28,100.0,7.03,0.0,121447
36103158325,Suffolk County,New York,True,66.65,55.96,8.64,4.71,116817
36103158326,Suffolk County,New York,True,57.22,79.13,6.74,0.0,52250
36103158327,Suffolk County,New York,True,18.71,60.68,13.32,0.0,120721
36103158328,Suffolk County,New York,True,9.62,60.13,7.59,0.0,154940
36103158329,Suffolk County,New York,True,13.24,56.94,0.42,0.0,170893
36103158401,Suffolk County,New York,True,5.18,16.0,8.54,0.0,96932
36103158402,Suffolk County,New York,True,3.58,96.15,3.98,0.0,149083
36103158403,Suffolk County,New York,True,44.25,58.44,11.04,0.0,91961
36103158407,Suffolk County,New York,True,13.46,80.14,1.5,0.0,127262
36103158408,Suffolk County,New York,True,16.71,68.49,4.8,11.34,105119
36103158409,Suffolk County,New York,True,10.74,22.67,3.2,0.0,89474
36103158410,Suffolk County,New York,True,4.56,78.12,4.3,0.0,49320
36103158411,Suffolk County,New York,True,3.71,0.0,2.09,28.12,176944
36103158412,Suffolk County,New York,True,12.11,0.0,2.55,0.0,120826
36103158502,Suffolk County,New York,True,46.91,50.07,9.64,2.58,85854
36103158505,Suffolk County,New York,True,30.65,83.86,12.4,6.02,118571
36103158506,Suffolk County,New York,True,14.07,75.48,4.24,6.45,127273
36103158509,Suffolk County,New York,True,25.78,79.25,9.62,3.5,81429
36103158510,Suffolk County,New York,True,27.04,57.93,4.81,13.01,115024
36103158511,Suffolk County,New York,True,11.92,84.58,6.56,0.0,148482
36103158512,Suffolk County,New York,True,4.1,71.05,3.99,0.0,109979
36103158513,Suffolk County,New York,True,10.28,38.1,8.48,0.0,120724
36103158514,Suffolk County,New York,True,10.99,80.08,4.28,6.64,137760
36103158604,Suffolk County,New York,True,10.07,65.45,8.54,26.06,157917
36103158605,Suffolk County,New York,True,7.61,88.43,0.59,0.0,138485
36103158606,Suffolk County,New York,True,16.42,38.1,8.45,0.0,150674
36103158607,Suffolk County,New York,True,18.55,51.12,5.49,3.59,104808
36103158608,Suffolk County,New York,True,19.77,63.51,13.33,5.41,99549
36103158609,Suffolk County,New York,True,43.4,63.55,4.25,0.0,107325
36103158705,Suffolk County,New York,True,17.92,39.52,16.92,0.0,106828
36103158707,Suffolk County,New York,True,8.11,69.23,5.01,0.0,111211
36103158708,Suffolk County,New York,True,41.17,68.43,24.51,0.0,67256
36103158709,Suffolk County,New York,True,40.93,75.83,4.11,7.73,90173
36103158710,Suffolk County,New York,True,19.24,39.47,5.83,22.37,119049
36103158711,Suffolk County,New York,True,17.34,69.52,5.2,0.0,108698
36103158712,Suffolk County,New York,True,5.53,68.47,5.23,0.0,128170
36103158713,Suffolk County,New York,True,51.08,39.72,13.88,23.99,97517
36103158714,Suffolk County,New York,True,69.8,77.35,15.28,16.54,91705
36103158715,Suffolk County,New York,True,25.96,44.26,9.08,0.0,96214
36103158802,Suffolk County,New York,True,10.47,100.0,7.14,0.0,154625
36103158803,Suffolk County,New York,True,3.49,52.78,6.0,0.0,152260
36103158805,Suffolk County,New York,True,10.72,73.45,8.69,0.0,107717
36103158806,Suffolk County,New York,True,9.36,15.38,1.85,52.99,107661
36103158901,Suffolk County,New York,True,30.61,54.53,7.7,9.93,108750
36103158902,Suffolk County,New York,True,64.04,60.52,10.97,13.64,111797
36103159000,Suffolk County,New York,True,37.49,45.17,12.48,5.23,104575
36103159103,Suffolk County,New York,True,34.69,59.78,5.93,6.33,94022
36103159106,Suffolk County,New York,True,33.15,75.44,5.77,8.72,119577
36103159107,Suffolk County,New York,True,7.63,100.0,14.57,0.0,154183
36103159108,Suffolk County,New York,True,13.78,15.89,5.03,0.0,124490
36103159109,Suffolk County,New York,True,8.18,76.19,4.84,0.0,88162
36103159110,Suffolk County,New York,True,59.11,65.79,13.22,6.14,74438
36103159111,Suffolk County,New York,True,8.75,82.56,1.13,0.0,126977
36103159112,Suffolk County,New York,True,63.48,77.67,12.78,1.14,67211
36103159201,Suffolk County,New York,True,5.99,47.3,3.08,10.81,139950
36103159203,Suffolk County,New York,True,3.63,0.0,1.16,35.71,139322
36103159204,Suffolk County,New York,True,10.48,43.07,6.05,0.0,108036
36103159300,Suffolk County,New York,True,9.94,30.34,5.79,0.0,146083
36103159406,Suffolk County,New York,True,28.88,54.1,3.12,13.61,145379
36103159407,Suffolk County,New York,True,2.87,45.71,4.27,0.0,143287
36103159408,Suffolk County,New York,True,16.3,56.79,11.32,24.07,110865
36103159410,Suffolk County,New York,True,8.46,72.35,2.45,0.0,168905
36103159411,Suffolk County,New York,True,6.81,15.94,2.65,0.0,101458
36103159413,Suffolk County,New York,True,6.81,78.51,9.94,0.0,106327
36103159414,Suffolk County,New York,True,39.98,36.06,9.36,7.55,109519
36103159415,Suffolk County,New York,True,80.91,80.68,30.77,8.55,52209
36103159416,Suffolk County,New York,True,24.75,73.26,12.73,2.57,74364
36103159509,Suffolk County,New York,True,14.8,82.04,38.75,0.0,95952
36103159510,Suffolk County,New York,True,18.82,37.5,1.3,0.0,153542
36103159511,Suffolk County,New York,True,11.68,46.96,6.04,2.43,84515
36103159512,Suffolk County,New York,True,10.76,78.72,14.5,0.0,95875
36103159513,Suffolk County,New York,True,4.44,87.84,1.99,24.32,94537
36103159514,Suffolk County,New York,True,11.6,72.03,9.67,0.0,139083
36103159515,Suffolk County,New York,True,18.17,47.8,11.58,0.0,118920
36103159516,Suffolk County,New York,True,24.95,69.51,19.55,3.98,120318
36103159517,Suffolk County,New York,True,9.89,28.0,8.4,0.0,112372
36103159518,Suffolk County,New York,True,9.72,65.41,10.72,0.0,92941
36103159602,Suffolk County,New York,True,9.82,71.03,5.87,20.69,152609
36103159603,Suffolk County,New York,True,6.53,12.5,14.66,0.0,99167
36103159604,Suffolk County,New York,True,5.83,69.44,4.86,12.04,170197
36103159700,Suffolk County,New York,True,27.8,81.85,6.3,0.0,101250
36103169701,Suffolk County,New York,True,5.37,47.62,3.43,0.0,136549
36103169703,Suffolk County,New York,True,4.46,14.71,1.44,0.0,100476
36103169705,Suffolk County,New York,True,31.35,78.44,10.97,13.01,77137
36103169706,Suffolk County,New York,True,12.64,73.06,15.58,0.0,56994
36103169800,Suffolk County,New York,True,51.65,41.82,14.02,17.89,107482
36103169903,Suffolk County,New York,True,28.04,56.68,6.05,3.92,63255
36103169904,Suffolk County,New York,True,21.76,87.23,6.12,0.0,97656
36103169905,Suffolk County,New York,True,4.76,0.0,4.58,0.0,97005
36103169906,Suffolk County,New York,True,13.56,9.57,9.14,30.85,118465
36103170003,Suffolk County,New York,True,10.76,31.18,9.59,0.0,138413
36103170004,Suffolk County,New York,True,12.24,50.27,4.32,0.0,122575
36103170005,Suffolk County,New York,True,4.5,55.56,5.89,0.0,136563
36103170006,Suffolk County,New York,True,16.19,44.44,3.0,11.11,119679
36103170101,Suffolk County,New York,True,53.67,60.77,9.3,7.12,81094
36103170203,Suffolk County,New York,True,21.28,52.15,3.88,0.0,111385
36103170204,Suffolk County,New York,True,15.88,35.77,3.87,15.33,134250
36103170205,Suffolk County,New York,True,26.07,34.67,9.54,0.0,93983
36103170206,Suffolk County,New York,True,8.61,47.32,2.67,0.0,96827
36103180300,Suffolk County,New York,True,5.29,100.0,5.97,100.0,133967
36103190402,Suffolk County,New York,True,16.28,36.42,11.59,0.0,77188
36103190403,Suffolk County,New York,True,25.76,58.4,11.87,0.0,115372
36103190404,Suffolk County,New York,True,29.62,43.2,15.44,25.87,67647
36103190405,Suffolk County,New York,True,34.44,78.3,21.86,35.69,88393
36103190502,Suffolk County,New York,True,11.89,41.46,9.64,3.66,140388
36103190503,Suffolk County,New York,True,12.73,78.1,2.61,0.0,165313
36103190504,Suffolk County,New York,True,5.86,28.07,5.76,0.0,166875
36103190603,Suffolk County,New York,True,20.23,25.06,5.95,0.0,121847
36103190604,Suffolk County,New York,True,10.79,17.43,8.2,15.14,153734
36103190605,Suffolk County,New York,True,21.21,80.95,29.47,0.0,89896
36103190606,Suffolk County,New York,True,21.79,51.59,14.5,4.93,93460
36103190706,Suffolk County,New York,True,18.32,46.47,5.11,0.0,138382
36103190708,Suffolk County,New York,True,12.62,63.16,5.25,9.02,144750
36103190709,Suffolk County,New York,True,3.77,47.73,3.21,0.0,118983
36103190710,Suffolk County,New York,True,17.5,41.26,5.88,0.0,178021
36103190711,Suffolk County,New York,True,16.14,52.45,2.14,3.85,128333
36103190712,Suffolk County,New York,True,4.96,21.43,7.12,0.0,186906
36103190713,Suffolk County,New York,True,10.38,69.39,5.79,0.0,250001
36103190714,Suffolk County,New York,True,14.77,16.42,8.11,27.61,122888
36103190801,Suffolk County,New York,True,5.86,64.29,1.97,0.0,250001
36103190802,Suffolk County,New York,True,23.95,26.01,6.81,1.35,149519
36103200901,Suffolk County,New York,True,25.9,73.99,4.64,3.47,106250
36103200903,Suffolk County,New York,True,13.51,50.46,6.11,0.0,150179
36103200904,Suffolk County,New York,True,17.05,8.5,12.74,22.5,108099
36103200905,Suffolk County,New York,True,13.32,100.0,3.48,0.0,178203
36103200906,Suffolk County,New York,True,20.2,100.0,29.44,0.0,141321
36103201005,Suffolk County,New York,True,36.73,61.2,4.75,3.15,123750
36103201006,Suffolk County,New York,True,16.15,0.0,0.56,0.0,123388
36103201007,Suffolk County,New York,True,17.57,21.8,5.62,0.0,171307
36103201008,Suffolk County,New York,True,24.59,18.01,6.63,3.32,122050
36103201009,Suffolk County,New York,True,31.06,54.58,11.33,0.93,137072
36103201010,Suffolk County,New York,True,13.59,58.9,6.51,13.5,178135
36103990100,Suffolk County,New York,False,,,,,
36105950100,Sullivan County,New York,True,17.23,42.55,7.99,0.0,80682
36105950201,Sullivan County,New York,True,17.53,65.57,15.28,0.0,47614
36105950202,Sullivan County,New York,True,13.43,73.33,13.65,0.0,70438
36105950300,Sullivan County,New York,True,23.98,38.14,8.28,19.49,67115
36105950400,Sullivan County,New York,True,18.43,58.96,9.64,0.0,92833
36105950500,Sullivan County,New York,True,32.57,36.14,11.74,21.47,57357
36105950600,Sullivan County,New York,True,16.83,62.86,3.43,7.86,85391
36105950701,Sullivan County,New York,True,52.72,44.47,13.07,16.98,69487
36105950702,Sullivan County,New York,True,54.82,22.8,21.63,26.65,62969
36105950801,Sullivan County,New York,True,38.66,51.14,28.89,3.91,54703
36105950802,Sullivan County,New York,True,41.85,51.06,27.8,0.0,60634
36105950900,Sullivan County,New York,True,47.28,44.34,38.83,19.29,46607
36105951000,Sullivan County,New York,True,55.19,33.81,11.81,6.86,71287
36105951100,Sullivan County,New York,True,39.72,39.41,10.41,11.07,76719
36105951201,Sullivan County,New York,True,14.88,39.57,5.03,0.0,98717
36105951202,Sullivan County,New York,True,35.69,67.78,25.94,30.44,91306
36105951301,Sullivan County,New York,True,17.13,20.16,9.02,0.0,92404
36105951302,Sullivan County,New York,True,29.61,44.11,11.01,16.01,62708
36105951500,Sullivan County,New York,True,46.67,65.28,36.39,9.22,52270
36105951600,Sullivan County,New York,True,44.19,25.49,12.77,7.19,91199
36105951701,Sullivan County,New York,True,14.33,1.06,4.35,20.74,109297
36105951702,Sullivan County,New York,True,8.09,25.0,3.34,0.0,133438
36105951801,Sullivan County,New York,True,83.09,49.96,23.99,0.0,50045
36105951802,Sullivan County,New York,True,74.93,50.58,31.15,13.09,56591
36105951900,Sullivan County,New York,True,23.12,40.0,21.2,0.0,86310
36105952000,Sullivan County,New York,True,28.41,50.79,8.01,0.0,66258
36105952100,Sullivan County,New York,True,12.45,22.66,14.48,0.0,96146
36105952200,Sullivan County,New York,True,19.6,26.28,8.19,10.22,72292
36105952300,Sullivan County,New York,True,19.34,20.41,6.43,4.76,75893
36105952400,Sullivan County,New York,True,12.67,23.13,7.12,0.0,63846
36105952500,Sullivan County,New York,True,3.41,0.0,10.02,0.0,102957
36107020101,Tioga County,New York,True,11.84,26.26,11.37,6.06,70893
36107020102,Tioga County,New York,True,13.7,39.18,11.89,6.19,80938
36107020200,Tioga County,New York,True,25.06,34.83,21.26,0.16,49036
36107020300,Tioga County,New York,True,14.59,45.57,10.64,0.0,94182
36107020401,Tioga County,New York,True,13.92,54.84,12.09,0.0,77984
36107020402,Tioga County,New York,True,10.8,11.24,5.83,0.0,124966
36107020500,Tioga County,New York,True,50.87,53.98,29.06,5.26,60139
36107020600,Tioga County,New York,True,15.41,27.98,8.85,0.0,75239
36107020701,Tioga County,New York,True,23.71,59.43,14.44,0.0,63309
36107020702,Tioga County,New York,True,15.78,82.26,16.76,0.0,61667
36107020703,Tioga County,New York,True,37.39,59.26,7.88,0.0,53505
36109000100,Tompkins County,New York,True,96.34,59.32,20.05,0.0,40988
36109000201,Tompkins County,New York,True,98.14,56.58,65.19,2.75,41245
36109000202,Tompkins County,New York,True,81.01,54.93,58.38,8.61,
36109000300,Tompkins County,New York,True,48.15,100.0,65.17,0.0,
36109000400,Tompkins County,New York,True,83.99,42.81,9.01,21.56,57875
36109000500,Tompkins County,New York,True,51.34,54.26,6.79,0.64,95881
36109000600,Tompkins County,New York,True,45.79,63.38,13.65,0.0,132853
36109000700,Tompkins County,New York,True,53.27,65.51,18.31,0.59,74750
36109000800,Tompkins County,New York,True,68.57,55.82,19.72,0.0,60833
36109000900,Tompkins County,New York,True,30.35,65.31,10.26,14.53,89347
36109001000,Tompkins County,New York,True,50.47,51.43,15.55,1.71,69569
36109001100,Tompkins County,New York,True,55.88,68.05,29.23,0.0,54691
36109001200,Tompkins County,New York,True,69.37,16.88,44.23,0.0,
36109001301,Tompkins County,New York,True,65.89,35.64,27.12,9.87,47252
36109001302,Tompkins County,New York,True,34.58,44.09,10.25,0.0,115299
36109001400,Tompkins County,New York,True,47.66,44.2,12.6,0.0,91620
36109001500,Tompkins County,New York,True,55.16,67.21,15.24,2.09,77675
36109001600,Tompkins County,New York,True,33.18,22.89,6.5,0.0,70690
36109001700,Tompkins County,New York,True,20.02,43.16,13.03,0.0,100347
36109001800,Tompkins County,New York,True,20.26,62.22,9.28,0.0,68125
36109001901,Tompkins County,New York,True,35.11,38.0,15.43,0.0,80658
36109001902,Tompkins County,New York,True,15.31,33.17,6.36,3.41,99886
36109002000,Tompkins County,New York,True,33.63,60.7,21.49,1.16,73672
36109002100,Tompkins County,New York,True,31.79,30.18,8.69,2.82,82644
36109002200,Tompkins County,New York,True,30.6,43.9,6.45,0.0,62132
36109002300,Tompkins County,New York,True,17.69,48.33,11.54,0.26,90765
36111950100,Ulster County,New York,True,7.83,7.33,2.27,0.0,89191
36111950200,Ulster County,New York,True,63.69,46.91,21.0,9.38,57778
36111950300,Ulster County,New York,True,35.78,58.36,12.7,0.0,69125
36111950400,Ulster County,New York,True,20.58,21.8,5.8,0.0,100375
36111950500,Ulster County,New York,True,23.75,76.86,8.49,1.29,93860
36111950600,Ulster County,New York,True,9.43,43.11,10.47,14.37,86133
36111950900,Ulster County,New York,True,18.34,40.57,21.17,0.0,76667
36111951000,Ulster County,New York,True,10.58,47.55,7.95,0.0,114018
36111951100,Ulster County,New York,True,8.55,62.07,5.91,0.0,94844
36111951200,Ulster County,New York,True,9.66,18.67,12.24,0.0,110369
36111951300,Ulster County,New York,True,35.03,31.79,6.84,2.74,68333
36111951400,Ulster County,New York,True,49.47,68.01,23.51,0.0,65917
36111951500,Ulster County,New York,True,14.11,27.93,3.72,0.0,103209
36111951600,Ulster County,New York,True,7.1,53.03,8.25,21.21,81292
36111951700,Ulster County,New York,True,54.71,60.62,22.99,0.0,65579
36111951800,Ulster County,New York,True,61.39,56.77,32.72,0.0,39643
36111951900,Ulster County,New York,True,18.48,62.5,8.98,5.21,76458
36111952000,Ulster County,New York,True,52.17,65.92,20.6,11.36,52173
36111952100,Ulster County,New York,True,71.56,52.95,23.91,8.27,67738
36111952200,Ulster County,New York,True,29.27,48.63,5.22,0.0,95000
36111952300,Ulster County,New York,True,68.85,28.9,5.53,13.64,73250
36111952400,Ulster County,New York,True,60.91,62.0,23.79,0.0,51221
36111952500,Ulster County,New York,True,12.9,48.09,9.23,0.0,79295
36111952600,Ulster County,New York,True,18.96,28.73,28.52,10.02,90000
36111952700,Ulster County,New York,True,32.77,37.78,8.79,0.0,70689
36111952800,Ulster County,New York,True,21.1,37.79,8.27,0.0,87308
36111952901,Ulster County,New York,True,23.26,23.67,13.73,3.67,106058
36111952902,Ulster County,New York,True,3.65,40.91,9.46,0.0,127789
36111953000,Ulster County,New York,True,19.59,36.18,5.75,0.0,120667
36111953300,Ulster County,New York,True,15.89,43.36,8.96,12.5,138322
36111953400,Ulster County,New York,True,58.76,68.37,30.88,0.0,66181
36111953500,Ulster County,New York,True,69.43,67.11,24.43,8.92,71053
36111953600,Ulster County,New York,True,41.68,46.24,6.31,0.0,91523
36111953700,Ulster County,New York,True,21.39,39.03,4.34,0.0,105227
36111953800,Ulster County,New York,True,34.76,37.43,11.7,5.4,94659
36111953900,Ulster County,New York,True,19.02,79.83,9.78,0.84,114450
36111954000,Ulster County,New York,True,31.38,34.58,2.4,0.0,100278
36111954100,Ulster County,New York,True,34.93,51.84,6.14,3.24,104136
36111954200,Ulster County,New York,True,23.92,36.2,9.15,0.0,115234
36111954401,Ulster County,New York,True,8.55,45.76,66.05,8.47,146824
36111954402,Ulster County,New York,True,16.87,62.67,7.89,0.0,96389
36111954500,Ulster County,New York,True,31.4,49.73,15.27,5.88,62169
36111954600,Ulster County,New York,True,9.44,15.49,5.71,0.0,97250
36111954700,Ulster County,New York,True,18.2,55.96,24.04,0.0,92054
36111954800,Ulster County,New York,True,48.68,76.07,30.46,0.0,37068
36111954900,Ulster County,New York,True,31.72,33.06,7.55,0.0,95375
36111955001,Ulster County,New York,True,13.04,42.96,9.37,0.0,95650
36111955002,Ulster County,New York,True,18.49,72.25,10.68,0.0,79042
36111955300,Ulster County,New York,True,21.05,41.63,22.31,0.0,61354
36111955400,Ulster County,New York,True,23.15,68.38,5.43,0.4,116875
36113070100,Warren County,New York,True,33.0,21.95,8.44,11.22,89387
36113070200,Warren County,New York,True,59.0,43.81,13.65,2.22,57228
36113070300,Warren County,New York,True,40.02,41.67,7.32,1.81,76587
36113070400,Warren County,New York,True,45.37,55.32,9.84,2.0,67040
36113070500,Warren County,New York,True,67.82,63.72,22.04,2.79,43333
36113070602,Warren County,New York,True,11.82,10.98,4.28,0.0,127692
36113070603,Warren County,New York,True,44.92,41.78,6.15,0.0,76287
36113070604,Warren County,New York,True,17.67,59.0,4.54,0.0,79238
36113070701,Warren County,New York,True,52.14,36.97,15.34,1.62,70794
36113070702,Warren County,New York,True,20.46,48.25,10.69,0.0,89559
36113070801,Warren County,New York,True,8.96,72.86,9.69,0.0,91855
36113070802,Warren County,New York,True,15.54,65.09,5.39,0.0,88750
36113070900,Warren County,New York,True,4.59,79.76,4.57,0.0,123155
36113071000,Warren County,New York,True,18.36,31.92,33.38,0.0,46633
36113072001,Warren County,New York,True,39.01,45.61,9.66,0.0,68281
36113072002,Warren County,New York,True,6.4,17.39,3.7,0.0,126510
36113073000,Warren County,New York,True,25.66,44.87,14.73,4.43,60907
36113073500,Warren County,New York,True,11.85,35.42,13.19,5.21,62222
36113074000,Warren County,New York,True,17.97,28.83,10.53,0.0,60987
36113075001,Warren County,New York,True,15.6,26.12,8.95,0.0,83917
36113075002,Warren County,New York,True,12.5,13.33,2.8,0.0,93214
36113076000,Warren County,New York,True,14.71,40.0,8.31,0.0,81635
36113078000,Warren County,New York,True,12.12,19.35,7.23,0.0,102898
36115080100,Washington County,New York,True,40.81,46.74,13.14,0.0,61522
36115080200,Washington County,New York,True,31.24,46.01,3.81,0.0,76467
36115080301,Washington County,New York,True,50.4,42.88,18.31,0.0,71627
36115080302,Washington County,New York,True,12.51,30.0,6.98,0.0,97633
36115081001,Washington County,New York,True,8.24,43.94,4.23,0.0,86894
36115081002,Washington County,New York,True,22.41,66.21,6.3,2.76,77958
36115082001,Washington County,New York,True,27.91,47.38,19.76,13.11,56397
36115082002,Washington County,New York,True,8.72,26.67,7.25,2.22,80556
36115084001,Washington County,New York,True,21.07,43.15,8.74,2.42,76250
36115084002,Washington County,New York,True,25.8,56.38,15.7,0.0,52969
36115085000,Washington County,New York,True,19.09,38.03,8.44,6.34,65163
36115086000,Washington County,New York,True,4.5,36.36,17.41,0.0,73205
36115087000,Washington County,New York,True,9.92,34.03,4.46,0.0,83000
36115088001,Washington County,New York,True,24.97,67.39,11.59,0.0,59640
36115088002,Washington County,New York,True,32.35,54.78,15.53,0.0,71979
36115089000,Washington County,New York,True,20.32,46.9,5.29,0.0,73537
36115090000,Washington County,New York,True,22.87,31.92,17.6,0.0,83398
36115091000,Washington County,New York,True,8.09,74.24,7.54,6.06,77375
36115092000,Washington County,New York,True,13.66,79.67,8.27,13.74,72853
36115093000,Washington County,New York,True,24.73,45.15,8.68,2.43,87796
36115094000,Washington County,New York,True,11.68,11.21,2.94,0.0,85625
36117020103,Wayne County,New York,True,0.91,0.0,5.7,0.0,104635
36117020104,Wayne County,New York,True,4.48,0.0,4.65,0.0,97355
36117020105,Wayne County,New York,True,23.05,48.73,5.27,0.0,79917
36117020106,Wayne County,New York,True,46.42,48.88,7.52,0.0,49219
36117020201,Wayne County,New York,True,5.44,0.0,4.07,0.0,93913
36117020202,Wayne County,New York,True,4.74,82.0,4.19,0.0,94839
36117020302,Wayne County,New York,True,15.81,53.46,7.2,4.52,100600
36117020303,Wayne County,New York,True,20.61,50.27,9.27,3.78,87950
36117020401,Wayne County,New York,True,1.79,26.32,8.71,0.0,107279
36117020402,Wayne County,New York,True,20.84,24.85,9.19,0.0,76518
36117020500,Wayne County,New York,True,23.05,38.26,5.23,0.0,80469
36117020601,Wayne County,New York,True,7.67,0.0,7.92,0.0,60662
36117020602,Wayne County,New York,True,10.18,30.48,4.66,7.62,83850
36117020700,Wayne County,New York,True,53.76,39.98,10.78,5.71,63984
36117020800,Wayne County,New York,True,9.2,46.27,9.18,10.45,97849
36117020900,Wayne County,New York,True,24.3,28.09,22.24,0.79,53480
36117021000,Wayne County,New York,True,9.38,15.0,6.85,4.55,80662
36117021100,Wayne County,New York,True,30.96,55.36,17.67,10.09,61135
36117021200,Wayne County,New York,True,46.57,41.43,25.21,1.31,57346
36117021400,Wayne County,New York,True,28.96,42.11,21.19,2.26,67115
36117021501,Wayne County,New York,True,17.0,57.66,24.09,0.0,90000
36117021502,Wayne County,New York,True,22.83,44.36,20.88,1.54,54569
36117021600,Wayne County,New York,True,18.86,21.8,10.57,11.42,59669
36117021700,Wayne County,New York,True,20.6,58.0,10.95,0.0,66063
36117021800,Wayne County,New York,True,18.62,33.33,21.74,3.03,62407
36117990100,Wayne County,New York,False,,,,,
36119000101,Westchester County,New York,True,94.53,53.07,26.14,8.3,51164
36119000103,Westchester County,New York,True,84.88,64.27,31.15,12.72,39000
36119000104,Westchester County,New York,True,91.98,32.49,0.0,1.39,
36119000202,Westchester County,New York,True,46.82,46.28,10.2,7.98,105795
36119000203,Westchester County,New York,True,53.8,74.89,16.23,12.97,68797
36119000204,Westchester County,New York,True,85.34,59.11,25.99,15.38,45511
36119000205,Westchester County,New York,True,84.57,44.54,14.35,12.16,52729
36119000300,Westchester County,New York,True,94.57,63.92,15.95,11.25,45390
36119000401,Westchester County,New York,True,96.94,49.93,15.79,21.18,79120
36119000403,Westchester County,New York,True,94.01,43.89,21.77,14.5,51923
36119000404,Westchester County,New York,True,63.6,59.63,15.72,26.16,60398
36119000501,Westchester County,New York,True,73.85,46.09,29.8,16.59,57731
36119000502,Westchester County,New York,True,98.58,60.67,72.37,26.86,18732
36119000601,Westchester County,New York,True,84.17,69.31,27.84,14.29,40956
36119000602,Westchester County,New York,True,68.7,58.11,9.48,33.58,61130
36119000701,Westchester County,New York,True,40.85,38.35,8.92,0.0,102235
36119000702,Westchester County,New York,True,50.85,46.57,8.76,8.42,86174
36119000801,Westchester County,New York,True,18.37,15.11,2.04,0.0,108053
36119000802,Westchester County,New York,True,38.43,48.73,12.95,2.55,95994
36119000803,Westchester County,New York,True,51.21,66.91,7.03,16.23,98558
36119000900,Westchester County,New York,True,30.19,45.94,3.71,22.19,135781
36119001000,Westchester County,New York,True,91.8,78.41,40.63,11.66,31806
36119001101,Westchester County,New York,True,88.63,80.08,15.1,27.6,44620
36119001102,Westchester County,New York,True,51.82,40.99,5.29,19.42,111438
36119001200,Westchester County,New York,True,82.88,57.98,24.95,25.27,52412
36119001301,Westchester County,New York,True,31.7,30.12,12.44,16.02,207759
36119001302,Westchester County,New York,True,76.01,71.85,16.66,18.79,55647
36119001304,Westchester County,New York,True,80.93,32.87,9.81,43.69,56136
36119001305,Westchester County,New York,True,79.58,36.01,22.16,38.55,75848
36119001401,Westchester County,New York,True,27.88,48.61,14.22,0.0,141224
36119001402,Westchester County,New York,True,9.55,50.0,5.4,48.33,112389
36119001403,Westchester County,New York,True,43.81,40.72,17.69,5.42,75658
36119001502,Westchester County,New York,True,45.38,46.81,5.64,2.49,106725
36119001503,Westchester County,New York,True,56.41,37.4,15.62,3.79,82059
36119001504,Westchester County,New York,True,31.55,39.9,11.18,47.03,121774
36119001505,Westchester County,New York,True,47.99,46.54,11.23,17.61,88598
36119001600,Westchester County,New York,True,73.29,70.2,14.93,12.73,63846
36119001701,Westchester County,New York,True,55.81,40.53,2.19,9.7,99554
36119001702,Westchester County,New York,True,23.22,66.55,4.33,0.0,79688
36119001800,Westchester County,New York,True,22.11,58.59,2.33,7.03,120880
36119001900,Westchester County,New York,True,5.44,46.67,7.93,0.0,121607
36119002000,Westchester County,New York,True,23.31,55.94,3.46,0.0,153578
36119002101,Westchester County,New York,True,41.94,59.97,3.85,0.0,89862
36119002103,Westchester County,New York,True,2.75,100.0,2.94,0.0,225521
36119002104,Westchester County,New York,True,28.02,67.46,22.78,4.26,102674
36119002105,Westchester County,New York,True,16.07,45.26,7.41,0.0,186058
36119002106,Westchester County,New York,True,85.98,47.99,15.95,17.21,95625
36119002107,Westchester County,New York,True,43.32,50.62,5.74,0.0,109188
36119002201,Westchester County,New York,True,13.5,46.83,6.05,0.0,160197
36119002202,Westchester County,New York,True,22.46,39.47,8.6,15.23,118750
36119002203,Westchester County,New York,True,25.86,24.9,14.43,7.0,63770
36119002204,Westchester County,New York,True,21.71,49.1,6.09,5.66,113438
36119002300,Westchester County,New York,True,42.47,27.09,1.4,10.56,138587
36119002401,Westchester County,New York,True,56.18,28.84,14.56,0.0,105476
36119002402,Westchester County,New York,True,33.41,27.08,4.78,3.08,93209
36119002403,Westchester County,New York,True,40.86,58.33,20.62,0.0,82605
36119002404,Westchester County,New York,True,37.5,59.52,4.54,0.0,150400
36119002405,Westchester County,New York,True,47.79,34.65,9.67,0.0,116250
36119002600,Westchester County,New York,True,32.97,32.39,0.2,0.0,85434
36119002700,Westchester County,New York,True,65.75,69.16,14.36,6.14,73030
36119002800,Westchester County,New York,True,49.84,55.02,21.68,5.68,63594
36119002900,Westchester County,New York,True,89.62,67.0,37.05,2.24,
36119003000,Westchester County,New York,True,62.22,41.18,5.98,21.82,101899
36119003100,Westchester County,New York,True,86.9,64.63,33.02,10.25,30714
36119003200,Westchester County,New York,True,63.66,71.99,37.23,37.7,43319
36119003300,Westchester County,New York,True,64.86,56.18,28.96,23.47,92569
36119003400,Westchester County,New York,True,49.41,23.47,8.88,0.0,98804
36119003500,Westchester County,New York,True,91.81,70.36,25.19,16.4,52064
36119003600,Westchester County,New York,True,78.14,31.99,10.88,1.87,80639
36119003700,Westchester County,New York,True,60.67,35.94,8.96,20.97,104048
36119003800,Westchester County,New York,True,52.26,51.98,3.86,1.71,83632
36119003900,Westchester County,New York,True,40.56,43.05,7.65,0.0,102008
36119004001,Westchester County,New York,True,94.78,41.59,24.51,11.67,61509
36119004002,Westchester County,New York,True,65.28,46.39,11.37,12.52,90647
36119004100,Westchester County,New York,True,28.2,95.6,13.35,24.31,71314
36119004200,Westchester County,New York,True,21.29,13.83,6.56,44.9,96299
36119004500,Westchester County,New York,True,31.24,41.04,7.39,7.46,116552
36119004600,Westchester County,New York,True,22.56,36.36,8.15,3.9,159707
36119004700,Westchester County,New York,True,5.07,15.91,1.19,9.09,250001
36119004801,Westchester County,New York,True,52.53,52.06,3.75,2.7,103531
36119004802,Westchester County,New York,True,61.61,64.86,6.27,8.2,115236
36119004900,Westchester County,New York,True,18.78,38.31,3.83,13.96,135046
36119005001,Westchester County,New York,True,27.79,78.09,4.13,0.0,154722
36119005002,Westchester County,New York,True,10.45,47.1,4.16,26.45,218631
36119005100,Westchester County,New York,True,38.61,54.35,5.63,0.0,107337
36119005200,Westchester County,New York,True,0.73,90.91,5.96,0.0,250001
36119005300,Westchester County,New York,True,33.57,36.98,2.62,2.78,178023
36119005400,Westchester County,New York,True,30.09,56.07,3.55,1.73,250001
36119005500,Westchester County,New York,True,7.79,10.39,2.46,14.94,250001
36119005600,Westchester County,New York,False,,,,,
36119005702,Westchester County,New York,True,63.23,49.95,15.28,5.14,72846
36119005703,Westchester County,New York,True,48.86,65.29,5.95,9.84,76801
36119005704,Westchester County,New York,True,59.99,39.39,6.26,0.0,84250
36119005800,Westchester County,New York,True,60.51,42.67,12.67,12.55,94107
36119005901,Westchester County,New York,True,55.09,47.35,5.82,1.95,72813
36119005902,Westchester County,New York,True,44.39,20.7,5.79,3.17,126473
36119006000,Westchester County,New York,True,72.49,40.73,3.51,5.75,102672
36119006100,Westchester County,New York,True,68.21,39.73,14.62,18.31,106719
36119006200,Westchester County,New York,True,59.03,71.79,15.02,12.06,59327
36119006301,Westchester County,New York,True,86.04,74.63,37.15,15.86,41711
36119006302,Westchester County,New York,True,75.55,48.54,20.99,16.18,
36119006400,Westchester County,New York,True,50.44,65.14,9.95,13.66,89129
36119006500,Westchester County,New York,True,38.02,54.06,12.32,28.25,155000
36119006600,Westchester County,New York,True,9.77,51.52,9.85,0.0,169097
36119006700,Westchester County,New York,True,1.1,0.0,1.55,0.0,250001
36119006801,Westchester County,New York,True,4.4,26.92,2.27,0.0,250001
36119006802,Westchester County,New York,True,7.0,0.0,4.55,3.97,215694
36119006900,Westchester County,New York,True,22.71,53.36,1.95,4.99,250001
36119007000,Westchester County,New York,True,13.97,53.78,5.52,0.0,227308
36119007100,Westchester County,New York,True,27.36,71.8,1.45,0.0,167536
36119007200,Westchester County,New York,True,38.94,73.29,13.29,2.91,104615
36119007300,Westchester County,New York,True,68.0,35.29,15.89,10.51,115500
36119007401,Westchester County,New York,True,34.53,60.95,4.97,15.45,123977
36119007402,Westchester County,New York,True,19.57,26.77,4.63,36.87,173070
36119007500,Westchester County,New York,True,26.5,66.88,2.11,0.0,250001
36119007600,Westchester County,New York,True,18.64,45.82,1.78,0.0,250001
36119007700,Westchester County,New York,True,42.06,41.54,4.34,1.27,188909
36119007800,Westchester County,New York,True,77.33,45.25,31.07,9.59,60211
36119007901,Westchester County,New York,True,47.69,62.22,8.96,39.19,99722
36119007902,Westchester County,New York,True,41.16,61.28,6.31,4.48,96858
36119008000,Westchester County,New York,True,73.3,55.94,17.93,15.7,70829
36119008100,Westchester County,New York,True,56.2,40.39,7.89,11.65,87717
36119008200,Westchester County,New York,True,34.32,32.3,6.1,5.15,121250
36119008301,Westchester County,New York,True,28.67,50.38,9.22,0.0,129750
36119008302,Westchester County,New York,True,8.87,87.61,4.56,0.0,250001
36119008401,Westchester County,New York,True,11.06,70.89,2.25,0.0,250001
36119008403,Westchester County,New York,True,55.21,56.65,4.65,0.0,136217
36119008404,Westchester County,New York,True,61.54,37.49,6.19,0.0,142122
36119008500,Westchester County,New York,True,3.3,100.0,3.19,0.0,250001
36119008602,Westchester County,New York,True,19.96,62.91,2.71,26.82,250001
36119008700,Westchester County,New York,True,45.66,49.43,4.08,1.75,130183
36119008801,Westchester County,New York,True,75.57,32.62,5.7,14.53,108603
36119008802,Westchester County,New York,True,32.84,36.6,11.58,11.89,95217
36119008901,Westchester County,New York,True,45.66,70.78,7.44,11.23,98882
36119008902,Westchester County,New York,True,62.87,50.86,9.25,16.27,78889
36119009000,Westchester County,New York,True,61.74,49.24,11.1,7.13,99459
36119009100,Westchester County,New York,True,66.29,48.61,26.74,15.0,93919
36119009201,Westchester County,New York,True,77.8,47.98,6.68,10.2,138938
36119009202,Westchester County,New York,True,68.72,72.29,16.9,20.75,71354
36119009300,Westchester County,New York,True,77.18,51.41,33.34,7.1,65843
36119009400,Westchester County,New York,True,71.34,58.39,16.07,6.55,83773
36119009500,Westchester County,New York,True,42.54,38.33,5.64,4.37,115268
36119009600,Westchester County,New York,True,8.76,50.62,1.8,0.0,182143
36119009701,Westchester County,New York,True,9.82,50.0,0.9,0.0,207955
36119009702,Westchester County,New York,True,26.08,39.38,4.76,0.0,123929
36119009703,Westchester County,New York,True,3.01,35.56,1.86,0.0,235417
36119009800,Westchester County,New York,True,4.92,28.57,1.78,0.0,250001
36119009900,Westchester County,New York,True,3.72,56.67,2.23,0.0,250001
36119010000,Westchester County,New York,True,6.3,0.0,6.1,12.84,250001
36119010100,Westchester County,New York,True,14.31,65.4,0.71,0.0,250001
36119010200,Westchester County,New York,True,5.99,34.34,2.8,0.0,242885
36119010300,Westchester County,New York,True,35.78,40.48,1.52,0.74,138482
36119010400,Westchester County,New York,True,50.2,63.33,14.04,0.0,135463
36119010500,Westchester County,New York,True,27.75,31.84,2.72,0.0,172929
36119010600,Westchester County,New York,True,19.0,46.28,4.44,0.0,243000
36119010701,Westchester County,New York,True,5.6,24.53,2.8,0.0,250001
36119010702,Westchester County,New York,True,23.02,60.42,6.17,0.0,134842
36119010801,Westchester County,New York,True,8.33,32.69,5.8,0.0,176890
36119010803,Westchester County,New York,True,8.26,57.89,10.83,16.37,115380
36119010804,Westchester County,New York,True,15.98,55.09,4.4,0.0,107852
36119010901,Westchester County,New York,True,31.62,62.55,20.42,22.78,127686
36119010902,Westchester County,New York,True,15.85,47.38,5.89,0.0,152386
36119010903,Westchester County,New York,True,31.3,37.69,5.8,0.0,127780
36119011000,Westchester County,New York,True,17.32,24.83,4.39,0.0,148229
36119011101,Westchester County,New York,True,45.93,67.36,4.07,1.71,136726
36119011102,Westchester County,New York,True,15.7,12.14,1.97,0.0,179302
36119011200,Westchester County,New York,True,36.1,39.84,9.0,10.27,128558
36119011300,Westchester County,New York,True,18.99,36.92,1.63,0.0,173248
36119011401,Westchester County,New York,True,24.53,32.73,6.51,0.0,107201
36119011402,Westchester County,New York,True,31.82,71.43,4.72,3.57,198878
36119011500,Westchester County,New York,True,58.81,44.1,10.13,2.21,103258
36119011601,Westchester County,New York,True,90.74,44.78,10.67,22.51,74757
36119011602,Westchester County,New York,True,77.69,52.99,11.19,11.32,93260
36119011700,Westchester County,New York,True,26.47,42.38,2.56,0.0,191193
36119011800,Westchester County,New York,True,10.99,48.7,4.73,0.0,250001
36119011902,Westchester County,New York,True,7.42,88.89,6.8,0.0,150476
36119012000,Westchester County,New York,True,11.0,65.22,4.89,5.43,140903
36119012101,Westchester County,New York,True,3.49,79.03,1.75,0.0,227727
36119012102,Westchester County,New York,True,13.26,52.2,2.57,0.0,174750
36119012201,Westchester County,New York,True,5.86,72.86,1.24,18.57,212200
36119012202,Westchester County,New York,True,39.08,64.48,8.73,12.96,97905
36119012301,Westchester County,New York,True,39.9,74.4,3.98,5.36,85900
36119012303,Westchester County,New York,True,12.04,26.29,6.77,0.0,227578
36119012304,Westchester County,New York,True,3.66,0.0,0.72,0.0,250001
36119012400,Westchester County,New York,True,7.48,32.58,4.49,0.0,250001
36119012501,Westchester County,New York,True,7.98,21.52,3.25,0.0,250001
36119012502,Westchester County,New York,True,2.36,69.57,0.78,0.0,220388
36119012503,Westchester County,New York,True,12.1,56.52,2.5,0.0,207589
36119012600,Westchester County,New York,True,19.55,41.29,12.67,1.29,226600
36119012700,Westchester County,New York,True,3.13,12.24,6.7,0.0,250001
36119012803,Westchester County,New York,True,17.58,59.78,1.63,0.0,190985
36119012804,Westchester County,New York,True,41.46,54.58,10.53,2.67,106684
36119012900,Westchester County,New York,True,28.54,45.57,12.9,25.46,79107
36119013000,Westchester County,New York,True,29.21,43.27,4.85,14.56,123284
36119013102,Westchester County,New York,True,21.79,40.35,3.0,0.0,250001
36119013103,Westchester County,New York,True,13.55,39.76,1.2,0.0,241250
36119013104,Westchester County,New York,True,5.45,81.19,3.29,0.0,250001
36119013201,Westchester County,New York,True,15.01,86.15,12.55,0.0,250001
36119013202,Westchester County,New York,True,22.75,67.39,2.72,3.26,188512
36119013301,Westchester County,New York,True,86.3,26.55,15.68,21.09,99750
36119013304,Westchester County,New York,True,38.14,82.33,2.81,16.43,89832
36119013401,Westchester County,New York,True,48.06,64.43,7.23,9.23,76987
36119013402,Westchester County,New York,True,50.34,72.63,12.02,5.92,115673
36119013500,Westchester County,New York,True,23.91,59.58,3.09,0.0,128546
36119013600,Westchester County,New York,True,47.31,71.65,9.63,4.27,98750
36119013700,Westchester County,New York,True,7.68,27.63,10.65,4.61,147847
36119013800,Westchester County,New York,True,14.86,6.11,2.79,13.89,221821
36119013900,Westchester County,New York,True,23.55,51.69,4.37,3.14,173269
36119014000,Westchester County,New York,True,13.0,32.41,5.72,12.96,128218
36119014100,Westchester County,New York,True,50.71,66.67,12.36,5.57,70573
36119014200,Westchester County,New York,True,47.18,57.81,9.39,12.41,89760
36119014300,Westchester County,New York,True,74.14,41.46,12.24,13.15,84221
36119014400,Westchester County,New York,True,27.65,55.54,13.83,14.45,89253
36119014500,Westchester County,New York,True,16.09,33.33,10.34,7.32,100975
36119014604,Westchester County,New York,True,22.52,34.53,7.19,0.0,122171
36119014605,Westchester County,New York,True,69.45,60.79,11.2,0.18,72500
36119014606,Westchester County,New York,True,2.33,76.19,2.83,0.0,211016
36119014607,Westchester County,New York,True,7.19,45.54,1.43,0.0,171538
36119014701,Westchester County,New York,True,19.64,58.79,7.3,3.03,126570
36119014703,Westchester County,New York,True,12.59,30.24,8.64,60.08,111771
36119014704,Westchester County,New York,True,31.03,38.87,5.31,10.93,124167
36119014805,Westchester County,New York,True,6.54,36.08,2.76,0.0,215417
36119014806,Westchester County,New York,True,15.45,41.71,5.62,0.0,182986
36119014808,Westchester County,New York,True,5.55,24.14,4.45,15.52,212841
36119014809,Westchester County,New York,True,16.45,46.93,3.96,0.0,153864
36119014810,Westchester County,New York,True,13.81,26.14,7.58,0.0,68810
36119014811,Westchester County,New York,True,2.03,0.0,0.99,0.0,187375
36119014812,Westchester County,New York,True,23.51,12.5,2.15,0.0,177466
36119014813,Westchester County,New York,True,28.69,39.12,7.19,0.0,144250
36119014901,Westchester County,New York,True,1.39,37.93,3.45,0.0,250001
36119014903,Westchester County,New York,True,9.92,63.4,3.26,0.0,128456
36119014907,Westchester County,New York,True,2.53,25.0,1.3,0.0,195302
36119014908,Westchester County,New York,True,36.04,58.17,6.44,1.56,170517
36119014909,Westchester County,New York,True,8.79,37.19,7.81,5.79,113611
36119015000,Westchester County,New York,True,19.52,32.28,3.09,0.0,178750
36119015100,Westchester County,New York,True,19.85,46.39,4.0,33.23,149681
36119981000,Westchester County,New York,True,100.0,29.56,81.74,0.0,2499
36119982000,Westchester County,New York,False,,,,,
36119983000,Westchester County,New York,True,100.0,100.0,56.36,0.0,
36119984000,Westchester County,New York,True,80.85,81.58,28.29,0.0,35781
36119985000,Westchester County,New York,False,,,,,
36121970100,Wyoming County,New York,True,10.37,42.02,6.46,0.0,73958
36121970201,Wyoming County,New York,False,,,,,
36121970202,Wyoming County,New York,True,27.38,36.15,8.76,1.64,76554
36121970300,Wyoming County,New York,True,9.33,21.85,7.98,22.69,89050
36121970400,Wyoming County,New York,True,15.35,33.47,9.23,0.0,72154
36121970500,Wyoming County,New York,True,42.74,37.0,20.04,0.0,56894
36121970600,Wyoming County,New York,True,36.13,36.12,9.72,0.0,62615
36121970700,Wyoming County,New York,True,15.86,30.85,15.95,4.79,65625
36121970800,Wyoming County,New York,True,22.07,29.89,10.55,0.0,67000
36121970900,Wyoming County,New York,True,4.85,2.5,3.71,0.0,95129
36121971000,Wyoming County,New York,True,26.41,38.76,11.38,0.0,62011
36121971100,Wyoming County,New York,True,20.96,46.7,11.65,0.0,69375
36123150101,Yates County,New York,True,26.62,40.55,19.64,2.47,55115
36123150102,Yates County,New York,True,23.62,32.81,7.36,0.0,84205
36123150200,Yates County,New York,True,31.77,31.27,14.75,0.15,67566
36123150301,Yates County,New York,True,14.91,33.53,8.84,6.59,68077
36123150302,Yates County,New York,True,13.02,22.32,10.38,6.25,61892
36123150400,Yates County,New York,True,19.38,55.65,11.2,0.0,87370
36123150501,Yates County,New York,True,31.83,9.0,17.03,0.0,65925
36123150502,Yates County,New York,True,11.6,7.2,8.64,12.8,76550
