geo_id,county,state,has_occupied_units,pct_renter,pct_rent_burden_30_plus,pct_rent_burden_50_plus,pct_overcrowded_renter,renter_population,pct_housing_pre_1980,pct_poverty_under_100,pct_low_income_households,median_household_income,pct_elderly_65_plus,pct_children_under_18,pct_white,pct_black,pct_asian,pct_hispanic,pct_living_alone,pct_limited_english
36001000100,Albany County,New York,True,55.01,56.14,19.49,17.8,1459,82.0,23.67,26.69,51551,19.31,23.71,38.88,31.6,0.57,20.88,25.76,0.74
36001000201,Albany County,New York,True,69.68,47.95,37.4,0.0,2006,69.31,23.6,37.1,54013,14.34,13.91,21.83,59.48,3.21,13.68,35.21,2.11
36001000202,Albany County,New York,True,66.38,59.19,38.58,0.0,1376,56.74,34.62,31.36,41952,8.07,30.5,7.4,68.88,11.39,4.48,45.91,7.61
36001000301,Albany County,New York,True,68.57,60.74,48.15,0.0,1737,89.83,36.45,38.27,42912,5.98,25.21,34.33,44.24,3.34,10.07,33.11,1.69
36001000302,Albany County,New York,True,70.37,76.16,50.16,0.0,1709,43.95,19.97,33.67,44730,28.35,9.65,63.35,24.72,4.61,6.64,65.37,2.68
36001000401,Albany County,New York,True,33.58,57.87,28.37,0.0,528,14.73,9.08,12.3,83359,49.75,3.58,81.3,8.65,4.0,3.13,58.19,0.04
36001000403,Albany County,New York,True,39.37,50.32,32.28,0.0,1558,93.8,12.39,17.68,111646,12.8,11.82,80.09,10.7,4.25,4.63,26.92,2.78
36001000404,Albany County,New York,True,100.0,68.54,7.87,0.0,118,19.64,0.0,7.22,,0.24,2.51,58.85,20.37,5.9,18.27,76.29,0.39
36001000501,Albany County,New York,True,80.45,59.46,39.71,2.23,2830,77.37,40.89,55.0,28311,9.23,17.83,37.06,36.74,12.14,13.87,48.7,0.3
36001000502,Albany County,New York,True,69.44,53.77,28.41,0.0,1192,93.5,24.58,28.07,57115,5.81,6.41,58.47,20.22,5.92,12.7,41.68,2.39
36001000600,Albany County,New York,True,79.97,75.64,55.7,1.28,2041,87.81,44.55,48.63,30368,7.45,12.92,32.61,25.56,28.16,15.14,54.36,5.79
36001000700,Albany County,New York,True,71.04,52.8,19.09,1.35,2218,91.22,20.4,19.15,56555,17.06,18.16,10.2,64.63,3.77,10.02,36.58,0.0
36001000800,Albany County,New York,True,94.81,63.51,29.9,0.0,1181,74.91,47.54,54.09,,15.59,17.46,7.64,64.69,12.39,10.6,72.24,7.09
36001001100,Albany County,New York,True,96.5,47.19,12.64,1.53,1853,74.28,28.52,25.64,56591,13.51,2.08,63.29,29.69,2.66,4.36,68.51,0.97
36001001400,Albany County,New York,True,85.59,35.49,22.09,0.0,2875,82.14,15.36,24.11,64348,9.66,3.45,66.84,9.76,14.11,6.68,64.73,0.0
36001001500,Albany County,New York,True,82.94,53.76,39.28,8.9,4342,77.73,51.1,43.63,38365,3.6,12.65,46.62,22.33,17.04,13.46,37.06,1.57
36001001600,Albany County,New York,True,77.78,51.3,36.74,2.61,3064,76.92,16.7,30.07,61154,5.95,15.08,50.69,11.23,15.04,19.28,33.71,5.11
36001001700,Albany County,New York,True,46.05,57.53,40.22,2.52,1652,81.61,22.51,22.27,87940,14.57,18.54,63.15,19.27,12.57,2.17,43.32,3.4
36001001802,Albany County,New York,True,43.01,34.25,9.7,2.54,1490,76.94,9.06,21.41,80266,22.52,10.74,74.68,11.15,7.19,4.44,46.96,1.59
36001001803,Albany County,New York,True,19.95,25.96,16.94,0.0,548,87.37,6.63,9.32,92702,34.05,11.6,83.41,3.1,3.15,1.8,38.37,0.8
36001001804,Albany County,New York,True,20.88,38.75,23.36,2.56,417,59.18,12.15,13.38,105027,36.11,13.82,74.13,11.2,8.23,9.39,41.05,0.44
36001001901,Albany County,New York,True,23.53,38.76,11.24,0.0,590,93.2,4.33,4.39,92784,22.95,16.67,86.34,2.38,5.2,5.32,38.54,4.83
36001001902,Albany County,New York,True,10.1,75.7,5.61,0.0,281,96.28,3.81,7.53,100197,20.8,18.72,69.0,16.17,6.0,4.08,30.74,0.75
36001002000,Albany County,New York,True,47.38,40.27,19.8,2.66,2606,88.59,9.34,11.86,83597,5.03,24.05,46.81,24.25,9.25,25.52,28.3,1.46
36001002100,Albany County,New York,True,82.7,58.48,41.52,0.0,1937,68.62,27.75,39.27,39671,8.88,5.9,57.08,17.8,8.53,8.56,49.8,0.08
36001002200,Albany County,New York,True,66.2,40.71,28.42,1.16,1664,97.63,17.72,17.09,51667,13.58,5.47,77.44,11.06,3.62,4.69,48.66,0.4
36001002300,Albany County,New York,True,83.07,39.11,26.85,3.95,1515,80.18,31.79,22.02,54265,9.68,10.39,29.65,39.99,4.82,14.6,54.32,0.33
36001002500,Albany County,New York,True,89.36,62.78,30.32,5.92,2453,83.42,44.01,50.74,26613,9.19,21.21,15.75,62.33,1.42,17.02,35.88,5.57
36001002600,Albany County,New York,True,56.4,34.98,29.57,2.73,2681,90.57,24.01,30.08,69874,15.91,20.6,22.49,41.94,4.64,10.94,33.62,6.47
36001012700,Albany County,New York,True,69.64,48.86,24.2,0.0,2274,48.05,16.55,14.48,71875,18.71,15.88,80.81,5.34,4.91,5.4,39.76,1.15
36001012800,Albany County,New York,True,68.62,50.5,38.71,2.34,2289,67.49,40.14,41.43,41367,13.22,28.09,59.21,18.07,2.26,2.97,34.96,5.97
36001012900,Albany County,New York,True,91.83,43.15,26.09,9.68,3809,74.12,50.37,32.72,38750,6.3,25.74,63.37,24.66,3.54,21.19,37.06,3.34
36001013000,Albany County,New York,True,32.88,54.93,21.13,1.46,1910,77.1,7.71,11.82,69190,26.35,14.62,86.37,4.18,0.68,4.85,33.32,0.79
36001013100,Albany County,New York,True,75.73,46.23,21.78,2.97,2252,69.98,20.64,28.82,59406,16.53,14.58,67.61,10.13,3.16,18.22,49.53,0.0
36001013200,Albany County,New York,True,73.04,53.44,22.77,1.65,2232,92.69,18.25,32.17,56858,23.13,21.97,67.79,12.18,0.88,11.49,42.34,0.0
36001013300,Albany County,New York,True,64.33,56.17,33.42,0.0,2303,88.95,19.02,32.38,48777,21.23,16.81,80.58,6.82,1.74,10.51,56.48,0.0
36001013400,Albany County,New York,True,57.79,30.04,27.0,7.05,1445,98.5,17.71,22.94,70899,12.86,18.41,80.1,13.34,3.08,5.2,31.97,0.9
36001013503,Albany County,New York,True,34.14,46.75,15.58,2.6,1151,48.63,8.95,13.78,107500,13.27,27.06,73.48,5.1,16.54,3.05,30.09,0.96
36001013505,Albany County,New York,True,18.36,16.49,0.0,0.0,437,94.83,11.33,11.03,93967,21.22,19.91,74.82,0.97,17.26,2.95,26.21,4.72
36001013507,Albany County,New York,True,56.86,35.83,23.94,1.83,1033,32.41,8.37,11.11,90478,16.49,17.94,68.82,4.95,14.2,6.87,43.58,1.71
36001013509,Albany County,New York,True,29.31,50.14,29.27,0.0,1031,48.66,10.41,15.28,98424,16.33,26.28,77.01,2.59,11.68,0.33,34.72,1.07
36001013510,Albany County,New York,True,47.76,35.87,13.27,3.64,1445,64.11,8.92,5.47,105648,16.44,20.89,65.31,7.74,15.01,1.27,25.9,1.75
36001013511,Albany County,New York,True,54.01,40.5,19.83,0.0,1861,34.61,5.89,5.42,127656,12.15,31.42,52.24,17.03,18.83,10.04,23.1,0.57
36001013512,Albany County,New York,True,5.73,42.11,10.53,0.0,292,74.58,6.32,6.95,126875,25.2,23.09,82.1,1.4,9.41,1.21,21.71,1.51
36001013602,Albany County,New York,True,68.67,34.64,10.32,7.62,2645,66.67,5.44,6.54,80583,14.3,18.82,59.22,18.73,14.69,0.09,40.97,1.24
36001013603,Albany County,New York,True,33.65,12.33,4.41,3.08,864,75.11,3.69,6.0,95847,19.06,20.9,63.91,4.54,18.46,7.02,36.99,1.28
36001013604,Albany County,New York,True,43.18,40.06,11.31,3.31,1811,42.64,7.87,13.64,119554,17.74,12.68,75.25,11.03,7.66,6.15,46.76,1.73
36001013703,Albany County,New York,True,24.15,29.24,12.87,7.6,296,61.95,10.2,9.04,108790,28.1,13.62,75.03,13.37,3.09,8.43,19.49,0.51
36001013706,Albany County,New York,True,5.23,33.33,33.33,0.0,50,90.68,0.73,0.99,200083,19.39,26.38,82.58,0.05,9.48,6.51,23.9,0.71
36001013707,Albany County,New York,True,22.56,43.36,21.42,0.0,1071,64.06,4.66,6.71,136638,25.76,19.93,80.38,3.32,4.26,3.14,20.65,0.59
36001013708,Albany County,New York,True,34.82,46.71,18.38,0.0,863,42.37,2.43,5.7,94665,39.03,12.47,89.06,1.5,5.93,2.69,40.63,1.46
36001013709,Albany County,New York,True,13.18,69.18,18.24,0.0,368,89.21,7.95,7.02,130489,18.29,18.91,76.89,3.47,5.98,6.22,30.94,0.78
36001013802,Albany County,New York,True,7.81,66.95,30.51,17.05,537,38.58,4.87,11.39,124063,21.25,18.5,75.1,10.89,8.36,0.69,18.59,1.53
36001013803,Albany County,New York,True,22.81,82.14,81.85,6.41,691,65.31,17.2,26.66,75795,23.5,21.25,72.42,5.69,13.12,4.78,40.82,3.0
36001013804,Albany County,New York,True,20.22,65.54,27.97,0.0,527,65.54,7.34,19.42,76466,32.89,20.69,67.52,8.27,10.19,14.69,40.77,5.46
36001013901,Albany County,New York,True,4.0,60.61,36.36,0.0,98,85.66,5.88,15.98,91827,24.57,19.12,77.98,5.24,8.18,4.34,33.5,1.9
36001013902,Albany County,New York,True,26.75,33.81,15.56,3.04,999,78.91,8.14,10.69,107188,19.24,20.45,83.08,4.58,3.44,3.14,35.9,0.0
36001014001,Albany County,New York,True,45.03,31.55,17.84,5.46,1490,87.08,12.27,14.81,87500,17.74,13.2,55.88,13.96,18.84,3.78,43.5,2.4
36001014002,Albany County,New York,True,24.97,26.07,7.91,0.0,1139,82.87,3.79,4.61,89823,14.77,21.88,76.01,4.72,11.33,1.4,29.84,2.87
36001014100,Albany County,New York,True,29.49,37.86,16.71,0.0,1029,45.84,4.17,5.05,133594,25.15,18.7,81.45,3.6,8.61,3.68,32.29,0.51
36001014201,Albany County,New York,True,24.92,51.17,36.58,0.0,989,66.27,5.14,10.9,131571,18.06,22.47,90.41,0.32,2.79,4.49,25.3,0.52
36001014202,Albany County,New York,True,34.52,34.98,20.17,1.72,1780,69.48,3.49,7.74,126397,19.81,22.56,89.86,0.34,1.89,7.56,24.81,0.47
36001014203,Albany County,New York,True,18.55,34.09,5.95,6.78,1033,76.53,0.93,4.38,146875,27.15,23.59,87.3,2.43,4.54,2.22,30.06,0.23
36001014301,Albany County,New York,True,36.66,57.53,44.04,2.3,772,48.74,17.79,14.8,86190,25.37,12.38,74.97,9.78,1.09,4.82,35.66,0.97
36001014303,Albany County,New York,True,10.25,45.45,19.89,13.07,483,23.87,5.63,3.49,140313,18.5,25.13,84.88,1.23,6.46,10.87,18.81,1.29
36001014304,Albany County,New York,True,38.1,30.03,9.55,0.0,1201,48.5,4.35,4.7,92541,22.23,15.7,81.74,0.91,0.0,11.48,37.1,4.18
36001014401,Albany County,New York,True,11.03,51.43,32.0,0.0,339,49.71,4.05,7.25,111133,14.36,15.81,96.52,0.05,1.5,0.95,23.88,0.0
36001014402,Albany County,New York,True,30.51,45.05,11.88,0.0,824,71.83,5.77,15.95,77217,15.73,17.64,80.08,3.79,2.84,9.77,34.19,1.96
36001014501,Albany County,New York,True,11.52,21.5,21.5,0.0,331,58.56,6.34,7.54,127273,20.59,18.05,92.6,0.85,0.56,4.05,17.38,0.0
36001014502,Albany County,New York,True,13.81,65.91,28.41,0.0,298,56.3,5.45,15.02,124293,18.81,19.76,89.5,0.09,0.89,5.19,20.65,0.83
36001014503,Albany County,New York,True,22.9,27.78,25.0,2.82,511,74.19,7.54,10.9,111172,20.43,24.82,90.97,0.07,1.31,1.95,21.98,0.45
36001014606,Albany County,New York,True,13.02,25.21,25.21,0.0,434,48.62,4.65,9.05,137604,18.58,23.14,73.12,9.57,10.15,2.52,28.2,2.19
36001014608,Albany County,New York,True,30.72,57.45,33.41,5.53,663,63.8,7.98,13.88,89167,14.22,10.52,66.84,9.31,10.09,10.48,45.35,0.37
36001014609,Albany County,New York,True,59.35,31.81,12.97,8.84,2600,67.76,11.48,11.1,91130,20.63,14.75,73.89,4.43,11.15,4.83,40.56,2.37
36001014611,Albany County,New York,True,37.57,29.07,8.63,0.0,706,33.92,1.69,4.2,124306,16.61,23.0,70.07,5.28,9.98,6.35,21.66,0.7
36001014612,Albany County,New York,True,20.19,52.41,25.52,6.9,268,68.13,6.36,12.53,112159,19.19,26.42,89.7,0.97,0.38,1.67,34.82,0.0
36001014613,Albany County,New York,True,17.02,52.43,9.73,0.0,292,57.55,1.88,15.35,112000,25.92,17.49,80.36,3.09,13.01,0.38,32.54,0.0
36001014614,Albany County,New York,True,43.67,39.69,23.02,5.56,2407,59.11,3.29,10.66,106250,16.85,24.57,54.16,14.31,16.33,10.31,27.34,3.52
36001014615,Albany County,New York,True,73.24,39.75,22.11,7.66,2129,42.68,14.32,11.5,88355,22.71,18.54,61.21,5.39,27.51,5.11,33.95,0.5
36001014616,Albany County,New York,True,13.8,43.3,0.0,0.0,629,39.48,3.24,9.06,143777,18.56,24.61,83.25,1.36,10.25,4.73,17.54,0.0
36001014617,Albany County,New York,True,9.41,69.86,69.86,0.0,129,59.25,6.82,12.47,128929,21.23,17.03,83.31,1.06,6.1,7.58,18.4,0.0
36001014700,Albany County,New York,True,8.18,53.85,38.46,0.0,135,46.81,6.33,8.08,124083,20.24,17.23,94.76,1.64,0.0,0.0,13.16,0.0
36001014801,Albany County,New York,True,6.02,56.25,10.42,0.0,129,63.86,3.1,5.01,105219,23.7,18.66,92.65,0.49,0.82,0.71,26.48,0.0
36001014802,Albany County,New York,True,10.12,14.71,0.0,4.35,152,62.89,0.85,6.49,90324,30.14,14.05,94.69,1.95,0.89,2.79,35.09,1.46
36001014803,Albany County,New York,True,14.21,17.91,0.0,0.0,513,65.15,7.67,17.34,99167,23.19,23.25,87.72,2.18,1.25,5.49,24.0,0.0
36003940200,Allegany County,New York,False,,,,,0,0.0,,,,,,,,,,,
36003950100,Allegany County,New York,True,9.42,52.0,18.0,5.43,254,61.96,9.89,17.5,67176,21.19,20.41,96.04,0.0,0.57,1.91,30.19,0.05
36003950300,Allegany County,New York,True,22.52,23.76,7.26,6.03,898,52.69,16.8,16.15,75605,16.86,20.98,93.98,1.9,1.96,2.03,15.08,1.25
36003950401,Allegany County,New York,True,8.71,44.9,10.2,0.0,178,58.18,18.2,20.27,70227,26.99,24.18,95.37,0.0,1.99,0.29,20.42,4.01
36003950402,Allegany County,New York,True,9.86,60.56,8.45,0.0,150,64.44,10.64,19.83,69643,21.33,25.19,98.0,0.0,0.0,0.09,31.97,0.0
36003950500,Allegany County,New York,True,21.42,40.43,21.88,0.0,924,74.72,13.36,23.78,66116,25.79,20.27,95.32,0.55,0.52,1.59,31.5,0.33
36003950600,Allegany County,New York,True,24.06,47.48,29.86,2.1,791,70.72,20.93,26.01,58693,17.47,24.74,97.45,0.74,0.0,1.0,34.47,0.0
36003950700,Allegany County,New York,True,21.51,58.24,37.91,0.0,596,86.46,16.39,28.31,57798,25.35,15.61,96.98,0.14,0.34,0.62,41.61,0.0
36003950800,Allegany County,New York,True,32.19,62.7,53.61,0.98,789,74.01,22.42,30.99,59327,9.38,11.12,78.55,6.61,5.63,9.22,38.09,0.48
36003950900,Allegany County,New York,True,21.5,36.73,9.52,0.0,700,72.27,21.46,26.12,63856,22.93,23.39,98.6,0.0,0.19,0.58,29.2,0.0
36003951000,Allegany County,New York,True,17.74,56.02,34.72,0.0,425,60.27,11.11,20.78,67940,22.5,20.3,96.0,0.69,0.38,0.03,28.25,0.23
36003951100,Allegany County,New York,True,22.98,59.86,36.33,0.0,561,73.67,13.79,28.03,61488,26.33,17.33,93.77,2.1,0.54,0.57,30.71,0.18
36003951201,Allegany County,New York,True,22.95,48.31,26.4,7.04,474,66.95,20.82,22.41,54500,17.24,24.31,94.21,1.97,0.0,1.07,32.54,0.31
36003951202,Allegany County,New York,True,24.98,28.85,11.54,1.92,669,68.49,15.66,24.4,56229,20.85,21.05,95.56,0.53,0.94,0.94,29.39,0.0
36003951301,Allegany County,New York,True,13.2,24.62,15.38,0.0,128,63.77,13.54,28.62,60833,24.53,18.36,96.11,0.0,1.1,1.69,38.1,0.7
36003951302,Allegany County,New York,True,17.85,15.52,4.31,5.48,290,54.37,11.49,23.35,64038,20.17,21.49,96.49,0.66,0.51,0.61,31.78,1.71
36005000100,Bronx County,New York,False,,,,,0,,,,,3.08,0.0,33.53,44.68,0.44,21.36,,3.19
36005000200,Bronx County,New York,True,39.97,24.59,18.53,10.95,1816,69.07,12.88,9.53,123729,14.88,17.78,12.09,33.29,7.63,60.58,9.82,12.95
36005000400,Bronx County,New York,True,39.77,51.86,16.74,6.01,2055,32.86,4.47,10.64,105924,14.06,21.15,2.15,35.82,1.85,64.14,24.12,8.99
36005001600,Bronx County,New York,True,77.96,68.1,33.74,16.81,4232,78.01,15.16,30.92,52147,21.65,18.84,2.76,40.88,4.53,57.26,26.16,13.58
36005001901,Bronx County,New York,True,90.25,61.62,33.8,3.95,2131,30.09,22.45,32.9,58083,3.23,21.37,10.97,53.1,3.05,43.14,45.17,1.05
36005001902,Bronx County,New York,True,91.83,61.79,38.03,23.73,1463,74.89,39.56,33.65,48953,3.17,11.45,4.28,19.53,1.3,50.94,43.11,12.36
36005001903,Bronx County,New York,False,,,,,0,,,,,,,,,,,,
36005001904,Bronx County,New York,False,,,,,0,,,,,,,,,,,,
36005002001,Bronx County,New York,True,100.0,55.13,21.03,2.89,4199,81.12,52.39,64.03,22311,15.43,28.05,10.72,35.53,0.0,61.28,36.9,7.61
36005002002,Bronx County,New York,True,77.77,56.76,19.77,9.17,2539,82.44,42.97,62.11,18649,32.22,13.36,13.58,25.08,2.72,77.67,44.03,18.28
36005002300,Bronx County,New York,True,100.0,58.42,29.73,9.87,4562,96.32,60.3,66.49,16332,12.28,30.48,6.81,36.7,0.0,64.35,30.51,18.67
36005002400,Bronx County,New York,False,,,,,0,,74.29,,,0.0,9.52,0.0,75.24,0.0,14.29,,14.29
36005002500,Bronx County,New York,True,97.65,63.38,33.58,19.97,4840,84.34,44.84,42.74,35582,10.22,25.25,4.73,21.13,0.0,78.39,30.88,23.12
36005002701,Bronx County,New York,True,97.58,53.6,38.7,19.78,3066,84.69,46.74,60.9,20266,20.19,37.16,3.05,23.43,1.16,78.72,33.67,18.99
36005002702,Bronx County,New York,True,93.0,75.32,50.64,17.95,3903,67.29,46.07,47.77,30895,8.84,23.76,3.23,29.93,0.69,72.72,26.24,23.39
36005002800,Bronx County,New York,True,83.0,38.77,17.65,12.84,4524,90.51,8.22,16.46,58068,15.62,19.19,8.97,59.01,0.0,45.31,48.15,2.38
36005003100,Bronx County,New York,True,85.03,66.33,35.4,11.44,2465,52.49,21.95,18.07,59297,8.5,31.96,29.09,37.45,11.76,63.34,20.05,14.02
36005003300,Bronx County,New York,True,79.16,55.19,31.23,9.15,2705,39.62,43.25,48.67,31289,14.96,29.91,2.35,32.09,0.0,68.8,28.56,19.97
36005003500,Bronx County,New York,True,97.34,54.08,24.64,12.23,3266,64.44,22.41,33.33,36569,13.59,28.93,6.29,40.97,2.64,69.41,24.65,10.58
36005003700,Bronx County,New York,True,100.0,12.41,6.57,0.0,394,85.23,29.97,14.09,53029,8.13,31.34,8.37,41.39,0.0,78.23,8.05,19.35
36005003800,Bronx County,New York,True,48.47,80.0,33.94,8.95,510,69.98,32.31,27.04,54214,15.76,23.28,15.6,12.08,7.12,81.2,42.35,15.87
36005003900,Bronx County,New York,True,92.13,55.93,34.02,20.55,5075,60.1,37.09,57.35,25625,15.7,27.49,7.56,4.03,0.88,85.59,46.38,16.32
36005004001,Bronx County,New York,True,39.26,51.81,12.65,0.52,440,91.8,8.58,14.72,78935,28.83,21.02,5.8,14.68,34.39,45.75,20.45,15.36
36005004100,Bronx County,New York,True,98.26,63.57,58.31,17.2,5680,76.57,53.9,74.15,14592,12.14,28.82,4.63,33.69,0.94,68.94,49.96,17.84
36005004200,Bronx County,New York,True,87.6,47.59,22.99,9.65,6799,82.86,15.65,26.03,55404,16.42,25.87,17.43,45.82,0.35,67.16,23.32,10.15
36005004300,Bronx County,New York,True,86.19,68.6,39.83,12.9,4335,69.2,47.15,53.05,23393,14.74,29.85,12.56,32.3,0.0,67.37,41.35,16.52
36005004400,Bronx County,New York,True,96.1,54.53,24.93,3.92,3851,86.12,38.2,53.22,24375,13.9,23.73,14.32,35.6,3.02,63.44,28.46,11.49
36005004600,Bronx County,New York,True,77.71,75.26,45.49,9.3,1074,79.47,51.39,49.1,30714,20.16,27.81,9.81,36.33,0.0,64.95,40.51,11.34
36005004800,Bronx County,New York,True,97.13,63.65,40.23,25.5,3876,97.33,25.5,46.13,35870,10.09,28.62,8.11,18.51,0.86,81.33,27.3,34.79
36005005001,Bronx County,New York,True,88.05,74.15,48.3,23.59,4110,87.64,55.94,43.46,33632,7.83,31.43,1.87,31.82,1.46,67.53,23.47,20.09
36005005002,Bronx County,New York,True,93.83,75.34,47.32,26.25,5605,92.69,38.37,45.85,34688,7.55,30.88,1.88,25.47,0.0,71.57,28.83,31.87
36005005100,Bronx County,New York,True,93.52,61.46,22.77,11.64,6960,56.99,38.18,57.82,25851,17.08,31.84,8.35,52.06,1.21,60.46,37.68,12.04
36005005200,Bronx County,New York,True,85.12,47.18,29.47,8.38,1464,84.9,37.89,42.31,39743,15.73,26.73,8.93,30.05,0.0,71.04,26.94,15.45
36005005300,Bronx County,New York,True,98.64,82.53,56.55,9.99,4016,90.83,63.89,66.79,20608,8.83,28.63,5.46,58.03,0.0,37.71,43.31,8.7
36005005400,Bronx County,New York,True,89.18,62.57,31.25,16.86,4905,95.95,24.84,28.36,54884,8.83,31.36,1.09,29.77,0.0,69.45,15.15,23.48
36005005600,Bronx County,New York,True,84.59,59.83,37.68,18.68,2153,100.0,43.7,41.25,41684,18.63,22.07,1.0,16.39,3.08,73.01,34.99,23.8
36005005902,Bronx County,New York,True,64.36,69.6,46.44,13.75,2174,90.78,34.12,25.54,51364,16.1,14.74,25.94,24.61,0.63,51.87,47.59,13.19
36005006000,Bronx County,New York,True,90.67,57.14,33.14,23.43,1115,71.5,14.48,23.32,78269,15.86,27.5,1.8,18.44,0.0,83.83,23.32,17.03
36005006100,Bronx County,New York,True,56.16,38.24,23.2,2.66,2078,97.65,10.71,24.21,72123,27.22,13.27,2.85,80.47,0.89,15.97,50.03,0.0
36005006200,Bronx County,New York,True,98.78,54.61,31.47,12.85,6310,97.08,47.12,54.95,27453,15.37,31.64,3.68,38.94,0.35,68.13,25.43,25.41
36005006301,Bronx County,New York,True,82.3,66.13,45.8,19.47,5207,68.68,34.46,32.28,59924,12.6,16.38,16.01,41.56,0.95,50.38,34.06,14.18
36005006302,Bronx County,New York,False,,,,,0,,,,,,,,,,,,
36005006400,Bronx County,New York,True,83.48,74.72,52.14,13.24,3241,90.61,41.22,40.6,41429,10.52,27.37,11.68,26.11,1.86,58.2,25.6,17.36
36005006500,Bronx County,New York,True,96.12,59.77,42.38,9.78,4402,32.94,54.26,56.93,22740,10.21,27.67,24.32,41.54,1.37,52.23,37.55,9.63
36005006700,Bronx County,New York,True,98.22,70.7,30.12,27.19,7291,75.95,54.88,49.05,30191,10.19,33.61,2.65,25.07,0.48,81.25,44.77,20.66
36005006800,Bronx County,New York,True,71.0,93.86,77.47,14.98,1838,93.3,34.78,42.22,32550,21.28,28.64,12.31,14.48,14.63,62.75,22.73,23.31
36005006900,Bronx County,New York,True,96.82,72.76,44.12,12.14,5531,44.34,39.13,56.04,26608,16.36,19.52,10.93,33.96,0.86,71.55,36.6,22.16
36005007000,Bronx County,New York,True,72.22,74.6,36.74,15.02,2953,80.25,34.98,35.73,40417,16.08,23.03,10.39,22.55,17.79,45.83,23.64,17.57
36005007100,Bronx County,New York,True,75.49,74.96,61.18,8.57,2098,22.27,36.44,57.39,23148,18.93,14.9,6.77,37.86,2.92,63.32,50.46,10.07
36005007200,Bronx County,New York,True,66.89,56.58,26.63,30.82,3439,96.03,18.68,25.85,58244,18.8,18.16,6.4,11.25,41.22,39.24,26.28,24.95
36005007300,Bronx County,New York,True,91.89,69.26,39.91,24.66,3992,80.47,39.77,50.06,29978,12.07,32.25,10.75,36.28,0.83,60.76,33.33,16.7
36005007400,Bronx County,New York,True,73.55,57.25,40.55,13.04,2592,64.83,19.27,30.23,69363,21.1,22.56,4.51,55.76,0.0,51.77,33.94,3.74
36005007500,Bronx County,New York,True,85.56,58.59,36.87,13.28,5570,42.97,43.33,44.2,34259,13.4,32.21,8.53,28.51,0.94,74.48,31.69,9.81
36005007600,Bronx County,New York,True,74.04,72.18,44.8,8.01,3451,93.93,20.42,36.22,53320,14.28,22.85,4.32,25.93,18.34,51.77,26.84,17.58
36005007700,Bronx County,New York,True,80.03,58.24,29.01,16.84,1485,54.38,27.21,23.13,50733,10.94,19.53,4.12,26.96,1.83,72.63,26.62,14.01
36005007800,Bronx County,New York,True,72.41,73.4,51.74,15.01,3648,94.58,29.31,38.87,47216,9.14,29.31,15.52,19.92,1.81,60.96,39.86,13.74
36005007900,Bronx County,New York,True,98.43,57.38,31.18,7.9,6381,76.72,31.25,41.48,43081,12.2,30.11,1.42,30.66,0.0,77.64,15.15,19.5
36005008300,Bronx County,New York,True,89.25,49.12,30.28,11.09,5312,75.71,30.15,38.18,48634,9.11,23.65,3.07,15.19,0.27,85.7,24.27,17.96
36005008400,Bronx County,New York,True,30.69,48.73,19.43,8.6,759,83.38,15.48,11.93,63631,16.83,22.65,10.88,45.01,8.53,53.22,45.75,6.84
36005008500,Bronx County,New York,True,82.37,47.37,29.44,10.65,4229,69.35,26.86,39.93,41535,11.17,25.76,5.4,32.77,3.07,69.52,34.17,15.56
36005008600,Bronx County,New York,True,90.19,66.02,27.98,4.86,3399,95.67,48.05,64.97,22671,19.67,19.07,2.99,38.84,3.17,56.27,31.74,17.02
36005008700,Bronx County,New York,True,94.07,58.01,44.13,9.25,5363,39.8,36.95,42.75,40188,11.79,30.47,5.31,30.71,0.0,70.7,31.23,18.1
36005008900,Bronx County,New York,True,94.95,67.37,36.46,6.34,2679,38.83,25.83,41.83,35914,28.79,14.11,12.58,18.28,0.0,78.3,42.42,24.39
36005009000,Bronx County,New York,True,84.47,63.56,25.38,0.0,2786,77.13,42.85,45.43,36806,15.9,28.1,9.92,38.23,4.74,62.68,15.22,12.63
36005009200,Bronx County,New York,True,73.61,59.77,42.93,25.83,4441,84.95,15.86,27.72,58717,10.61,23.28,15.18,9.39,27.21,56.88,27.51,18.57
36005009301,Bronx County,New York,True,85.25,44.54,23.19,19.39,4846,77.02,25.96,27.35,50962,8.72,30.17,1.81,26.35,0.0,71.12,28.61,17.7
36005009302,Bronx County,New York,False,,,,,0,,33.33,,,16.61,0.0,21.63,47.02,0.0,28.53,,0.0
36005009600,Bronx County,New York,True,78.36,71.7,45.66,7.96,1377,51.41,20.73,39.24,47212,21.64,18.55,8.59,19.31,18.35,58.29,45.35,14.86
36005009800,Bronx County,New York,True,47.39,44.17,34.06,16.94,1589,92.04,12.38,16.72,97896,30.42,8.53,9.26,21.25,11.45,52.67,33.91,11.35
36005011000,Bronx County,New York,False,,,,,0,,,,,,,,,,,,
36005011502,Bronx County,New York,True,94.58,71.73,58.35,17.05,3311,69.96,38.42,48.51,30922,13.27,24.8,4.17,23.3,0.79,76.9,30.27,15.23
36005011701,Bronx County,New York,True,92.83,73.5,50.0,22.95,1164,86.28,15.77,35.02,36857,9.51,29.24,0.0,18.23,0.0,80.98,40.08,10.76
36005011702,Bronx County,New York,False,,,,,0,,,,,,,,,,,,
36005011800,Bronx County,New York,True,42.25,70.18,36.24,4.06,1422,80.19,12.03,18.33,93319,13.43,19.04,66.62,1.94,3.48,30.55,32.5,2.25
36005011900,Bronx County,New York,True,95.09,55.91,23.82,16.6,5534,62.99,22.99,34.83,44122,16.26,34.16,7.74,43.32,0.0,53.75,22.24,18.14
36005012101,Bronx County,New York,True,89.88,69.6,57.49,18.63,2614,49.72,32.4,44.09,34464,13.03,23.08,3.28,25.27,0.73,74.07,35.57,24.0
36005012102,Bronx County,New York,True,97.55,62.54,38.17,15.41,1352,80.0,39.81,56.29,28200,20.5,22.39,5.32,37.58,0.0,71.87,40.38,13.43
36005012300,Bronx County,New York,True,88.15,62.29,53.08,15.3,3964,24.71,32.07,44.36,36435,8.55,26.68,11.74,56.11,1.17,43.95,27.09,10.52
36005012500,Bronx County,New York,True,79.64,55.07,20.98,8.32,3104,17.91,29.78,30.02,55772,6.47,33.24,5.57,21.87,0.32,78.61,29.81,13.84
36005012701,Bronx County,New York,True,76.64,62.55,33.03,11.91,1602,66.45,33.59,43.89,34688,10.15,27.01,4.09,30.01,0.0,73.6,28.05,19.59
36005012901,Bronx County,New York,True,100.0,55.53,35.64,21.96,4637,30.34,45.08,47.02,39409,9.43,33.27,8.31,23.36,0.16,73.99,32.63,21.86
36005013000,Bronx County,New York,True,43.01,48.11,41.62,3.45,625,75.59,23.41,27.12,59595,20.03,2.88,27.31,7.28,1.15,73.99,11.86,12.91
36005013100,Bronx County,New York,True,90.16,74.76,61.53,4.69,4276,38.47,39.47,57.39,19760,12.14,26.15,9.64,44.67,0.0,66.68,50.25,21.72
36005013200,Bronx County,New York,True,29.6,55.12,36.06,0.0,2028,79.13,5.6,12.82,107563,16.01,20.78,30.16,16.89,9.77,52.59,20.04,7.07
36005013300,Bronx County,New York,True,94.98,53.41,31.78,7.75,5822,91.6,46.94,52.67,28560,8.08,25.41,6.26,31.82,3.79,69.48,27.41,20.5
36005013500,Bronx County,New York,True,98.5,62.12,39.19,16.35,3973,58.3,48.52,57.3,26125,5.79,30.97,9.64,46.09,0.88,71.56,38.85,28.95
36005013800,Bronx County,New York,True,26.45,70.81,47.85,8.43,711,64.85,18.55,21.12,92567,16.17,22.18,58.92,8.03,10.32,38.8,35.38,0.88
36005014100,Bronx County,New York,True,92.45,61.66,36.76,10.41,7071,11.06,27.15,42.85,38816,5.31,25.6,4.05,50.55,0.0,44.23,35.4,3.88
36005014300,Bronx County,New York,True,100.0,71.69,44.21,7.0,1443,48.47,49.47,64.87,12367,11.96,22.89,3.83,35.64,7.04,55.68,66.89,22.41
36005014400,Bronx County,New York,True,84.23,47.82,23.23,11.64,4942,82.18,28.3,49.75,30288,19.53,26.44,8.6,29.05,2.45,68.44,40.4,16.31
36005014500,Bronx County,New York,True,98.52,76.9,49.55,20.61,6416,57.99,52.96,56.51,28104,14.05,33.41,8.48,61.84,0.0,38.34,42.09,5.06
36005014701,Bronx County,New York,True,99.0,50.52,26.13,6.03,5698,94.58,60.44,46.19,35277,11.31,33.51,20.71,38.4,0.98,41.02,29.02,4.21
36005014702,Bronx County,New York,True,98.44,31.76,18.52,10.88,4897,96.67,36.26,56.76,23825,16.77,28.53,5.92,48.08,0.69,58.79,38.93,14.63
36005014900,Bronx County,New York,True,77.81,71.83,55.0,18.12,3346,56.18,43.96,44.57,35982,6.77,34.34,4.94,51.04,0.0,51.61,38.68,10.33
36005015100,Bronx County,New York,True,81.06,67.26,45.88,9.03,4206,56.25,31.74,44.87,31298,12.19,21.76,8.67,59.61,2.2,44.92,41.66,21.11
36005015200,Bronx County,New York,True,45.54,54.22,39.52,2.23,1136,87.8,11.56,11.46,81875,15.93,24.79,38.8,11.12,0.59,56.95,18.97,2.86
36005015300,Bronx County,New York,True,91.47,58.62,31.69,0.0,3236,47.26,24.92,45.26,33028,9.88,32.03,1.67,49.38,0.28,67.55,54.63,9.33
36005015500,Bronx County,New York,True,95.3,52.17,24.43,11.74,2705,63.2,27.82,38.16,43913,15.75,21.52,6.17,27.39,0.36,72.35,26.79,24.77
36005015700,Bronx County,New York,True,91.38,61.19,26.7,14.29,5451,19.93,29.83,32.14,46504,10.18,29.49,6.18,47.94,0.28,49.07,42.48,19.0
36005015800,Bronx County,New York,True,52.62,72.6,53.74,7.83,454,84.43,19.13,26.4,87656,25.17,14.77,39.73,8.46,6.31,57.11,41.95,7.1
36005015900,Bronx County,New York,True,90.13,60.7,37.32,3.47,2032,56.5,37.01,59.43,25686,18.94,20.61,0.79,33.94,3.86,84.21,36.95,19.95
36005016000,Bronx County,New York,True,36.49,74.9,63.44,8.47,1215,69.85,15.03,22.55,90221,19.91,16.84,53.77,4.57,12.55,35.5,29.32,6.36
36005016100,Bronx County,New York,True,98.79,68.89,49.92,7.42,4503,64.76,37.49,59.8,23210,26.05,22.54,8.53,41.95,0.0,53.09,39.48,20.18
36005016200,Bronx County,New York,True,42.63,51.15,13.82,3.69,862,79.22,5.72,7.27,121645,16.34,24.77,29.44,11.09,5.89,54.8,10.22,5.88
36005016300,Bronx County,New York,False,,,,,0,,,,,,,,,,,,
36005016400,Bronx County,New York,True,41.07,68.87,42.38,0.0,528,91.16,21.47,28.06,69057,18.73,24.82,23.32,15.99,38.87,26.86,28.57,8.17
36005016500,Bronx County,New York,True,100.0,37.23,23.94,25.27,1197,44.15,21.74,21.28,52446,4.73,27.38,2.52,47.9,0.0,57.28,9.57,6.78
36005016600,Bronx County,New York,True,50.37,45.55,29.52,3.71,1052,95.53,13.43,11.72,109519,9.65,30.35,24.76,8.31,4.63,58.83,11.85,2.62
36005016700,Bronx County,New York,True,96.45,66.26,16.31,21.56,2529,38.56,36.98,35.18,45363,6.7,27.86,3.18,43.32,0.0,55.69,36.57,11.23
36005016900,Bronx County,New York,True,89.46,48.71,36.98,2.58,1295,58.58,52.0,37.23,42168,11.88,27.88,0.93,58.69,0.0,32.3,41.85,13.96
36005017100,Bronx County,New York,False,,,,,0,,,,,,,,,,,,
36005017300,Bronx County,New York,True,91.26,51.49,34.43,22.58,4655,50.34,30.2,49.3,33269,15.32,13.73,4.39,54.12,0.42,46.96,40.6,11.43
36005017500,Bronx County,New York,True,100.0,65.93,46.09,4.94,6098,79.56,39.07,58.35,18474,16.32,32.44,4.25,63.89,0.0,38.14,46.66,7.94
36005017701,Bronx County,New York,True,97.67,47.9,22.14,15.83,4577,56.56,25.09,21.75,62126,12.01,20.83,9.66,32.33,2.08,63.04,7.25,27.19
36005017702,Bronx County,New York,True,76.66,58.7,34.8,23.6,3384,62.76,34.75,31.88,40125,12.84,24.08,3.59,63.51,5.43,27.64,16.18,11.09
36005017901,Bronx County,New York,True,87.32,65.67,40.64,16.35,4292,58.87,20.17,24.35,47778,8.94,24.36,2.8,26.19,5.54,77.52,22.45,25.36
36005017902,Bronx County,New York,True,100.0,71.63,45.67,13.82,3008,66.25,15.94,23.03,42870,12.31,33.73,7.26,44.98,0.0,63.07,23.36,21.9
36005018101,Bronx County,New York,True,91.7,62.78,44.22,12.88,2675,64.67,23.12,38.28,55664,9.02,25.48,4.27,37.45,0.07,60.15,31.18,22.23
36005018102,Bronx County,New York,True,98.09,64.3,52.2,20.77,4916,95.91,31.25,47.44,31618,21.43,26.15,3.04,47.45,0.11,54.24,51.95,13.78
36005018301,Bronx County,New York,True,74.82,67.45,33.4,12.65,3018,89.02,28.38,37.95,46389,24.66,18.76,14.42,30.31,4.75,52.38,48.24,15.68
36005018302,Bronx County,New York,True,85.4,68.36,37.23,18.23,3022,78.78,23.88,25.9,68627,9.86,29.92,3.22,49.44,0.03,48.92,53.99,11.03
36005018400,Bronx County,New York,True,54.18,48.45,35.49,8.54,2001,88.73,13.0,19.18,92273,15.72,25.99,47.35,4.97,13.54,36.95,21.27,8.55
36005018501,Bronx County,New York,True,98.98,39.21,30.88,7.79,3656,0.96,30.9,43.52,49444,10.2,32.98,4.45,47.07,0.0,50.38,43.18,9.33
36005018502,Bronx County,New York,True,96.87,63.55,36.4,5.64,4525,48.72,50.81,53.7,28963,8.9,19.69,5.1,23.2,0.0,72.0,34.38,15.66
36005018900,Bronx County,New York,True,90.79,64.07,29.91,21.13,7300,59.23,25.88,29.48,54056,6.71,28.24,11.84,35.94,0.01,64.94,28.92,11.92
36005019300,Bronx County,New York,True,97.7,46.13,18.62,7.23,5716,72.85,14.98,29.26,46794,10.3,23.6,10.14,55.12,0.0,41.87,32.24,5.23
36005019400,Bronx County,New York,True,48.56,47.35,23.99,8.28,960,83.31,7.84,14.08,100950,14.79,25.32,16.63,21.92,6.05,62.26,23.42,9.31
36005019500,Bronx County,New York,True,99.3,67.27,40.85,19.9,7605,74.92,39.75,39.36,45661,10.51,26.8,5.8,42.32,0.16,52.96,33.33,12.36
36005019700,Bronx County,New York,True,100.0,72.73,62.2,27.29,7566,87.68,56.84,56.69,25439,6.97,33.35,6.74,27.81,4.35,76.94,25.75,14.16
36005019900,Bronx County,New York,True,95.1,65.58,46.14,21.03,6377,84.86,35.7,47.32,34311,13.16,21.0,0.54,40.56,0.0,62.39,32.31,16.89
36005020000,Bronx County,New York,True,80.14,69.68,42.08,23.82,3586,80.92,26.28,33.43,46622,10.14,29.26,5.09,10.05,26.21,60.85,26.29,14.31
36005020100,Bronx County,New York,True,100.0,80.29,41.82,17.78,3281,72.97,44.55,44.88,32692,13.29,24.76,6.84,27.07,0.47,70.17,35.35,26.07
36005020200,Bronx County,New York,True,81.95,58.32,31.39,14.02,2045,78.31,25.76,32.0,53491,20.25,23.44,15.72,8.95,11.22,67.76,32.0,21.43
36005020400,Bronx County,New York,True,75.61,65.49,36.54,8.97,2077,82.85,26.46,37.96,55947,9.16,26.94,5.97,12.16,16.83,62.07,29.76,9.02
36005020501,Bronx County,New York,True,92.02,64.31,37.85,24.08,7296,74.56,43.85,50.21,27349,11.31,33.11,11.19,39.66,0.0,61.95,26.82,16.0
36005020502,Bronx County,New York,True,87.79,58.42,37.23,16.32,1747,76.09,23.92,43.56,39688,15.74,19.09,11.37,29.82,0.99,70.7,40.77,25.02
36005020601,Bronx County,New York,True,69.9,57.58,17.34,7.94,1533,85.28,19.47,28.92,86701,14.06,24.68,5.93,5.43,33.98,48.98,27.85,19.67
36005020900,Bronx County,New York,True,96.81,58.77,29.97,17.75,4419,70.21,26.71,39.2,38333,7.53,32.88,9.96,38.49,0.21,64.4,38.48,20.23
36005021001,Bronx County,New York,True,71.57,61.62,33.66,10.43,5126,92.41,18.96,31.27,52629,15.53,19.18,5.02,52.89,15.38,34.22,41.23,10.41
36005021002,Bronx County,New York,True,79.64,47.42,36.26,21.63,5976,96.88,23.47,25.68,73188,14.96,25.28,8.11,40.1,20.0,31.11,39.77,5.71
36005021100,Bronx County,New York,True,92.86,51.18,30.07,14.52,5059,57.87,30.25,32.22,52128,13.36,29.03,12.68,33.55,0.39,69.93,40.36,15.47
36005021200,Bronx County,New York,True,64.9,55.27,33.79,17.03,3313,95.31,21.2,27.61,68926,18.09,22.44,9.19,27.0,40.49,29.73,40.43,19.44
36005021301,Bronx County,New York,True,70.02,72.82,53.69,7.03,775,69.57,32.04,42.73,37171,7.68,27.0,2.64,43.75,0.0,67.42,22.6,18.95
36005021302,Bronx County,New York,True,98.84,61.95,42.23,18.28,5810,47.2,41.39,39.85,37049,23.43,18.85,1.95,40.74,0.83,60.14,37.31,24.5
36005021501,Bronx County,New York,True,95.99,67.7,45.9,15.61,3757,89.89,39.65,33.98,37171,5.82,33.27,16.24,19.31,2.55,78.88,27.15,19.6
36005021502,Bronx County,New York,True,96.68,55.8,40.63,19.64,5366,74.72,46.73,67.31,20415,7.28,28.0,13.86,19.71,0.03,73.44,38.37,18.2
36005021601,Bronx County,New York,True,89.25,66.62,50.44,19.9,3595,89.62,30.14,37.99,33990,9.98,26.69,7.36,18.26,7.97,74.6,27.18,22.68
36005021602,Bronx County,New York,True,78.72,64.03,31.29,19.93,4593,99.05,17.84,17.95,58569,16.26,24.39,1.83,27.18,34.79,27.71,34.97,14.19
36005021700,Bronx County,New York,True,97.89,64.33,45.16,18.97,4521,55.91,38.26,45.02,36195,8.81,24.83,3.74,29.9,1.88,59.73,37.18,24.29
36005021800,Bronx County,New York,True,80.25,61.83,43.84,4.82,4537,96.42,25.31,26.53,60108,10.43,19.98,5.06,18.93,4.3,71.87,36.15,14.75
36005021900,Bronx County,New York,True,100.0,75.0,41.67,15.13,1415,73.54,14.01,30.47,48444,9.21,17.61,4.77,20.09,0.47,78.16,38.04,17.06
36005022000,Bronx County,New York,True,91.38,69.38,54.44,17.17,1465,62.81,61.4,53.38,23910,10.79,32.69,5.34,28.37,4.75,69.55,37.23,24.4
36005022101,Bronx County,New York,True,100.0,51.18,25.47,34.35,3752,57.36,23.93,32.71,52176,7.28,29.85,8.61,22.87,0.69,70.5,24.57,20.12
36005022102,Bronx County,New York,True,100.0,57.56,44.74,24.69,4937,85.27,35.3,45.15,33614,12.36,28.07,7.15,18.64,0.0,77.39,28.73,28.29
36005022200,Bronx County,New York,True,83.84,68.07,45.17,23.44,2491,88.82,26.81,30.03,48110,10.0,28.05,4.41,7.75,36.28,49.52,29.48,20.62
36005022300,Bronx County,New York,True,100.0,63.87,23.38,10.22,4844,70.77,33.08,36.9,45257,8.86,25.05,6.68,18.62,0.53,77.25,26.3,23.89
36005022401,Bronx County,New York,True,79.38,59.16,38.67,8.88,2007,99.53,23.06,29.43,53398,17.67,26.14,15.04,19.11,7.77,64.69,38.45,11.94
36005022403,Bronx County,New York,True,82.32,56.52,30.34,5.05,2208,96.9,14.02,24.61,72143,7.84,19.12,9.49,27.61,3.59,61.29,35.53,16.57
36005022404,Bronx County,New York,True,72.96,59.43,39.4,7.53,3133,81.47,16.24,26.29,61760,13.79,21.92,16.31,26.23,5.82,52.94,33.07,11.06
36005022500,Bronx County,New York,True,95.55,42.41,25.33,25.92,7073,83.72,25.73,32.31,50243,10.63,25.65,8.48,18.56,0.83,77.38,23.55,24.53
36005022701,Bronx County,New York,True,98.37,70.79,43.87,11.9,4679,58.67,28.73,42.17,37828,6.45,23.01,1.05,48.46,0.65,50.28,32.89,16.74
36005022702,Bronx County,New York,True,93.94,64.68,50.92,11.13,1023,66.06,47.53,47.71,34145,16.53,9.8,2.8,32.49,2.24,64.52,32.11,21.8
36005022703,Bronx County,New York,True,100.0,58.27,44.89,6.04,1685,98.85,37.51,37.84,60694,17.51,26.59,27.48,21.07,3.68,72.05,37.99,19.08
36005022800,Bronx County,New York,True,86.98,45.07,24.21,6.37,5130,100.0,9.79,17.51,83859,12.05,23.59,21.1,20.11,8.83,55.24,33.64,10.42
36005022901,Bronx County,New York,True,98.48,52.86,35.22,14.69,5705,77.19,30.3,42.18,52222,4.1,27.05,3.53,42.84,0.67,56.27,23.91,22.81
36005022902,Bronx County,New York,True,89.12,65.28,49.95,3.5,2887,77.66,30.73,34.57,47833,11.01,27.53,1.78,29.46,0.0,67.85,22.68,21.03
36005023000,Bronx County,New York,True,81.97,75.62,47.47,35.15,2356,96.39,38.32,24.35,53826,5.92,33.96,37.31,7.72,10.8,48.39,24.04,20.03
36005023100,Bronx County,New York,True,93.81,52.49,33.7,20.84,1008,86.32,29.11,39.11,,12.89,30.21,5.77,59.65,4.01,30.85,19.8,18.1
36005023200,Bronx County,New York,True,82.01,70.86,44.23,3.66,2096,79.58,33.17,32.3,50893,10.43,31.26,30.65,9.33,8.68,47.45,21.68,14.02
36005023301,Bronx County,New York,True,94.64,73.48,34.26,15.24,3464,90.88,31.17,42.23,37936,10.8,23.01,3.78,38.27,1.04,70.42,36.99,15.4
36005023302,Bronx County,New York,True,93.62,40.66,23.88,23.3,3547,84.75,24.1,33.92,69030,6.35,28.17,1.16,16.36,2.0,76.28,12.57,18.27
36005023501,Bronx County,New York,True,99.09,73.02,53.97,18.42,2949,65.07,40.6,54.34,19940,12.01,20.99,9.65,15.22,0.54,78.64,44.1,22.4
36005023502,Bronx County,New York,True,95.54,47.48,27.47,16.84,4142,91.46,30.71,44.57,41780,15.41,23.96,2.65,32.25,2.76,68.75,33.59,25.51
36005023600,Bronx County,New York,True,92.23,53.0,31.91,19.92,1537,89.51,26.45,18.9,52368,10.72,29.29,24.35,11.34,0.28,65.77,21.02,29.06
36005023702,Bronx County,New York,True,94.01,53.17,35.92,17.11,917,90.54,33.2,43.53,34922,9.11,27.82,0.59,42.41,0.0,56.81,22.4,29.51
36005023703,Bronx County,New York,True,98.15,77.48,48.79,13.16,4475,71.34,39.39,49.26,32892,8.83,28.76,6.67,22.79,1.25,76.29,28.07,19.04
36005023704,Bronx County,New York,True,100.0,82.62,58.21,8.84,3287,63.29,37.14,40.01,32228,8.78,22.01,13.61,16.32,0.0,81.3,23.42,23.23
36005023800,Bronx County,New York,True,69.83,65.25,36.97,6.61,1654,96.44,21.94,21.32,64408,6.74,27.19,25.55,15.71,7.45,56.11,16.46,17.64
36005023900,Bronx County,New York,True,98.92,59.3,29.78,38.12,8166,84.53,39.33,41.54,37543,5.54,26.02,5.39,17.3,0.88,87.21,20.56,27.54
36005024000,Bronx County,New York,True,54.81,73.33,47.23,2.49,1789,79.35,18.81,19.71,68832,13.46,15.98,21.4,38.81,6.67,44.05,17.97,6.41
36005024100,Bronx County,New York,True,100.0,57.87,38.94,22.39,5839,67.39,40.4,58.38,22361,17.41,25.47,11.55,27.56,0.0,68.76,37.07,27.09
36005024300,Bronx County,New York,True,100.0,67.05,55.79,21.62,4085,51.61,28.79,49.38,30446,10.26,20.49,6.7,36.36,0.19,66.69,53.31,14.65
36005024400,Bronx County,New York,True,67.95,51.49,30.67,5.14,1467,94.03,17.31,16.02,82083,10.17,22.34,25.8,5.91,9.06,59.55,22.89,8.95
36005024501,Bronx County,New York,True,90.67,58.01,32.63,10.28,4133,76.56,32.83,35.83,45900,18.49,21.42,7.99,28.46,0.0,76.96,29.88,33.82
36005024502,Bronx County,New York,True,87.5,55.25,28.15,1.82,3263,85.29,24.0,29.78,60221,10.1,24.14,18.03,27.85,0.0,71.01,20.54,28.8
36005024600,Bronx County,New York,True,62.14,48.73,34.11,9.15,1346,95.07,7.16,15.37,97115,22.09,19.05,24.64,7.81,18.8,42.51,28.17,11.1
36005024700,Bronx County,New York,True,98.5,54.14,26.56,4.01,1729,84.49,16.0,25.17,48906,14.35,16.34,4.1,50.8,7.74,44.42,48.16,12.5
36005024800,Bronx County,New York,True,73.36,72.36,27.86,5.56,2302,92.19,15.16,21.92,61210,22.9,18.28,34.9,16.46,15.17,45.69,28.96,7.51
36005024900,Bronx County,New York,False,,,,,0,,,,,,,,,,,,
36005025000,Bronx County,New York,True,47.18,66.98,26.93,17.33,1321,96.54,10.77,9.72,109896,15.92,27.61,49.91,8.03,21.86,32.28,22.87,14.26
36005025100,Bronx County,New York,True,84.18,72.52,44.71,15.61,5810,68.67,40.5,39.76,36845,11.24,31.18,7.38,25.13,1.69,67.71,22.08,18.43
36005025200,Bronx County,New York,True,71.23,57.39,20.06,7.01,1862,92.32,4.98,7.93,83688,11.04,20.45,30.64,10.38,17.82,31.45,21.17,11.0
36005025300,Bronx County,New York,True,98.55,57.46,36.88,7.9,5140,89.14,33.38,37.7,42976,9.27,22.53,4.05,22.44,4.0,79.74,29.54,27.38
36005025400,Bronx County,New York,True,59.54,52.07,30.99,25.2,1371,96.76,13.32,23.41,90108,16.0,25.17,52.83,4.76,7.09,34.08,21.37,8.91
36005025500,Bronx County,New York,True,99.65,66.88,31.6,21.93,5840,70.65,22.55,35.66,49159,18.46,21.68,6.04,14.06,1.38,85.0,31.29,24.76
36005025600,Bronx County,New York,True,72.04,58.77,19.13,7.98,1027,92.84,6.68,30.51,60815,17.32,18.52,30.34,12.45,7.46,51.45,40.42,12.7
36005025700,Bronx County,New York,True,92.53,63.15,32.78,24.88,1505,82.04,39.94,46.65,38667,10.21,17.15,6.53,34.42,0.0,71.16,39.94,19.44
36005026100,Bronx County,New York,True,11.63,69.37,27.03,11.45,244,93.47,14.52,29.84,59242,22.77,14.9,7.57,52.03,2.83,42.11,55.6,9.22
36005026300,Bronx County,New York,True,100.0,67.83,39.04,21.66,5728,96.36,23.63,37.5,42100,21.3,23.76,7.11,12.91,0.69,82.98,28.87,30.64
36005026400,Bronx County,New York,True,71.53,60.69,50.77,2.01,4032,79.9,12.5,15.9,65337,8.18,28.82,44.29,9.37,6.47,58.64,21.37,7.57
36005026500,Bronx County,New York,True,96.1,58.4,26.77,20.52,6557,92.61,15.16,21.23,71688,9.06,26.47,3.21,5.05,4.26,89.86,18.98,22.19
36005026601,Bronx County,New York,True,86.14,58.21,37.69,9.62,2855,94.84,30.74,38.07,51042,11.95,21.03,40.63,11.7,1.43,55.07,35.86,5.1
36005026602,Bronx County,New York,True,81.83,53.9,27.49,4.87,4585,83.75,16.98,27.84,53969,19.39,21.0,19.08,15.29,14.98,51.98,32.86,12.03
36005026701,Bronx County,New York,True,98.76,56.14,34.65,25.82,3549,96.86,29.04,25.43,52286,10.97,30.6,3.68,22.06,6.46,67.53,31.01,31.49
36005026702,Bronx County,New York,True,82.36,51.45,33.79,12.35,5805,90.3,20.2,28.87,75924,17.67,23.02,6.74,14.92,0.0,80.22,37.43,25.81
36005026900,Bronx County,New York,True,93.77,63.07,48.01,15.84,3620,72.2,37.73,53.63,27569,12.03,22.35,11.53,20.54,2.0,77.5,47.56,27.75
36005027300,Bronx County,New York,True,92.25,64.21,31.84,11.75,5557,96.71,26.73,34.71,51730,17.46,18.69,11.65,27.71,0.09,71.11,42.13,18.46
36005027401,Bronx County,New York,True,27.66,59.72,35.17,6.88,1549,89.49,9.19,15.92,105346,16.59,24.47,55.24,6.52,7.3,40.62,20.38,8.06
36005027402,Bronx County,New York,True,30.55,46.67,31.94,0.0,826,86.64,7.28,20.82,108235,22.77,20.13,60.57,2.03,5.41,25.63,28.88,5.37
36005027600,Bronx County,New York,True,35.48,100.0,0.0,72.73,20,100.0,10.39,25.81,,0.65,0.0,23.38,2.6,0.0,74.03,0.0,0.0
36005027700,Bronx County,New York,True,89.61,47.17,34.7,18.2,3824,94.61,30.44,41.73,48750,5.57,23.09,17.21,10.01,4.31,79.91,27.04,12.17
36005027900,Bronx County,New York,True,78.95,55.45,27.94,10.83,6604,88.12,17.16,18.76,72721,12.36,28.78,19.28,21.14,2.58,57.53,24.03,8.13
36005028100,Bronx County,New York,True,54.87,48.2,21.51,3.59,1817,98.38,5.45,25.16,65982,42.55,11.98,35.79,17.34,3.93,47.12,47.34,11.32
36005028300,Bronx County,New York,True,94.35,79.7,61.01,31.68,2195,69.91,65.2,74.33,13796,6.49,29.38,33.2,20.77,5.33,70.8,34.1,9.05
36005028400,Bronx County,New York,False,,,,,0,,79.26,,,31.55,0.0,29.14,55.35,4.28,11.23,,4.28
36005028500,Bronx County,New York,True,75.1,47.44,26.66,13.62,2612,84.76,10.34,20.51,70659,14.82,14.2,40.91,10.9,4.06,46.35,38.63,7.75
36005028600,Bronx County,New York,True,56.58,68.03,38.93,18.27,669,91.22,7.21,12.22,72692,29.01,21.88,63.7,7.53,12.82,25.16,36.09,6.59
36005028700,Bronx County,New York,True,61.09,59.33,15.03,25.13,2041,80.37,8.81,9.16,62500,10.7,18.4,27.32,4.97,6.29,67.01,22.27,14.31
36005028800,Bronx County,New York,True,48.95,57.56,28.88,3.12,942,86.44,9.19,15.11,97969,16.3,18.46,59.6,7.15,16.99,16.18,23.71,6.64
36005028900,Bronx County,New York,True,77.86,70.1,40.34,15.32,3185,73.59,18.64,13.27,61797,15.51,19.79,24.5,12.62,8.25,61.49,42.83,21.06
36005029301,Bronx County,New York,True,14.16,46.88,21.88,8.27,195,90.73,5.5,11.4,145951,40.88,12.01,56.24,11.42,7.2,23.11,44.73,2.97
36005029302,Bronx County,New York,True,33.3,40.09,17.6,4.3,1699,94.18,1.77,6.41,133102,31.95,15.98,55.64,14.98,7.15,12.13,48.42,1.58
36005029500,Bronx County,New York,True,35.95,45.12,8.43,7.18,1689,90.5,16.15,6.55,98125,18.22,22.81,49.35,4.6,8.34,39.94,40.86,7.03
36005029600,Bronx County,New York,True,88.8,49.42,21.73,11.38,1610,68.49,18.58,24.32,57474,12.04,8.91,40.09,15.55,11.2,31.18,45.26,1.57
36005029700,Bronx County,New York,True,42.77,62.77,39.25,2.73,1376,87.44,3.39,6.25,100548,34.47,18.72,56.29,14.65,6.9,17.95,44.46,3.58
36005030000,Bronx County,New York,True,67.81,62.24,32.08,10.77,4441,85.03,9.11,18.24,78155,11.39,20.12,45.19,6.62,13.59,43.43,31.91,2.79
36005030100,Bronx County,New York,True,61.56,31.31,7.77,0.0,651,67.92,8.15,20.09,80357,46.31,12.17,51.27,9.49,2.61,31.78,56.65,11.87
36005030201,Bronx County,New York,True,54.98,31.82,18.18,3.13,1892,94.43,10.24,21.83,69500,21.35,15.57,7.17,62.4,0.0,30.75,37.49,0.97
36005030202,Bronx County,New York,True,62.54,59.9,19.18,24.26,4396,96.78,8.33,16.14,74044,19.69,23.29,2.58,88.01,0.02,12.52,39.51,3.62
36005030701,Bronx County,New York,True,40.85,39.22,11.9,1.73,2430,96.35,4.16,16.13,109890,25.56,29.31,61.71,4.7,2.56,25.06,35.42,3.39
36005030900,Bronx County,New York,True,41.54,66.42,45.44,0.0,923,95.61,3.12,10.54,117333,45.44,19.2,80.82,6.35,3.2,11.86,46.95,2.35
36005031000,Bronx County,New York,True,27.81,23.53,11.15,5.01,872,81.79,4.19,4.8,148168,31.9,11.46,34.91,20.1,16.7,34.6,27.5,10.05
36005031200,Bronx County,New York,True,45.86,54.59,30.28,12.3,529,98.63,11.6,20.86,108056,20.69,24.24,28.14,23.57,9.34,39.56,30.26,5.54
36005031400,Bronx County,New York,True,34.73,35.5,6.0,12.08,564,87.71,5.19,4.19,111800,20.88,22.4,31.36,20.03,11.69,44.31,26.51,9.62
36005031600,Bronx County,New York,True,35.44,60.25,58.61,0.0,555,92.17,17.86,20.53,79263,32.12,12.91,40.66,5.07,10.43,45.61,21.66,13.65
36005031800,Bronx County,New York,True,32.66,44.07,13.56,0.0,502,92.31,4.21,9.23,96000,17.8,15.71,31.65,22.42,15.33,33.68,15.5,8.45
36005031900,Bronx County,New York,True,100.0,100.0,100.0,0.0,6,100.0,88.0,100.0,,10.25,2.02,66.09,15.44,7.65,18.47,100.0,2.02
36005032300,Bronx County,New York,True,29.93,39.37,11.23,5.59,1477,95.62,3.55,10.74,95556,40.29,14.31,63.08,9.62,3.49,25.66,54.28,2.31
36005032400,Bronx County,New York,True,91.57,50.6,16.18,12.16,2596,96.35,32.73,46.87,31489,15.1,24.35,16.92,30.02,16.51,43.77,31.17,23.71
36005032600,Bronx County,New York,True,50.8,71.48,43.15,7.21,1629,96.53,15.53,20.28,89323,20.05,19.68,35.91,14.91,14.91,31.62,20.38,13.33
36005032800,Bronx County,New York,True,87.63,55.05,25.81,15.0,3278,95.15,18.81,24.95,49720,9.8,28.97,10.87,24.85,9.85,53.51,22.6,13.72
36005033000,Bronx County,New York,True,90.27,58.17,31.19,14.12,4699,88.66,23.95,36.85,40133,18.63,26.67,27.9,27.3,2.25,43.78,39.0,18.96
36005033201,Bronx County,New York,True,74.36,68.73,52.0,7.33,2797,90.61,28.0,48.23,35360,23.93,17.33,32.42,12.94,4.07,59.53,60.19,15.98
36005033202,Bronx County,New York,True,78.82,59.0,39.45,13.56,2402,81.46,25.33,34.3,50245,30.29,19.4,15.71,20.87,8.46,59.67,49.05,25.19
36005033400,Bronx County,New York,True,100.0,100.0,0.0,50.0,30,50.0,6.25,0.0,,0.0,12.5,15.62,71.88,0.0,12.5,0.0,0.0
36005033500,Bronx County,New York,True,52.43,28.86,8.86,2.38,783,97.11,13.46,12.36,109867,18.78,18.34,60.29,13.24,1.61,28.18,38.83,3.34
36005033601,Bronx County,New York,True,94.01,65.85,40.15,8.95,3790,94.41,45.54,58.18,20765,15.31,20.84,8.63,39.01,4.08,53.01,47.58,9.25
36005033602,Bronx County,New York,True,52.97,42.31,16.99,0.0,817,82.64,14.04,8.49,70475,23.74,25.2,10.62,47.97,0.0,45.06,52.12,2.65
36005033700,Bronx County,New York,True,27.74,75.0,27.05,22.34,908,94.0,5.03,10.39,125273,26.55,30.99,69.39,6.57,8.88,12.91,25.83,3.66
36005033801,Bronx County,New York,True,83.35,43.76,29.36,3.81,1507,84.83,22.92,27.38,72725,8.6,22.58,5.57,23.82,7.16,47.94,15.88,9.05
36005033802,Bronx County,New York,True,86.17,52.31,38.02,27.91,1244,73.59,33.46,31.82,62153,8.3,25.46,7.41,41.04,6.14,53.07,27.84,15.91
36005034000,Bronx County,New York,True,77.58,53.5,25.43,10.24,3920,90.85,19.77,25.43,63500,10.36,29.87,6.81,32.62,3.64,53.32,23.5,16.95
36005034200,Bronx County,New York,True,60.8,75.53,19.21,0.0,895,84.56,18.84,22.88,73298,13.6,22.83,8.62,55.02,0.62,39.45,29.28,6.96
36005034300,Bronx County,New York,True,54.09,57.77,21.96,5.14,824,85.04,4.88,13.22,76940,27.75,16.64,27.99,8.56,3.22,55.25,18.78,5.18
36005034400,Bronx County,New York,True,41.81,73.88,65.31,0.0,723,83.68,34.07,16.38,79167,10.13,32.09,15.08,44.09,12.0,34.54,14.33,5.23
36005034500,Bronx County,New York,True,45.3,48.17,18.12,10.12,1450,89.46,10.1,14.23,100539,17.39,22.71,50.04,12.09,1.07,37.65,36.13,7.37
36005034800,Bronx County,New York,True,59.26,34.42,20.3,4.33,3022,88.59,18.91,32.43,55700,13.92,27.55,6.87,48.29,8.08,37.94,29.63,5.64
36005035000,Bronx County,New York,True,62.28,95.13,30.97,2.24,965,75.09,7.58,17.97,72778,13.2,24.64,1.59,76.89,4.77,22.36,24.05,2.38
36005035100,Bronx County,New York,True,54.37,30.27,10.39,0.29,1388,73.15,7.31,6.68,94948,12.77,17.51,45.51,8.7,6.96,37.45,40.62,4.44
36005035600,Bronx County,New York,True,41.3,57.61,49.38,0.0,760,90.78,12.59,14.75,85962,15.0,18.44,1.68,81.6,0.63,16.81,14.45,3.28
36005035800,Bronx County,New York,True,27.32,45.72,22.7,13.42,1811,93.51,9.28,24.34,87553,20.2,18.57,7.82,74.72,0.15,26.36,32.31,0.87
36005035900,Bronx County,New York,True,91.44,64.74,35.86,13.76,3424,30.79,42.46,46.84,34472,16.16,32.07,3.18,35.81,0.0,60.11,36.44,17.25
36005036000,Bronx County,New York,True,33.58,78.49,40.5,7.74,800,98.61,18.67,22.77,85708,23.14,18.6,7.81,54.16,6.48,35.23,24.12,7.3
36005036100,Bronx County,New York,True,96.5,48.01,24.24,6.32,4413,79.69,48.89,50.53,29250,17.31,28.0,3.24,29.08,1.09,77.08,40.12,22.49
36005036300,Bronx County,New York,True,97.88,64.43,49.29,16.08,6289,57.41,40.65,52.03,27273,9.28,29.11,9.38,38.4,0.09,64.4,22.74,21.8
36005036400,Bronx County,New York,True,49.47,83.33,64.02,4.01,893,98.69,9.77,25.2,64850,18.66,15.49,2.52,77.26,1.78,16.8,26.95,4.73
36005036501,Bronx County,New York,True,93.49,54.8,33.77,14.43,3877,81.34,24.52,25.74,47739,12.25,23.19,2.59,57.2,0.0,49.83,20.83,16.8
36005036502,Bronx County,New York,True,95.57,72.28,46.34,11.31,2064,48.41,37.59,53.78,27110,8.53,27.59,7.83,48.62,0.44,59.82,20.31,11.6
36005036700,Bronx County,New York,True,90.09,60.53,38.31,8.71,1807,37.31,41.07,52.9,27465,6.22,27.19,2.76,38.19,0.07,65.71,28.96,18.8
36005036800,Bronx County,New York,True,42.31,63.45,50.2,13.26,744,86.03,28.08,33.49,65781,19.0,26.66,2.35,58.78,0.77,26.05,18.27,5.36
36005036901,Bronx County,New York,True,89.12,65.38,44.08,9.41,1400,52.71,44.83,62.78,16232,14.88,30.09,12.39,28.93,0.0,74.17,44.69,20.37
36005036902,Bronx County,New York,True,96.59,53.89,35.06,16.93,2167,54.2,37.62,43.41,36484,6.95,32.75,10.42,51.44,0.0,51.76,27.29,12.72
36005037000,Bronx County,New York,True,47.07,34.07,20.37,21.1,955,85.17,16.72,19.32,108523,13.0,26.33,5.63,63.38,10.46,15.45,18.64,10.63
36005037100,Bronx County,New York,True,87.79,58.6,39.94,11.53,3380,51.32,24.06,43.02,39932,21.41,23.09,9.41,37.79,0.0,62.97,41.38,13.83
36005037200,Bronx County,New York,True,64.79,56.91,28.86,4.89,1269,86.9,12.85,17.49,75224,15.77,18.74,6.45,41.05,4.46,46.9,29.46,12.4
36005037300,Bronx County,New York,True,92.99,61.98,27.64,17.07,5656,53.39,22.88,38.33,50000,14.27,29.52,1.34,36.0,0.0,71.07,22.63,19.47
36005037400,Bronx County,New York,True,84.99,51.95,26.97,6.02,2823,74.52,32.45,46.35,35785,11.45,20.7,5.89,42.39,2.92,59.34,35.99,4.08
36005037504,Bronx County,New York,True,98.01,53.45,34.69,10.2,3666,51.09,32.37,45.26,40219,9.94,30.54,11.38,44.11,1.79,60.42,28.21,11.06
36005037600,Bronx County,New York,True,65.71,56.42,25.89,10.91,1258,90.35,23.78,22.69,60288,19.57,20.61,5.58,36.78,6.62,49.46,28.68,11.14
36005037800,Bronx County,New York,True,81.7,50.0,29.31,13.0,2726,73.52,22.72,33.81,65964,12.15,23.08,5.88,58.52,0.0,40.57,29.34,8.43
36005037900,Bronx County,New York,True,92.9,63.85,28.04,17.96,5581,45.47,30.54,33.05,50250,5.3,32.85,0.92,51.4,0.09,52.78,28.03,13.6
36005038000,Bronx County,New York,True,70.01,59.1,41.56,6.62,3481,80.41,44.93,37.65,48073,13.28,27.91,2.39,71.65,0.64,27.08,39.83,2.85
36005038100,Bronx County,New York,True,97.18,78.74,35.97,17.67,6279,77.81,33.02,34.12,42015,12.65,28.34,8.67,36.48,1.83,62.65,42.48,28.4
36005038200,Bronx County,New York,True,49.64,51.19,40.24,5.83,1402,81.85,16.55,23.58,83125,17.78,24.63,2.97,75.91,1.18,24.97,36.3,6.12
36005038301,Bronx County,New York,True,95.88,55.78,40.42,17.85,4317,89.74,36.93,43.79,44040,6.24,29.41,3.16,26.99,0.9,70.96,16.11,32.31
36005038303,Bronx County,New York,True,98.38,67.83,34.16,6.0,3552,75.44,25.8,40.5,45258,8.87,27.12,1.5,33.18,1.06,67.31,30.88,16.51
36005038304,Bronx County,New York,True,100.0,67.92,32.08,6.64,2025,69.16,48.14,51.78,26842,7.8,28.19,3.0,53.79,0.36,49.53,36.73,8.25
36005038500,Bronx County,New York,True,98.67,76.94,72.91,16.57,5023,70.63,72.33,80.41,13554,10.37,32.12,2.49,40.05,0.17,64.51,42.25,15.84
36005038600,Bronx County,New York,True,63.51,64.29,47.85,9.55,4392,76.02,20.43,32.07,68481,17.87,26.51,1.88,82.35,1.04,15.38,38.06,1.14
36005038700,Bronx County,New York,True,98.58,60.41,41.85,12.74,3485,89.27,29.2,34.37,44982,12.96,18.28,12.08,13.82,3.24,67.15,39.03,21.04
36005038800,Bronx County,New York,True,42.02,78.92,42.42,4.09,1008,72.52,20.97,20.0,61000,11.81,32.45,1.64,68.75,0.0,28.6,30.61,1.91
36005038900,Bronx County,New York,True,99.18,55.91,38.89,13.88,5183,79.91,34.67,32.6,46471,5.52,19.62,27.46,10.18,3.29,66.69,28.66,17.66
36005039000,Bronx County,New York,True,79.44,52.57,34.53,21.32,2525,71.81,18.73,24.09,56563,12.51,21.81,2.72,58.38,1.28,24.72,14.4,7.55
36005039100,Bronx County,New York,True,95.11,60.15,26.2,5.91,5607,71.98,33.61,44.58,34663,21.71,13.87,20.16,16.7,0.12,70.0,37.28,23.68
36005039200,Bronx County,New York,True,69.87,56.28,29.23,13.54,1051,70.56,19.26,22.56,67917,18.3,17.8,4.72,60.0,1.76,33.21,20.5,9.6
36005039300,Bronx County,New York,True,98.42,64.61,45.06,17.45,8428,77.97,37.67,53.65,27776,10.58,28.64,14.03,30.02,0.2,60.66,37.42,20.41
36005039400,Bronx County,New York,True,90.06,50.83,37.53,15.67,3536,92.93,28.58,35.68,60373,17.93,23.8,4.77,70.69,1.43,32.29,31.16,6.26
36005039500,Bronx County,New York,True,93.85,55.5,37.97,8.84,3827,48.11,41.47,53.05,21674,12.35,23.47,2.53,24.11,0.8,70.9,43.22,16.72
36005039600,Bronx County,New York,True,76.81,61.71,28.37,14.42,2407,73.07,26.3,35.45,48798,13.69,23.33,11.8,54.74,1.51,32.79,33.77,8.31
36005039700,Bronx County,New York,True,96.74,52.71,36.88,8.53,985,72.06,35.84,48.94,31964,7.13,4.57,59.37,6.3,9.15,29.89,49.33,7.39
36005039800,Bronx County,New York,True,58.11,84.78,71.23,9.22,1961,95.36,47.67,53.96,28491,16.58,30.71,0.51,76.64,0.0,23.56,30.46,3.39
36005039901,Bronx County,New York,True,98.51,64.82,36.24,17.97,4649,93.84,20.33,24.26,43503,13.0,23.15,1.24,11.49,3.52,80.37,29.98,30.41
36005039902,Bronx County,New York,True,99.02,63.27,45.62,23.51,4456,97.91,23.84,38.33,43491,8.56,30.01,4.77,18.94,1.99,75.72,35.15,27.88
36005040100,Bronx County,New York,True,98.34,71.64,59.03,11.33,4466,77.36,44.68,54.01,28649,9.75,21.23,7.35,19.77,1.35,73.59,41.02,22.95
36005040302,Bronx County,New York,True,99.49,62.22,40.85,29.18,3976,98.77,44.23,45.48,37756,18.09,24.93,2.89,13.35,0.22,86.85,29.92,37.54
36005040303,Bronx County,New York,True,93.89,76.86,44.68,17.66,3523,86.74,30.78,33.38,42750,12.13,22.33,4.03,15.73,2.08,85.27,23.13,26.12
36005040304,Bronx County,New York,True,96.29,69.76,53.29,24.1,3324,85.5,37.72,41.04,36913,7.37,29.55,9.19,17.02,4.6,73.33,20.68,30.45
36005040400,Bronx County,New York,True,43.46,56.56,32.58,32.99,1481,91.6,15.7,24.4,65451,17.84,25.21,0.06,75.47,0.0,23.86,20.21,8.18
36005040501,Bronx County,New York,True,92.53,61.47,33.39,9.22,2895,97.02,24.92,32.6,42386,17.73,24.32,3.67,6.34,2.98,88.46,34.49,34.41
36005040502,Bronx County,New York,True,91.79,73.79,45.29,8.1,4876,79.64,35.85,43.6,38884,10.88,24.81,7.64,24.76,1.03,65.29,36.81,18.04
36005040600,Bronx County,New York,True,67.16,73.66,46.36,1.37,2064,83.99,20.84,31.78,48857,7.3,29.7,6.52,52.01,7.77,25.62,35.74,8.14
36005040701,Bronx County,New York,True,99.5,74.48,44.8,12.34,2803,77.65,33.36,33.78,46188,7.04,27.23,20.57,18.99,2.18,67.45,30.21,30.26
36005040702,Bronx County,New York,True,96.64,56.21,38.29,15.88,5725,77.9,27.94,46.84,33946,14.87,25.12,10.78,20.57,6.27,60.45,42.81,23.29
36005040800,Bronx County,New York,True,86.03,72.43,31.6,17.67,3128,87.6,20.75,42.06,41555,13.81,24.04,5.91,47.5,4.45,44.08,25.7,8.14
36005040900,Bronx County,New York,True,66.36,47.73,22.34,23.64,2430,96.09,3.85,14.9,67793,23.47,21.82,14.5,64.04,2.86,16.31,37.05,7.97
36005041100,Bronx County,New York,True,89.12,63.99,31.07,13.93,3104,75.79,20.25,27.82,54219,17.0,18.43,7.4,12.7,6.58,76.01,35.77,36.42
36005041300,Bronx County,New York,True,95.87,58.89,34.82,14.12,6904,86.48,28.09,31.51,60254,9.67,23.62,17.87,11.65,2.01,72.34,40.64,14.77
36005041400,Bronx County,New York,True,42.21,75.04,30.39,0.0,1832,86.65,13.74,12.14,125302,19.51,13.59,7.93,49.28,6.04,29.86,11.8,4.02
36005041500,Bronx County,New York,True,82.64,76.94,45.07,14.35,4472,93.26,23.19,31.71,50579,10.35,23.22,6.23,15.9,9.77,70.03,35.41,19.94
36005041800,Bronx County,New York,True,84.95,54.25,25.84,15.34,2770,94.46,15.79,17.46,62567,13.69,24.47,7.48,45.55,8.57,31.39,31.73,4.33
36005041900,Bronx County,New York,True,95.99,58.98,35.4,16.16,5926,86.69,17.08,27.66,57079,7.32,19.71,4.97,17.3,10.27,65.31,38.43,19.1
36005042000,Bronx County,New York,True,94.74,69.52,45.99,19.43,4186,85.83,44.51,47.63,31776,9.96,25.67,8.05,53.82,1.07,44.12,31.21,8.76
36005042100,Bronx County,New York,True,92.75,57.01,33.8,15.11,5485,92.36,30.5,27.03,52824,8.48,20.62,13.15,14.88,4.74,75.33,33.41,34.02
36005042200,Bronx County,New York,True,51.63,50.07,19.79,13.04,1689,97.86,7.98,18.96,75201,13.77,22.06,3.71,78.34,0.65,19.98,31.89,10.94
36005042300,Bronx County,New York,True,97.37,46.71,30.69,25.66,3949,96.37,22.54,31.45,71422,7.93,31.75,18.17,18.38,3.72,62.04,20.47,17.46
36005042400,Bronx County,New York,True,52.63,49.74,43.59,2.5,1055,73.96,10.51,17.37,106468,18.27,25.17,11.86,71.2,2.7,28.24,21.18,1.1
36005042500,Bronx County,New York,True,93.16,59.8,41.66,16.04,6363,80.29,33.0,32.63,48280,8.85,28.25,26.56,6.58,17.78,56.36,28.62,25.86
36005042600,Bronx County,New York,True,33.39,43.85,17.7,31.4,2264,100.0,16.43,17.74,99764,21.77,20.14,4.69,62.89,5.14,28.48,20.79,5.2
36005042800,Bronx County,New York,True,15.33,75.0,49.19,0.0,426,90.23,8.65,16.19,168646,26.46,15.08,0.84,69.3,2.06,15.41,15.33,3.55
36005042901,Bronx County,New York,True,98.32,60.87,39.22,20.85,3307,89.85,33.56,35.23,46779,9.16,28.05,4.39,23.61,16.96,53.69,34.11,22.99
36005042902,Bronx County,New York,True,93.56,62.16,35.1,17.18,3308,74.5,23.66,37.65,44663,11.43,23.77,9.14,20.79,8.89,67.18,43.96,26.77
36005043000,Bronx County,New York,True,37.45,44.1,44.1,0.0,901,92.46,11.65,29.92,85074,27.13,13.12,2.13,69.77,0.63,17.84,33.99,9.52
36005043101,Bronx County,New York,True,100.0,54.26,36.62,20.73,4859,92.24,40.09,44.9,40089,15.94,23.78,3.31,20.53,15.36,65.93,27.5,33.47
36005043102,Bronx County,New York,True,84.34,65.27,36.0,23.55,3224,97.74,21.78,35.52,50926,13.89,23.24,11.89,17.03,1.17,84.1,37.29,18.4
36005043400,Bronx County,New York,True,60.86,56.03,32.77,4.01,2495,86.81,25.99,28.62,76036,11.83,11.73,4.97,57.26,4.28,32.42,31.12,6.83
36005043501,Bronx County,New York,True,100.0,60.68,47.5,8.74,1011,6.25,35.91,48.65,,10.78,33.43,13.95,49.95,4.45,49.16,41.26,5.65
36005043502,Bronx County,New York,False,,,,,0,,,,,,,,,,,,
36005043503,Bronx County,New York,False,,,,,0,,,,,,,,,,,,
36005043600,Bronx County,New York,True,43.03,59.57,32.41,18.52,944,99.21,12.96,20.72,84735,13.67,25.06,3.77,55.33,2.33,29.55,22.18,3.64
36005044200,Bronx County,New York,True,42.27,81.61,54.41,6.0,1173,77.17,32.11,44.81,56434,18.27,27.9,2.0,73.5,0.42,16.3,24.19,1.97
36005044400,Bronx County,New York,True,39.33,65.5,47.5,0.0,1319,96.01,15.63,25.35,89615,26.93,15.61,2.54,72.35,2.24,14.28,25.63,1.73
36005044800,Bronx County,New York,True,31.14,49.1,14.86,34.23,659,69.35,19.0,10.38,104094,19.17,22.66,1.43,84.84,4.51,9.86,8.56,1.33
36005044901,Bronx County,New York,True,52.31,33.94,27.15,6.72,889,96.34,6.9,13.3,91419,14.33,17.56,71.64,7.33,1.86,24.89,39.12,3.19
36005044902,Bronx County,New York,True,69.17,41.31,19.76,2.23,1472,88.55,11.04,17.68,99297,17.79,14.76,72.83,3.91,0.83,25.56,31.04,3.87
36005045101,Bronx County,New York,True,81.36,20.88,6.68,0.0,1281,96.06,1.83,3.79,77246,15.4,15.99,81.24,1.06,3.19,17.11,63.11,0.91
36005045102,Bronx County,New York,True,37.06,44.13,4.19,5.03,863,98.07,4.16,7.76,99395,17.36,20.26,66.88,3.77,5.27,24.52,49.38,3.04
36005045600,Bronx County,New York,True,32.95,32.99,0.0,15.21,1013,82.0,1.83,5.92,79386,11.18,19.37,13.99,51.04,0.0,34.68,19.06,8.01
36005045800,Bronx County,New York,True,100.0,47.42,22.74,6.18,5523,92.95,42.6,47.9,30453,13.05,27.38,1.52,40.85,0.0,55.01,20.14,8.32
36005046000,Bronx County,New York,True,82.75,56.95,32.32,6.95,1776,80.04,31.3,37.59,44355,15.0,19.68,2.25,57.57,0.39,29.54,36.32,7.06
36005046203,Bronx County,New York,True,52.58,41.89,9.4,2.14,2908,81.37,12.3,30.41,40755,44.45,17.21,14.4,54.94,1.42,34.13,43.52,9.37
36005046204,Bronx County,New York,True,58.04,41.78,17.63,0.7,3398,91.06,10.29,23.1,63652,21.77,18.56,3.44,55.41,0.55,39.63,41.1,3.23
36005046205,Bronx County,New York,True,60.49,43.76,23.9,0.0,2040,94.52,16.68,24.4,75679,26.62,15.8,9.63,63.69,0.88,33.25,45.65,3.23
36005046206,Bronx County,New York,True,60.88,57.33,14.01,3.54,2253,91.91,1.17,20.59,67234,30.04,12.31,6.45,72.68,0.68,22.99,36.13,3.96
36005046207,Bronx County,New York,True,50.43,39.62,22.03,2.04,3359,95.18,16.16,21.11,59838,23.0,19.14,5.16,66.2,4.9,23.93,39.27,1.26
36005046208,Bronx County,New York,True,47.47,66.93,20.67,9.46,2410,55.43,8.58,9.55,87061,20.91,23.25,2.47,80.91,0.31,9.39,17.89,4.8
36005046209,Bronx County,New York,True,85.6,64.13,24.86,14.33,3907,91.28,51.89,49.72,30185,7.12,37.44,0.9,65.19,0.09,37.35,22.48,4.67
36005048401,Bronx County,New York,True,53.48,62.09,39.63,9.42,1938,62.0,11.19,22.94,88862,8.63,30.27,4.09,70.94,0.69,17.68,25.18,2.38
36005048402,Bronx County,New York,False,,,,,0,,,,,,,,,,,,
36005050400,Bronx County,New York,False,,,,,0,,,,,,,,,,,,
36005051601,Bronx County,New York,True,25.65,56.81,32.86,0.0,792,79.23,5.2,9.44,103125,44.02,9.3,68.89,1.57,2.35,23.28,44.18,2.89
36005051602,Bronx County,New York,False,,,,,0,,,,,,,,,,,,
36007000100,Broome County,New York,True,69.94,49.13,19.5,2.05,1943,88.71,21.54,29.99,53362,13.01,16.79,57.92,12.38,14.59,5.42,39.87,2.62
36007000200,Broome County,New York,True,53.56,50.52,28.66,9.75,1874,93.11,27.34,34.46,41715,16.33,19.27,67.93,12.94,9.47,16.78,41.4,4.32
36007000300,Broome County,New York,True,67.33,42.18,22.15,7.46,1694,83.28,38.03,31.16,52966,8.43,23.28,74.28,14.49,4.47,10.38,43.59,1.8
36007000400,Broome County,New York,True,47.41,77.46,57.07,3.64,1078,98.67,42.28,38.34,36875,13.12,27.57,63.72,16.68,0.86,14.88,33.8,6.16
36007000500,Broome County,New York,True,70.58,55.71,37.26,2.0,1232,70.11,46.58,45.71,31051,21.61,13.25,69.92,11.94,1.03,8.14,51.68,0.75
36007000600,Broome County,New York,True,70.6,41.27,23.61,17.07,1641,98.61,44.36,30.07,55602,11.7,31.68,30.14,46.17,0.37,17.05,33.38,4.21
36007000700,Broome County,New York,True,24.8,60.56,25.35,0.0,674,92.77,14.67,23.61,50607,29.42,11.28,80.04,3.75,2.34,8.97,29.96,1.42
36007000900,Broome County,New York,True,61.94,43.29,26.41,0.0,962,88.0,35.2,35.94,,17.4,26.79,67.03,12.88,8.36,6.81,27.19,6.02
36007001100,Broome County,New York,True,95.86,55.14,38.16,4.23,1522,70.63,50.24,77.53,20221,28.38,10.64,57.57,26.68,4.72,24.74,74.03,3.27
36007001200,Broome County,New York,True,94.68,58.7,31.46,0.0,1273,71.08,58.59,63.56,14806,18.14,0.0,80.59,14.2,0.0,4.91,74.72,0.0
36007001300,Broome County,New York,True,87.78,63.11,38.63,8.52,2186,82.9,57.54,47.06,33900,18.22,14.59,42.43,22.48,12.41,18.31,43.84,2.6
36007001401,Broome County,New York,True,90.96,54.15,45.85,0.0,2177,80.35,61.51,41.26,37273,7.98,0.0,46.64,7.25,38.92,5.16,47.84,0.91
36007001402,Broome County,New York,True,69.34,52.32,41.18,9.51,2274,98.84,53.15,47.0,38750,9.12,13.11,73.22,5.75,10.63,6.4,41.45,0.39
36007001500,Broome County,New York,True,16.57,46.65,43.9,0.0,694,99.33,12.09,18.54,86277,27.99,13.81,77.8,11.88,3.91,1.61,40.12,0.24
36007001600,Broome County,New York,True,14.9,25.3,15.66,0.0,294,92.09,15.26,15.53,75000,25.94,18.41,77.93,4.12,5.97,2.27,31.06,1.2
36007001700,Broome County,New York,True,41.81,55.96,37.45,0.75,1430,84.48,19.8,28.21,56128,20.88,22.99,77.93,14.66,0.69,4.15,41.29,0.0
36007001800,Broome County,New York,True,44.64,25.96,15.28,0.0,1808,91.07,14.66,18.38,62832,14.25,18.34,64.81,20.36,0.83,11.63,38.46,0.0
36007010200,Broome County,New York,True,14.68,26.12,13.06,0.0,563,68.81,11.57,18.03,69115,33.43,15.19,97.27,0.1,0.35,1.53,31.46,0.0
36007011901,Broome County,New York,True,28.11,46.4,9.01,3.46,698,57.92,19.04,24.42,71875,14.28,23.08,94.95,0.97,0.0,1.05,22.76,0.0
36007011902,Broome County,New York,True,5.59,33.33,0.0,8.33,118,50.05,20.47,15.62,64348,18.67,27.32,92.6,0.75,0.0,1.83,25.41,0.0
36007011903,Broome County,New York,True,17.91,71.55,13.79,13.14,463,48.57,20.01,18.22,69375,15.84,27.39,97.63,0.15,0.0,0.0,17.3,0.0
36007012000,Broome County,New York,True,23.03,57.36,13.18,8.05,421,50.72,14.62,23.49,69432,22.64,25.61,91.27,4.16,0.0,0.71,21.17,0.0
36007012101,Broome County,New York,True,8.87,10.38,0.0,0.0,344,64.48,7.79,9.0,90234,20.39,24.27,92.98,0.0,1.65,3.75,21.06,0.0
36007012102,Broome County,New York,True,11.09,62.16,37.84,0.0,308,77.63,6.61,12.87,88555,23.49,25.41,91.98,0.0,2.81,2.15,24.49,0.8
36007012103,Broome County,New York,True,25.17,45.3,36.93,2.98,659,77.73,14.26,19.78,72083,24.41,17.01,91.75,1.97,1.73,0.88,27.94,1.33
36007012201,Broome County,New York,True,15.54,46.48,10.56,0.0,330,90.92,6.67,12.8,89769,19.97,21.62,87.32,3.3,1.17,5.95,31.51,0.0
36007012202,Broome County,New York,True,22.41,37.5,16.85,5.43,886,50.79,15.4,18.7,61359,21.44,27.54,90.5,0.1,0.37,2.0,31.3,0.0
36007012300,Broome County,New York,True,16.78,81.74,62.1,23.93,823,60.66,17.28,24.31,61317,18.34,29.14,85.2,1.13,0.4,1.61,28.88,0.0
36007012400,Broome County,New York,True,19.27,54.0,39.33,0.56,338,68.77,16.43,24.09,76724,27.98,19.72,96.57,0.47,0.0,4.32,25.16,0.58
36007012501,Broome County,New York,True,9.43,55.14,49.53,0.0,390,65.41,13.74,27.62,61549,26.19,19.96,94.29,0.15,0.18,1.9,30.74,0.08
36007012502,Broome County,New York,True,11.47,28.68,18.6,0.0,271,69.58,8.78,17.2,85000,21.39,21.93,91.57,1.38,0.2,0.94,32.42,0.04
36007012600,Broome County,New York,True,28.3,60.46,30.64,0.0,1102,61.98,15.22,24.07,58588,24.3,22.15,83.57,2.91,2.51,8.06,31.47,2.37
36007012701,Broome County,New York,True,20.07,43.84,18.36,0.0,948,71.8,10.07,13.78,66356,23.13,16.15,93.08,1.06,0.0,2.4,31.73,0.0
36007012702,Broome County,New York,True,7.01,53.04,13.91,0.0,403,68.84,8.22,7.98,105345,21.02,19.08,91.04,1.59,0.55,0.33,17.79,0.05
36007012800,Broome County,New York,True,24.39,35.85,5.42,2.41,814,88.97,8.51,13.07,77864,21.12,17.56,90.46,4.08,1.48,2.72,33.56,0.44
36007012900,Broome County,New York,True,45.54,67.67,53.01,0.0,374,48.22,1.89,3.73,83144,45.08,11.67,92.8,0.98,4.77,0.98,41.98,1.38
36007013000,Broome County,New York,True,18.85,34.62,15.38,0.0,664,89.21,8.21,8.47,92782,23.62,23.5,80.09,2.21,7.85,5.14,22.48,2.16
36007013100,Broome County,New York,True,46.23,55.34,43.02,3.55,1146,87.75,23.46,36.09,44059,14.52,13.51,88.14,0.79,0.0,7.49,43.25,0.34
36007013201,Broome County,New York,True,17.09,43.61,16.54,0.0,381,96.95,2.65,17.3,86369,18.98,25.14,88.55,0.5,1.82,2.1,36.64,0.0
36007013202,Broome County,New York,True,25.02,42.04,15.4,3.13,724,70.69,5.24,15.48,89718,26.02,21.49,90.91,3.62,0.49,5.05,44.48,0.0
36007013301,Broome County,New York,True,35.73,35.34,5.22,0.0,1271,77.74,3.57,9.17,61397,17.74,18.11,90.03,0.91,0.42,4.68,43.06,0.0
36007013303,Broome County,New York,True,16.81,32.63,21.05,0.0,456,85.35,6.37,10.97,85128,19.04,21.48,84.54,1.73,3.24,3.61,26.55,1.88
36007013304,Broome County,New York,True,20.02,68.84,41.3,24.34,967,57.42,9.99,16.08,95903,23.76,21.49,89.76,1.2,0.8,1.46,26.15,1.22
36007013400,Broome County,New York,True,52.09,54.7,24.2,0.0,1705,95.77,24.29,27.78,56544,20.75,18.34,85.15,2.31,1.9,7.85,40.01,0.49
36007013500,Broome County,New York,True,79.95,60.78,25.58,5.48,1564,89.4,50.09,48.39,31250,7.17,21.1,50.09,25.23,7.94,17.15,26.04,2.87
36007013600,Broome County,New York,True,66.3,39.86,24.93,5.13,2649,92.58,36.66,33.29,37304,13.09,21.85,64.3,9.88,0.0,17.34,46.57,1.37
36007013700,Broome County,New York,True,55.26,24.07,14.32,0.0,1633,84.9,10.02,22.06,56455,29.52,7.98,78.9,12.27,0.69,6.2,47.51,0.35
36007013800,Broome County,New York,True,31.36,61.93,42.01,0.0,1101,97.23,22.86,39.43,52796,25.33,22.53,79.79,6.19,3.75,2.38,48.71,1.15
36007013900,Broome County,New York,True,78.23,75.49,28.42,0.0,1243,98.85,29.81,47.76,32533,9.09,17.21,56.73,6.13,24.59,8.29,32.91,6.32
36007014000,Broome County,New York,True,70.32,63.95,52.46,7.43,1857,88.3,30.92,43.53,39583,12.33,24.7,55.88,9.87,25.4,2.4,34.25,4.55
36007014100,Broome County,New York,True,24.62,37.8,21.95,0.0,771,96.06,10.94,18.77,66250,20.27,14.07,77.32,10.65,1.0,3.29,35.21,0.53
36007014200,Broome County,New York,True,50.93,45.28,25.54,0.0,1351,67.67,7.82,16.64,74209,37.37,11.98,72.76,4.18,10.71,5.43,42.31,1.09
36007014301,Broome County,New York,True,34.86,48.5,26.47,0.0,1430,67.86,12.42,15.83,77725,20.49,21.1,68.2,1.14,21.18,4.77,28.31,2.1
36007014302,Broome County,New York,True,53.63,66.09,50.6,0.0,1473,57.01,28.5,41.75,51987,6.38,5.74,79.53,0.98,17.01,2.9,47.01,2.33
36007014400,Broome County,New York,True,13.54,80.79,59.61,0.0,681,90.01,10.41,13.58,85057,23.29,29.35,84.19,1.15,3.51,9.57,29.81,0.49
36007014500,Broome County,New York,True,14.79,61.0,44.5,0.0,385,77.55,3.87,10.3,86629,28.61,15.93,91.42,1.63,0.0,4.71,28.59,0.25
36007014600,Broome County,New York,True,10.79,34.0,26.67,6.53,829,74.35,7.83,14.66,103068,22.78,22.02,84.27,2.03,7.43,7.45,29.63,1.97
36009940000,Cattaraugus County,New York,True,9.68,100.0,0.0,0.0,12,40.82,9.29,22.58,90417,15.71,40.0,4.29,0.0,0.0,0.0,0.0,5.11
36009940200,Cattaraugus County,New York,False,,,,,0,100.0,,,,,,,,,,,
36009940301,Cattaraugus County,New York,True,50.53,45.4,21.07,0.88,1128,80.97,30.63,38.59,34602,19.81,28.21,61.32,2.41,0.11,4.97,36.36,0.32
36009940302,Cattaraugus County,New York,True,41.79,45.0,22.96,0.52,1260,92.04,21.57,27.52,48056,12.6,24.3,67.04,1.37,0.06,7.13,32.2,0.13
36009960100,Cattaraugus County,New York,True,11.61,10.95,5.11,2.38,362,49.11,16.28,16.45,60451,17.58,23.27,96.13,0.0,0.94,0.16,21.15,1.52
36009960200,Cattaraugus County,New York,True,23.43,39.51,20.09,0.0,1004,59.17,19.43,31.4,49672,26.66,19.35,94.57,0.92,0.0,1.26,31.77,0.67
36009960300,Cattaraugus County,New York,True,13.94,25.44,7.02,0.0,414,63.82,8.17,17.07,70517,24.57,17.87,93.51,1.41,0.12,1.65,34.19,0.35
36009960400,Cattaraugus County,New York,True,19.04,57.82,34.35,0.0,621,83.76,18.62,20.09,61020,24.34,18.83,84.63,0.61,0.96,6.45,27.83,0.26
36009960500,Cattaraugus County,New York,True,17.55,23.91,11.74,0.0,672,67.92,24.38,21.92,58902,13.38,34.64,95.58,0.06,0.0,3.84,23.0,4.05
36009960600,Cattaraugus County,New York,True,25.84,49.35,33.23,3.26,699,65.18,22.18,31.39,59630,18.5,20.2,94.31,0.69,0.27,1.55,33.64,0.0
36009960703,Cattaraugus County,New York,True,8.7,56.36,29.09,0.0,119,44.52,7.19,14.55,65114,30.03,15.43,89.56,0.07,0.2,0.68,29.96,0.42
36009960704,Cattaraugus County,New York,True,22.04,66.98,18.87,0.0,128,37.41,6.35,19.13,71350,31.26,13.35,95.55,0.21,0.0,1.14,44.49,0.0
36009960800,Cattaraugus County,New York,True,13.04,34.83,30.34,1.43,423,62.31,20.3,24.78,62027,19.09,25.07,86.37,0.27,0.27,4.35,27.33,1.12
36009961000,Cattaraugus County,New York,True,19.9,21.04,11.17,3.79,926,63.01,11.19,18.69,81351,23.13,20.04,90.94,4.25,0.0,0.0,24.02,0.0
36009961100,Cattaraugus County,New York,True,15.97,57.55,10.38,0.0,471,71.24,15.64,21.09,74728,26.83,17.62,91.34,0.37,2.69,0.79,32.06,0.72
36009961200,Cattaraugus County,New York,True,15.23,51.7,2.27,0.0,451,70.74,12.38,26.93,55607,25.84,15.84,92.44,3.06,0.0,1.11,32.52,0.36
36009961301,Cattaraugus County,New York,True,19.01,21.21,4.55,0.0,321,53.36,16.52,28.65,57206,24.88,20.59,92.48,0.22,0.0,0.61,30.31,0.0
36009961302,Cattaraugus County,New York,True,23.23,64.6,23.01,0.0,152,72.7,13.39,33.09,39549,11.81,5.93,88.63,3.18,1.49,8.22,47.77,0.0
36009961400,Cattaraugus County,New York,True,13.5,34.74,17.37,3.7,572,68.85,15.48,19.75,75647,19.73,25.22,95.27,0.97,0.0,1.7,23.6,0.91
36009961500,Cattaraugus County,New York,True,35.42,67.02,5.09,0.0,750,87.72,10.82,15.38,64402,19.54,16.93,87.58,7.96,0.13,0.72,36.75,0.0
36009961600,Cattaraugus County,New York,True,31.4,46.09,20.16,0.0,1300,93.47,25.97,32.82,50000,20.67,27.32,93.63,1.19,0.86,0.36,48.0,0.15
36009961700,Cattaraugus County,New York,True,66.3,56.23,33.46,1.37,1867,98.6,44.82,44.12,32870,13.41,25.68,78.05,2.95,1.17,1.44,54.61,0.42
36009961800,Cattaraugus County,New York,True,42.56,43.17,25.49,2.56,1707,90.03,21.52,24.52,59053,21.83,22.31,85.82,1.94,7.47,1.33,41.47,0.85
36009962200,Cattaraugus County,New York,True,11.98,52.68,43.75,0.0,266,46.57,20.8,23.8,59563,23.86,20.01,88.16,0.35,0.28,3.05,31.46,0.94
36011040101,Cayuga County,New York,True,9.04,40.43,17.02,0.0,168,59.8,6.32,16.04,71071,13.69,35.19,80.55,0.1,0.42,15.31,19.8,0.68
36011040102,Cayuga County,New York,True,9.55,35.29,23.53,0.0,243,66.45,14.07,20.59,59750,27.38,14.29,95.46,0.0,0.0,1.97,26.04,0.0
36011040201,Cayuga County,New York,True,12.9,7.06,5.88,7.14,364,53.76,11.76,17.33,79760,22.03,16.05,93.78,0.0,0.24,2.75,24.7,1.58
36011040202,Cayuga County,New York,True,11.14,14.29,1.59,0.0,232,53.33,4.56,7.76,97019,14.41,20.16,94.25,0.0,0.0,2.28,20.9,2.38
36011040300,Cayuga County,New York,True,18.35,54.47,39.02,0.0,750,61.17,18.97,25.93,61311,20.9,20.37,95.01,0.72,0.0,0.63,27.56,0.29
36011040400,Cayuga County,New York,True,25.78,45.92,27.47,22.25,994,59.56,15.2,19.93,77031,18.51,17.66,94.12,0.33,0.75,1.66,24.63,0.07
36011040500,Cayuga County,New York,True,10.5,54.63,26.85,0.0,252,52.42,7.29,16.01,82292,20.43,15.71,93.39,1.3,0.0,0.55,21.43,0.0
36011040600,Cayuga County,New York,True,8.76,49.02,49.02,0.0,219,61.24,5.06,8.92,101585,24.72,19.42,89.89,4.47,1.78,1.13,26.67,0.22
36011040700,Cayuga County,New York,True,5.8,13.89,13.89,0.0,154,67.8,4.3,5.8,102245,28.51,15.1,93.36,0.09,1.31,1.88,24.55,0.0
36011040800,Cayuga County,New York,True,19.21,56.97,24.18,6.21,653,69.01,12.34,18.2,64366,18.89,18.02,82.73,8.53,1.13,2.87,34.34,0.39
36011040900,Cayuga County,New York,True,17.7,38.64,6.36,2.81,631,56.73,17.47,18.34,69011,17.56,21.9,92.27,0.0,1.18,2.44,25.59,0.36
36011041001,Cayuga County,New York,True,20.47,30.54,26.35,1.24,672,62.78,8.79,12.18,92667,17.2,20.32,81.68,1.86,1.38,9.26,21.07,3.32
36011041002,Cayuga County,New York,True,23.33,7.14,0.0,0.0,327,66.87,14.94,14.33,86731,18.83,15.96,88.63,0.94,0.61,9.0,27.33,0.71
36011041101,Cayuga County,New York,True,13.3,15.74,6.48,22.96,438,79.24,4.25,7.68,92216,24.48,23.67,92.16,0.24,0.0,4.91,26.8,2.92
36011041102,Cayuga County,New York,True,11.93,15.79,0.0,0.0,145,63.11,10.62,13.86,76618,17.37,25.58,96.06,0.6,0.0,2.0,24.04,1.97
36011041201,Cayuga County,New York,True,19.54,22.64,13.84,0.0,316,57.8,3.75,13.03,86042,25.6,21.9,83.8,2.85,2.47,6.08,27.84,0.0
36011041202,Cayuga County,New York,True,7.73,44.0,22.0,0.0,197,61.98,9.74,17.27,94079,25.68,20.05,92.67,0.39,0.0,2.39,25.82,0.0
36011041300,Cayuga County,New York,True,62.78,45.91,12.57,0.0,2219,88.34,29.07,33.01,50503,15.19,23.16,81.05,4.37,0.03,8.67,40.95,1.69
36011041400,Cayuga County,New York,True,49.82,56.18,14.63,2.19,2061,79.19,17.5,27.8,42383,30.69,17.11,93.52,1.09,0.0,3.08,54.42,0.27
36011041500,Cayuga County,New York,True,35.12,73.89,46.21,0.0,776,96.53,16.57,24.06,56786,19.04,24.26,89.52,3.2,1.6,1.6,22.02,0.57
36011041600,Cayuga County,New York,True,29.48,64.08,24.92,0.0,764,98.57,9.28,5.53,64664,16.55,22.01,86.41,7.69,0.0,0.49,21.85,0.0
36011041700,Cayuga County,New York,True,44.54,51.18,15.11,0.0,1496,94.08,13.77,31.29,58283,22.61,17.69,88.29,3.59,0.22,1.89,41.69,0.21
36011041800,Cayuga County,New York,True,54.7,54.93,40.62,0.0,1725,86.29,17.43,36.45,53069,28.22,15.28,82.05,4.07,0.35,2.46,48.06,0.54
36011042100,Cayuga County,New York,True,77.84,56.14,26.36,2.2,2217,77.77,32.28,43.79,31356,13.95,17.4,55.34,23.23,1.69,7.76,40.3,1.35
36011990200,Cayuga County,New York,False,,,,,0,,,,,,,,,,,,
36013030100,Chautauqua County,New York,True,49.46,59.15,33.13,0.0,1486,81.87,34.7,45.36,35327,20.57,23.9,79.46,2.84,1.79,15.36,39.1,1.97
36013030200,Chautauqua County,New York,True,46.0,61.8,42.31,7.57,1456,97.1,24.79,34.51,47696,16.11,24.07,78.68,5.08,3.55,8.01,31.84,5.67
36013030300,Chautauqua County,New York,True,65.44,59.55,24.32,6.43,1293,88.2,33.4,47.44,31950,10.33,31.27,64.78,17.22,1.65,36.36,35.09,6.57
36013030400,Chautauqua County,New York,True,35.25,36.72,9.18,0.0,1306,99.2,6.02,18.68,54830,18.13,16.12,94.0,3.02,0.0,3.02,39.07,0.85
36013030500,Chautauqua County,New York,True,86.49,43.45,30.26,3.91,2336,97.95,40.89,52.39,25587,16.61,13.04,77.88,3.74,0.0,13.93,67.88,1.48
36013030600,Chautauqua County,New York,True,49.24,43.95,34.88,2.57,1353,88.88,37.28,43.0,36250,14.34,27.17,92.08,0.75,0.15,6.19,47.72,0.17
36013030700,Chautauqua County,New York,True,42.62,64.93,33.47,1.2,1789,91.34,27.1,36.46,42167,20.95,22.45,90.96,1.4,0.0,6.28,37.85,2.92
36013030800,Chautauqua County,New York,True,46.13,51.61,17.62,2.99,2061,88.13,13.96,24.18,51650,20.08,26.12,78.03,3.02,0.0,7.71,37.06,0.0
36013035100,Chautauqua County,New York,True,21.62,35.93,24.85,15.05,881,86.56,17.55,22.84,67446,27.59,18.58,92.33,2.05,0.0,5.54,26.84,1.34
36013035300,Chautauqua County,New York,True,7.0,42.11,13.16,0.0,108,67.96,7.47,15.1,87083,24.24,16.57,95.85,0.55,0.0,2.45,27.53,0.0
36013035400,Chautauqua County,New York,True,44.45,51.06,23.23,0.0,1289,92.6,28.77,31.97,45819,19.12,20.24,47.52,11.02,0.33,41.38,36.06,9.77
36013035500,Chautauqua County,New York,True,48.31,45.08,13.27,0.0,1448,89.45,27.48,39.2,40994,20.82,13.66,54.44,5.7,0.0,38.66,37.21,12.43
36013035600,Chautauqua County,New York,True,31.88,50.79,38.95,0.0,1139,90.72,25.31,22.36,64757,18.83,21.3,69.07,9.8,0.08,38.34,19.7,3.58
36013035700,Chautauqua County,New York,True,40.67,40.88,21.72,0.0,1035,87.87,15.9,22.52,60500,17.83,24.84,65.46,1.76,0.0,27.72,35.79,2.28
36013035800,Chautauqua County,New York,True,53.57,64.57,41.61,0.0,1802,88.52,34.86,38.59,48708,17.9,18.49,77.81,1.73,1.45,21.85,46.49,0.9
36013035901,Chautauqua County,New York,True,36.06,55.88,44.41,4.76,1449,65.36,14.96,25.73,70938,30.81,15.71,86.63,3.2,1.1,6.25,40.63,2.28
36013035902,Chautauqua County,New York,True,75.71,54.72,47.17,0.0,129,49.5,68.39,52.86,26250,0.98,1.22,73.85,14.54,5.73,8.28,22.86,0.39
36013036000,Chautauqua County,New York,True,14.97,51.81,45.38,0.0,510,74.41,16.14,21.94,62692,30.44,14.04,82.95,1.57,0.53,15.05,22.0,3.61
36013036100,Chautauqua County,New York,True,16.22,44.85,30.93,3.59,736,58.53,17.38,18.55,62114,21.21,21.1,89.23,0.48,0.25,6.94,25.91,2.39
36013036300,Chautauqua County,New York,True,22.51,35.04,23.36,14.63,834,77.96,19.81,17.15,66333,20.34,22.15,80.43,7.39,0.33,13.58,26.65,0.19
36013036401,Chautauqua County,New York,True,22.06,37.44,19.43,0.0,325,68.67,19.75,28.91,73333,27.46,13.99,90.02,3.17,0.0,3.76,35.23,0.53
36013036402,Chautauqua County,New York,True,16.31,36.6,16.99,1.83,457,64.93,10.41,15.26,68917,19.68,22.1,92.0,1.65,0.0,0.83,22.36,0.0
36013036500,Chautauqua County,New York,True,28.71,39.15,16.31,0.0,1473,80.43,12.6,22.12,50921,24.34,19.67,93.27,0.09,3.0,2.3,47.3,2.29
36013036600,Chautauqua County,New York,True,20.45,26.61,16.13,5.54,719,73.71,14.54,23.62,55250,20.06,24.17,95.32,0.0,0.0,8.52,29.96,0.68
36013036700,Chautauqua County,New York,True,16.27,32.5,17.5,2.15,496,55.23,8.08,15.57,71795,12.51,35.36,93.64,0.11,0.35,2.47,20.95,3.34
36013036801,Chautauqua County,New York,True,11.96,50.65,3.9,3.77,204,65.55,7.07,15.12,68816,23.82,25.27,99.41,0.0,0.0,0.32,25.62,0.0
36013036802,Chautauqua County,New York,True,15.37,47.79,11.5,0.0,269,55.72,9.22,20.64,60167,19.66,18.83,94.78,0.0,0.84,1.03,21.1,1.15
36013036901,Chautauqua County,New York,True,17.98,64.54,26.24,0.0,393,61.43,9.6,14.45,68217,29.32,19.48,93.28,0.3,0.3,1.22,35.5,0.55
36013036902,Chautauqua County,New York,True,11.1,30.0,14.62,0.0,311,70.32,8.83,10.81,96298,31.6,13.38,96.78,0.48,0.74,1.74,21.41,0.43
36013037000,Chautauqua County,New York,True,12.65,55.23,26.16,0.0,308,72.34,16.01,21.54,80385,19.34,22.84,97.13,0.0,0.0,0.3,21.4,0.0
36013037100,Chautauqua County,New York,True,37.56,55.57,17.95,0.0,1223,72.45,13.08,22.32,61648,27.22,17.59,90.49,0.81,2.28,3.67,34.74,0.65
36013037200,Chautauqua County,New York,True,35.89,52.41,20.27,1.43,1036,78.92,11.92,23.89,53214,30.41,19.83,93.7,1.56,0.72,4.94,41.6,0.39
36013037300,Chautauqua County,New York,True,21.61,38.83,23.7,0.89,869,80.5,10.29,19.01,66750,19.01,21.43,95.69,0.29,0.23,5.7,29.57,0.0
36013037400,Chautauqua County,New York,True,15.81,41.81,19.77,0.0,586,60.8,13.29,18.17,69464,21.48,22.89,95.52,0.03,0.39,1.61,23.58,0.38
36013037500,Chautauqua County,New York,True,13.44,55.74,22.95,0.0,774,69.68,9.05,14.43,80000,20.5,23.19,96.61,0.0,0.0,2.29,24.16,0.02
36013037600,Chautauqua County,New York,True,16.04,72.59,7.41,0.0,583,62.98,9.28,16.04,77607,25.38,17.11,88.05,0.85,0.78,1.3,28.55,0.08
36013990000,Chautauqua County,New York,False,,,,,0,,,,,,,,,,,,
36015000100,Chemung County,New York,True,34.35,56.42,52.06,0.0,1018,90.43,21.77,29.64,43271,22.47,19.9,67.69,16.15,1.08,8.32,52.28,3.34
36015000200,Chemung County,New York,True,42.95,33.04,19.13,0.0,1414,96.37,20.02,27.92,53221,12.17,32.08,71.7,19.77,1.15,8.75,27.08,0.0
36015000300,Chemung County,New York,False,,,,,0,,,,,2.3,0.0,27.62,53.86,1.3,9.41,,0.54
36015000400,Chemung County,New York,True,28.08,56.43,23.24,0.0,577,90.81,32.13,30.25,57917,22.95,22.14,81.29,4.24,1.07,12.92,32.76,1.04
36015000500,Chemung County,New York,True,51.76,45.8,27.18,5.29,1251,98.45,21.05,21.27,54345,20.58,18.85,71.36,17.55,3.33,2.85,39.87,2.11
36015000600,Chemung County,New York,True,78.77,55.5,51.78,0.0,1686,96.62,44.44,56.1,25829,6.25,18.38,79.14,7.01,3.87,6.78,41.33,0.62
36015000700,Chemung County,New York,True,95.99,68.95,32.5,0.0,1759,79.91,58.57,73.58,14841,24.64,18.46,57.45,18.1,1.13,13.63,54.06,2.99
36015000900,Chemung County,New York,True,31.88,71.86,55.53,1.65,1152,86.73,31.36,35.04,40813,17.59,27.62,86.94,6.3,0.0,4.5,40.98,0.0
36015001000,Chemung County,New York,True,73.04,69.86,47.18,0.0,1951,91.08,51.44,43.4,37813,11.45,32.66,52.63,31.57,0.3,9.38,32.22,0.99
36015001100,Chemung County,New York,True,28.51,55.94,24.2,0.0,1056,97.46,10.98,17.28,58316,14.48,22.33,86.67,2.46,0.43,3.78,27.61,0.62
36015010100,Chemung County,New York,True,13.51,40.35,13.16,0.0,387,60.81,9.79,18.36,64194,18.67,23.52,94.57,0.43,0.09,1.51,27.09,0.03
36015010200,Chemung County,New York,True,13.01,43.02,25.19,10.31,703,64.54,8.13,18.18,74036,20.7,25.23,96.56,0.28,0.64,0.59,31.07,0.0
36015010301,Chemung County,New York,True,15.13,17.36,10.07,0.0,501,60.78,4.18,6.8,92730,25.58,23.87,90.1,0.27,5.38,4.34,33.68,0.2
36015010302,Chemung County,New York,True,30.16,51.99,38.46,0.0,519,67.64,6.81,18.1,80156,23.86,18.68,96.53,0.89,0.21,0.07,42.61,0.0
36015010400,Chemung County,New York,True,25.49,65.16,55.85,0.0,499,79.57,5.56,13.49,69414,35.6,14.02,86.63,1.41,2.43,2.17,47.89,0.74
36015010500,Chemung County,New York,True,54.1,43.26,18.69,0.0,1397,89.19,16.98,23.59,56860,14.31,18.05,87.4,4.31,0.27,3.27,42.1,0.83
36015010600,Chemung County,New York,True,30.82,50.99,26.06,10.26,998,87.74,22.68,15.41,66835,13.8,24.25,78.87,13.63,1.54,1.41,33.41,0.7
36015010701,Chemung County,New York,True,29.89,75.14,36.29,0.0,666,53.09,9.22,5.38,87656,19.99,22.72,86.48,2.63,6.53,2.66,25.62,0.83
36015010702,Chemung County,New York,True,17.21,29.57,14.29,10.63,674,80.63,5.83,10.18,91555,20.98,20.91,94.88,1.42,1.46,1.49,29.1,0.0
36015010800,Chemung County,New York,True,42.57,31.1,12.65,0.0,1339,94.68,17.06,26.42,55881,19.13,18.32,89.71,1.67,1.09,2.26,34.64,0.61
36015010900,Chemung County,New York,True,12.19,30.83,10.42,0.0,453,96.46,5.25,6.75,111083,23.2,20.73,92.12,1.8,2.26,1.47,21.81,0.15
36015011000,Chemung County,New York,True,15.78,44.93,19.32,2.94,396,54.56,7.31,16.58,67836,23.17,20.18,96.4,0.22,1.52,0.78,26.86,0.43
36015011101,Chemung County,New York,True,36.45,48.33,38.31,0.0,754,88.58,14.53,23.6,56362,24.18,12.59,92.11,4.3,0.2,3.39,37.86,0.0
36015011102,Chemung County,New York,True,24.84,57.37,38.32,0.0,780,92.6,9.59,19.44,70091,25.94,14.19,88.32,5.53,0.0,3.65,35.01,0.46
36015011200,Chemung County,New York,True,13.94,41.26,26.01,0.0,484,70.37,20.82,25.43,60000,25.63,18.8,93.56,2.13,0.12,1.74,33.09,0.0
36017970101,Chenango County,New York,True,17.21,38.95,12.21,1.51,455,61.92,6.61,15.48,72241,16.66,23.3,97.04,0.45,0.07,0.45,22.32,0.51
36017970102,Chenango County,New York,True,31.48,51.18,25.15,0.0,755,59.47,12.28,21.6,54850,17.92,26.33,92.13,0.23,0.97,1.67,28.62,0.93
36017970201,Chenango County,New York,True,13.28,39.02,28.05,0.0,262,56.94,7.5,19.51,69594,25.52,14.64,92.49,0.54,0.0,5.11,31.84,0.0
36017970202,Chenango County,New York,True,13.35,56.92,13.85,6.14,295,58.49,17.33,24.36,61579,21.91,20.92,96.6,0.0,0.0,0.8,24.24,0.8
36017970300,Chenango County,New York,True,47.77,39.35,4.81,3.79,1685,83.5,6.78,13.51,61837,23.55,21.3,82.2,2.23,0.61,11.33,38.9,0.66
36017970400,Chenango County,New York,True,71.81,38.28,22.32,5.59,1733,90.89,25.29,33.93,41627,27.4,13.9,91.25,0.63,2.04,3.41,38.31,2.02
36017970501,Chenango County,New York,True,23.19,41.01,11.24,0.0,514,63.27,16.82,28.37,56089,19.92,23.97,95.08,0.0,0.55,0.96,30.96,0.62
36017970502,Chenango County,New York,True,11.47,15.65,0.0,15.57,640,57.89,5.75,5.55,66500,27.33,27.19,94.52,0.4,0.22,0.0,30.17,0.0
36017970601,Chenango County,New York,True,8.37,57.52,26.55,14.39,440,56.72,9.72,20.09,73640,23.07,20.15,91.26,1.5,0.16,2.68,31.24,0.0
36017970602,Chenango County,New York,True,17.17,22.47,5.06,5.45,747,59.58,12.12,17.04,63500,24.24,18.6,93.38,1.72,0.7,0.5,29.46,0.36
36017970700,Chenango County,New York,True,20.2,68.16,24.58,0.0,475,66.67,15.4,26.07,60536,21.21,21.34,95.65,0.22,0.0,3.26,33.33,0.0
36017970801,Chenango County,New York,True,11.3,31.76,4.12,13.71,323,55.92,13.9,20.22,74461,21.62,15.28,94.77,0.51,0.27,0.96,17.44,0.0
36017970802,Chenango County,New York,True,18.46,31.15,6.54,2.93,486,72.55,8.75,16.16,75521,20.15,20.54,95.48,0.22,0.65,0.9,26.91,0.06
36017970901,Chenango County,New York,True,17.69,62.44,42.64,0.0,470,71.69,11.26,30.14,47473,23.81,18.79,94.82,0.4,0.57,0.69,44.14,0.26
36017970902,Chenango County,New York,True,30.68,64.95,26.29,8.22,473,57.97,12.9,30.27,60744,24.45,19.83,96.94,0.42,0.24,3.06,41.98,0.93
36017971000,Chenango County,New York,True,28.39,40.55,23.93,3.75,792,58.98,12.01,21.65,66202,19.84,23.65,88.5,0.56,0.59,2.79,31.51,0.17
36019100101,Clinton County,New York,True,26.83,63.64,26.84,16.85,699,73.16,16.54,21.25,83654,19.02,26.05,91.92,1.67,0.0,2.12,24.71,0.08
36019100102,Clinton County,New York,True,36.63,48.99,10.3,0.0,848,76.0,12.05,31.89,49063,23.29,20.57,93.05,0.13,1.51,2.55,39.04,0.28
36019100200,Clinton County,New York,True,17.1,30.85,10.64,0.0,464,43.68,6.53,16.39,95648,18.94,19.63,92.8,1.6,0.37,3.59,16.84,0.78
36019100600,Clinton County,New York,True,14.48,15.52,0.0,21.64,708,39.62,12.8,11.25,87162,17.03,24.23,91.14,0.42,5.64,2.43,21.27,0.87
36019100700,Clinton County,New York,True,20.5,48.8,16.77,0.0,486,65.1,4.86,15.28,80208,25.36,24.07,99.77,0.1,0.0,0.21,31.28,0.14
36019100800,Clinton County,New York,True,16.62,36.45,19.28,3.61,686,51.3,9.45,16.37,72273,19.84,16.18,90.74,3.14,0.02,2.38,21.07,0.23
36019100901,Clinton County,New York,True,72.78,53.32,37.9,1.41,1943,74.04,22.39,29.67,54440,13.87,13.49,84.15,8.2,3.09,4.4,47.27,0.0
36019100902,Clinton County,New York,True,61.6,37.89,17.77,2.14,951,50.94,6.79,20.12,60253,20.36,6.62,85.87,1.12,0.0,3.59,55.98,0.0
36019101000,Clinton County,New York,True,32.11,40.93,12.65,0.0,1123,74.19,5.26,5.73,85754,26.02,15.93,89.66,2.59,4.01,2.94,23.91,0.0
36019101600,Clinton County,New York,True,43.44,31.46,28.48,0.0,612,21.82,23.92,29.93,47578,25.1,21.03,95.74,0.39,0.13,0.19,39.87,0.0
36019101901,Clinton County,New York,True,18.61,58.31,23.53,0.0,722,54.97,9.4,12.18,109896,14.23,21.04,89.04,3.31,0.0,5.75,16.8,1.33
36019101902,Clinton County,New York,True,3.69,100.0,100.0,0.0,20,45.86,9.64,8.35,98942,19.89,24.6,87.28,2.83,0.0,0.28,12.78,0.0
36019102100,Clinton County,New York,True,30.89,38.01,29.86,0.0,530,43.1,13.25,23.82,83667,28.87,18.16,89.78,1.89,1.11,6.39,21.46,1.16
36019102200,Clinton County,New York,True,64.22,41.25,13.96,8.69,1926,74.67,34.81,36.85,40759,15.02,25.0,82.31,2.24,0.81,0.87,36.52,0.26
36019102800,Clinton County,New York,True,23.85,43.09,5.92,4.8,726,56.79,11.45,17.12,97685,15.16,20.52,91.99,0.27,2.5,3.46,26.07,0.87
36019103000,Clinton County,New York,False,,,,,0,,,,,0.0,0.36,72.76,3.89,11.17,8.17,,0.0
36019103100,Clinton County,New York,True,84.6,63.99,46.34,0.0,2333,73.44,52.64,54.93,26526,14.1,10.34,76.98,7.28,1.21,15.63,53.3,0.0
36019103200,Clinton County,New York,True,61.96,40.57,25.18,5.87,1269,61.41,13.8,18.04,65481,25.89,12.18,95.57,0.0,3.32,0.77,50.98,0.78
36019103512,Clinton County,New York,True,19.75,39.36,25.53,7.1,921,60.56,14.02,23.91,69500,15.09,14.54,74.65,17.96,0.07,7.55,28.62,0.1
36019103800,Clinton County,New York,True,11.55,27.23,20.3,1.6,547,58.26,10.75,16.49,76103,23.49,23.85,96.64,0.0,0.1,1.62,27.25,0.0
36019103900,Clinton County,New York,True,9.71,26.61,16.13,0.0,385,50.72,6.21,16.48,105370,21.26,11.62,91.53,0.16,1.07,0.26,34.57,0.0
36019104200,Clinton County,New York,True,12.55,66.67,46.27,0.0,718,42.04,13.42,25.27,58081,19.8,17.95,91.47,3.16,0.83,2.44,27.5,0.04
36021000100,Columbia County,New York,True,13.36,30.17,8.62,0.0,227,59.05,10.75,12.54,75662,26.16,13.83,90.05,0.0,1.72,4.76,30.22,0.69
36021000200,Columbia County,New York,True,19.0,50.0,19.83,0.0,285,74.28,3.36,14.25,107313,30.21,13.85,92.41,3.18,1.12,1.62,29.35,0.0
36021000300,Columbia County,New York,True,13.41,35.63,22.27,3.11,463,75.73,7.41,9.13,107270,30.71,17.12,85.81,1.28,0.17,3.52,26.81,0.61
36021000401,Columbia County,New York,True,13.71,49.53,24.3,0.0,201,68.4,13.91,17.43,77083,33.03,12.53,93.26,0.09,0.9,6.22,35.06,1.22
36021000402,Columbia County,New York,True,24.09,51.63,23.8,0.0,932,58.76,7.0,13.84,88333,24.09,20.24,88.48,0.36,1.08,7.84,29.31,0.0
36021000500,Columbia County,New York,True,23.4,58.72,35.47,9.27,330,65.14,12.64,18.38,66000,29.67,17.02,90.74,1.19,0.0,4.98,23.06,0.35
36021000600,Columbia County,New York,True,23.06,33.18,16.59,17.21,740,70.33,7.08,10.4,98958,17.75,27.82,81.04,2.35,0.0,14.61,32.23,3.89
36021000700,Columbia County,New York,True,26.26,40.67,17.06,3.31,1099,65.61,16.41,17.07,82092,22.67,17.79,84.32,2.22,0.28,4.84,25.58,0.32
36021000800,Columbia County,New York,True,6.13,43.48,15.22,0.0,77,69.31,2.98,15.21,113021,43.97,7.88,89.8,0.18,1.97,1.43,31.53,0.24
36021000900,Columbia County,New York,True,23.61,44.72,14.91,0.0,449,61.84,9.78,11.2,76700,29.53,14.32,85.01,1.56,0.39,6.41,27.23,0.29
36021001000,Columbia County,New York,True,12.96,66.36,7.95,0.0,622,59.94,7.81,20.02,74111,23.34,13.43,86.9,7.27,0.71,1.88,24.61,0.25
36021001100,Columbia County,New York,True,37.5,77.91,46.9,0.0,1468,66.9,18.03,28.4,,29.04,14.98,77.63,5.88,5.56,6.69,32.78,2.75
36021001200,Columbia County,New York,True,48.03,69.21,40.86,6.22,1407,85.84,29.5,29.21,54122,19.76,15.11,53.37,13.48,9.44,13.8,51.02,3.22
36021001300,Columbia County,New York,True,64.82,70.32,56.43,8.94,1608,92.79,26.5,32.33,55089,14.91,16.55,70.55,12.59,11.06,6.13,40.05,4.5
36021001400,Columbia County,New York,True,30.06,75.0,55.47,3.09,986,57.64,17.08,30.49,54024,26.24,10.87,77.21,2.85,2.88,12.47,31.42,0.42
36021001500,Columbia County,New York,True,15.43,37.31,7.46,32.94,223,54.38,5.62,9.62,86250,32.19,13.8,83.71,2.34,1.4,9.04,17.97,1.71
36021001600,Columbia County,New York,True,11.18,54.48,34.33,0.0,286,62.47,13.52,16.17,113611,32.36,11.59,88.65,1.33,0.54,1.78,24.43,0.0
36021001700,Columbia County,New York,True,10.69,25.0,18.75,0.0,196,48.58,9.28,19.57,99773,24.41,22.39,84.16,0.79,0.5,3.89,28.62,0.0
36021001800,Columbia County,New York,True,7.39,11.76,11.76,0.0,75,63.99,6.78,14.2,89412,30.47,17.28,92.5,0.36,0.72,5.46,21.16,0.0
36021001900,Columbia County,New York,True,18.81,48.3,26.53,3.36,316,50.36,7.98,8.96,95104,21.19,20.9,77.26,6.82,3.14,5.81,14.52,0.65
36021002000,Columbia County,New York,True,20.52,40.94,12.28,0.0,249,68.76,6.78,16.3,97564,29.63,10.41,89.83,2.32,0.42,8.98,33.76,0.0
36023970100,Cortland County,New York,True,16.56,41.29,22.58,0.0,541,54.6,9.13,18.37,79063,18.48,19.15,91.6,3.22,0.22,3.13,28.41,0.26
36023970201,Cortland County,New York,True,11.79,56.04,10.99,0.0,186,67.7,9.02,13.95,88750,25.54,20.12,93.37,0.04,0.63,1.3,21.64,0.0
36023970202,Cortland County,New York,True,22.66,81.27,17.13,0.0,533,58.5,10.09,11.79,74043,27.14,17.08,92.76,0.28,0.0,2.13,21.34,0.0
36023970300,Cortland County,New York,True,28.23,44.91,11.23,0.0,679,90.56,2.18,13.01,73958,23.27,20.69,93.0,0.57,4.59,0.17,36.24,3.22
36023970400,Cortland County,New York,True,16.16,37.85,12.99,0.0,379,88.64,6.08,14.92,66875,24.32,17.55,93.68,0.0,0.82,1.72,25.75,0.31
36023970500,Cortland County,New York,True,56.4,56.12,37.71,4.59,2036,86.84,23.77,20.32,60952,13.24,15.43,94.05,0.39,1.5,1.66,32.27,0.52
36023970600,Cortland County,New York,True,82.12,37.59,27.6,1.32,2090,88.4,23.13,34.8,45813,14.69,14.04,92.07,0.91,0.0,9.5,54.26,0.26
36023970700,Cortland County,New York,True,19.45,41.27,34.6,0.0,590,91.71,15.78,22.68,89229,18.52,22.99,83.6,3.97,2.75,1.8,31.22,0.0
36023970800,Cortland County,New York,True,61.36,47.62,0.0,0.0,80,78.22,23.18,25.0,,1.04,1.72,80.84,4.92,5.11,8.65,44.32,0.3
36023970900,Cortland County,New York,True,59.94,69.15,41.54,0.25,2384,77.22,21.21,30.22,48009,12.28,15.43,85.09,4.98,0.0,8.06,35.36,0.0
36023971000,Cortland County,New York,True,30.5,47.24,33.33,0.0,1029,71.38,8.74,21.19,83993,14.84,22.03,87.73,2.57,2.75,3.1,30.03,0.02
36023971100,Cortland County,New York,True,20.86,47.54,22.54,0.0,902,63.37,11.32,17.21,67258,14.94,24.58,95.97,0.34,0.25,1.74,24.18,0.09
36023971200,Cortland County,New York,True,18.82,23.6,15.36,0.0,678,53.93,10.25,13.8,78655,19.7,20.74,88.35,0.71,0.14,4.62,22.65,0.02
36025970101,Delaware County,New York,True,18.64,55.06,30.34,1.65,250,67.69,18.47,27.58,52118,27.68,14.92,87.95,1.08,2.49,2.3,25.27,0.85
36025970102,Delaware County,New York,True,12.86,63.91,36.84,0.0,311,41.18,7.2,11.58,79539,30.28,16.8,93.58,0.92,0.0,0.0,24.28,0.0
36025970200,Delaware County,New York,True,10.11,34.38,26.56,0.0,244,51.42,7.79,15.1,82925,26.41,15.09,90.69,0.55,2.62,1.68,23.3,0.0
36025970300,Delaware County,New York,True,17.04,32.93,19.76,14.65,368,67.71,12.18,24.27,64323,30.78,13.61,92.58,0.38,0.55,2.84,37.35,1.04
36025970401,Delaware County,New York,True,9.98,34.48,34.48,0.0,208,57.94,16.58,19.19,54030,28.7,21.33,80.4,0.32,0.96,7.88,28.24,0.53
36025970402,Delaware County,New York,True,57.52,39.8,26.97,4.61,1988,80.54,20.99,28.01,50208,14.68,21.44,81.56,3.76,0.28,9.23,37.46,0.19
36025970501,Delaware County,New York,True,23.13,45.02,16.59,1.33,367,52.74,16.22,32.45,48427,32.64,12.3,92.11,2.93,0.69,2.83,42.37,0.0
36025970502,Delaware County,New York,True,11.24,12.5,4.69,6.33,187,52.03,12.16,16.5,61350,26.27,19.64,94.62,0.0,0.0,4.07,29.87,0.33
36025970601,Delaware County,New York,True,30.26,42.28,17.28,0.0,441,82.12,23.81,32.04,48413,31.41,14.26,91.92,1.18,0.88,0.1,36.96,0.73
36025970602,Delaware County,New York,True,20.05,40.93,29.11,0.0,454,63.89,26.19,33.18,49567,18.39,20.06,94.75,0.13,0.44,3.8,26.28,0.0
36025970700,Delaware County,New York,True,12.97,50.63,12.66,4.86,389,54.49,11.63,20.27,69722,32.69,12.68,92.21,0.25,0.55,4.63,34.5,0.13
36025970800,Delaware County,New York,True,36.83,40.91,19.09,0.0,1088,66.21,13.37,23.75,63043,23.9,17.59,91.53,0.94,1.64,4.41,35.75,0.0
36025970900,Delaware County,New York,False,,,,,0,,,,,0.0,2.58,91.56,4.04,1.46,9.34,,0.0
36025971000,Delaware County,New York,True,21.73,49.55,36.94,0.0,442,63.81,14.87,21.12,69907,25.13,18.45,89.15,0.61,0.23,4.81,30.8,0.08
36025971100,Delaware County,New York,True,17.55,51.35,10.81,0.0,355,58.84,5.37,23.37,58042,39.39,9.86,91.81,0.79,0.0,2.42,37.78,0.23
36025971200,Delaware County,New York,True,17.41,58.88,50.76,0.0,462,59.44,11.8,19.67,78021,31.83,14.67,79.4,0.39,0.94,17.53,32.24,5.68
36025971300,Delaware County,New York,True,12.01,54.05,22.97,0.0,239,47.99,12.18,16.34,67222,26.5,17.98,92.24,0.41,0.41,4.61,27.93,0.0
36025971400,Delaware County,New York,True,23.57,59.02,21.43,6.17,629,66.15,12.99,26.55,62243,29.94,14.45,94.01,0.65,2.2,1.73,35.42,0.04
36027010000,Dutchess County,New York,True,31.67,63.48,43.04,2.99,1261,67.89,8.95,15.87,76426,20.48,23.72,72.28,0.96,0.49,21.26,30.59,1.66
36027020003,Dutchess County,New York,True,4.64,60.0,60.0,0.0,133,37.47,7.05,9.14,118404,17.23,24.71,77.99,4.26,1.79,19.43,13.38,1.77
36027020004,Dutchess County,New York,True,2.85,0.0,0.0,0.0,54,48.61,4.55,1.75,141830,20.17,21.99,74.22,2.93,2.62,14.65,18.29,0.42
36027020005,Dutchess County,New York,True,17.52,49.49,34.58,0.0,880,36.06,5.74,6.87,140219,13.0,22.56,76.85,4.89,1.38,15.05,19.23,1.05
36027030000,Dutchess County,New York,True,5.84,61.29,0.0,0.0,209,62.14,5.79,7.62,125685,32.22,13.78,91.4,2.95,1.03,4.69,24.9,0.0
36027040001,Dutchess County,New York,True,25.63,65.74,57.11,0.0,939,50.0,14.1,21.16,85833,16.86,15.33,78.41,2.11,2.78,9.34,24.31,2.8
36027040003,Dutchess County,New York,True,35.92,58.39,23.11,2.07,1118,60.84,8.32,14.18,99934,20.8,19.35,69.68,8.79,0.0,21.31,26.87,0.0
36027050102,Dutchess County,New York,True,9.02,100.0,100.0,0.0,207,63.79,6.71,6.95,138047,17.89,23.86,62.0,1.23,5.89,21.72,17.89,0.53
36027050103,Dutchess County,New York,True,2.48,26.09,26.09,0.0,47,54.38,5.4,6.45,116196,16.72,24.77,79.29,3.53,4.42,14.14,8.93,2.65
36027050104,Dutchess County,New York,True,7.55,62.61,0.0,0.0,393,37.85,1.76,2.06,170833,15.32,24.89,67.15,5.7,8.55,11.41,5.39,0.95
36027050203,Dutchess County,New York,True,16.87,25.5,13.42,0.0,588,53.73,1.7,6.13,127333,21.39,21.17,70.65,3.29,6.78,16.47,22.18,3.96
36027050204,Dutchess County,New York,True,10.08,38.37,6.98,0.0,159,49.85,3.05,6.79,161667,15.52,21.75,78.74,3.12,4.97,11.28,14.51,1.83
36027050205,Dutchess County,New York,True,11.06,32.39,9.15,4.55,455,45.98,4.57,3.62,117732,15.78,23.08,74.86,2.44,2.25,14.67,11.51,2.14
36027060100,Dutchess County,New York,True,48.08,36.8,19.39,2.66,1636,41.08,20.01,9.85,102045,21.06,6.64,62.9,17.52,5.82,14.17,46.76,0.57
36027060201,Dutchess County,New York,True,25.17,57.85,5.23,3.75,622,45.71,1.86,3.96,108412,26.09,18.62,69.21,8.3,1.3,16.11,32.98,2.31
36027060202,Dutchess County,New York,True,35.8,62.42,30.07,4.3,1323,60.48,9.06,17.25,86921,21.65,16.76,74.37,2.63,2.47,11.83,42.43,1.91
36027060301,Dutchess County,New York,True,14.83,10.1,4.55,0.0,355,67.69,3.06,4.11,123456,19.69,20.57,80.86,1.51,1.34,13.11,25.93,0.88
36027060302,Dutchess County,New York,True,15.75,68.52,11.73,0.0,246,24.66,2.15,7.59,96591,26.73,18.98,70.5,6.81,11.8,11.84,34.63,1.02
36027060400,Dutchess County,New York,True,59.95,52.02,19.49,2.52,1129,60.51,2.7,12.43,97045,26.51,13.64,67.12,11.45,3.89,15.75,41.74,6.37
36027070101,Dutchess County,New York,True,18.97,55.03,25.16,20.13,719,64.55,5.56,6.8,109000,24.0,20.37,81.97,5.31,1.46,4.66,23.75,0.22
36027070102,Dutchess County,New York,True,31.33,73.55,37.47,0.0,1283,65.74,16.31,19.82,90084,21.92,20.21,74.43,11.15,1.72,8.76,21.28,0.0
36027070201,Dutchess County,New York,True,50.53,55.1,36.84,0.0,1058,76.93,13.75,37.06,59688,27.15,14.2,77.35,10.44,0.3,10.62,48.82,1.15
36027070301,Dutchess County,New York,True,22.86,23.3,23.3,0.0,952,60.56,9.03,14.36,88355,18.56,20.18,81.7,8.43,1.8,7.3,32.91,0.52
36027070401,Dutchess County,New York,True,13.64,36.14,7.83,0.0,297,74.08,3.72,14.79,71750,12.63,14.96,64.88,12.4,4.54,17.4,32.46,2.27
36027080103,Dutchess County,New York,True,15.28,19.16,4.79,31.01,636,64.86,10.5,8.64,126375,19.19,24.29,72.17,5.57,5.4,14.43,23.33,1.07
36027080104,Dutchess County,New York,True,21.31,80.25,18.81,0.0,893,46.02,9.94,2.27,109542,15.15,21.84,75.01,2.67,0.17,22.78,17.1,1.31
36027080201,Dutchess County,New York,True,7.4,29.92,29.92,0.0,350,72.99,3.03,4.95,138246,13.14,18.55,74.51,4.97,3.75,11.52,30.71,1.34
36027080202,Dutchess County,New York,True,11.57,41.38,0.0,0.0,309,44.26,1.22,3.76,125708,13.64,24.88,72.51,12.98,3.34,10.86,21.4,0.0
36027090000,Dutchess County,New York,True,17.1,44.31,23.35,3.23,276,49.72,11.89,13.42,104318,22.56,15.6,88.09,1.39,1.39,3.56,35.11,0.23
36027100000,Dutchess County,New York,True,22.94,56.78,41.76,13.65,622,55.6,13.83,24.82,84757,22.9,17.55,72.26,4.07,4.54,14.46,33.12,7.11
36027110003,Dutchess County,New York,True,5.47,72.46,17.39,0.0,149,48.36,1.7,2.38,154079,15.93,27.09,77.58,4.18,0.25,12.27,14.74,0.6
36027110004,Dutchess County,New York,True,17.65,61.48,26.67,0.0,189,59.27,3.8,8.45,111250,35.64,12.12,71.18,4.1,0.0,24.09,33.54,1.77
36027110005,Dutchess County,New York,True,47.46,47.49,26.01,0.0,769,75.32,8.81,19.03,86792,19.35,19.0,71.37,6.18,4.69,16.21,29.09,0.68
36027120000,Dutchess County,New York,True,19.05,30.56,1.85,0.0,402,65.63,9.32,13.24,102109,23.45,20.73,84.89,0.89,2.54,8.65,21.49,0.75
36027130003,Dutchess County,New York,True,41.33,52.83,9.0,0.0,1922,46.68,7.19,10.32,82340,26.43,17.63,81.24,4.24,0.06,7.86,32.7,0.02
36027130004,Dutchess County,New York,True,11.72,29.73,13.51,0.0,142,71.47,4.32,11.56,151667,15.19,21.3,76.79,0.73,0.95,16.7,19.84,0.0
36027130005,Dutchess County,New York,True,11.45,74.65,63.38,0.0,220,48.75,6.81,10.45,105833,14.05,21.5,77.9,0.43,3.19,22.7,32.64,1.86
36027140101,Dutchess County,New York,True,41.34,58.82,34.98,8.85,1952,59.75,27.74,18.52,64515,7.82,7.7,67.62,14.6,4.53,11.83,25.67,1.27
36027140201,Dutchess County,New York,True,39.02,63.18,57.21,0.0,620,82.47,6.9,11.08,74545,24.5,13.93,71.22,12.18,0.0,9.56,40.75,2.73
36027140202,Dutchess County,New York,True,37.41,37.06,14.09,0.0,1539,40.8,5.14,12.88,98947,20.97,20.31,64.33,13.78,7.62,9.27,33.47,0.74
36027140301,Dutchess County,New York,True,56.18,62.22,21.42,0.96,1594,84.5,11.58,24.86,66316,19.43,16.34,53.58,14.01,11.41,14.17,49.46,7.8
36027140302,Dutchess County,New York,True,69.51,42.75,33.01,0.12,1447,75.94,8.97,15.99,78633,12.4,19.11,56.09,17.9,7.59,4.51,42.92,1.95
36027140400,Dutchess County,New York,True,11.18,34.76,20.0,0.0,290,78.51,2.48,3.18,142602,25.21,20.97,71.62,5.37,10.4,14.04,20.72,1.17
36027140500,Dutchess County,New York,True,51.99,42.92,21.81,1.98,1011,64.08,10.61,14.36,73875,27.94,16.23,74.34,8.67,11.75,4.16,50.22,4.84
36027140602,Dutchess County,New York,True,14.17,64.38,38.36,0.0,206,70.98,4.88,7.38,109848,25.35,15.78,66.89,1.4,8.2,21.78,28.35,3.38
36027140700,Dutchess County,New York,True,10.17,44.4,44.4,0.0,519,79.53,1.49,3.76,150785,14.7,21.28,76.87,7.44,1.24,9.41,29.72,1.02
36027140801,Dutchess County,New York,True,10.34,100.0,18.8,0.0,177,78.08,2.46,1.41,106205,26.69,16.0,75.21,15.17,2.53,9.86,28.12,0.89
36027150003,Dutchess County,New York,True,45.86,46.6,41.05,8.6,779,70.67,18.74,22.47,83060,12.81,13.1,79.35,2.98,4.75,11.92,30.35,0.97
36027150004,Dutchess County,New York,True,12.77,62.05,27.11,10.34,347,58.22,6.05,8.29,115257,15.77,21.99,86.26,0.37,2.37,8.68,24.72,0.59
36027150005,Dutchess County,New York,True,10.04,62.0,62.0,0.0,156,54.42,4.15,7.63,142266,22.92,16.25,86.07,3.57,1.86,3.06,22.99,0.12
36027150006,Dutchess County,New York,True,33.77,78.51,29.23,1.11,624,52.35,7.93,13.56,107411,27.74,18.2,88.97,2.11,1.54,5.27,39.2,1.55
36027160003,Dutchess County,New York,True,15.05,25.24,3.88,6.43,260,55.18,10.05,8.19,116447,39.52,7.09,82.61,9.58,2.08,2.16,45.16,0.0
36027160004,Dutchess County,New York,True,18.16,56.73,20.47,17.62,285,60.85,10.05,9.88,138750,30.39,14.2,92.05,0.57,2.84,4.02,28.32,1.8
36027160005,Dutchess County,New York,True,45.64,64.43,18.37,0.0,1126,77.37,3.55,16.17,70496,31.55,9.47,81.06,3.17,1.92,8.11,53.63,0.31
36027170000,Dutchess County,New York,True,28.04,57.67,23.54,6.17,905,68.92,13.79,16.0,88578,23.46,13.95,84.26,0.98,2.57,7.07,30.39,2.0
36027180001,Dutchess County,New York,True,12.19,52.08,45.83,0.0,334,57.39,7.72,12.49,102888,16.16,25.99,79.48,2.67,5.41,11.71,24.25,1.0
36027190101,Dutchess County,New York,True,3.0,54.05,27.03,0.0,86,79.4,4.91,5.43,138194,21.96,22.9,73.54,3.93,7.16,14.07,13.14,1.35
36027190102,Dutchess County,New York,True,52.75,30.35,12.71,6.73,1130,62.91,8.36,13.34,98544,24.79,18.43,63.09,4.06,8.43,20.18,35.25,1.9
36027190203,Dutchess County,New York,True,25.7,46.69,3.11,0.0,421,79.38,3.16,4.7,100833,14.35,19.05,78.76,1.7,0.65,16.98,27.0,1.09
36027190204,Dutchess County,New York,True,6.67,33.33,33.33,0.0,312,59.32,5.89,9.31,124313,25.36,17.88,68.25,6.54,4.96,18.78,23.23,0.62
36027190301,Dutchess County,New York,True,68.05,36.72,19.82,0.0,2217,64.67,7.49,11.23,82137,9.75,14.58,70.71,7.53,5.56,30.41,36.11,3.97
36027190401,Dutchess County,New York,True,20.22,47.54,28.96,3.83,508,68.19,6.73,11.49,125856,16.35,21.25,67.93,7.72,0.0,26.66,11.49,0.21
36027190402,Dutchess County,New York,True,24.91,49.41,12.65,7.41,656,77.04,3.79,8.73,79330,15.75,18.24,70.67,8.16,2.27,15.13,41.16,2.71
36027200001,Dutchess County,New York,True,26.04,40.0,14.12,6.28,719,75.65,4.12,19.9,122431,27.84,12.22,85.11,0.86,0.54,13.08,35.11,2.08
36027200002,Dutchess County,New York,True,45.47,35.94,22.5,0.31,498,65.65,12.56,19.83,74265,34.25,7.21,80.09,2.53,4.98,7.58,44.62,5.32
36027210101,Dutchess County,New York,True,40.24,51.76,33.37,3.03,1420,72.11,11.93,20.31,120561,15.75,21.9,69.44,9.25,5.4,10.5,36.84,2.38
36027210201,Dutchess County,New York,True,49.29,43.9,15.54,0.0,1954,52.42,11.24,19.28,74953,13.78,19.48,52.47,12.88,1.93,31.77,37.6,6.44
36027210301,Dutchess County,New York,True,25.36,41.82,28.36,2.64,1067,74.89,3.82,10.57,113931,14.53,20.28,76.79,7.11,1.36,17.44,19.95,0.0
36027220101,Dutchess County,New York,True,82.54,64.77,37.05,1.07,2852,84.48,26.24,30.88,39097,20.26,17.58,39.46,20.64,3.01,31.41,51.94,2.78
36027220102,Dutchess County,New York,True,100.0,44.01,17.13,2.03,1154,76.53,30.94,20.81,48449,9.71,31.2,27.99,11.44,1.65,48.35,54.33,0.0
36027220201,Dutchess County,New York,True,67.06,79.45,43.61,3.1,2648,86.35,13.46,23.88,73523,5.21,26.68,34.06,44.51,0.48,24.96,32.25,2.92
36027220300,Dutchess County,New York,True,71.51,59.04,27.74,5.33,3155,72.59,28.69,36.17,40060,17.16,21.14,11.68,54.06,0.74,28.49,39.67,14.6
36027220700,Dutchess County,New York,True,69.08,53.21,28.21,4.94,1533,64.07,7.06,23.49,68476,23.41,10.11,31.78,42.84,0.73,26.47,45.78,1.66
36027220801,Dutchess County,New York,True,55.74,57.89,37.91,3.38,1484,95.25,12.98,24.44,62119,31.6,10.77,61.91,16.98,3.47,10.31,52.71,0.6
36027220901,Dutchess County,New York,True,52.75,54.43,29.37,10.85,2452,98.24,14.71,20.76,60500,10.39,16.61,40.62,32.12,1.45,30.81,39.0,5.66
36027221001,Dutchess County,New York,True,5.02,70.49,14.75,0.0,98,75.96,4.25,8.93,115052,25.52,14.6,67.18,12.6,2.05,9.14,39.26,1.67
36027221100,Dutchess County,New York,True,76.46,56.98,36.9,3.52,2809,77.77,22.02,22.94,62646,8.58,19.94,16.39,36.19,1.67,46.8,32.68,15.51
36027300000,Dutchess County,New York,True,68.83,55.86,20.26,10.45,3500,76.67,3.8,14.38,65040,25.6,16.54,59.1,9.91,2.71,31.23,43.18,10.3
36027410000,Dutchess County,New York,True,41.24,47.4,30.58,0.0,781,93.2,13.6,17.78,86856,9.95,7.97,62.68,13.93,8.16,11.85,22.7,1.23
36027610000,Dutchess County,New York,True,100.0,0.0,0.0,0.0,48,0.0,0.0,0.0,,6.41,0.24,15.95,62.1,0.3,24.5,0.0,1.96
36027640001,Dutchess County,New York,False,,,,,0,,,,,0.0,0.0,13.86,54.21,1.24,31.68,,6.19
36027640002,Dutchess County,New York,False,,,,,0,,26.32,,,4.36,0.0,21.8,54.86,0.6,24.55,,2.35
36029000110,Erie County,New York,True,29.45,44.27,24.52,0.0,667,94.93,29.51,16.9,45698,14.88,32.92,63.9,21.83,0.0,17.73,31.67,1.79
36029000200,Erie County,New York,True,47.1,37.69,25.13,1.45,2026,94.28,15.57,24.74,59365,12.7,29.32,72.98,6.9,2.14,22.76,38.91,1.89
36029000500,Erie County,New York,True,55.83,64.12,49.02,0.0,1228,81.53,28.81,42.37,37074,14.32,26.78,83.44,5.37,1.41,3.04,57.09,0.32
36029000600,Erie County,New York,True,18.11,49.86,5.01,0.0,887,95.14,7.64,15.08,87992,15.7,17.17,83.38,4.35,0.02,12.09,38.96,0.02
36029000700,Erie County,New York,True,26.21,39.45,18.11,0.0,734,97.33,3.31,13.17,87500,23.95,17.59,83.49,6.15,1.27,2.29,32.89,0.09
36029000800,Erie County,New York,True,30.19,62.83,36.68,0.0,1133,100.0,16.92,20.0,69407,16.05,18.97,84.59,2.33,6.43,10.12,30.93,0.0
36029000900,Erie County,New York,True,38.0,32.25,2.98,0.0,777,98.88,5.23,6.95,74655,20.84,15.98,71.74,4.23,2.43,19.17,24.39,0.0
36029001000,Erie County,New York,True,60.88,42.01,20.88,3.51,3846,96.68,16.94,29.01,60436,19.24,22.18,73.08,9.22,1.05,7.77,36.98,1.13
36029001100,Erie County,New York,True,59.48,38.64,16.86,0.0,1619,83.23,21.48,32.59,43092,27.68,14.5,87.5,9.18,0.0,7.32,50.84,1.69
36029001403,Erie County,New York,True,84.92,45.83,24.39,3.34,1508,49.04,41.59,63.56,23929,28.32,29.76,1.44,72.68,0.0,11.55,59.92,3.04
36029001404,Erie County,New York,True,82.9,55.29,14.8,0.0,632,51.59,44.13,66.74,20974,31.91,28.61,5.38,65.28,0.0,26.16,59.48,8.83
36029001500,Erie County,New York,True,54.98,56.43,53.61,0.0,997,68.14,31.09,39.36,35913,9.98,29.93,14.87,67.56,0.0,4.16,43.19,6.98
36029001601,Erie County,New York,True,49.21,45.74,18.09,0.0,653,92.2,33.68,37.17,36250,11.52,21.35,21.67,10.27,60.89,2.82,29.49,24.7
36029001602,Erie County,New York,True,58.36,57.32,40.45,0.0,655,95.63,22.85,47.96,41500,19.27,17.4,18.0,45.86,24.2,8.51,36.62,7.29
36029001700,Erie County,New York,True,50.41,65.24,58.69,4.93,743,94.23,34.48,50.65,29236,18.0,19.06,64.73,10.82,4.54,18.64,46.39,6.65
36029001900,Erie County,New York,True,42.45,48.6,9.79,1.57,1229,97.36,16.84,22.26,51935,17.64,19.62,70.97,7.73,1.52,19.75,47.66,2.05
36029002300,Erie County,New York,True,46.38,58.24,41.29,3.94,1426,90.21,26.79,38.12,41250,11.13,33.71,56.67,23.13,7.06,8.7,41.91,1.36
36029002400,Erie County,New York,True,32.61,47.31,17.5,0.0,1338,95.82,23.37,28.77,44164,9.96,28.9,56.34,10.75,14.36,15.61,31.8,0.99
36029002502,Erie County,New York,True,64.77,51.68,24.96,0.0,1189,46.71,44.54,55.75,28241,28.37,21.79,6.94,87.86,0.0,5.71,60.49,0.65
36029002703,Erie County,New York,True,75.23,51.49,36.63,7.92,899,97.05,38.31,48.04,,10.3,20.2,19.03,30.19,41.51,0.79,45.44,12.02
36029002704,Erie County,New York,True,43.63,95.52,76.12,16.44,1325,96.41,57.34,45.82,36944,10.0,48.57,9.8,7.19,76.48,5.04,20.72,16.04
36029002801,Erie County,New York,True,63.82,67.71,25.11,17.52,1609,91.73,67.0,44.72,38750,3.66,49.75,7.05,53.37,10.48,21.96,22.97,14.63
36029002802,Erie County,New York,True,66.58,78.66,36.82,0.0,616,90.49,34.88,43.86,37694,10.61,23.3,11.22,36.61,29.48,15.22,26.89,8.58
36029002900,Erie County,New York,True,60.25,55.8,39.76,0.97,1391,74.48,53.72,47.04,33438,15.47,27.1,8.59,44.52,36.55,11.43,47.81,9.49
36029003000,Erie County,New York,True,60.55,52.92,36.35,3.99,1616,78.76,41.54,47.32,34952,12.16,35.02,7.14,58.32,28.86,1.5,35.57,2.4
36029003100,Erie County,New York,True,55.28,51.08,30.26,0.0,870,78.35,28.15,54.5,26716,37.62,11.33,19.39,56.13,0.0,20.81,62.13,2.87
36029003301,Erie County,New York,True,39.18,69.69,29.16,0.0,1769,98.16,14.39,22.44,59209,20.46,20.92,13.59,71.75,6.41,2.92,42.55,3.14
36029003302,Erie County,New York,True,61.37,46.57,36.29,3.86,2180,97.0,32.04,42.37,35127,13.74,32.71,10.35,77.81,8.1,0.0,44.05,1.87
36029003400,Erie County,New York,True,61.97,62.98,25.32,0.36,2042,82.74,15.16,22.97,46789,15.18,26.98,6.11,84.65,1.93,2.36,44.67,0.0
36029003501,Erie County,New York,True,60.99,71.83,40.85,36.04,1071,82.8,45.28,59.01,19947,11.69,43.46,0.94,59.91,25.64,16.76,27.6,10.04
36029003502,Erie County,New York,True,54.85,60.63,22.57,0.0,789,100.0,19.18,50.49,29899,19.94,18.13,4.97,79.82,6.02,8.13,46.6,1.08
36029003600,Erie County,New York,True,40.95,73.04,29.58,6.25,980,93.79,27.42,43.98,38477,23.56,24.83,0.85,64.32,32.42,0.72,51.09,8.07
36029003700,Erie County,New York,True,57.01,51.03,39.88,2.99,2843,94.61,24.09,36.91,47708,9.5,33.64,7.33,65.82,13.28,5.35,25.55,1.63
36029003800,Erie County,New York,True,53.71,49.69,42.37,0.0,1753,100.0,42.31,43.92,33455,11.1,32.72,2.67,78.84,7.49,6.34,18.29,1.15
36029003901,Erie County,New York,True,64.01,77.13,68.04,0.0,432,91.5,31.32,55.29,,18.05,15.51,5.07,79.9,4.68,4.88,63.64,3.75
36029004002,Erie County,New York,True,53.2,74.25,45.15,10.37,708,92.96,43.72,38.08,37794,8.71,33.87,20.06,40.18,20.72,18.56,40.57,11.67
36029004003,Erie County,New York,True,60.78,69.51,46.15,0.54,1780,85.61,18.34,32.95,41392,17.17,28.57,2.83,59.35,28.91,10.27,33.86,6.75
36029004100,Erie County,New York,True,40.25,72.27,47.47,1.98,1752,100.0,25.92,36.01,39205,12.96,28.55,5.73,67.9,18.01,3.07,38.96,1.34
36029004200,Erie County,New York,True,47.5,54.98,39.27,0.0,2081,100.0,46.36,30.68,51250,13.24,34.95,2.39,87.79,5.85,4.2,31.81,3.23
36029004300,Erie County,New York,True,54.14,52.78,39.1,0.0,2926,98.7,21.87,27.13,47427,15.95,23.04,26.95,58.22,11.41,1.82,26.45,2.54
36029004401,Erie County,New York,True,49.87,46.79,33.54,2.02,2287,93.2,27.81,34.91,53338,13.84,25.78,12.37,71.24,8.92,6.5,38.69,4.47
36029004402,Erie County,New York,True,87.49,56.85,21.03,3.85,2660,83.89,50.29,47.63,30529,7.29,40.74,7.15,67.63,0.0,16.54,38.74,0.0
36029004500,Erie County,New York,True,40.52,58.12,33.48,0.0,1611,89.09,12.78,22.64,91652,18.48,15.1,62.73,31.1,1.22,6.0,37.05,0.0
36029004601,Erie County,New York,True,58.66,38.38,26.65,0.0,2378,95.08,26.89,20.04,67153,10.07,11.11,62.44,17.48,9.38,7.11,23.94,0.7
36029004701,Erie County,New York,True,65.01,62.94,46.6,0.0,1566,95.69,36.49,37.44,40990,7.8,35.65,7.59,67.49,20.43,4.24,42.42,10.44
36029004702,Erie County,New York,True,79.37,57.68,38.17,0.0,4101,73.02,37.28,32.45,41617,10.13,6.79,43.07,36.54,9.75,6.83,24.02,0.79
36029004800,Erie County,New York,True,35.97,51.51,36.04,1.96,1284,93.88,19.12,23.94,100521,18.46,21.12,84.01,6.7,1.81,4.33,29.81,0.32
36029004901,Erie County,New York,True,54.77,58.82,46.86,0.0,993,98.48,15.61,18.54,60474,23.97,15.02,70.55,19.14,2.94,5.36,53.39,1.63
36029004902,Erie County,New York,True,63.95,42.82,31.03,0.59,2652,95.47,11.79,14.71,76471,10.34,9.11,73.51,15.13,0.0,7.64,33.96,0.0
36029005000,Erie County,New York,True,61.37,50.2,25.29,0.0,1332,95.62,24.25,27.27,62000,11.68,17.08,65.58,21.71,2.45,3.03,54.45,3.52
36029005100,Erie County,New York,True,60.5,46.49,36.17,0.0,2440,93.32,15.54,29.99,64352,15.33,11.81,58.39,26.59,1.48,3.35,49.72,2.06
36029005201,Erie County,New York,True,43.51,35.22,29.4,7.19,1092,91.08,12.2,17.7,105673,15.3,17.63,86.83,7.24,3.07,4.46,30.81,0.09
36029005202,Erie County,New York,True,52.63,77.78,60.13,4.77,1528,94.75,39.6,29.11,47115,8.49,22.01,31.37,54.12,3.08,4.39,34.59,3.48
36029005300,Erie County,New York,True,60.0,30.32,1.81,0.0,466,96.02,12.76,26.17,65208,11.07,7.57,52.88,28.54,7.25,10.49,48.72,0.0
36029005400,Erie County,New York,True,55.4,44.39,28.62,4.56,1770,90.94,15.95,21.96,64870,18.86,16.19,85.06,7.04,0.86,2.84,47.18,0.69
36029005500,Erie County,New York,True,82.78,66.33,45.61,7.93,3565,93.02,44.94,55.82,26250,12.82,25.98,43.19,10.43,8.89,39.99,46.58,15.88
36029005600,Erie County,New York,True,63.4,42.33,36.25,0.0,3395,82.51,29.7,40.6,45750,8.56,32.55,30.93,35.01,5.0,21.59,30.9,4.47
36029005700,Erie County,New York,True,65.48,47.16,28.91,0.0,2454,93.54,30.6,35.73,41694,3.01,35.16,32.48,15.38,6.24,37.2,25.87,2.46
36029005801,Erie County,New York,True,48.26,35.45,11.87,0.0,1462,95.03,32.97,32.21,41274,9.2,27.38,42.33,9.39,21.98,24.62,33.56,13.53
36029005802,Erie County,New York,True,60.3,46.49,34.72,1.61,3219,92.74,25.81,40.32,47775,7.13,32.53,37.85,24.88,27.02,9.85,22.43,9.39
36029005900,Erie County,New York,True,70.93,51.52,30.19,10.15,3027,91.28,28.39,43.53,38845,10.47,26.94,46.2,26.24,7.92,20.18,38.28,5.36
36029006100,Erie County,New York,True,54.89,58.35,36.79,4.23,2275,95.19,29.44,30.27,50222,8.57,21.02,38.89,27.84,11.55,24.7,30.93,6.95
36029006301,Erie County,New York,True,57.02,50.59,31.07,0.0,2145,100.0,27.39,17.45,82019,11.53,21.03,85.87,7.74,0.8,3.92,28.62,0.34
36029006302,Erie County,New York,True,49.44,38.45,26.73,0.0,1033,98.4,11.07,16.06,92459,16.66,13.12,89.53,1.92,0.38,6.08,32.27,0.44
36029006501,Erie County,New York,True,64.16,33.72,9.12,0.0,1522,97.35,13.92,10.87,70380,10.22,21.18,78.71,2.82,1.59,10.72,49.28,0.62
36029006601,Erie County,New York,True,63.34,46.75,10.39,0.0,1049,78.65,14.57,16.45,74437,11.87,11.1,66.14,10.03,12.11,9.21,47.86,3.42
36029006602,Erie County,New York,True,54.55,49.35,20.03,1.96,1097,98.18,9.92,24.48,73250,29.84,8.73,79.84,15.78,0.0,6.07,52.41,0.0
36029006701,Erie County,New York,True,64.68,60.21,34.12,0.0,1538,86.37,15.37,36.79,53190,12.89,7.53,81.17,5.36,0.0,13.3,61.84,0.51
36029006702,Erie County,New York,True,82.1,51.7,34.03,0.39,2564,93.27,28.72,48.04,,27.0,6.12,67.37,20.65,5.37,2.89,60.82,0.0
36029006801,Erie County,New York,True,76.02,42.08,24.82,0.0,1049,88.6,10.03,22.25,73827,6.71,15.46,54.85,27.32,6.71,15.86,67.0,0.94
36029006802,Erie County,New York,True,61.71,42.86,24.81,1.37,1323,94.71,18.63,26.22,50728,11.15,12.58,75.72,4.62,3.3,12.74,56.13,1.38
36029006901,Erie County,New York,True,67.88,44.46,23.26,8.81,2669,98.57,20.99,25.32,58311,9.12,30.48,31.17,21.61,28.0,18.14,22.9,13.81
36029006903,Erie County,New York,True,44.74,40.79,29.96,12.75,549,99.3,6.37,11.56,91042,5.97,16.09,57.91,5.56,15.21,10.66,35.59,8.35
36029006904,Erie County,New York,True,69.64,43.82,22.47,6.75,1683,96.29,47.85,32.03,59659,14.21,26.11,52.23,8.02,10.97,6.56,47.99,5.39
36029007000,Erie County,New York,True,61.26,61.17,24.07,2.39,1827,85.3,24.72,35.16,44960,10.97,31.72,31.17,26.77,6.42,38.98,35.16,11.34
36029007102,Erie County,New York,True,83.78,65.16,17.77,0.0,2033,79.09,32.55,40.54,53259,13.29,24.69,26.5,39.31,1.69,33.47,39.37,3.0
36029007103,Erie County,New York,True,91.37,64.45,32.66,0.0,1414,79.76,35.68,37.24,37230,10.6,21.14,45.22,6.61,0.79,54.84,40.72,17.12
36029007104,Erie County,New York,True,85.78,64.7,37.36,4.04,2597,82.74,59.8,65.09,22686,10.51,19.04,28.27,9.23,1.04,66.85,46.05,18.82
36029007202,Erie County,New York,True,73.63,26.4,14.06,8.13,1059,67.3,10.59,29.41,43879,22.93,10.99,32.43,31.96,1.48,37.96,55.88,4.81
36029007303,Erie County,New York,True,33.67,49.38,12.73,0.0,1430,66.94,4.94,9.9,97656,21.71,18.16,90.21,1.58,3.15,1.62,31.3,0.4
36029007304,Erie County,New York,True,17.77,42.08,28.63,0.0,901,32.58,1.76,4.63,129661,24.21,21.49,89.38,1.49,1.84,3.97,28.06,0.51
36029007305,Erie County,New York,True,2.08,0.0,0.0,0.0,50,64.41,5.28,15.19,112026,24.79,17.95,87.95,0.69,0.57,0.04,19.56,0.0
36029007306,Erie County,New York,True,7.34,17.61,17.61,0.0,363,71.63,5.3,12.63,120258,19.71,21.16,93.87,1.05,0.0,3.84,21.95,0.31
36029007600,Erie County,New York,True,12.34,11.24,11.24,0.0,207,97.75,6.95,19.12,51087,24.36,11.72,97.71,0.07,0.0,0.75,40.29,0.0
36029007700,Erie County,New York,True,28.34,59.92,25.4,0.0,852,93.14,18.72,22.29,64805,18.18,17.5,84.1,0.0,5.2,10.12,36.28,0.13
36029007800,Erie County,New York,True,23.18,63.28,16.57,0.0,1144,97.57,9.88,21.63,55781,20.54,22.11,97.03,0.06,0.29,2.42,32.55,0.31
36029007901,Erie County,New York,True,40.13,30.7,11.15,0.0,1118,80.72,6.19,8.14,92125,14.35,15.69,85.41,7.53,4.63,1.31,32.83,1.4
36029007902,Erie County,New York,True,13.22,39.6,4.84,0.0,728,97.97,3.83,8.82,98313,23.93,13.23,81.77,1.39,3.91,11.52,31.82,0.61
36029007903,Erie County,New York,True,3.8,39.22,0.0,0.0,60,98.99,4.89,8.69,85250,23.32,19.0,94.3,3.0,0.27,8.27,37.69,0.0
36029007904,Erie County,New York,True,24.54,78.95,50.0,0.0,441,81.55,4.52,16.09,72083,27.52,16.52,89.28,0.82,0.75,5.62,39.99,1.34
36029007905,Erie County,New York,True,22.16,69.33,25.49,0.0,601,96.84,4.18,12.25,79250,20.65,18.68,91.32,0.14,0.34,7.49,41.26,0.0
36029008001,Erie County,New York,True,17.88,76.51,30.96,19.54,886,95.99,15.2,22.15,84688,21.75,17.19,81.41,4.86,7.78,1.93,30.19,0.66
36029008002,Erie County,New York,True,24.71,54.04,36.93,3.68,1289,93.34,11.46,19.67,85816,16.34,25.04,85.08,4.26,5.37,3.36,30.72,0.0
36029008003,Erie County,New York,True,22.61,46.89,0.0,0.0,946,94.33,9.29,4.32,70050,20.62,15.27,81.99,3.51,9.02,3.05,44.66,2.23
36029008101,Erie County,New York,True,39.59,55.79,44.58,0.0,1894,82.89,13.61,22.18,69335,20.79,17.09,87.67,3.02,0.0,4.07,35.41,0.3
36029008102,Erie County,New York,True,23.04,38.24,5.2,0.0,699,94.27,7.0,9.35,90682,26.31,15.8,89.81,4.34,0.53,5.03,39.69,0.1
36029008201,Erie County,New York,True,22.73,71.03,56.35,0.0,436,97.94,9.36,16.5,60938,21.32,19.58,87.44,5.76,0.0,1.88,45.95,0.74
36029008202,Erie County,New York,True,43.25,34.72,17.17,1.85,1233,93.88,16.59,29.9,55613,25.69,16.3,89.34,2.7,2.68,4.19,50.99,1.93
36029008300,Erie County,New York,True,76.83,53.97,36.54,0.0,1680,70.17,26.51,42.14,37875,9.53,24.1,55.46,27.52,0.0,12.12,43.08,0.0
36029008400,Erie County,New York,True,26.53,61.93,27.41,5.84,411,94.52,15.02,23.7,68025,20.61,12.02,78.12,8.94,4.8,7.93,42.84,0.81
36029008500,Erie County,New York,True,26.92,33.44,12.46,0.0,470,90.34,6.55,19.49,90321,17.59,18.91,86.58,1.75,0.26,13.88,42.65,0.0
36029008600,Erie County,New York,True,38.79,37.76,25.09,3.37,1073,86.31,7.67,11.82,87684,17.48,18.75,90.1,2.22,1.31,4.01,35.42,0.96
36029008700,Erie County,New York,True,32.61,66.24,17.45,0.0,1306,98.08,9.01,14.44,74006,15.28,20.26,87.18,2.69,0.0,3.05,24.91,0.94
36029008800,Erie County,New York,True,22.16,47.24,13.12,0.0,653,98.62,12.97,12.57,78550,13.23,15.9,67.3,14.74,2.17,5.44,38.28,0.83
36029008900,Erie County,New York,True,26.62,27.69,10.76,0.0,910,91.06,5.82,11.6,102300,29.76,15.55,90.84,1.44,0.95,3.15,39.3,0.0
36029009004,Erie County,New York,True,8.98,12.24,4.76,0.0,327,51.57,14.86,23.05,111548,17.78,21.4,71.56,2.63,18.12,3.78,22.0,7.69
36029009007,Erie County,New York,True,9.31,38.35,26.21,8.7,441,37.69,0.33,4.6,185848,20.13,24.28,82.46,1.31,11.06,2.02,12.73,2.85
36029009008,Erie County,New York,True,37.65,90.99,61.04,0.0,1252,39.86,8.24,20.31,72793,44.98,14.51,83.29,0.85,8.87,2.13,43.9,0.49
36029009009,Erie County,New York,True,25.24,42.88,23.58,3.52,1230,26.16,3.68,10.44,137188,18.17,23.08,79.03,1.8,12.67,7.18,28.22,0.1
36029009010,Erie County,New York,True,29.7,70.54,32.22,0.0,1603,28.69,12.09,12.02,123711,21.42,27.57,78.79,4.56,6.86,0.02,19.79,1.68
36029009011,Erie County,New York,True,13.18,90.62,55.62,0.0,236,68.05,1.87,12.27,111897,23.96,22.23,85.49,5.54,3.39,9.87,35.83,0.0
36029009012,Erie County,New York,True,27.25,43.92,32.32,5.51,1089,74.62,8.63,11.97,81469,20.44,21.59,82.32,0.31,13.81,2.45,32.02,2.61
36029009104,Erie County,New York,True,5.01,44.62,27.69,0.0,163,86.72,3.25,8.33,131342,32.16,15.7,79.44,6.0,2.44,6.95,30.42,0.0
36029009106,Erie County,New York,True,22.53,34.82,29.15,0.0,733,71.81,7.43,15.35,91144,19.8,14.86,84.43,0.86,6.89,5.29,27.67,3.06
36029009107,Erie County,New York,True,47.71,56.84,19.7,5.92,3467,59.49,12.05,14.2,85063,13.55,27.53,65.39,15.16,8.78,8.43,27.05,1.64
36029009109,Erie County,New York,True,31.66,52.57,23.49,8.05,1010,75.78,16.94,17.99,72727,19.92,17.4,65.87,4.97,21.52,2.88,34.42,5.31
36029009110,Erie County,New York,False,,,,,0,,,,,0.0,3.22,50.31,17.38,18.24,10.28,,0.0
36029009112,Erie County,New York,True,68.47,61.78,30.36,0.84,1671,30.06,28.53,39.69,48233,39.02,12.4,86.05,4.06,4.46,1.91,59.41,6.0
36029009113,Erie County,New York,True,2.26,0.0,0.0,0.0,103,62.81,1.76,4.47,132885,28.14,21.94,90.4,0.62,4.85,1.23,17.97,1.41
36029009114,Erie County,New York,True,11.05,7.64,0.0,0.0,470,91.52,2.71,5.17,102095,19.93,21.16,75.33,0.66,9.84,8.14,30.76,2.64
36029009115,Erie County,New York,True,66.47,57.73,48.79,6.54,2908,33.5,33.81,38.46,51373,15.42,2.71,69.79,3.09,23.82,2.66,53.8,1.17
36029009116,Erie County,New York,True,52.17,61.1,35.94,0.94,2856,66.61,17.73,27.31,66667,15.84,17.15,78.13,4.41,14.26,7.17,31.44,1.88
36029009200,Erie County,New York,True,61.2,44.27,30.34,0.0,2292,77.46,13.28,19.46,57917,16.69,18.12,72.77,3.9,18.99,5.49,45.4,4.36
36029009301,Erie County,New York,True,48.82,34.18,11.82,0.0,2176,96.8,23.8,38.26,48837,20.36,20.36,54.35,22.65,20.09,0.17,45.67,9.55
36029009302,Erie County,New York,True,10.99,51.06,21.99,0.0,326,96.68,13.04,14.65,80997,18.75,24.39,66.4,9.71,4.8,12.08,35.31,0.38
36029009401,Erie County,New York,True,33.96,46.65,34.34,3.86,1459,90.62,16.95,16.85,92922,16.49,15.78,76.09,5.47,7.79,5.03,32.87,1.56
36029009402,Erie County,New York,True,13.24,43.75,30.47,0.0,561,82.87,3.31,7.81,116864,23.15,20.45,89.65,1.07,2.57,9.45,29.59,0.42
36029009501,Erie County,New York,True,4.04,0.0,0.0,0.0,122,100.0,4.64,4.52,137455,22.97,22.77,84.32,9.09,3.0,2.47,20.44,0.0
36029009503,Erie County,New York,True,21.13,30.99,21.05,0.0,407,92.13,2.63,7.69,119185,13.83,25.89,85.23,2.79,1.15,5.38,29.11,0.0
36029009504,Erie County,New York,True,24.63,70.47,52.36,0.0,739,75.73,8.27,17.57,83295,18.93,27.1,83.87,6.82,1.81,1.99,38.39,0.51
36029009601,Erie County,New York,True,42.12,27.14,21.93,1.4,518,57.88,12.35,13.25,85625,16.22,17.52,83.85,4.31,1.15,3.23,35.49,0.0
36029009602,Erie County,New York,True,45.92,69.57,38.53,0.0,1852,56.08,9.77,23.42,80320,39.42,13.98,89.29,3.12,3.58,4.19,43.72,1.44
36029009701,Erie County,New York,True,28.39,68.27,46.4,8.53,739,87.45,10.0,18.77,67219,24.6,16.61,84.91,2.91,0.0,2.56,33.91,2.25
36029009702,Erie County,New York,True,16.44,62.83,47.21,17.54,755,92.75,10.26,13.49,78696,19.33,23.03,83.68,2.89,2.73,8.53,27.62,1.08
36029009800,Erie County,New York,True,33.2,55.82,25.7,0.0,472,96.14,11.09,23.01,76750,17.34,16.41,91.71,1.21,4.12,2.74,31.37,1.31
36029009900,Erie County,New York,True,32.13,47.89,26.16,0.0,1195,97.32,14.69,19.85,72214,12.85,24.79,83.58,4.67,1.33,3.01,26.16,0.23
36029010001,Erie County,New York,True,32.02,47.02,12.53,1.85,1053,96.1,6.2,21.7,74766,13.16,10.61,80.92,9.53,0.87,4.78,25.9,1.5
36029010002,Erie County,New York,True,27.59,53.87,39.3,4.33,967,64.03,6.8,24.79,53929,33.25,16.25,92.8,1.79,2.36,0.71,47.43,1.72
36029010003,Erie County,New York,True,27.84,44.02,15.8,3.96,689,96.67,8.59,13.0,68011,18.42,15.21,80.52,3.78,7.17,5.9,37.77,6.17
36029010101,Erie County,New York,True,6.35,57.45,57.45,0.0,229,97.49,17.72,17.07,79506,19.29,19.27,76.16,12.25,3.71,2.98,35.85,0.0
36029010102,Erie County,New York,True,56.62,66.75,22.49,9.63,2485,92.35,22.48,29.16,45444,14.19,24.2,50.02,23.68,8.84,5.25,40.65,7.2
36029010103,Erie County,New York,True,17.03,34.58,15.25,0.0,661,97.85,8.75,11.48,83524,18.17,15.08,76.6,15.89,1.1,4.4,29.85,0.0
36029010201,Erie County,New York,True,20.23,58.43,49.44,0.0,388,98.64,19.68,28.27,58836,13.74,15.56,61.11,19.3,18.07,2.59,35.14,1.61
36029010202,Erie County,New York,True,33.44,62.59,51.25,6.8,1117,88.28,18.66,27.83,62132,6.1,18.04,36.12,43.55,11.83,6.06,28.49,0.53
36029010300,Erie County,New York,True,30.98,31.36,25.44,10.58,391,78.58,20.61,22.79,60500,22.68,33.68,37.41,32.57,17.7,9.2,50.33,1.68
36029010400,Erie County,New York,True,47.8,43.38,35.04,2.56,1315,96.44,21.96,20.84,54740,9.65,29.73,31.29,36.51,12.4,13.23,32.18,2.37
36029010500,Erie County,New York,True,21.57,62.26,13.68,4.72,356,96.48,6.17,21.06,59710,16.48,31.44,47.34,29.6,3.13,6.81,42.01,0.21
36029010600,Erie County,New York,True,26.34,50.0,20.61,0.0,412,95.92,7.43,19.44,77308,17.1,21.74,71.51,3.42,7.68,1.04,29.01,1.69
36029010700,Erie County,New York,True,23.0,48.64,15.45,0.0,441,93.69,16.44,10.88,62353,17.06,20.2,67.08,11.37,10.48,6.14,32.82,3.33
36029010803,Erie County,New York,True,20.6,48.55,14.49,0.0,192,85.06,14.83,17.36,77041,24.49,28.31,78.77,12.15,7.99,0.0,40.54,0.2
36029010804,Erie County,New York,True,17.84,47.71,13.46,0.0,498,66.0,8.7,19.14,79444,27.23,14.79,90.42,3.3,0.46,3.55,37.6,1.97
36029010805,Erie County,New York,True,17.08,36.92,9.59,0.0,783,85.18,6.5,9.83,85978,23.27,21.63,94.18,1.92,0.36,3.01,36.84,0.0
36029010807,Erie County,New York,True,35.95,22.58,8.33,13.57,1775,70.2,7.53,16.36,78889,20.43,18.16,87.95,4.59,0.96,5.92,35.66,0.3
36029010808,Erie County,New York,True,49.1,44.47,30.13,4.26,1653,68.34,5.85,20.45,66399,22.7,12.99,71.81,14.0,10.91,3.72,41.89,3.02
36029010809,Erie County,New York,True,6.11,34.21,10.53,0.0,94,61.34,1.93,10.62,91843,31.7,14.42,82.33,2.15,9.95,4.58,24.05,3.01
36029010901,Erie County,New York,True,25.89,32.24,0.0,1.86,610,98.32,6.02,13.19,72875,14.54,20.83,77.53,12.7,5.71,0.78,27.72,1.33
36029010902,Erie County,New York,True,55.16,50.12,28.64,1.03,1867,84.67,4.38,29.96,49591,34.91,7.94,77.6,12.56,4.93,8.57,58.54,0.9
36029011000,Erie County,New York,True,20.55,39.72,16.31,0.0,349,96.66,8.59,20.18,64375,18.06,16.72,86.99,5.46,1.16,7.43,35.71,0.42
36029011100,Erie County,New York,True,13.09,60.58,14.42,0.0,216,99.38,7.79,11.77,72429,18.12,19.79,83.64,4.43,4.48,9.97,33.55,1.92
36029011201,Erie County,New York,True,11.19,58.75,32.5,0.0,126,24.46,2.19,5.45,118315,28.97,16.94,99.14,0.05,0.43,1.55,18.74,0.0
36029011202,Erie County,New York,True,27.62,54.87,18.79,0.0,849,58.11,6.74,20.45,78472,28.12,17.5,92.0,0.53,4.69,2.86,45.45,0.0
36029011300,Erie County,New York,True,25.74,50.0,21.86,0.0,1125,83.55,6.43,19.6,74701,17.11,15.13,94.87,0.3,0.0,1.5,43.68,0.0
36029011400,Erie County,New York,True,21.99,62.5,50.81,0.0,515,79.98,13.66,25.09,71060,8.96,24.87,94.04,0.0,0.24,11.65,34.31,0.71
36029011500,Erie County,New York,True,22.45,45.59,20.59,0.0,262,97.58,9.22,12.24,56736,20.32,13.8,88.25,4.85,0.0,6.67,30.46,0.0
36029011600,Erie County,New York,True,49.91,34.93,13.76,7.49,918,66.49,4.99,9.72,66362,21.74,17.09,78.21,17.82,0.0,0.92,48.79,0.95
36029011700,Erie County,New York,True,34.41,49.06,30.26,0.0,843,81.33,10.38,20.75,64922,22.96,18.2,91.71,0.71,0.0,3.58,42.69,0.22
36029011800,Erie County,New York,True,20.22,30.72,14.71,0.0,566,84.84,15.6,12.16,78125,12.36,22.24,92.16,2.81,1.53,4.72,29.24,0.28
36029012001,Erie County,New York,True,13.11,41.6,20.17,0.0,528,77.64,14.61,8.05,87313,14.35,23.15,91.93,4.65,0.2,3.85,22.18,0.76
36029012002,Erie County,New York,True,26.61,37.67,25.12,6.05,686,65.55,5.65,15.66,100556,23.32,16.02,93.32,3.63,0.0,4.69,32.61,0.0
36029012003,Erie County,New York,True,8.26,41.4,41.4,0.0,235,72.67,5.95,11.75,117656,19.18,20.6,95.48,0.2,0.0,4.5,28.56,0.0
36029012300,Erie County,New York,True,61.47,54.49,22.64,1.2,1773,95.67,30.78,38.33,43733,14.16,17.77,84.55,4.9,0.0,12.66,39.87,7.44
36029012400,Erie County,New York,True,41.56,73.76,49.65,14.32,1378,84.42,35.88,46.72,36940,14.99,29.4,59.16,22.9,3.73,11.19,43.31,3.5
36029012501,Erie County,New York,True,36.67,59.3,33.08,3.65,1180,87.2,13.06,31.17,59945,18.66,18.12,84.33,1.66,0.27,14.94,52.33,2.32
36029012502,Erie County,New York,True,29.91,51.56,16.0,20.22,865,93.3,15.56,16.09,70093,19.17,26.19,81.31,4.44,0.0,8.61,21.81,1.0
36029012800,Erie County,New York,True,38.85,47.73,21.81,0.0,687,93.05,14.16,26.91,69856,15.73,19.65,89.64,4.2,0.0,4.0,46.09,0.0
36029012902,Erie County,New York,True,51.06,52.29,20.45,0.0,1983,46.22,9.56,25.34,71708,29.27,12.16,89.9,2.56,1.3,4.3,31.95,0.63
36029012903,Erie County,New York,True,44.54,24.09,4.98,0.0,1083,54.34,3.51,2.68,74301,19.73,13.69,82.79,1.33,0.88,10.08,40.17,1.0
36029012904,Erie County,New York,True,33.24,45.84,32.26,2.96,1103,81.73,12.97,21.82,80407,19.17,16.34,91.14,1.29,3.18,5.32,38.93,0.34
36029013001,Erie County,New York,True,29.78,44.93,19.45,0.0,751,85.22,16.77,15.8,70410,23.57,13.34,90.58,0.64,1.38,1.87,36.03,1.28
36029013002,Erie County,New York,True,23.01,46.28,21.62,0.0,1135,34.05,8.42,23.78,77731,26.45,20.5,87.13,3.12,0.0,3.3,33.41,0.08
36029013101,Erie County,New York,True,14.2,39.49,14.62,0.0,558,68.1,5.18,9.89,83528,26.14,16.62,95.21,0.0,0.74,2.46,34.62,0.0
36029013103,Erie County,New York,True,0.63,,,0.0,20,23.01,4.98,4.75,150773,12.95,30.17,93.19,1.41,0.59,3.9,12.48,0.21
36029013104,Erie County,New York,True,1.26,63.64,0.0,0.0,66,60.79,3.18,12.29,114087,19.95,23.36,91.82,0.69,0.67,0.99,21.96,0.28
36029013201,Erie County,New York,True,24.75,20.87,8.1,2.54,1322,65.12,2.96,8.72,89276,20.2,22.53,95.08,3.01,0.0,1.02,25.71,0.0
36029013202,Erie County,New York,True,20.42,30.29,20.27,0.0,652,58.73,2.29,8.09,98199,26.25,19.27,92.0,1.31,0.0,1.89,30.14,0.0
36029013300,Erie County,New York,True,17.7,44.89,4.38,0.0,463,90.76,3.75,11.11,87212,21.83,19.88,96.84,0.0,0.8,1.51,34.82,0.52
36029013400,Erie County,New York,True,27.26,34.91,11.55,0.0,1235,79.83,2.66,6.93,122500,22.02,18.24,91.76,1.21,1.31,2.91,26.01,0.16
36029013501,Erie County,New York,True,31.87,65.31,19.1,0.0,1185,46.27,6.62,9.91,100262,26.76,19.74,93.64,2.69,0.0,1.53,34.61,0.0
36029013502,Erie County,New York,True,2.09,100.0,0.0,0.0,55,43.42,8.22,12.79,173411,23.51,26.69,90.3,0.18,0.0,2.37,14.91,0.0
36029013600,Erie County,New York,True,42.92,50.93,6.8,0.0,1124,81.55,12.32,16.02,103158,17.88,19.61,97.9,0.03,0.0,0.59,30.44,0.0
36029013701,Erie County,New York,True,26.05,40.5,28.36,0.0,1430,77.26,5.26,13.67,98395,26.34,17.28,92.38,2.39,0.0,3.06,32.72,0.27
36029013702,Erie County,New York,True,31.2,36.49,7.46,0.0,1305,45.69,6.03,8.33,137708,24.74,15.42,92.69,0.0,0.34,6.87,30.47,0.0
36029013801,Erie County,New York,True,12.2,69.9,7.77,0.0,228,76.01,2.63,13.99,101107,24.54,14.25,94.47,0.04,0.0,4.28,10.73,0.0
36029013802,Erie County,New York,True,9.53,21.96,21.96,0.0,491,58.87,2.97,6.06,93190,21.81,17.62,96.48,0.27,0.34,1.14,20.26,1.31
36029013900,Erie County,New York,True,22.94,38.72,15.74,0.0,396,95.0,3.35,7.87,96600,22.73,22.05,93.68,0.93,0.08,4.92,31.09,0.35
36029014000,Erie County,New York,True,23.3,41.59,14.16,0.0,590,81.95,3.21,5.98,121917,30.27,16.66,96.16,1.12,0.33,1.61,25.09,0.37
36029014101,Erie County,New York,True,11.26,8.43,8.43,5.2,662,66.28,4.18,8.87,104913,22.18,20.85,95.2,0.14,0.0,4.39,20.93,0.0
36029014102,Erie County,New York,True,11.5,52.07,12.81,0.0,486,67.61,3.44,13.4,130385,23.25,22.74,97.35,0.0,0.39,0.0,23.33,0.26
36029014204,Erie County,New York,True,34.88,54.65,36.34,0.0,1250,33.91,7.95,20.64,68542,33.71,16.37,95.22,0.88,0.92,1.39,44.15,0.14
36029014206,Erie County,New York,True,0.0,,,,0,23.54,1.5,4.37,153264,16.74,22.74,91.07,4.49,0.45,1.51,14.02,0.0
36029014207,Erie County,New York,True,32.27,50.82,40.8,2.55,1122,10.5,4.64,13.3,100542,23.01,15.63,93.63,2.17,0.0,3.98,29.41,0.0
36029014208,Erie County,New York,True,14.41,50.14,10.08,0.0,784,23.11,5.34,8.21,107746,22.7,19.84,89.29,0.51,1.37,2.54,29.48,1.31
36029014209,Erie County,New York,True,15.04,13.73,0.0,4.68,487,47.69,2.93,8.55,113704,21.63,19.97,95.9,0.47,0.7,2.06,23.34,0.0
36029014300,Erie County,New York,True,21.65,64.04,23.46,0.0,812,91.06,3.92,17.24,78686,23.34,16.31,98.02,0.07,0.28,0.0,37.75,0.0
36029014400,Erie County,New York,True,32.14,41.41,13.75,0.0,1102,90.12,10.26,18.07,61946,17.98,19.7,94.96,0.18,0.0,3.34,41.62,0.0
36029014501,Erie County,New York,True,9.94,56.18,45.51,0.0,328,86.74,4.28,11.28,85938,24.89,16.33,97.24,1.09,0.56,1.12,38.81,0.0
36029014502,Erie County,New York,True,45.9,38.19,24.23,0.0,845,88.55,14.57,19.79,60404,15.38,16.76,95.32,0.91,0.0,1.43,44.67,0.0
36029014601,Erie County,New York,True,33.24,41.24,26.46,0.0,1381,66.95,10.66,16.02,90438,19.21,22.78,95.4,0.34,1.26,1.62,39.8,0.0
36029014603,Erie County,New York,True,4.93,43.1,43.1,15.62,257,37.24,6.18,11.96,139881,22.74,17.95,82.53,0.29,9.52,6.28,25.46,0.79
36029014605,Erie County,New York,True,15.1,64.66,52.16,0.0,345,22.23,5.67,13.67,138269,32.3,21.15,91.52,1.96,0.97,2.32,16.86,1.57
36029014606,Erie County,New York,True,5.61,39.44,39.44,0.0,162,15.35,1.88,7.26,185536,13.64,23.67,90.9,1.48,2.04,4.66,26.27,1.75
36029014701,Erie County,New York,True,5.42,36.47,0.0,12.17,222,43.38,2.71,7.22,147808,19.06,17.68,92.98,2.79,1.18,0.28,15.75,0.0
36029014703,Erie County,New York,True,5.81,24.53,16.98,0.0,184,20.53,10.72,4.98,144220,18.75,23.96,83.63,0.41,0.59,2.62,15.77,0.0
36029014704,Erie County,New York,True,34.81,32.38,14.83,0.0,824,48.98,7.31,21.41,70435,38.72,12.43,96.11,0.95,0.35,1.64,43.68,1.32
36029014801,Erie County,New York,True,41.42,53.92,17.86,0.65,977,71.54,6.83,27.05,45823,28.1,17.34,93.57,0.73,0.69,7.27,48.95,0.0
36029014804,Erie County,New York,True,7.19,63.55,5.61,25.64,328,43.92,8.3,15.79,83832,24.9,19.64,91.91,0.0,0.0,3.36,28.99,0.0
36029014805,Erie County,New York,True,9.08,0.0,0.0,0.0,106,40.53,3.53,6.05,110319,20.89,18.6,94.0,0.6,0.6,1.37,19.21,0.0
36029014901,Erie County,New York,True,34.28,31.57,9.85,0.0,697,57.31,7.63,13.13,70541,17.2,21.19,95.02,0.42,0.95,3.08,35.62,0.0
36029014903,Erie County,New York,True,7.4,30.97,30.97,0.0,369,82.81,3.92,9.32,95915,23.94,24.72,94.38,4.82,0.02,0.03,17.24,0.26
36029015001,Erie County,New York,True,7.58,27.91,0.0,11.66,315,71.73,2.66,9.72,92787,21.64,15.42,94.7,0.0,0.31,4.27,24.78,0.42
36029015002,Erie County,New York,True,11.23,20.51,20.51,0.0,417,69.88,4.28,7.15,88590,22.12,25.21,94.93,0.5,0.0,3.12,30.53,0.0
36029015003,Erie County,New York,True,11.03,62.65,37.35,0.0,227,68.98,6.63,26.25,66198,25.17,19.96,97.73,0.09,0.0,0.31,41.66,0.0
36029015101,Erie County,New York,True,11.21,61.54,23.93,9.09,232,61.89,10.05,14.34,97935,23.34,19.14,91.99,0.16,0.0,3.47,23.43,0.94
36029015102,Erie County,New York,True,9.22,4.49,4.49,0.0,194,69.33,12.36,12.72,84583,20.75,22.38,96.6,0.18,0.81,0.0,29.12,0.0
36029015201,Erie County,New York,True,17.56,74.36,5.13,0.0,374,72.66,5.2,12.49,81103,25.03,16.2,95.39,0.0,0.85,0.0,34.21,0.0
36029015202,Erie County,New York,True,22.31,55.63,32.64,0.0,900,74.73,4.75,12.61,95889,20.52,13.51,92.68,0.1,0.0,0.74,26.62,0.0
36029015301,Erie County,New York,True,10.95,65.61,42.68,0.0,275,66.8,9.94,13.37,86711,21.49,21.73,94.77,1.7,0.12,1.8,25.38,0.17
36029015302,Erie County,New York,True,9.37,35.51,0.0,0.0,350,76.78,9.5,9.29,106250,17.4,23.18,90.38,0.66,0.0,10.4,15.11,4.52
36029015401,Erie County,New York,True,15.94,32.2,32.2,0.0,371,86.36,20.37,15.54,87572,20.68,10.73,93.59,2.41,0.0,1.44,28.76,0.0
36029015402,Erie County,New York,True,20.9,18.02,7.9,0.0,601,73.02,9.01,19.14,65897,28.57,15.12,95.6,0.22,0.0,2.7,35.98,0.0
36029015501,Erie County,New York,True,13.95,23.88,7.46,0.0,265,86.73,6.47,16.2,81108,16.47,20.49,89.34,4.31,2.2,0.62,26.54,0.35
36029015503,Erie County,New York,True,16.43,40.88,33.96,0.0,350,84.91,9.39,21.84,68667,26.16,15.88,93.78,0.41,0.0,2.05,35.29,0.0
36029015504,Erie County,New York,True,1.44,34.78,34.78,0.0,37,86.51,15.19,27.18,59968,24.67,16.56,93.63,0.12,2.38,1.01,31.32,0.06
36029015600,Erie County,New York,True,24.12,48.82,46.47,2.2,517,71.06,16.35,17.22,89531,17.67,18.71,91.91,0.36,0.0,0.27,21.68,0.72
36029015700,Erie County,New York,True,21.28,36.76,23.32,0.0,617,68.66,5.02,15.04,100270,14.79,22.21,88.18,0.09,0.0,5.85,23.57,0.21
36029015800,Erie County,New York,True,8.35,51.85,13.89,0.0,204,63.08,4.44,13.83,84000,22.46,19.39,97.65,0.07,1.35,1.1,34.11,0.83
36029015900,Erie County,New York,True,40.64,65.92,19.64,0.0,1502,69.01,10.54,30.83,71996,20.02,25.68,97.06,0.69,0.53,1.05,33.79,0.4
36029016200,Erie County,New York,True,41.07,26.11,9.96,9.96,1030,83.65,15.44,17.33,56827,26.79,25.55,72.26,4.08,7.47,8.57,36.89,0.4
36029016300,Erie County,New York,True,64.14,58.41,44.42,0.0,1295,94.09,28.5,49.06,30313,12.21,20.05,90.02,2.95,0.48,4.37,50.19,0.0
36029016400,Erie County,New York,True,76.64,50.12,31.29,6.75,2256,58.17,31.98,42.88,46291,15.77,7.64,56.75,26.64,0.26,23.86,50.15,4.15
36029016500,Erie County,New York,True,91.09,43.03,14.74,4.28,1837,79.68,19.1,17.33,66231,9.38,6.03,52.03,28.99,7.25,11.73,64.44,1.28
36029016600,Erie County,New York,True,36.24,63.06,24.92,0.24,1029,84.28,26.88,51.88,28320,26.49,25.21,1.78,73.22,19.4,5.6,51.18,6.69
36029016700,Erie County,New York,True,48.82,80.67,22.02,0.0,1500,97.07,40.03,20.58,40441,19.31,14.36,60.86,17.08,5.27,22.49,51.26,6.63
36029016801,Erie County,New York,True,48.24,69.59,36.19,7.5,752,84.21,17.98,53.09,28250,13.13,16.62,16.33,56.54,17.34,9.41,64.9,5.37
36029016802,Erie County,New York,True,40.16,39.8,33.88,3.95,613,61.32,13.35,28.27,53811,18.4,17.07,6.37,87.51,0.0,5.66,45.18,1.15
36029016900,Erie County,New York,True,53.29,46.39,26.75,0.84,1527,86.86,10.69,13.21,108426,20.52,12.12,70.66,18.06,2.15,3.69,46.21,0.27
36029017000,Erie County,New York,True,31.68,72.97,42.73,0.0,634,94.99,15.43,36.56,43043,19.52,7.67,1.68,95.6,0.7,0.0,41.75,0.0
36029017100,Erie County,New York,True,75.15,54.45,34.59,0.98,3316,76.32,26.62,40.65,39763,6.5,25.06,30.78,30.86,4.4,28.43,34.13,4.97
36029017200,Erie County,New York,True,49.5,52.07,33.47,0.0,890,88.87,20.65,29.49,48887,21.43,19.32,89.24,3.83,0.0,1.72,48.96,2.68
36029017301,Erie County,New York,True,6.01,63.27,0.0,0.0,124,89.56,5.62,10.28,113019,30.2,17.28,93.87,0.59,0.0,0.0,22.47,0.7
36029017302,Erie County,New York,True,30.81,57.85,19.62,0.0,1125,59.77,9.0,9.1,76250,23.25,16.22,93.85,0.86,0.49,2.87,33.18,0.99
36029017400,Erie County,New York,True,47.64,45.64,27.18,1.38,2296,78.79,27.62,30.11,48299,10.53,31.67,37.22,46.7,0.12,11.8,33.45,3.26
36029017501,Erie County,New York,True,23.12,64.19,33.78,0.0,229,89.0,10.93,27.03,50843,13.84,34.46,93.88,0.71,0.0,0.3,38.44,0.0
36029017502,Erie County,New York,True,15.51,52.78,6.48,0.0,371,69.55,7.17,16.54,71250,28.54,22.6,98.2,0.16,0.66,0.66,33.74,0.0
36029940000,Erie County,New York,True,21.82,74.79,54.62,2.01,472,46.75,25.16,29.43,47530,18.89,29.78,12.63,0.93,5.55,10.23,36.02,3.38
36029940100,Erie County,New York,False,,,,,0,,,,,,,,,,,,
36029980000,Erie County,New York,False,,,,,0,,,,,0.0,2.08,42.18,38.55,5.6,16.39,,0.0
36029980300,Erie County,New York,True,0.0,,,,0,100.0,22.22,22.64,,11.78,0.0,38.61,44.4,0.0,9.07,22.64,0.0
36029980400,Erie County,New York,False,,,,,0,,,,,29.17,0.0,45.16,45.16,0.68,9.79,,2.13
36029980500,Erie County,New York,True,0.0,,,,0,100.0,20.0,0.0,,3.25,2.22,41.86,27.66,19.53,11.98,100.0,0.0
36029990000,Erie County,New York,False,,,,,0,,,,,,,,,,,,
36031960100,Essex County,New York,True,21.14,62.5,41.3,0.51,511,60.38,18.46,22.53,65278,22.99,24.28,95.67,0.56,0.48,1.89,29.18,0.0
36031960200,Essex County,New York,True,11.61,27.43,21.24,0.0,205,56.41,6.74,10.79,72380,25.32,15.97,96.9,0.0,0.13,0.64,26.21,0.0
36031960300,Essex County,New York,True,21.93,12.56,10.76,4.17,486,57.38,5.25,12.46,81525,22.45,18.6,97.54,0.04,0.0,1.43,24.5,0.04
36031960401,Essex County,New York,True,65.7,40.99,10.87,0.0,461,70.71,9.47,19.19,50500,26.05,14.47,91.52,1.4,4.39,1.5,54.07,0.0
36031960402,Essex County,New York,True,42.44,54.07,19.51,0.0,446,56.57,3.38,27.8,52277,24.39,15.44,95.57,1.41,0.56,3.48,53.5,0.4
36031960501,Essex County,New York,True,41.23,51.46,28.88,0.0,774,51.44,13.27,19.08,76830,19.99,15.51,94.56,1.42,0.0,0.0,48.5,0.0
36031960502,Essex County,New York,True,19.79,85.63,0.0,0.0,398,46.55,8.48,10.32,106395,17.36,8.91,73.4,19.21,0.97,15.87,35.11,3.26
36031960700,Essex County,New York,True,18.14,40.0,24.44,2.44,302,58.18,9.46,12.94,80000,23.37,17.42,92.93,1.23,0.16,0.7,36.62,0.88
36031960800,Essex County,New York,True,15.54,61.05,35.79,5.88,270,72.95,12.14,24.46,69766,28.11,15.45,93.22,0.68,0.0,1.0,30.86,0.0
36031960901,Essex County,New York,True,21.11,48.03,37.5,0.0,246,67.86,17.94,26.52,53250,35.11,15.09,92.09,1.33,0.4,1.13,42.49,0.0
36031960902,Essex County,New York,True,14.91,26.85,13.89,0.0,249,61.94,6.08,7.57,84286,33.39,11.6,94.38,0.89,2.15,0.58,36.62,0.44
36031961001,Essex County,New York,True,9.57,50.0,50.0,0.0,58,65.15,7.86,17.33,64116,33.44,16.64,88.7,0.15,0.53,9.24,19.47,0.0
36031961002,Essex County,New York,True,23.14,51.24,27.02,0.0,678,76.72,17.34,28.2,58640,33.44,14.91,93.48,0.88,0.82,3.18,29.54,1.51
36031961100,Essex County,New York,True,5.75,14.81,14.81,0.0,98,57.97,6.91,17.13,82813,24.19,11.74,95.46,0.0,0.0,1.06,26.09,0.0
36031961201,Essex County,New York,True,26.13,50.0,6.54,0.0,407,62.34,6.82,12.33,79250,33.68,10.65,91.07,0.0,1.89,2.28,35.29,0.0
36031961202,Essex County,New York,True,35.43,47.24,33.33,8.63,992,78.42,23.79,30.67,54814,21.77,21.56,98.73,0.0,0.0,0.24,27.19,0.0
36031961300,Essex County,New York,True,12.94,45.63,42.72,0.0,229,58.68,7.67,20.05,69955,30.63,15.39,95.57,0.0,0.0,0.26,26.35,0.0
36031961400,Essex County,New York,True,10.16,24.39,2.44,2.7,149,68.84,6.72,14.7,76500,32.33,10.3,93.55,0.46,1.3,1.76,32.14,0.0
36033940000,Franklin County,New York,True,32.75,63.91,55.05,0.0,982,20.7,33.78,36.3,52191,14.09,27.1,8.6,1.53,5.98,0.11,23.02,0.0
36033950200,Franklin County,New York,True,23.1,63.64,32.07,0.0,806,52.76,19.02,31.38,52038,19.17,23.34,93.81,0.09,0.07,0.05,30.04,0.22
36033950301,Franklin County,New York,True,22.73,39.73,7.4,0.0,858,57.87,19.64,23.41,64517,17.28,25.05,95.32,0.18,0.04,1.44,28.53,0.3
36033950501,Franklin County,New York,True,44.01,38.68,20.13,0.0,1155,85.61,19.8,25.78,56304,17.91,22.41,91.75,5.38,0.0,1.72,43.88,0.0
36033950502,Franklin County,New York,True,19.68,32.37,32.37,9.46,268,46.78,8.98,18.35,94038,8.89,7.23,54.17,29.27,0.0,16.6,21.68,0.84
36033950601,Franklin County,New York,True,11.52,39.22,23.53,3.03,147,61.95,7.92,13.96,78125,29.49,13.38,94.81,0.0,0.62,1.94,23.39,0.73
36033950701,Franklin County,New York,True,17.62,31.58,13.68,0.0,247,59.28,9.88,18.24,74063,40.23,13.41,95.79,0.0,0.15,5.98,30.14,0.08
36033950800,Franklin County,New York,True,17.91,18.98,8.03,5.56,275,60.94,13.03,16.02,77404,22.79,11.26,90.55,0.73,1.58,2.81,31.64,0.0
36033950900,Franklin County,New York,True,38.94,35.86,14.97,9.25,1149,76.03,17.84,20.48,70379,23.98,17.51,92.43,0.84,0.0,4.38,41.21,0.0
36033951000,Franklin County,New York,True,45.46,30.79,11.24,0.0,742,90.86,15.21,20.59,66343,22.88,18.73,92.0,0.3,1.78,1.19,46.54,1.52
36033951100,Franklin County,New York,True,29.15,31.78,4.37,0.0,530,74.88,17.58,23.97,59241,25.68,17.37,93.15,2.35,0.03,1.93,40.87,0.0
36033951200,Franklin County,New York,True,27.29,11.22,0.0,0.0,407,75.9,17.13,10.61,70601,25.15,21.04,96.49,1.75,0.0,0.5,31.6,0.32
36033951300,Franklin County,New York,True,7.11,0.0,0.0,0.0,75,43.87,11.31,21.48,68644,20.91,25.84,95.56,0.0,0.18,1.16,25.72,0.32
36033951400,Franklin County,New York,True,35.58,26.01,24.06,0.0,1313,70.1,19.07,20.19,74196,20.22,18.19,98.29,0.02,0.0,0.05,25.68,0.0
36033952000,Franklin County,New York,True,15.8,49.43,34.22,2.47,669,52.26,17.31,22.44,69074,15.13,25.8,94.23,1.15,0.0,2.19,22.49,0.51
36035970100,Fulton County,New York,True,21.22,13.25,0.0,1.58,545,64.3,6.44,12.25,72065,30.45,18.39,94.14,0.0,0.08,4.74,30.7,0.0
36035970200,Fulton County,New York,True,15.72,31.25,10.42,0.0,406,73.83,16.65,18.82,67500,28.47,18.35,91.97,0.36,0.0,2.14,25.27,0.0
36035970300,Fulton County,New York,True,18.77,32.26,15.41,0.0,591,41.93,14.31,21.66,75893,19.78,15.34,89.21,1.73,0.78,3.58,17.51,0.0
36035970400,Fulton County,New York,True,8.99,16.22,5.41,0.0,87,78.56,6.93,21.31,69750,31.11,9.96,93.73,0.06,1.62,2.39,34.66,0.46
36035970500,Fulton County,New York,True,11.27,40.25,27.04,0.0,486,57.13,16.27,23.99,71691,21.97,19.15,91.56,1.2,0.37,2.43,25.98,0.0
36035970601,Fulton County,New York,True,3.05,100.0,51.85,0.0,71,76.17,14.4,8.06,90000,19.64,17.79,85.43,7.53,0.77,5.82,19.33,0.0
36035970602,Fulton County,New York,True,8.43,0.0,0.0,0.0,269,73.42,2.4,13.18,100625,19.48,21.84,95.32,1.2,0.26,0.6,20.25,0.56
36035970700,Fulton County,New York,True,60.95,28.88,11.83,2.76,1716,95.59,16.89,33.69,46595,19.29,20.69,85.91,1.46,0.87,3.99,46.16,0.94
36035970800,Fulton County,New York,True,61.29,63.19,24.04,0.0,1671,94.41,13.4,25.39,46875,15.13,21.69,79.22,2.19,0.67,12.31,29.03,2.79
36035970900,Fulton County,New York,True,38.29,39.97,31.25,0.0,1527,90.14,23.9,23.04,49406,16.86,26.58,84.46,2.05,0.67,9.34,34.21,0.0
36035971000,Fulton County,New York,True,44.1,46.51,14.73,0.0,1102,95.88,6.17,17.44,69250,26.27,11.09,93.29,0.15,3.28,3.13,26.67,1.73
36035971100,Fulton County,New York,True,36.54,36.36,31.47,9.79,1091,90.1,25.61,22.06,52887,12.32,28.01,76.21,1.28,2.75,2.67,43.36,0.0
36035971200,Fulton County,New York,True,37.65,47.98,26.46,1.49,1186,83.77,15.6,25.38,53281,17.21,21.05,87.62,0.0,0.66,11.11,42.99,0.96
36035971300,Fulton County,New York,True,41.46,39.1,11.79,0.0,1399,93.25,1.94,17.04,69364,25.2,17.77,95.84,0.6,0.0,1.35,34.9,0.0
36035971400,Fulton County,New York,True,16.4,50.0,4.79,0.0,603,39.74,12.38,12.76,91914,13.81,27.62,91.39,0.42,1.81,0.48,17.07,0.0
36035971501,Fulton County,New York,True,12.04,30.2,18.12,2.55,363,62.28,6.78,11.12,101283,17.48,22.71,86.13,0.0,1.79,2.7,29.22,0.0
36035971502,Fulton County,New York,True,23.76,75.49,51.96,3.77,438,56.42,22.35,21.17,63167,31.12,14.25,86.89,4.16,0.0,3.02,40.26,1.1
36037940100,Genesee County,New York,True,12.5,0.0,0.0,0.0,22,53.96,24.55,43.38,44545,49.55,10.71,9.82,0.0,7.59,0.0,57.35,0.0
36037950100,Genesee County,New York,True,11.74,75.23,34.23,0.0,354,71.65,8.31,14.4,80325,16.51,19.64,90.38,1.42,1.92,1.44,21.35,0.87
36037950200,Genesee County,New York,True,27.9,55.11,11.91,0.37,1439,82.17,16.55,17.32,75350,17.14,25.66,80.96,1.54,0.0,12.36,22.69,1.19
36037950301,Genesee County,New York,True,22.36,26.64,15.28,6.4,571,65.3,10.3,11.63,95893,15.98,22.83,92.87,2.15,0.64,1.69,23.7,0.0
36037950302,Genesee County,New York,True,16.77,30.06,6.94,0.0,406,74.9,6.97,15.97,82500,14.74,25.66,88.83,0.5,0.0,4.35,22.02,0.0
36037950401,Genesee County,New York,True,17.65,52.65,24.49,6.2,589,40.57,10.39,21.34,63365,20.09,19.64,90.3,0.86,1.72,6.56,34.61,1.04
36037950402,Genesee County,New York,True,5.28,69.41,69.41,0.0,134,61.47,8.12,12.06,69453,39.23,13.18,96.68,0.49,0.18,0.7,27.16,0.0
36037950501,Genesee County,New York,True,42.04,47.5,7.5,0.0,414,76.65,8.14,20.57,56848,33.74,13.15,86.05,7.71,0.27,2.62,41.89,0.55
36037950502,Genesee County,New York,True,70.51,59.16,20.54,20.79,921,83.84,17.86,25.48,63403,13.57,31.75,61.9,1.35,0.16,33.17,30.19,0.17
36037950600,Genesee County,New York,True,36.62,42.08,32.43,0.0,463,89.35,8.8,22.35,64028,26.88,23.86,76.46,15.38,0.0,6.73,46.21,0.0
36037950700,Genesee County,New York,True,48.76,41.31,15.25,0.0,1054,97.63,13.31,22.94,58170,10.83,15.92,90.47,4.11,0.0,7.82,31.33,0.8
36037950800,Genesee County,New York,True,45.3,52.0,37.6,4.92,1100,96.36,21.06,28.5,58733,21.96,15.9,94.56,2.15,1.89,1.11,38.75,1.27
36037950900,Genesee County,New York,True,37.82,40.87,12.9,0.0,668,76.53,8.37,11.5,74889,22.42,12.16,85.0,6.1,0.0,0.58,53.72,0.0
36037951000,Genesee County,New York,True,57.41,40.94,17.34,0.0,1129,91.59,18.04,27.78,55710,19.09,15.46,82.86,2.07,3.19,1.59,46.28,0.56
36037951100,Genesee County,New York,True,15.55,16.84,9.97,0.0,655,79.84,4.68,8.54,82889,22.92,21.97,92.02,1.44,0.0,3.21,17.78,0.0
36037951200,Genesee County,New York,True,31.65,48.93,38.8,0.0,911,87.57,11.14,21.58,62008,20.61,17.96,92.83,2.48,0.72,4.19,45.1,0.47
36037951300,Genesee County,New York,True,15.45,38.31,14.43,1.61,508,69.25,11.11,15.2,84219,17.67,22.25,88.94,1.48,0.21,5.98,25.61,1.05
36037951400,Genesee County,New York,True,8.1,9.93,1.42,1.23,365,74.48,5.99,9.55,84583,17.46,24.86,96.19,0.04,0.0,3.31,17.4,0.04
36039080100,Greene County,New York,True,9.71,24.32,3.6,23.53,602,55.4,8.36,6.78,100182,25.26,15.6,90.59,0.47,0.0,1.25,25.8,0.0
36039080201,Greene County,New York,True,20.75,55.1,23.57,0.0,691,53.79,2.47,15.27,81406,23.74,17.89,89.44,0.0,2.87,3.32,28.09,0.51
36039080202,Greene County,New York,True,7.97,19.28,0.0,0.0,161,58.57,4.12,11.44,81471,24.16,18.25,83.64,0.27,1.02,5.79,36.05,0.0
36039080301,Greene County,New York,True,11.01,68.89,22.22,4.17,148,33.62,7.36,22.48,76477,31.42,11.1,87.43,2.86,0.98,3.21,33.49,4.57
36039080302,Greene County,New York,True,23.89,37.91,13.73,5.56,343,54.99,11.34,31.12,60000,35.95,13.62,94.51,1.57,0.5,7.99,39.68,0.37
36039080402,Greene County,New York,True,8.5,41.27,6.35,0.0,210,52.88,9.08,18.81,75982,31.7,14.55,79.85,1.23,1.05,12.32,37.09,0.33
36039080403,Greene County,New York,True,22.05,23.68,18.42,13.95,188,73.26,6.82,25.13,91591,34.72,23.86,94.04,0.0,0.0,7.45,26.67,2.44
36039080404,Greene County,New York,True,42.83,70.07,48.3,23.01,664,64.06,25.63,24.55,65577,18.54,21.54,83.88,1.33,0.24,15.83,19.53,0.0
36039080501,Greene County,New York,True,24.07,63.75,52.59,2.21,514,61.15,12.21,16.28,61361,27.33,14.98,96.98,0.77,2.07,0.7,35.04,0.73
36039080502,Greene County,New York,True,25.37,33.08,15.9,4.15,1081,62.78,9.4,19.12,85121,19.85,19.8,86.89,6.42,0.0,3.03,34.96,0.0
36039080600,Greene County,New York,True,13.35,18.18,11.69,0.0,432,37.0,16.45,10.48,97067,20.31,22.24,91.0,0.26,0.0,5.06,31.67,0.77
36039080700,Greene County,New York,True,40.3,36.45,24.83,2.1,790,77.47,8.31,19.05,64911,27.1,17.25,92.05,0.04,0.0,4.36,37.6,0.0
36039080800,Greene County,New York,False,,,,,0,,,,,2.96,0.36,23.54,65.64,0.1,13.57,,0.78
36039080900,Greene County,New York,True,15.34,30.95,14.29,0.0,441,64.39,6.58,18.12,84896,26.32,12.35,90.04,1.8,1.88,6.91,30.8,0.39
36039081001,Greene County,New York,True,28.19,32.32,18.25,0.0,448,83.17,19.36,39.01,58205,23.42,15.4,80.84,10.52,4.73,6.61,35.37,0.0
36039081002,Greene County,New York,True,51.5,45.03,25.34,3.77,1174,96.78,4.44,20.11,81270,19.16,10.77,81.05,3.44,2.95,7.86,41.89,1.36
36039081101,Greene County,New York,True,21.87,57.34,18.01,0.0,856,68.03,11.32,26.06,73287,24.86,16.73,89.0,0.96,2.1,5.38,34.09,0.2
36039081102,Greene County,New York,True,30.51,47.1,23.55,17.36,666,81.2,11.01,15.47,67632,28.27,20.32,69.86,6.07,0.15,21.35,34.75,0.89
36041950100,Hamilton County,New York,True,16.16,49.18,26.23,0.0,134,61.24,10.2,13.69,73036,29.58,15.43,94.19,1.91,0.82,2.45,38.97,0.0
36041950300,Hamilton County,New York,True,20.21,58.87,33.87,0.0,201,60.64,6.07,16.44,62824,41.25,9.38,90.46,0.79,0.16,1.1,39.67,0.0
36041950400,Hamilton County,New York,True,9.84,35.56,20.0,7.94,170,61.39,9.68,12.34,72143,27.86,16.55,94.9,0.0,0.0,2.22,19.06,0.0
36041950500,Hamilton County,New York,True,24.24,66.67,34.72,0.69,275,69.04,17.05,23.57,63846,37.23,6.13,86.39,4.2,0.5,2.61,41.41,0.0
36043010100,Herkimer County,New York,True,15.89,41.38,27.93,4.21,892,54.76,11.87,17.36,79321,17.72,23.86,92.98,0.57,0.43,5.02,22.58,0.61
36043010201,Herkimer County,New York,True,19.49,35.71,25.56,0.0,499,84.86,9.68,16.67,57500,22.26,21.82,91.2,1.01,0.0,3.62,31.89,0.26
36043010202,Herkimer County,New York,True,13.21,40.85,22.56,0.45,454,63.61,4.94,21.22,71703,26.52,18.33,89.64,5.31,0.86,0.94,35.39,1.63
36043010300,Herkimer County,New York,True,22.2,49.24,13.36,15.11,1709,92.79,10.03,20.24,75497,22.38,23.41,92.74,0.04,0.0,5.22,34.57,0.0
36043010400,Herkimer County,New York,True,50.08,43.77,25.78,0.0,931,97.08,24.09,36.02,50227,23.39,15.26,89.06,1.6,0.0,3.78,47.85,0.0
36043010501,Herkimer County,New York,True,28.35,14.33,7.96,0.0,563,93.9,15.09,16.8,72813,22.02,19.64,89.92,0.95,0.71,1.35,35.78,0.0
36043010502,Herkimer County,New York,True,14.66,67.95,47.44,0.0,124,50.23,7.09,17.63,71174,31.92,15.86,98.68,0.14,0.0,0.35,24.49,0.35
36043010701,Herkimer County,New York,True,26.25,31.38,9.04,0.0,328,94.04,7.36,25.82,68438,24.27,23.71,89.36,0.96,0.13,10.55,35.29,0.0
36043010702,Herkimer County,New York,True,41.77,46.13,27.06,9.5,1107,96.45,41.17,42.86,41293,18.07,25.46,86.83,2.63,0.0,5.92,45.14,0.0
36043010900,Herkimer County,New York,True,10.54,25.88,16.47,0.77,323,57.95,9.41,18.49,68795,20.33,23.1,95.09,0.1,0.1,0.6,27.98,0.5
36043011001,Herkimer County,New York,True,42.11,33.87,26.2,0.0,495,89.03,11.5,24.65,67548,24.02,23.01,89.79,2.97,0.17,2.53,32.09,0.0
36043011002,Herkimer County,New York,True,5.21,55.32,34.04,0.0,129,65.22,12.23,24.08,78365,17.81,20.99,94.92,0.06,0.0,0.39,15.38,0.07
36043011100,Herkimer County,New York,True,53.94,49.06,11.64,0.0,1033,82.89,31.26,42.89,36016,23.39,17.89,83.59,0.0,1.08,0.0,42.17,0.0
36043011200,Herkimer County,New York,True,41.56,47.8,26.2,0.0,2073,87.29,22.49,27.91,61563,19.72,15.63,89.67,2.44,1.78,1.9,30.65,1.48
36043011301,Herkimer County,New York,True,13.93,0.0,0.0,0.0,188,80.74,4.14,3.44,84000,26.56,15.99,91.97,0.94,3.62,0.36,28.36,1.72
36043011302,Herkimer County,New York,True,17.17,48.55,22.46,0.0,477,42.27,7.79,19.91,65469,23.75,13.08,90.34,1.71,2.04,2.13,39.08,1.6
36043011400,Herkimer County,New York,True,10.08,26.97,3.29,1.73,416,58.89,12.31,14.56,83792,19.5,28.56,96.35,0.4,0.54,1.77,24.87,0.6
36043011502,Herkimer County,New York,True,10.1,24.05,0.0,0.0,170,61.77,5.54,13.14,79821,38.84,11.84,97.38,0.0,0.15,0.15,16.61,0.15
36043011503,Herkimer County,New York,True,12.04,31.15,8.2,0.0,198,75.15,8.79,15.16,100921,17.43,22.93,90.79,1.04,0.52,4.4,21.25,0.0
36043011504,Herkimer County,New York,True,8.83,70.59,70.59,0.0,106,55.17,7.1,13.24,81705,29.13,14.48,94.86,2.06,0.0,1.2,28.98,0.0
36045060101,Jefferson County,New York,True,12.34,20.0,16.19,0.0,271,47.08,3.67,10.22,99450,23.27,14.73,92.77,0.0,3.72,1.81,30.9,0.0
36045060102,Jefferson County,New York,True,33.62,37.77,22.6,1.41,576,62.21,10.67,22.63,57171,33.7,14.99,95.34,0.43,1.09,1.14,41.67,0.49
36045060201,Jefferson County,New York,True,25.19,58.4,32.4,0.0,475,67.69,8.08,13.72,99500,37.2,11.83,96.58,0.99,0.04,1.3,23.68,0.28
36045060202,Jefferson County,New York,True,27.99,55.49,31.79,2.49,313,47.56,13.5,20.89,59265,20.95,11.79,76.67,15.03,1.01,5.47,28.97,1.57
36045060203,Jefferson County,New York,True,28.13,43.59,11.79,0.0,550,35.3,12.86,16.37,84375,12.69,31.99,94.42,0.23,0.33,2.7,27.49,3.37
36045060301,Jefferson County,New York,True,11.92,51.11,36.67,0.0,120,50.46,9.06,19.69,60976,35.61,20.35,90.94,0.62,0.0,2.79,39.51,0.0
36045060302,Jefferson County,New York,True,6.47,32.65,32.65,1.67,146,53.91,10.88,11.43,81659,35.18,19.93,92.98,2.32,0.33,1.91,24.06,0.05
36045060401,Jefferson County,New York,True,15.14,46.86,25.71,4.95,371,51.59,9.34,13.03,80270,24.04,19.71,94.11,0.12,0.45,2.82,24.01,0.13
36045060402,Jefferson County,New York,True,38.55,49.89,28.75,0.0,811,47.78,8.5,14.54,87699,22.91,17.49,89.76,0.91,0.19,2.96,35.42,0.24
36045060500,Jefferson County,New York,True,31.78,51.38,29.5,0.89,1191,54.8,14.05,11.14,67625,15.08,26.38,91.71,3.72,0.0,6.51,33.8,0.65
36045060601,Jefferson County,New York,True,34.68,32.29,14.84,2.91,973,38.47,11.88,15.24,86316,9.14,31.84,86.07,1.32,1.75,3.75,13.3,0.0
36045060602,Jefferson County,New York,True,79.58,59.44,30.65,11.76,3038,28.18,20.08,24.3,50661,7.54,21.58,62.11,12.3,0.56,21.89,25.89,0.9
36045060700,Jefferson County,New York,True,20.82,19.8,6.38,2.05,803,58.3,10.9,14.42,74049,15.07,23.52,89.12,1.21,0.26,1.57,18.2,0.25
36045060803,Jefferson County,New York,True,96.09,64.78,30.51,2.13,6519,21.99,12.4,22.74,51091,0.0,22.53,59.51,13.71,6.51,25.24,14.19,0.36
36045060805,Jefferson County,New York,True,93.92,44.97,19.27,0.84,4614,8.25,11.56,10.2,72979,0.3,41.26,69.84,9.36,3.66,15.32,20.86,0.09
36045060806,Jefferson County,New York,True,82.46,41.29,18.96,0.0,2527,27.76,8.53,9.94,79801,1.54,30.25,77.01,6.29,1.67,17.43,4.92,0.0
36045060901,Jefferson County,New York,True,66.85,24.86,13.05,5.93,1925,51.07,16.16,21.62,64643,5.02,32.82,81.98,3.7,0.27,9.3,26.4,1.59
36045060902,Jefferson County,New York,True,26.04,65.5,41.48,0.0,519,92.15,22.71,23.05,54699,16.62,31.45,82.77,3.56,0.46,5.42,35.75,0.13
36045061000,Jefferson County,New York,True,47.9,40.97,16.62,0.78,1273,53.65,13.72,24.86,57868,19.68,20.28,80.88,7.21,1.13,3.96,37.51,0.0
36045061101,Jefferson County,New York,True,26.1,71.08,67.16,5.12,557,58.96,21.35,26.21,82188,10.9,27.92,86.7,3.37,3.69,5.93,24.15,1.59
36045061102,Jefferson County,New York,True,38.58,38.82,8.44,23.85,1067,60.62,10.21,17.28,79167,12.26,22.25,84.96,3.1,2.37,4.99,25.37,1.21
36045061200,Jefferson County,New York,True,58.38,43.82,9.03,3.13,1837,74.83,29.02,32.48,46354,10.36,36.36,72.44,10.52,0.61,9.69,31.02,0.37
36045061300,Jefferson County,New York,True,53.97,45.88,35.09,0.0,1644,76.69,29.56,39.93,47844,19.06,24.39,71.14,5.72,3.22,5.94,30.21,1.12
36045061400,Jefferson County,New York,True,52.63,54.02,32.29,0.8,1336,67.88,24.04,39.11,48290,13.78,24.33,74.78,7.69,0.25,4.77,49.97,0.23
36045061500,Jefferson County,New York,True,70.98,49.1,13.05,0.55,2078,75.49,11.85,24.87,49974,14.7,11.25,78.37,6.26,1.65,8.76,48.74,0.21
36045061600,Jefferson County,New York,True,42.67,64.21,14.15,0.0,1737,44.77,12.25,11.44,80861,11.33,28.48,81.66,2.1,5.43,5.97,21.53,0.04
36045061700,Jefferson County,New York,True,12.29,45.98,10.34,0.0,315,59.1,7.57,12.46,84375,38.79,12.65,95.45,0.55,0.25,2.74,21.16,0.99
36045061801,Jefferson County,New York,True,21.93,61.99,20.55,7.28,742,52.14,7.95,16.31,72064,24.65,20.52,97.18,0.4,0.0,1.82,19.22,0.0
36045061802,Jefferson County,New York,True,32.39,16.54,12.53,3.86,814,53.56,10.64,14.4,63611,14.94,23.51,82.89,6.92,3.76,2.77,16.2,0.24
36045061900,Jefferson County,New York,True,38.22,33.62,14.77,1.8,917,88.15,8.64,17.73,80000,32.83,19.34,88.61,2.43,4.87,4.14,40.04,3.43
36045062100,Jefferson County,New York,True,87.58,42.79,33.02,4.99,2781,78.56,17.47,30.78,48954,9.47,13.65,78.29,7.01,2.85,12.02,58.72,0.0
36045062200,Jefferson County,New York,True,40.0,40.92,5.37,0.0,1562,94.33,20.91,17.45,71174,11.94,22.6,88.04,1.1,0.95,4.44,29.8,2.06
36045062400,Jefferson County,New York,True,16.55,25.24,5.34,0.0,628,48.82,8.73,14.86,85607,16.35,25.19,89.16,2.03,0.6,1.5,16.93,0.21
36045062500,Jefferson County,New York,True,15.62,41.67,16.67,3.57,538,65.62,10.06,17.69,81503,14.29,32.24,91.56,1.4,0.51,2.62,20.08,1.68
36045980000,Jefferson County,New York,False,,,,,0,,,,,0.0,0.0,56.32,4.6,3.45,20.69,,0.0
36045990001,Jefferson County,New York,False,,,,,0,,,,,,,,,,,,
36047000100,Kings County,New York,True,32.5,35.26,26.7,1.9,1377,81.92,2.79,3.97,178162,28.47,13.13,72.32,10.78,7.27,7.27,44.56,3.29
36047000200,Kings County,New York,True,67.62,67.18,37.45,31.66,813,93.11,34.47,20.1,79375,9.24,28.18,23.68,3.8,3.73,71.12,25.85,31.19
36047000301,Kings County,New York,True,50.95,33.77,25.03,0.0,1985,97.23,5.18,5.62,185128,23.57,19.31,85.38,0.87,4.29,8.06,41.67,1.09
36047000501,Kings County,New York,True,42.44,47.39,17.04,0.0,1387,92.47,8.43,20.33,141364,21.69,9.84,61.97,4.18,19.36,10.66,56.03,4.8
36047000502,Kings County,New York,True,58.74,38.32,20.85,0.0,1363,92.37,7.52,13.35,168013,21.3,15.27,73.67,0.67,16.61,4.73,52.27,1.56
36047000700,Kings County,New York,True,58.49,43.68,22.76,1.0,2028,91.73,4.1,8.13,201827,8.67,20.86,80.08,1.01,7.78,5.49,40.19,0.69
36047000900,Kings County,New York,True,73.75,27.35,14.96,0.84,3397,63.81,2.91,5.44,205500,6.56,16.66,75.88,1.36,9.51,11.57,42.32,3.51
36047001100,Kings County,New York,True,91.27,36.58,17.9,3.32,1480,11.78,10.51,10.71,203958,2.03,9.49,59.49,7.41,20.7,13.35,42.14,0.0
36047001300,Kings County,New York,True,37.85,45.66,12.03,5.3,801,73.74,10.49,16.77,139866,15.45,4.61,57.86,14.3,18.59,6.2,54.41,0.08
36047001501,Kings County,New York,True,82.91,49.14,28.44,6.42,3775,37.54,24.38,14.59,142560,8.94,19.82,33.95,27.95,16.85,19.87,44.05,7.56
36047001502,Kings County,New York,True,85.45,45.17,19.55,9.86,3997,14.09,16.34,13.01,138179,5.35,12.92,40.8,14.81,26.59,13.06,48.29,1.19
36047001801,Kings County,New York,False,,,,,0,,,,,0.57,0.0,44.52,47.73,2.58,38.66,,7.24
36047001802,Kings County,New York,False,,,,,0,,,,,,,,,,,,
36047001803,Kings County,New York,False,,,,,0,,72.73,,,27.27,0.0,72.73,27.27,0.0,0.0,,0.0
36047001804,Kings County,New York,False,,,,,0,,,,,,,,,,,,
36047002000,Kings County,New York,True,68.3,47.48,26.62,30.22,1134,96.14,10.39,7.37,81458,17.25,26.54,5.42,13.27,7.85,74.73,18.92,44.58
36047002100,Kings County,New York,True,50.32,29.31,17.03,14.98,3124,37.34,9.04,5.64,250001,4.9,19.71,64.24,8.63,16.21,7.95,27.36,1.68
36047002200,Kings County,New York,True,63.57,67.81,39.13,21.84,2840,84.81,25.01,41.65,41852,22.02,26.04,30.09,6.41,14.65,53.68,29.33,45.37
36047002300,Kings County,New York,True,94.24,52.8,14.81,8.35,3257,93.76,33.44,46.31,34977,24.14,23.07,3.4,45.35,9.63,50.37,40.68,24.25
36047002901,Kings County,New York,True,100.0,53.18,24.71,3.96,2983,93.07,43.03,60.58,22855,22.47,22.57,3.02,51.34,16.65,16.81,32.98,12.98
36047003000,Kings County,New York,True,52.27,52.34,27.41,3.47,849,99.35,4.72,9.34,130473,14.91,19.03,54.66,0.33,27.93,17.68,26.46,16.25
36047003101,Kings County,New York,True,61.56,36.34,9.11,3.16,1820,51.94,5.63,9.95,158500,14.14,8.98,43.4,21.6,15.68,10.55,47.08,2.61
36047003102,Kings County,New York,False,,,,,0,,,,,,,,,,,,
36047003300,Kings County,New York,True,87.99,53.72,16.8,13.33,3471,29.91,9.65,16.95,136217,5.62,15.44,39.68,22.5,12.0,11.78,51.22,1.18
36047003400,Kings County,New York,True,50.3,17.93,8.54,20.21,1835,90.56,7.46,5.44,113143,19.99,18.86,59.8,0.9,13.52,24.29,43.61,13.25
36047003500,Kings County,New York,True,83.98,49.9,32.6,6.02,1696,57.26,10.22,22.19,123417,14.42,14.0,40.73,27.23,9.96,22.5,57.84,3.96
36047003600,Kings County,New York,True,67.94,50.35,44.77,2.59,2255,96.97,19.92,19.86,91583,20.92,17.1,66.98,3.96,12.7,18.08,42.19,9.49
36047003700,Kings County,New York,True,84.86,41.04,24.55,5.79,3624,3.74,13.16,11.0,181404,2.81,12.63,47.75,14.14,27.98,11.81,58.71,1.04
36047003800,Kings County,New York,True,35.91,31.78,21.96,2.8,490,98.37,9.68,11.58,135313,19.17,18.26,63.74,0.39,22.48,14.68,33.05,6.2
36047003900,Kings County,New York,True,69.24,34.25,23.63,2.3,1805,60.48,11.92,10.76,187273,8.34,23.48,54.69,8.77,10.58,11.75,41.89,4.21
36047004100,Kings County,New York,True,70.08,25.51,11.63,2.88,1913,86.93,9.83,6.34,229002,12.91,14.82,71.03,8.96,6.25,7.63,30.57,0.61
36047004300,Kings County,New York,True,73.17,36.32,12.95,0.7,2702,51.86,9.47,15.17,161875,10.08,13.72,58.5,11.86,14.06,14.99,43.23,0.94
36047004400,Kings County,New York,True,24.3,48.68,21.16,8.04,486,97.12,5.76,11.71,142143,31.31,15.88,81.51,3.46,6.03,7.23,25.05,3.82
36047004500,Kings County,New York,True,53.96,37.16,17.2,8.11,2291,96.34,3.98,2.6,189833,11.49,17.73,71.32,7.62,4.03,8.88,33.92,0.41
36047004600,Kings County,New York,True,34.18,74.81,63.7,1.71,342,93.96,9.89,27.73,134773,24.58,18.9,72.7,0.0,13.74,8.4,45.7,2.29
36047004700,Kings County,New York,True,68.2,51.22,22.22,6.04,1120,51.51,13.54,19.79,145341,8.65,25.96,52.03,12.66,6.0,17.71,35.81,2.18
36047004900,Kings County,New York,True,62.41,48.68,22.55,7.44,1316,88.74,10.33,6.63,166667,14.35,24.51,74.67,5.26,2.54,10.02,32.2,1.4
36047005000,Kings County,New York,True,45.46,37.87,28.09,4.32,896,99.04,10.26,8.98,134013,19.31,25.82,74.49,2.93,10.26,6.75,41.63,3.03
36047005100,Kings County,New York,True,49.8,29.8,7.14,2.19,1121,61.31,5.05,5.85,178913,10.33,21.12,76.67,0.62,5.78,7.75,23.12,1.56
36047005201,Kings County,New York,True,80.27,47.66,17.97,0.0,1236,95.55,21.59,46.8,40789,44.43,8.91,70.82,2.68,13.48,5.25,52.07,18.69
36047005202,Kings County,New York,True,47.59,57.63,22.4,3.93,1283,94.14,3.89,10.83,107143,26.07,16.0,79.37,0.93,5.56,9.7,53.07,3.14
36047005301,Kings County,New York,True,62.17,46.03,24.8,4.02,1061,74.56,12.27,19.67,126071,11.03,20.62,66.3,13.46,1.38,17.23,35.33,0.3
36047005302,Kings County,New York,True,100.0,0.0,0.0,0.0,123,64.44,0.0,0.0,139609,0.0,47.15,52.03,0.0,0.0,47.97,44.44,0.0
36047005303,Kings County,New York,True,34.33,0.0,0.0,0.0,46,48.72,0.0,0.0,203750,0.0,22.79,77.94,0.0,0.0,22.06,46.27,0.0
36047005400,Kings County,New York,True,69.79,35.56,23.65,13.99,2392,94.83,6.77,15.99,85342,23.97,10.31,73.11,5.78,5.26,21.14,39.58,2.21
36047005601,Kings County,New York,True,43.69,45.91,20.35,14.2,1008,93.93,18.01,13.37,104598,22.16,13.43,68.02,4.93,14.86,11.41,47.07,6.69
36047005602,Kings County,New York,True,37.41,42.94,24.38,8.59,586,69.28,2.79,10.05,96397,22.56,13.51,73.76,2.35,12.56,10.05,44.97,1.77
36047005800,Kings County,New York,True,76.97,58.76,31.97,8.37,2171,81.02,7.61,15.08,77648,22.18,15.86,79.1,0.0,5.65,15.12,40.44,8.32
36047005900,Kings County,New York,True,91.31,46.34,26.64,6.23,1250,86.47,24.06,20.38,110288,20.03,16.93,61.0,17.65,1.91,21.94,21.8,3.04
36047006000,Kings County,New York,True,70.49,44.48,25.26,9.52,2032,94.84,3.26,10.63,88542,15.11,27.64,53.88,0.04,14.54,34.23,23.01,18.04
36047006200,Kings County,New York,True,71.4,49.33,29.38,17.35,1920,96.43,17.19,13.02,83500,21.18,14.47,71.77,1.02,8.29,22.28,36.43,3.83
36047006300,Kings County,New York,True,71.05,40.29,9.62,5.8,1204,86.61,3.41,4.35,188519,6.83,21.9,73.79,0.74,3.89,12.82,28.49,0.73
36047006400,Kings County,New York,True,72.4,41.71,30.41,6.53,2388,97.12,17.94,29.38,98846,21.2,19.75,68.73,1.18,8.75,19.32,30.27,3.56
36047006500,Kings County,New York,True,57.0,20.3,13.03,1.07,2511,90.2,3.96,4.23,202355,13.89,21.01,82.35,1.22,2.18,8.51,20.03,2.51
36047006600,Kings County,New York,True,75.09,40.9,28.45,11.5,2983,87.47,17.37,10.39,98158,19.54,18.42,53.09,6.04,10.45,28.87,40.84,11.06
36047006700,Kings County,New York,True,58.54,22.69,4.0,6.24,1960,89.75,3.82,10.59,214931,8.46,29.49,74.68,0.55,9.33,8.51,24.89,2.29
36047006800,Kings County,New York,True,80.94,41.86,28.91,23.85,3359,88.43,13.59,19.79,80938,19.65,19.55,48.21,5.83,16.64,25.19,33.78,12.84
36047006901,Kings County,New York,True,67.78,51.61,23.19,0.0,1088,84.68,7.2,7.56,149936,14.12,18.54,76.19,2.8,9.47,11.82,32.84,0.0
36047006902,Kings County,New York,True,60.9,28.05,12.2,2.98,990,72.68,3.62,7.99,226136,5.88,24.4,66.32,2.94,9.29,7.5,29.42,0.22
36047007000,Kings County,New York,True,54.88,21.99,7.7,9.34,1443,98.16,5.67,15.54,87198,28.56,13.62,50.29,3.67,4.28,39.71,32.98,13.48
36047007100,Kings County,New York,True,81.97,53.46,23.08,1.5,3194,95.26,20.47,37.46,53786,19.9,28.2,23.51,31.38,11.16,29.68,41.14,10.65
36047007200,Kings County,New York,True,91.93,62.96,33.92,16.03,1542,88.5,27.79,27.02,64000,12.39,24.05,10.86,0.51,21.49,72.71,26.32,47.88
36047007400,Kings County,New York,True,80.36,39.27,14.37,34.92,4413,88.14,20.72,10.78,73454,8.98,28.97,8.42,0.77,28.99,61.39,28.51,52.21
36047007500,Kings County,New York,True,53.93,10.8,7.11,6.8,2499,82.12,16.7,14.85,169375,17.98,17.08,67.42,2.73,6.95,18.32,33.6,1.97
36047007600,Kings County,New York,True,77.03,66.84,41.79,26.67,3311,85.89,14.65,29.69,73681,13.55,29.1,24.29,1.83,22.68,62.77,24.77,37.97
36047007700,Kings County,New York,True,71.15,26.9,19.14,3.0,3908,59.03,5.21,11.17,212827,7.68,19.55,82.47,1.1,3.65,7.8,41.47,3.19
36047007800,Kings County,New York,True,73.61,46.65,23.68,17.83,3699,91.12,21.79,16.44,79981,9.51,27.69,16.4,3.8,13.05,68.49,17.38,37.14
36047008000,Kings County,New York,True,70.99,53.02,30.99,2.13,2387,100.0,20.03,25.1,71250,23.6,17.69,20.81,5.22,10.47,65.99,27.02,32.34
36047008200,Kings County,New York,True,81.3,59.5,35.13,13.5,3200,82.13,30.96,30.28,53500,18.02,21.63,16.51,11.42,8.91,68.86,36.79,21.94
36047008400,Kings County,New York,True,73.03,22.14,8.11,11.2,2327,77.72,11.41,4.32,116100,6.31,15.76,23.85,3.61,6.75,69.24,23.03,26.62
36047008500,Kings County,New York,True,100.0,44.36,13.94,4.24,6401,88.52,36.81,57.8,27854,15.04,21.87,7.81,48.91,7.22,41.27,33.19,14.12
36047008600,Kings County,New York,False,,,,,0,,,,,,,,,,,,
36047008800,Kings County,New York,True,61.44,44.9,19.08,30.15,2105,86.37,16.17,12.91,95707,10.06,19.19,35.05,9.13,17.73,39.12,37.55,23.65
36047009001,Kings County,New York,True,68.86,62.93,46.94,20.62,1067,84.43,25.19,36.44,45945,14.33,28.12,13.1,1.53,17.85,71.72,34.53,38.92
36047009002,Kings County,New York,True,88.16,54.76,30.95,23.71,1376,96.35,5.55,8.31,62225,8.97,38.93,3.62,6.2,31.57,58.62,22.17,27.61
36047009201,Kings County,New York,True,58.53,40.06,30.77,13.99,1233,75.39,23.56,23.89,83824,16.92,18.73,13.14,1.61,50.91,30.46,10.41,50.16
36047009202,Kings County,New York,True,88.22,62.57,33.37,17.69,2324,98.35,29.72,18.94,53641,8.38,15.75,15.07,1.55,31.57,52.42,17.08,39.09
36047009401,Kings County,New York,True,67.74,77.42,32.97,30.18,1247,97.01,41.47,19.24,49620,13.36,29.6,9.82,0.0,70.14,20.86,19.24,37.51
36047009402,Kings County,New York,True,73.11,42.62,25.93,47.88,2445,94.97,21.65,14.19,85929,12.01,27.29,29.51,1.95,50.55,17.8,4.16,34.0
36047009600,Kings County,New York,True,63.82,61.09,32.86,20.52,3786,93.23,21.34,17.81,83664,12.76,21.84,24.02,2.05,31.54,42.6,10.77,39.0
36047009800,Kings County,New York,True,87.03,60.71,34.14,30.87,5816,89.41,28.13,22.02,60679,12.19,26.78,5.08,0.45,38.21,59.9,9.21,46.87
36047010000,Kings County,New York,True,74.46,67.14,41.22,21.61,4387,98.92,23.52,31.68,57881,14.74,25.78,4.15,1.15,44.71,50.28,24.89,45.59
36047010100,Kings County,New York,True,69.28,30.9,18.1,20.93,2783,85.75,16.73,18.87,136705,10.27,16.22,43.83,8.18,3.91,60.36,17.99,11.1
36047010200,Kings County,New York,True,72.94,56.78,38.73,29.28,3646,94.02,23.39,24.52,65668,19.4,24.5,10.61,1.67,56.01,30.99,11.33,45.09
36047010401,Kings County,New York,True,84.84,52.39,34.1,39.61,1584,84.65,29.9,17.3,56875,20.05,19.85,5.97,0.83,79.27,14.08,10.05,52.35
36047010402,Kings County,New York,True,85.23,66.3,51.99,41.33,1944,87.95,41.49,44.03,40255,21.07,23.64,13.71,1.56,78.84,4.51,16.62,42.55
36047010601,Kings County,New York,True,85.41,70.48,45.81,33.96,1952,93.81,36.72,31.49,45106,10.15,39.2,0.37,0.37,76.61,19.08,8.72,44.29
36047010602,Kings County,New York,True,70.0,64.56,36.64,37.0,1244,83.04,10.54,12.62,65372,18.58,18.06,3.69,0.0,90.23,4.21,4.59,54.28
36047010801,Kings County,New York,True,71.99,69.7,48.03,17.49,1287,88.33,29.55,23.94,66143,14.59,22.52,7.08,0.0,80.83,11.77,13.83,64.22
36047010802,Kings County,New York,True,81.44,50.92,39.01,18.08,1939,81.88,27.38,22.24,69479,9.67,19.22,5.0,4.13,76.68,8.89,9.57,51.85
36047011000,Kings County,New York,True,63.85,39.17,15.33,16.87,1294,88.48,14.66,13.54,86932,15.74,12.78,23.59,1.58,40.36,36.69,13.85,43.52
36047011200,Kings County,New York,True,83.35,48.86,13.7,22.95,5060,86.05,23.39,28.63,60348,17.62,28.35,34.41,1.59,23.46,35.68,21.23,25.0
36047011400,Kings County,New York,True,78.59,50.77,20.68,34.76,2532,95.41,17.86,17.94,74063,18.16,32.8,31.33,12.54,34.05,21.59,25.46,22.82
36047011600,Kings County,New York,True,74.86,71.07,28.01,28.66,2550,83.85,27.77,25.14,65551,14.17,23.6,6.25,0.37,83.27,10.05,16.26,57.37
36047011700,Kings County,New York,True,50.04,35.62,12.78,4.31,1354,64.5,3.59,6.08,153348,12.43,17.01,64.36,2.29,12.68,20.74,26.22,4.52
36047011800,Kings County,New York,True,88.66,61.1,42.81,22.24,1707,82.47,27.53,22.83,62273,19.5,18.16,9.86,1.61,80.72,10.55,22.36,49.73
36047011901,Kings County,New York,True,66.49,40.74,12.7,8.09,817,78.75,11.76,9.03,165179,12.77,17.49,52.98,9.14,14.01,23.15,23.44,1.67
36047011902,Kings County,New York,False,,,,,0,,,,,,,,,,,,
36047012000,Kings County,New York,True,65.4,58.3,44.39,37.22,814,96.17,28.01,24.93,72987,8.49,27.92,7.59,0.0,65.71,25.22,2.35,44.92
36047012100,Kings County,New York,True,67.58,47.45,19.9,3.27,1170,76.69,8.95,14.32,130357,8.95,16.18,65.74,1.58,9.87,33.98,28.95,4.63
36047012200,Kings County,New York,True,72.65,60.23,39.28,20.28,3344,81.93,28.57,33.15,54071,8.61,26.08,14.18,1.89,33.36,56.03,24.9,44.81
36047012600,Kings County,New York,True,68.72,55.44,35.85,18.43,2021,93.05,18.84,15.47,81477,14.47,24.44,39.47,3.77,31.95,24.44,17.38,25.7
36047012700,Kings County,New York,True,88.09,56.16,19.49,1.59,3473,59.82,12.03,26.17,63750,17.45,18.22,21.3,36.7,8.4,30.28,34.9,2.45
36047012801,Kings County,New York,True,71.88,52.39,24.3,23.99,1458,97.76,22.63,21.09,74306,13.39,21.09,36.29,0.91,48.82,20.68,32.63,25.27
36047012901,Kings County,New York,True,44.95,23.69,11.39,7.56,1240,71.4,9.37,9.13,250001,9.37,14.97,56.72,11.74,7.56,17.05,13.59,4.7
36047012902,Kings County,New York,True,85.65,29.63,18.95,3.56,2945,39.16,6.31,8.83,183510,6.86,16.33,47.28,16.35,12.45,16.95,41.9,3.56
36047013000,Kings County,New York,True,70.26,55.88,35.6,24.37,3653,93.13,14.68,20.68,78942,9.09,31.03,51.07,4.81,9.93,31.42,23.4,15.73
36047013100,Kings County,New York,True,70.84,44.1,23.44,1.26,2325,89.84,10.79,19.98,107083,17.46,16.25,55.84,14.92,7.08,14.49,33.86,2.31
36047013200,Kings County,New York,True,54.02,50.77,43.69,18.97,1170,93.47,15.8,21.05,81429,24.52,22.32,43.1,2.87,28.88,21.02,27.29,31.93
36047013300,Kings County,New York,True,59.93,34.82,13.31,4.71,2277,71.61,1.48,4.04,201298,11.35,23.31,73.12,2.23,6.38,15.08,30.71,2.19
36047013400,Kings County,New York,True,67.88,42.99,25.54,6.01,2629,96.61,11.43,13.81,99886,14.66,25.94,51.27,3.18,24.02,18.89,23.39,17.79
36047013500,Kings County,New York,True,45.69,22.04,8.23,5.78,1804,70.75,1.84,3.65,221920,10.67,29.27,68.98,4.75,9.32,9.15,14.33,1.73
36047013600,Kings County,New York,True,60.45,59.3,40.48,14.53,2446,96.33,12.68,13.46,88182,16.14,20.39,60.61,1.52,10.17,27.11,33.27,5.54
36047013700,Kings County,New York,True,74.3,29.7,11.63,4.04,2061,80.91,4.96,12.02,170600,8.93,17.67,73.04,2.16,5.61,17.9,35.31,0.63
36047013800,Kings County,New York,True,77.65,39.17,14.69,11.0,2812,97.68,3.11,7.02,112703,9.84,26.21,61.32,0.5,11.97,22.71,21.55,5.43
36047013900,Kings County,New York,True,66.36,36.09,17.72,3.9,2170,89.67,5.98,7.06,173378,10.69,16.62,62.76,8.56,12.37,17.8,20.07,1.94
36047014000,Kings County,New York,True,51.01,51.73,43.35,34.28,814,94.86,23.22,20.81,61111,22.0,14.68,63.32,2.35,26.3,8.93,15.03,18.55
36047014101,Kings County,New York,True,54.77,40.75,29.11,0.0,541,74.03,13.31,7.1,215104,8.43,20.09,56.44,6.88,17.67,7.89,22.99,3.06
36047014102,Kings County,New York,True,56.18,54.73,23.14,4.32,1147,58.29,8.17,11.26,113750,22.19,20.62,56.4,2.95,13.19,29.33,18.87,17.06
36047014200,Kings County,New York,True,80.54,53.35,29.82,20.92,2932,98.11,25.02,15.59,81250,20.29,27.36,54.81,7.58,13.67,28.55,22.39,10.85
36047014300,Kings County,New York,True,69.36,48.09,23.37,5.98,2053,73.78,9.5,13.77,119594,7.13,22.23,53.12,2.8,9.12,35.67,30.15,1.02
36047014500,Kings County,New York,True,74.33,52.38,16.98,9.17,2985,68.8,12.11,7.14,117800,7.09,21.02,62.55,2.78,6.11,23.35,23.48,4.95
36047014700,Kings County,New York,True,54.14,32.43,8.56,5.82,1155,76.14,7.15,1.75,162847,7.25,32.32,72.78,0.46,3.37,10.7,27.19,0.61
36047014800,Kings County,New York,True,25.31,67.96,42.72,0.0,261,95.65,7.77,15.23,88787,26.6,18.57,52.96,0.0,30.98,15.9,21.62,15.33
36047014901,Kings County,New York,True,56.38,43.99,12.97,0.0,711,87.81,8.38,3.46,166161,15.39,16.49,68.83,6.95,8.77,13.25,21.57,0.28
36047014902,Kings County,New York,True,67.79,37.35,8.83,2.52,2305,79.23,6.02,4.59,171346,10.31,12.28,65.59,0.89,12.01,17.07,28.31,4.76
36047015000,Kings County,New York,True,35.36,90.62,61.98,0.0,353,90.94,14.06,22.1,63594,25.19,19.49,64.51,0.21,29.3,4.45,35.17,11.86
36047015100,Kings County,New York,True,48.1,27.71,8.31,3.66,1739,93.1,4.48,10.04,188866,17.76,20.0,81.6,1.4,7.66,6.16,20.48,0.66
36047015200,Kings County,New York,True,45.64,64.97,45.81,1.99,846,83.4,14.18,23.9,92454,25.33,13.16,58.41,3.92,20.49,19.66,29.78,7.41
36047015300,Kings County,New York,True,71.49,27.53,12.36,1.05,1707,100.0,4.27,12.46,154286,16.11,21.49,66.49,2.46,10.73,16.19,32.69,0.0
36047015400,Kings County,New York,False,,,,,0,,,,,,,,,,,,
36047015500,Kings County,New York,True,39.14,27.32,18.77,7.3,1410,97.18,3.98,5.43,206176,11.47,24.4,75.89,1.34,5.4,9.88,26.39,0.0
36047015700,Kings County,New York,True,56.61,8.04,3.58,5.86,2494,95.41,2.36,1.99,209940,16.7,21.16,76.38,6.67,5.98,5.74,20.91,0.32
36047015900,Kings County,New York,True,43.13,31.14,5.24,0.0,1865,95.24,4.89,8.27,201858,14.28,17.97,80.55,4.05,6.47,5.49,43.93,0.26
36047016000,Kings County,New York,True,77.93,44.81,27.91,13.64,3309,96.42,16.67,17.7,83920,15.16,16.4,46.9,2.6,24.81,24.4,38.64,21.02
36047016100,Kings County,New York,True,64.13,26.02,15.45,3.82,1987,83.67,1.95,5.9,172234,17.94,16.09,57.32,4.96,10.84,22.12,37.25,3.31
36047016200,Kings County,New York,True,60.31,47.19,12.29,0.0,1352,85.69,14.9,20.89,100278,24.0,17.64,53.42,2.34,8.2,33.88,45.12,7.4
36047016300,Kings County,New York,True,69.67,36.54,20.71,5.49,2846,68.92,7.96,9.05,196630,9.5,20.05,51.51,19.98,10.76,9.24,29.02,0.0
36047016400,Kings County,New York,True,90.75,65.61,42.68,14.65,686,42.2,0.0,0.0,106875,1.43,33.57,55.61,22.76,9.18,15.61,10.98,3.02
36047016500,Kings County,New York,True,51.4,31.54,10.59,3.99,2808,99.57,2.07,5.11,250001,13.62,21.56,72.19,2.58,7.84,11.41,27.73,0.0
36047016600,Kings County,New York,True,9.03,42.37,30.51,37.5,222,100.0,7.59,3.81,114635,20.31,19.95,65.79,0.0,21.04,11.72,11.99,10.85
36047016700,Kings County,New York,True,47.65,47.14,12.32,0.57,2252,95.35,5.69,11.59,190125,15.27,16.27,75.4,1.38,14.54,11.17,30.35,2.98
36047016800,Kings County,New York,True,35.48,31.2,16.0,4.07,617,77.99,6.3,6.31,118341,18.09,18.15,60.07,0.0,33.52,4.08,31.93,9.04
36047016900,Kings County,New York,True,62.64,38.54,23.17,0.0,2328,94.09,14.8,16.41,140727,11.12,19.41,82.75,0.93,7.91,6.62,29.93,3.67
36047017000,Kings County,New York,True,47.48,50.29,22.44,18.46,1848,95.69,12.05,19.44,102417,25.46,16.44,49.39,3.28,26.21,24.38,13.89,17.88
36047017100,Kings County,New York,True,52.67,37.27,28.78,0.0,1996,89.91,1.81,13.15,174646,12.23,26.77,75.14,0.92,7.68,20.58,17.39,0.2
36047017200,Kings County,New York,True,47.15,45.21,45.21,24.66,1194,95.39,4.34,23.36,136096,30.77,18.72,46.87,1.71,36.53,12.38,30.55,20.98
36047017400,Kings County,New York,True,33.84,59.11,44.83,8.61,603,90.65,13.45,23.3,103594,22.81,19.17,44.31,0.0,45.45,10.75,24.83,14.59
36047017500,Kings County,New York,False,,,,,0,,,,,,,,,,,,
36047017600,Kings County,New York,True,53.22,47.5,27.27,18.61,1085,81.94,8.66,12.17,90833,15.66,10.5,48.7,0.0,33.89,16.16,24.7,29.41
36047017700,Kings County,New York,False,,,,,0,,,,,,,,,,,,
36047017800,Kings County,New York,True,64.81,46.05,30.04,17.92,1415,68.5,4.54,14.93,91923,19.03,21.06,39.17,1.07,45.53,14.7,19.08,21.13
36047017900,Kings County,New York,True,71.78,43.09,25.25,5.81,2497,58.79,30.17,24.47,103836,20.32,21.66,29.14,34.52,8.46,22.71,23.9,7.55
36047018000,Kings County,New York,True,60.87,77.88,48.2,10.83,1652,85.33,16.49,24.82,59936,18.69,18.66,57.53,0.0,28.53,17.44,21.22,19.49
36047018100,Kings County,New York,True,80.54,27.82,12.25,8.34,2777,95.96,7.9,10.24,175294,11.4,11.83,58.77,12.6,4.71,10.81,48.1,7.31
36047018200,Kings County,New York,True,48.06,56.69,29.14,22.26,1658,82.85,11.52,13.03,78750,17.42,22.3,28.67,1.05,44.55,25.05,14.06,30.32
36047018300,Kings County,New York,True,66.01,20.53,11.88,17.31,1764,83.33,2.41,0.95,194519,11.38,12.12,56.65,9.96,6.13,9.61,24.54,5.29
36047018400,Kings County,New York,True,23.24,57.14,28.57,2.98,392,95.88,5.83,12.72,81467,24.05,14.52,38.43,0.0,55.36,3.18,10.79,25.46
36047018501,Kings County,New York,True,86.85,46.01,15.94,7.97,4235,85.34,23.0,34.96,44877,19.01,17.59,8.4,51.28,11.3,30.2,39.09,19.78
36047018600,Kings County,New York,True,45.95,40.3,16.35,16.2,1033,87.79,5.3,7.77,76667,20.56,13.63,42.06,0.0,47.82,23.07,20.87,25.26
36047018700,Kings County,New York,True,54.73,40.07,22.3,3.65,601,73.38,9.3,3.64,139231,14.31,11.43,59.73,23.3,1.99,8.04,23.64,2.58
36047018800,Kings County,New York,True,60.59,84.95,76.54,12.37,1445,95.45,17.59,44.59,38227,11.31,21.71,51.34,3.25,31.76,11.9,31.82,20.95
36047019000,Kings County,New York,True,80.44,49.92,15.93,22.61,3430,81.95,21.84,19.44,48824,16.88,10.79,31.17,0.55,34.74,33.71,19.31,38.3
36047019100,Kings County,New York,True,69.42,44.49,25.51,9.44,1985,63.6,12.58,14.74,148929,4.26,22.19,51.27,6.87,7.33,21.82,36.12,4.24
36047019200,Kings County,New York,True,67.84,47.72,24.66,36.0,2317,67.26,26.77,15.74,72303,13.18,35.21,43.17,0.26,32.55,19.34,10.99,26.35
36047019300,Kings County,New York,True,49.66,55.73,39.36,6.83,2314,84.57,18.18,24.52,79505,15.3,4.91,47.39,23.78,14.78,10.68,60.66,1.14
36047019400,Kings County,New York,True,67.64,66.84,57.22,16.84,2127,78.75,26.25,15.36,66080,10.2,18.1,19.37,0.49,58.28,22.02,11.56,44.96
36047019500,Kings County,New York,True,36.99,35.92,17.45,10.26,1484,97.79,11.84,12.61,139329,18.96,17.45,43.2,33.85,2.02,15.03,37.79,2.72
36047019600,Kings County,New York,True,59.77,63.67,37.12,5.87,2585,75.05,32.74,31.07,74292,29.49,21.64,36.31,7.59,39.77,14.36,28.06,33.48
36047019700,Kings County,New York,True,46.41,29.84,22.35,1.08,1780,99.38,5.99,9.07,121235,15.25,21.08,51.67,22.77,5.0,16.16,44.91,1.35
36047019800,Kings County,New York,True,35.38,59.01,31.98,15.22,571,98.25,13.66,19.85,78673,13.99,27.54,47.94,0.16,40.81,17.72,28.15,23.8
36047019900,Kings County,New York,True,86.92,29.97,15.82,1.34,3609,55.76,6.74,10.16,130688,5.94,15.15,44.95,17.4,11.23,12.27,47.06,2.76
36047020000,Kings County,New York,True,50.3,38.64,11.36,11.64,981,99.0,19.94,9.61,98214,22.21,21.99,42.15,0.64,44.16,11.9,24.62,33.03
36047020100,Kings County,New York,True,70.79,49.01,23.62,7.01,2656,83.6,3.68,8.2,150978,10.97,16.5,44.3,32.58,4.91,10.79,35.53,1.17
36047020200,Kings County,New York,True,26.19,52.29,15.03,0.61,503,94.38,9.84,15.4,79643,19.28,23.82,49.1,0.0,34.6,22.31,13.97,13.57
36047020300,Kings County,New York,True,68.43,40.58,14.06,0.46,1341,38.62,13.07,17.24,160795,6.41,21.5,60.13,13.74,10.13,8.63,46.42,1.39
36047020400,Kings County,New York,True,20.03,16.26,8.13,24.11,411,86.59,5.74,6.68,143162,20.32,18.16,66.86,0.83,20.86,8.0,18.89,14.96
36047020500,Kings County,New York,True,50.63,32.53,10.76,3.36,1771,72.79,3.39,3.28,164926,10.85,24.57,63.69,9.68,13.25,14.74,27.87,0.0
36047020600,Kings County,New York,True,34.04,63.77,48.68,49.26,1002,95.7,23.99,14.39,87446,20.97,23.86,62.36,2.74,30.93,5.79,8.51,16.85
36047020700,Kings County,New York,True,60.14,29.39,18.35,2.2,2511,93.61,8.34,11.61,190843,11.99,18.13,68.37,8.69,2.36,12.62,42.17,0.47
36047020800,Kings County,New York,True,51.25,52.25,31.46,15.37,1394,91.83,13.21,17.98,65491,22.46,12.71,30.74,0.0,64.98,4.9,17.7,37.37
36047021000,Kings County,New York,True,56.56,61.99,39.75,17.35,2118,86.2,26.3,27.83,69970,13.78,24.72,21.38,1.56,56.62,17.5,15.52,30.63
36047021100,Kings County,New York,True,87.6,35.51,27.7,11.45,2312,51.16,15.26,18.91,85225,5.94,18.14,26.82,41.29,6.19,20.73,25.33,3.17
36047021200,Kings County,New York,True,76.36,48.08,22.63,14.24,2261,73.37,20.95,29.49,56250,21.75,17.17,25.27,1.97,69.4,6.13,20.18,42.37
36047021300,Kings County,New York,True,90.64,47.98,34.03,7.24,4140,93.95,24.05,26.51,82426,15.98,17.97,22.84,60.49,4.38,8.31,35.72,3.19
36047021400,Kings County,New York,True,71.21,45.74,29.55,52.66,1920,81.9,32.61,20.08,78214,3.6,43.33,54.46,0.0,29.15,13.33,14.77,33.93
36047021500,Kings County,New York,True,70.37,46.62,19.99,0.0,3675,86.81,7.63,17.36,151154,14.55,12.62,55.07,16.09,8.24,10.72,33.38,0.0
36047021600,Kings County,New York,True,72.13,59.14,49.26,21.73,2888,76.77,48.52,29.41,47950,11.81,44.17,79.85,1.67,2.73,11.15,9.63,3.98
36047021700,Kings County,New York,True,85.6,39.87,21.29,3.38,3351,70.56,13.36,21.12,112957,13.33,16.86,39.62,28.03,7.55,22.09,41.56,0.84
36047021800,Kings County,New York,True,78.97,56.26,29.64,17.45,2280,89.41,16.52,15.87,69291,7.97,38.19,76.49,0.62,3.26,12.75,26.81,14.01
36047021900,Kings County,New York,True,84.56,40.09,15.8,4.93,3130,73.6,10.0,10.4,122589,11.77,9.14,34.48,48.97,3.36,9.21,36.23,0.32
36047022000,Kings County,New York,True,79.46,51.7,41.79,19.14,3978,88.97,33.98,18.61,59395,6.49,49.06,82.49,0.14,3.55,10.57,17.92,11.32
36047022100,Kings County,New York,True,80.42,47.95,27.7,3.48,2654,77.53,21.13,19.11,87021,17.32,11.25,41.0,40.6,2.6,12.51,40.42,0.81
36047022200,Kings County,New York,True,78.07,71.85,52.3,30.65,3246,85.88,50.91,27.02,52361,15.26,37.33,74.2,0.59,1.53,11.48,15.1,14.6
36047022400,Kings County,New York,True,60.45,62.82,36.47,30.85,3179,63.19,34.2,16.9,56105,6.22,48.79,76.48,0.55,6.77,12.56,11.57,7.73
36047022600,Kings County,New York,True,56.54,59.28,24.76,30.62,1336,55.78,11.11,8.84,86655,4.89,52.39,44.83,0.88,12.41,37.45,13.81,20.01
36047022700,Kings County,New York,True,84.77,34.6,16.02,8.44,3596,54.76,13.85,11.81,119148,5.81,15.95,29.17,39.93,5.3,20.46,37.61,5.37
36047022800,Kings County,New York,True,56.49,57.54,29.23,39.91,1671,80.16,38.48,24.77,55898,9.61,37.01,56.61,0.51,36.04,5.92,9.31,13.14
36047022900,Kings County,New York,True,80.35,38.03,17.12,10.97,2732,73.47,11.0,11.08,139609,3.4,13.78,57.32,21.07,3.12,11.86,27.7,6.79
36047023000,Kings County,New York,True,77.05,72.11,57.46,41.57,3349,87.51,52.28,47.56,32725,10.57,46.91,71.13,0.9,7.4,17.73,10.94,9.83
36047023100,Kings County,New York,True,70.61,33.94,20.05,4.87,2152,66.46,9.38,21.15,160199,10.96,13.99,55.41,25.78,5.01,10.31,37.0,1.08
36047023200,Kings County,New York,True,67.14,45.14,19.77,52.1,4871,83.04,37.44,19.75,63094,10.35,52.35,88.25,0.03,7.7,2.78,12.34,9.96
36047023300,Kings County,New York,True,78.61,40.52,31.9,6.1,4857,66.54,33.97,27.54,78177,4.33,31.53,42.59,23.48,8.57,10.64,31.52,1.73
36047023400,Kings County,New York,True,81.27,79.12,57.51,28.29,4592,86.31,35.91,40.39,37587,10.03,45.05,88.19,0.0,0.0,6.66,14.33,3.69
36047023500,Kings County,New York,True,75.79,55.35,34.86,33.14,4609,43.43,31.1,18.3,111917,1.0,46.23,78.25,5.25,4.4,11.4,30.12,6.11
36047023600,Kings County,New York,True,88.4,77.09,56.88,39.98,5347,90.58,33.57,34.14,39479,6.61,51.88,92.46,0.0,3.01,1.13,19.58,6.26
36047023800,Kings County,New York,True,85.18,68.74,53.99,44.15,4554,68.95,28.28,29.65,43843,8.7,56.75,87.75,0.0,1.9,4.58,20.6,4.68
36047024000,Kings County,New York,True,85.21,66.7,55.54,31.82,4706,93.27,48.26,44.86,37833,9.65,45.5,85.23,2.66,0.13,5.06,14.08,4.72
36047024100,Kings County,New York,True,90.07,42.31,19.98,10.07,2760,53.37,22.8,16.67,141717,5.99,21.08,52.98,13.32,8.66,12.11,26.25,2.22
36047024200,Kings County,New York,True,59.57,67.46,53.21,32.12,2136,68.88,27.66,22.66,59276,12.43,48.38,86.24,0.79,6.67,4.26,13.7,4.04
36047024300,Kings County,New York,True,63.08,39.22,26.61,5.25,2264,78.3,13.58,25.18,122203,21.36,13.65,26.84,43.06,10.0,13.85,39.97,3.72
36047024400,Kings County,New York,True,67.47,59.08,34.44,29.61,2450,92.79,36.98,23.59,76417,10.52,37.54,68.79,0.14,17.74,12.4,11.35,12.04
36047024500,Kings County,New York,True,68.69,46.7,31.74,1.4,2810,82.75,10.47,9.86,103194,7.78,17.25,36.55,42.73,7.19,7.21,33.08,1.53
36047024600,Kings County,New York,True,44.98,37.5,21.22,28.72,1178,100.0,23.13,22.37,71711,9.46,36.02,46.24,0.73,38.02,10.07,20.57,22.69
36047024700,Kings County,New York,True,90.23,50.92,26.62,6.58,1996,78.45,23.44,25.33,57106,13.62,13.94,25.17,37.65,8.68,14.76,45.59,3.39
36047024800,Kings County,New York,True,53.92,59.32,30.75,23.81,1397,92.59,26.5,13.48,79340,13.45,29.85,55.25,0.31,24.81,16.56,9.63,20.35
36047024900,Kings County,New York,True,93.64,42.35,22.53,4.13,3724,90.7,13.99,22.02,84746,6.51,14.81,35.09,41.19,7.26,13.67,34.59,1.22
36047025000,Kings County,New York,True,52.36,63.08,28.97,13.11,696,85.69,23.74,24.03,51250,25.26,6.77,14.03,0.49,59.18,28.19,39.91,30.03
36047025100,Kings County,New York,True,85.76,51.06,33.95,5.56,3451,53.88,37.42,29.67,58856,12.63,12.33,20.0,60.25,3.26,11.8,34.83,4.52
36047025200,Kings County,New York,True,74.43,59.06,30.3,27.13,3319,94.04,16.35,20.8,54012,14.57,18.68,40.56,1.7,39.04,16.03,20.68,28.7
36047025300,Kings County,New York,True,68.02,33.53,15.48,12.8,2569,57.19,30.53,15.86,115700,4.69,24.28,57.17,21.23,3.51,11.68,21.46,7.63
36047025400,Kings County,New York,True,63.23,61.54,24.5,39.97,2300,85.62,25.31,11.57,89021,11.0,30.08,32.0,0.0,45.56,24.7,16.68,34.92
36047025500,Kings County,New York,True,98.52,57.76,20.28,7.33,4711,94.92,32.21,53.44,26906,13.18,19.47,15.83,28.56,0.28,65.71,36.57,14.23
36047025600,Kings County,New York,True,69.68,57.69,47.01,47.31,1796,95.58,10.09,16.62,71250,21.39,15.45,29.77,0.0,63.13,6.07,14.61,36.88
36047025700,Kings County,New York,True,86.05,46.17,22.58,30.22,2907,36.2,39.08,18.5,88750,5.64,29.55,59.76,6.65,3.89,30.83,14.06,16.3
36047025800,Kings County,New York,True,87.73,57.46,43.18,16.07,3657,92.5,31.39,36.97,67167,15.51,24.26,26.57,6.1,47.62,19.79,28.73,37.73
36047025901,Kings County,New York,True,87.02,63.88,36.12,9.81,1737,48.38,21.38,18.39,90000,4.96,21.29,38.57,29.72,2.07,28.82,34.62,4.58
36047025902,Kings County,New York,True,90.88,54.21,28.13,5.93,3039,81.63,48.55,53.66,,9.35,35.17,11.35,50.76,5.85,41.04,20.65,13.7
36047026000,Kings County,New York,True,62.7,58.67,27.67,13.72,1875,91.93,12.97,21.8,68043,16.36,18.84,30.11,2.89,41.87,26.33,23.5,33.44
36047026100,Kings County,New York,True,97.68,41.74,26.38,9.25,5273,49.02,28.93,19.66,103274,2.04,12.69,27.34,26.03,16.7,28.97,38.67,7.02
36047026200,Kings County,New York,True,46.94,44.17,28.83,27.99,1138,93.7,15.84,20.54,99750,11.34,23.4,27.07,5.18,55.99,13.23,15.56,32.08
36047026300,Kings County,New York,True,69.33,47.51,26.17,7.07,1350,72.28,17.82,16.19,85546,8.08,15.88,28.79,53.47,0.81,11.19,32.59,0.0
36047026400,Kings County,New York,True,72.95,65.01,41.21,15.55,3473,93.17,20.13,20.53,69808,7.18,28.52,32.41,0.0,37.57,28.59,18.19,43.69
36047026500,Kings County,New York,True,80.63,52.58,25.7,5.02,3034,70.78,21.22,16.59,82088,8.07,15.58,28.19,40.5,5.97,16.92,47.8,1.96
36047026600,Kings County,New York,True,75.61,69.95,44.63,10.6,2547,83.97,19.3,36.93,47544,17.6,26.81,45.73,0.85,35.44,27.19,12.46,35.0
36047026700,Kings County,New York,True,71.67,34.91,14.96,2.53,2518,90.78,6.23,10.99,150386,12.99,12.5,33.03,38.99,4.78,16.1,28.9,0.56
36047026800,Kings County,New York,True,65.2,41.52,17.78,12.01,2634,92.24,14.3,15.39,90442,17.93,22.53,46.76,0.52,45.79,7.43,19.34,29.91
36047026900,Kings County,New York,True,76.5,64.15,26.63,3.11,2248,88.51,18.29,15.75,96006,10.77,20.82,23.0,44.31,2.73,30.26,33.03,1.79
36047027000,Kings County,New York,True,71.92,49.34,31.56,26.67,1941,87.51,25.14,32.08,62083,16.96,25.1,57.16,0.0,30.13,13.13,26.6,18.97
36047027100,Kings County,New York,True,87.7,48.55,25.76,12.61,3075,35.6,14.63,24.29,84412,9.75,19.22,17.85,67.55,2.82,9.15,40.37,3.09
36047027200,Kings County,New York,True,66.71,53.7,44.14,17.19,2834,78.18,26.05,24.83,59802,15.79,18.75,36.32,4.85,37.63,22.59,28.25,37.91
36047027300,Kings County,New York,True,60.21,46.22,21.9,7.95,1924,75.18,8.35,16.76,122093,18.08,23.35,10.27,70.79,3.86,12.76,23.73,2.6
36047027400,Kings County,New York,True,60.63,66.92,39.47,1.84,1696,96.1,10.48,14.88,49800,28.78,14.61,53.41,0.0,33.84,10.74,22.27,37.17
36047027500,Kings County,New York,True,57.57,49.2,19.09,2.04,2516,98.73,23.81,21.55,84756,13.11,16.71,12.99,71.74,1.12,7.53,24.73,3.21
36047027600,Kings County,New York,True,73.88,59.48,39.44,16.32,2630,94.74,16.48,17.23,63447,16.79,24.29,33.29,0.0,43.64,22.47,13.68,29.88
36047027700,Kings County,New York,True,85.42,48.38,33.5,10.37,3740,78.84,28.77,38.25,61042,12.27,23.89,13.06,67.77,2.0,20.5,39.4,1.41
36047027800,Kings County,New York,True,72.74,41.0,19.71,16.18,2041,83.45,12.44,9.82,68792,22.97,22.02,41.74,3.51,48.21,4.08,25.93,20.3
36047027900,Kings County,New York,True,62.53,58.42,27.0,5.77,2450,83.24,17.98,13.65,91771,9.19,19.29,34.53,47.73,2.13,12.73,22.81,0.76
36047028000,Kings County,New York,True,49.75,39.3,29.82,19.59,823,88.15,10.95,20.0,95208,19.26,20.73,40.52,0.18,34.07,28.81,21.68,29.37
36047028100,Kings County,New York,True,94.36,57.76,35.36,11.79,4947,64.68,37.54,41.56,45850,8.23,23.19,15.23,44.98,3.84,34.48,32.89,7.73
36047028200,Kings County,New York,True,60.84,63.13,50.0,20.99,2042,91.7,23.4,24.2,52926,22.26,22.57,40.85,2.35,31.46,19.64,25.04,29.09
36047028300,Kings County,New York,True,85.48,47.91,23.39,6.94,3353,91.58,29.92,34.97,53040,12.8,18.06,17.2,44.67,3.24,31.74,23.8,6.52
36047028400,Kings County,New York,True,86.85,55.15,26.58,11.16,2891,81.49,21.12,31.07,59954,16.41,21.52,49.66,0.38,40.82,18.37,34.05,24.73
36047028501,Kings County,New York,True,98.13,58.73,36.51,0.0,490,29.6,32.39,29.28,57969,6.28,3.74,47.71,22.58,6.79,26.99,57.01,4.58
36047028502,Kings County,New York,True,100.0,59.57,21.04,6.66,3144,98.6,53.24,61.16,14944,22.2,27.93,0.86,53.47,0.0,51.97,40.27,9.53
36047028600,Kings County,New York,True,91.42,70.42,33.4,21.03,4519,87.24,43.68,38.56,47923,13.55,39.96,38.57,8.11,24.82,9.78,46.34,37.24
36047028700,Kings County,New York,True,84.74,43.05,10.79,10.05,2675,68.73,36.04,31.21,106462,4.62,19.57,25.19,41.52,5.83,30.69,31.52,8.76
36047028800,Kings County,New York,True,68.92,31.36,19.08,20.8,2180,88.53,21.99,18.25,77042,18.31,21.83,24.99,0.0,50.48,23.34,24.93,31.43
36047028900,Kings County,New York,True,86.26,55.22,28.88,3.91,3232,78.07,33.87,36.91,50152,11.5,16.47,27.03,40.78,2.27,31.44,27.8,3.54
36047029000,Kings County,New York,True,78.97,52.31,26.95,11.33,2813,92.75,27.95,32.14,62731,23.69,21.27,58.65,0.27,21.73,18.52,41.67,22.73
36047029100,Kings County,New York,True,69.06,63.27,43.21,3.59,2140,64.11,19.21,24.47,88153,11.56,17.08,19.73,57.06,3.99,14.82,32.25,2.2
36047029200,Kings County,New York,True,69.33,64.4,34.59,18.07,1609,89.15,17.27,33.23,55653,18.15,15.87,36.67,5.76,41.66,15.59,34.62,36.02
36047029300,Kings County,New York,True,77.98,42.25,21.3,3.0,2174,94.02,35.43,42.46,36833,18.48,22.1,10.56,60.3,2.42,25.65,30.54,0.92
36047029400,Kings County,New York,True,69.49,37.22,16.38,16.95,932,94.67,17.82,19.57,91544,30.79,14.38,36.15,13.85,27.99,18.63,35.66,23.3
36047029500,Kings County,New York,True,60.02,56.12,40.3,0.0,2517,96.12,23.72,19.99,94227,13.18,18.4,22.11,60.94,1.26,9.89,29.69,0.65
36047029600,Kings County,New York,True,74.01,56.65,30.66,27.11,5058,80.57,28.78,28.36,66349,15.13,27.49,40.07,0.96,26.04,31.05,18.25,35.19
36047029700,Kings County,New York,True,63.93,62.93,43.64,5.78,2581,91.7,23.2,26.57,70536,14.56,25.25,20.13,68.31,1.57,6.37,36.42,2.32
36047029800,Kings County,New York,True,73.42,62.46,31.16,16.69,2419,84.82,19.91,22.16,61059,14.37,26.03,43.51,0.1,40.34,17.08,18.47,23.59
36047029900,Kings County,New York,True,76.58,63.25,18.49,4.5,2240,53.64,29.58,30.47,65433,12.2,22.21,19.53,64.6,2.91,12.08,28.55,2.86
36047030000,Kings County,New York,True,74.67,49.19,27.35,21.46,3267,83.52,18.37,25.11,73981,14.02,20.96,31.26,6.17,36.4,24.25,21.57,28.05
36047030100,Kings County,New York,True,68.63,54.81,25.96,5.93,2208,76.11,21.39,14.74,98438,9.08,23.43,20.53,70.8,0.98,9.74,27.4,0.82
36047030200,Kings County,New York,True,56.39,46.02,26.91,15.68,1887,90.24,17.97,23.2,76005,19.64,16.26,24.16,1.48,61.58,10.1,17.61,28.51
36047030300,Kings County,New York,True,81.67,51.94,26.53,7.47,3875,54.71,27.81,41.58,43275,20.21,18.71,6.1,73.27,0.73,13.91,40.31,2.15
36047030400,Kings County,New York,True,53.29,54.72,34.67,22.32,1967,82.22,13.69,20.07,68581,26.67,19.71,28.49,1.22,56.64,12.46,20.73,30.9
36047030500,Kings County,New York,True,87.91,41.01,17.2,4.47,5918,61.87,13.05,17.05,122353,9.4,18.44,36.51,38.06,4.55,19.6,40.73,1.36
36047030600,Kings County,New York,True,34.52,89.25,69.63,3.88,656,78.71,13.73,20.09,65985,21.7,12.51,51.18,0.58,39.46,15.5,18.15,15.95
36047030700,Kings County,New York,True,82.63,63.09,27.52,4.99,5242,77.53,27.93,34.5,50049,13.53,28.61,9.46,72.76,4.81,11.35,31.28,1.48
36047030800,Kings County,New York,True,32.68,81.74,48.86,17.67,536,77.21,12.05,34.51,50865,29.3,13.34,53.57,0.89,33.87,11.27,33.1,25.99
36047030900,Kings County,New York,True,85.42,54.45,34.22,6.52,1916,63.07,37.15,32.05,66889,7.99,26.24,6.8,75.08,1.4,14.7,32.8,1.61
36047031100,Kings County,New York,True,72.08,48.24,14.62,14.55,2453,81.76,21.96,10.72,106845,5.01,23.03,26.29,47.57,9.28,14.2,31.85,0.91
36047031300,Kings County,New York,True,85.6,34.1,26.5,2.05,2854,98.39,17.46,22.71,105407,19.75,8.34,22.24,56.76,1.02,10.03,60.87,1.11
36047031401,Kings County,New York,True,47.67,52.51,23.69,4.9,2166,83.9,10.2,25.08,101193,23.29,14.17,51.63,0.67,30.86,16.14,27.52,23.63
36047031402,Kings County,New York,False,,,,,0,,,,,,,,,,,,
36047031500,Kings County,New York,True,93.03,44.2,16.08,3.16,4699,89.4,14.46,9.75,100899,7.18,14.06,33.17,48.66,7.41,6.72,38.05,2.6
36047031701,Kings County,New York,True,84.89,34.4,11.63,2.15,3128,91.05,11.07,9.41,101806,11.98,8.05,24.21,64.19,3.58,3.84,28.04,0.4
36047031702,Kings County,New York,True,72.44,33.18,10.01,14.93,2388,79.9,10.14,8.44,115512,10.63,17.64,31.34,49.78,4.06,13.47,33.42,2.19
36047031900,Kings County,New York,True,73.85,44.31,31.26,16.36,2231,94.44,7.24,23.17,90357,19.4,24.38,44.08,49.27,2.96,3.69,24.08,1.9
36047032100,Kings County,New York,True,84.14,41.9,30.04,12.28,3824,83.88,15.5,16.0,86685,10.57,8.55,21.8,43.58,7.53,21.68,30.9,3.89
36047032300,Kings County,New York,True,79.06,47.35,33.39,0.0,2499,85.74,16.83,25.01,83815,19.56,15.66,16.13,64.61,2.76,11.09,36.52,0.63
36047032500,Kings County,New York,True,95.8,36.26,17.38,25.3,7755,96.39,9.27,11.38,94328,13.47,22.64,12.13,80.91,0.53,2.45,23.39,5.04
36047032600,Kings County,New York,True,78.23,54.45,22.56,21.59,8595,74.55,34.19,24.17,49911,7.2,39.0,12.66,42.7,12.3,30.78,19.83,24.59
36047032700,Kings County,New York,True,79.86,49.03,24.93,5.56,2275,78.39,13.05,18.94,82554,15.77,20.34,39.8,42.42,1.31,13.93,49.08,3.08
36047032800,Kings County,New York,True,62.83,68.94,49.5,12.48,1601,56.0,27.29,35.29,53526,28.18,17.49,13.52,33.11,35.06,19.82,18.98,30.43
36047032900,Kings County,New York,True,72.51,55.06,40.55,9.43,3411,96.26,23.08,25.65,92193,11.68,21.92,43.28,39.22,7.61,4.44,32.67,1.28
36047033000,Kings County,New York,True,95.58,53.95,28.59,6.73,4428,85.24,40.99,54.99,23583,20.67,26.18,18.13,39.06,8.05,31.39,35.49,17.2
36047033100,Kings County,New York,True,82.1,51.78,34.05,10.62,2779,96.88,29.67,37.81,44347,19.52,20.98,41.94,47.1,0.0,4.66,41.94,3.75
36047033300,Kings County,New York,True,63.76,62.95,24.7,14.47,2358,84.57,20.47,18.89,103333,13.3,35.05,74.84,13.48,0.0,7.99,23.28,2.35
36047033500,Kings County,New York,True,47.48,58.69,40.41,16.56,1577,99.22,17.44,12.58,102188,14.19,22.63,49.72,32.11,0.37,9.08,8.39,3.47
36047033600,Kings County,New York,True,47.36,56.14,33.17,16.31,2104,81.89,10.68,19.97,76719,22.91,26.31,86.06,2.81,4.35,6.4,25.5,23.79
36047033701,Kings County,New York,True,79.37,53.33,29.2,5.6,1974,94.57,11.47,18.41,93620,17.91,22.9,42.6,44.06,1.35,7.29,27.51,4.16
36047033702,Kings County,New York,True,64.52,44.75,35.08,4.58,944,94.79,15.21,22.09,87165,13.2,27.25,59.61,28.9,2.11,12.09,18.78,1.4
36047033900,Kings County,New York,True,69.18,54.71,30.74,7.29,3147,77.13,25.29,27.0,61979,20.27,24.3,18.91,51.14,7.18,7.6,38.27,3.48
36047034000,Kings County,New York,True,100.0,46.61,30.32,2.95,1527,79.66,37.97,47.86,32983,40.06,19.48,28.31,43.65,2.26,34.07,19.88,16.95
36047034100,Kings County,New York,True,91.23,52.66,41.06,0.0,2072,97.62,19.62,32.2,95300,20.79,12.95,33.19,42.28,1.72,18.06,34.75,2.41
36047034200,Kings County,New York,True,95.18,58.88,27.08,9.3,5630,81.24,33.97,59.86,22872,33.48,19.53,24.73,38.95,5.52,30.48,39.22,27.27
36047034300,Kings County,New York,True,88.85,69.34,28.71,0.0,4015,100.0,43.34,51.69,28750,18.73,22.19,11.68,51.91,2.09,25.44,40.38,14.13
36047034500,Kings County,New York,True,71.29,46.18,11.64,14.96,1579,89.28,8.45,11.67,81850,9.99,16.39,34.59,49.61,2.29,12.13,29.54,1.58
36047034700,Kings County,New York,True,78.01,54.31,34.94,4.89,2628,70.35,21.67,28.01,42457,15.72,20.25,7.62,79.8,0.0,7.46,48.23,2.2
36047034800,Kings County,New York,True,92.32,66.67,43.67,27.6,2715,46.96,20.52,20.68,53710,6.94,34.01,12.42,9.86,9.83,52.18,21.0,18.53
36047034901,Kings County,New York,True,97.43,42.75,35.56,3.27,2194,87.57,18.5,35.37,82521,8.91,27.5,21.21,51.76,0.0,27.58,15.54,0.0
36047034902,Kings County,New York,True,95.57,66.86,24.72,12.04,3279,87.57,15.64,39.13,34381,10.04,27.18,15.55,78.83,0.0,8.19,48.95,2.13
36047035000,Kings County,New York,True,72.13,51.27,22.66,8.86,2255,97.11,13.28,29.8,56891,46.86,10.57,99.62,0.0,0.0,0.19,37.43,38.51
36047035101,Kings County,New York,True,99.21,72.88,31.22,7.01,1678,86.99,26.17,25.85,53626,10.26,33.26,7.15,82.71,0.0,16.77,44.23,2.33
36047035102,Kings County,New York,True,89.88,37.09,19.23,24.23,2828,85.77,31.35,31.71,70030,14.29,26.71,12.44,60.29,1.53,18.26,20.92,8.51
36047035200,Kings County,New York,True,99.51,61.68,19.42,0.86,1018,79.81,60.12,70.89,13240,51.41,8.63,53.04,38.33,2.16,6.87,78.08,26.42
36047035301,Kings County,New York,True,100.0,69.11,41.92,11.83,2382,87.11,41.42,34.95,46789,5.64,8.1,18.28,58.48,9.34,15.67,40.59,15.96
36047035302,Kings County,New York,True,72.78,50.14,34.36,12.2,2217,92.56,15.04,15.58,85234,18.73,23.86,31.43,53.49,0.0,15.8,17.36,1.63
36047035400,Kings County,New York,True,50.84,52.21,39.75,11.29,2919,96.01,9.66,34.24,63382,36.94,16.58,92.97,0.33,0.54,4.53,37.01,22.69
36047035500,Kings County,New York,True,91.34,46.84,25.46,8.95,4662,98.04,11.45,16.97,75139,21.48,20.04,18.65,69.3,0.0,6.06,31.72,5.68
36047035601,Kings County,New York,True,70.79,79.01,54.94,3.34,1453,95.04,18.96,50.61,28750,55.16,7.52,91.23,0.95,4.56,2.32,52.25,40.11
36047035602,Kings County,New York,True,59.43,74.68,48.44,30.85,3962,88.33,15.61,25.69,50456,37.33,13.77,86.7,1.49,3.69,4.3,35.3,28.75
36047035701,Kings County,New York,True,97.38,61.99,41.86,9.76,2369,96.66,37.53,44.25,45313,10.97,24.56,2.92,67.56,0.0,13.43,56.83,2.07
36047035702,Kings County,New York,False,,,,,0,,,,,,,,,,,,
36047035900,Kings County,New York,True,87.04,47.42,34.5,13.07,5263,70.1,21.58,36.72,62774,10.3,23.64,3.64,79.58,3.9,7.24,33.67,3.09
36047036001,Kings County,New York,True,85.33,74.78,44.71,21.06,2436,92.78,35.34,48.88,30877,40.23,14.87,84.6,0.67,6.15,3.02,61.14,43.86
36047036002,Kings County,New York,True,93.24,72.05,48.02,23.32,3460,94.23,24.64,49.75,30176,47.63,7.8,81.35,2.95,3.0,0.51,53.56,51.44
36047036100,Kings County,New York,True,91.25,38.98,29.66,0.0,2522,50.19,36.88,43.93,37035,19.36,15.63,5.0,64.29,0.24,33.5,37.54,4.18
36047036200,Kings County,New York,True,79.23,75.06,33.11,40.21,2500,72.63,37.91,30.45,52023,12.04,24.34,42.59,2.69,26.54,15.73,28.82,24.55
36047036300,Kings County,New York,True,78.95,47.09,22.26,8.36,4048,50.04,19.45,27.65,58091,11.69,23.26,0.64,77.02,0.0,17.48,36.82,1.18
36047036400,Kings County,New York,True,62.93,68.87,24.03,46.76,1467,63.43,15.56,18.85,63480,19.41,16.3,45.54,0.87,19.76,22.81,19.37,22.92
36047036501,Kings County,New York,True,90.49,36.81,20.95,12.11,2643,94.62,17.46,23.08,67165,21.38,18.06,0.0,84.23,2.48,10.9,45.28,2.48
36047036502,Kings County,New York,True,89.26,65.23,35.85,1.2,1601,20.91,27.18,30.2,67038,10.0,31.1,1.09,64.21,0.8,42.61,28.05,3.86
36047036600,Kings County,New York,True,77.31,60.78,33.2,41.85,3111,87.53,22.93,21.69,52385,16.83,23.31,41.13,3.81,17.68,23.77,37.32,30.19
36047036700,Kings County,New York,True,68.23,67.03,51.08,2.91,1349,92.32,28.41,23.12,70426,11.0,17.93,26.54,41.22,0.86,41.56,35.18,7.21
36047036900,Kings County,New York,True,83.79,50.92,35.37,5.25,4608,66.07,25.68,27.45,48583,12.74,17.51,14.22,35.1,5.12,41.5,40.65,11.32
36047037000,Kings County,New York,True,41.85,65.51,25.82,33.44,1957,91.43,13.52,16.23,69493,26.71,15.06,54.97,5.47,27.81,9.88,29.07,13.47
36047037100,Kings County,New York,True,69.16,57.69,31.69,14.14,2649,57.87,19.13,23.78,87679,4.66,19.68,11.37,68.6,1.79,16.52,29.17,4.88
36047037300,Kings County,New York,True,77.73,46.18,17.51,17.52,3732,77.95,20.54,25.6,71786,18.32,16.01,12.88,59.89,4.08,20.62,31.16,5.67
36047037401,Kings County,New York,True,66.52,56.94,34.75,16.53,2493,98.21,15.93,30.84,59004,18.39,25.03,67.07,1.6,16.71,12.8,28.92,23.88
36047037402,Kings County,New York,True,80.14,61.35,38.48,26.86,4944,94.67,18.77,29.75,57118,23.46,25.79,68.54,4.64,15.63,8.75,27.5,30.69
36047037500,Kings County,New York,True,84.49,54.93,22.23,3.57,2949,60.37,20.64,16.03,91985,9.69,18.7,17.34,51.49,6.83,25.53,39.29,0.72
36047037700,Kings County,New York,True,63.49,62.72,27.2,0.0,2798,84.32,19.84,23.06,71786,15.4,23.14,21.38,67.29,1.85,11.14,25.1,2.68
36047037900,Kings County,New York,True,72.03,65.75,31.2,5.7,2836,58.28,35.24,29.1,67949,16.92,19.79,9.02,80.81,0.8,6.7,34.41,0.0
36047038100,Kings County,New York,True,82.91,44.76,27.1,8.59,4153,81.6,18.98,18.55,70867,12.92,12.26,19.4,61.44,3.85,15.45,37.43,0.22
36047038200,Kings County,New York,True,91.79,61.59,38.03,8.78,4821,94.76,47.82,66.8,22332,22.68,32.8,12.77,52.57,17.99,20.25,31.34,17.45
36047038300,Kings County,New York,True,64.87,47.15,30.99,3.21,3586,87.24,21.94,14.83,87786,13.7,16.26,15.31,50.02,2.73,23.23,28.36,3.69
36047038500,Kings County,New York,True,69.38,42.63,20.38,1.83,2212,87.88,12.95,10.25,114375,16.3,10.38,34.37,39.42,2.62,10.62,39.53,0.0
36047038600,Kings County,New York,True,60.96,52.15,29.51,14.2,1658,90.03,12.75,18.88,91857,19.4,14.56,33.6,1.91,43.2,14.46,17.68,28.46
36047038700,Kings County,New York,True,53.03,54.75,35.94,0.0,2287,67.4,25.95,31.77,93221,8.75,18.43,19.37,50.58,12.95,9.41,20.35,1.61
36047038800,Kings County,New York,True,59.02,58.54,38.31,22.48,3251,97.92,18.92,16.41,83558,7.4,32.02,73.04,1.92,3.64,13.75,17.65,18.55
36047038900,Kings County,New York,True,74.46,48.54,21.44,19.71,2290,60.67,12.78,12.09,98819,5.65,6.93,37.9,6.5,6.47,47.82,34.17,13.68
36047039000,Kings County,New York,True,39.09,65.16,41.46,26.58,869,95.71,28.35,16.75,72143,15.07,33.57,90.19,0.0,7.12,1.94,25.45,9.68
36047039100,Kings County,New York,True,97.99,43.97,26.61,10.73,5322,16.13,24.52,24.06,103796,4.4,15.79,33.27,11.27,10.41,45.73,38.32,4.99
36047039200,Kings County,New York,True,67.56,68.22,47.23,20.79,1950,98.24,16.53,28.28,54483,10.64,34.55,71.21,9.77,1.49,17.31,32.9,13.95
36047039300,Kings County,New York,True,83.93,43.23,28.03,7.61,2873,57.15,16.32,28.36,112566,5.5,11.8,29.78,20.38,7.95,36.05,40.66,7.16
36047039400,Kings County,New York,True,61.4,66.1,50.85,22.27,1298,89.2,30.23,34.05,62875,11.29,36.79,87.69,0.4,4.74,8.32,24.93,11.44
36047039500,Kings County,New York,True,81.11,61.85,31.37,1.95,2968,72.78,27.14,33.84,84219,8.6,8.77,36.86,25.79,6.1,30.93,40.63,9.8
36047039600,Kings County,New York,True,47.7,75.54,59.71,11.18,638,89.31,16.8,25.48,69563,15.75,21.14,79.45,4.16,0.0,11.94,36.44,2.41
36047039700,Kings County,New York,True,93.3,65.85,26.63,6.57,3089,77.01,21.94,24.78,74291,5.78,6.73,27.06,34.51,0.39,32.84,39.11,3.6
36047039800,Kings County,New York,True,33.5,56.03,20.62,32.1,990,76.11,10.98,14.09,89750,16.9,26.49,32.02,0.0,52.13,7.27,11.99,14.77
36047039900,Kings County,New York,True,81.22,50.19,30.85,10.99,2952,72.64,28.32,40.55,50329,15.89,19.01,13.91,33.4,6.76,50.01,42.08,6.33
36047040000,Kings County,New York,True,63.63,52.46,32.02,18.82,1562,93.22,20.05,29.99,58941,16.54,18.64,28.05,1.36,44.55,24.47,28.51,28.43
36047040100,Kings County,New York,True,79.56,67.74,32.07,4.67,2360,68.41,27.59,26.38,69616,15.5,8.8,28.98,29.76,3.22,42.28,30.38,8.25
36047040200,Kings County,New York,True,54.53,68.54,48.54,2.85,1056,89.42,30.12,26.68,76250,18.48,16.57,16.28,0.0,69.22,15.74,26.55,31.09
36047040300,Kings County,New York,True,64.0,40.53,9.87,7.14,2749,75.22,13.05,13.1,103792,6.73,13.44,32.65,50.25,3.16,12.78,20.62,1.74
36047040400,Kings County,New York,True,53.01,44.94,12.59,18.04,1469,81.67,10.14,14.29,106442,14.29,21.35,28.07,1.65,54.3,13.33,13.81,30.74
36047040500,Kings County,New York,True,87.06,65.75,21.92,7.77,1092,65.11,11.92,10.59,69437,12.16,10.89,34.6,33.76,4.96,36.42,22.21,6.05
36047040600,Kings County,New York,True,67.02,52.91,37.01,12.06,2126,90.75,12.2,24.9,79941,14.98,20.8,29.09,0.89,54.72,11.19,8.46,26.82
36047040700,Kings County,New York,False,,,,,0,,,,,,,,,,,,
36047040800,Kings County,New York,True,50.09,70.8,56.2,21.68,1756,97.07,25.92,20.97,78750,14.12,24.76,27.91,2.04,51.71,18.34,16.29,28.61
36047040900,Kings County,New York,True,86.77,63.38,39.94,3.26,3244,92.23,20.07,11.09,78220,17.3,22.13,24.34,12.67,3.86,53.1,12.92,15.31
36047041000,Kings County,New York,True,42.75,57.89,43.98,0.0,636,97.45,15.48,33.77,60694,22.8,23.38,59.66,0.42,26.8,14.74,28.7,15.67
36047041100,Kings County,New York,True,76.99,77.3,38.59,6.43,1596,59.01,26.42,39.71,63125,13.3,21.17,22.27,22.31,6.16,41.73,36.02,6.02
36047041200,Kings County,New York,True,58.64,41.76,20.98,20.26,1770,85.33,14.52,20.68,95152,24.7,21.01,44.68,2.76,48.48,4.91,27.17,37.96
36047041300,Kings County,New York,True,66.6,54.34,12.54,0.0,2362,58.85,19.81,21.6,110996,12.83,9.4,25.08,27.76,3.82,38.46,27.54,10.64
36047041401,Kings County,New York,True,41.88,66.33,58.16,30.1,704,88.25,29.99,21.58,71944,19.81,26.52,71.95,4.69,3.56,16.41,28.63,12.43
36047041402,Kings County,New York,True,77.67,76.58,55.85,20.63,1518,70.67,25.52,45.21,39048,24.05,28.61,63.72,1.65,15.18,10.86,23.84,25.18
36047041500,Kings County,New York,True,78.59,38.65,10.82,8.41,3103,68.47,14.67,13.89,96110,13.79,16.4,19.56,43.74,2.0,29.21,30.14,13.6
36047041600,Kings County,New York,True,67.94,55.28,29.44,16.49,1181,94.05,19.45,29.36,63425,27.8,26.46,53.59,2.58,5.89,18.33,24.82,12.87
36047041700,Kings County,New York,True,86.17,56.04,36.8,30.55,3013,51.99,34.36,47.0,32028,24.54,20.46,6.53,33.86,4.2,61.99,36.66,17.28
36047041800,Kings County,New York,True,72.9,46.35,27.41,22.52,1409,94.18,19.74,36.39,46607,23.87,29.62,83.36,0.21,10.04,4.04,36.39,17.43
36047041900,Kings County,New York,True,85.25,56.26,33.43,8.79,3037,54.11,32.45,33.6,73958,15.15,20.09,16.18,31.7,5.06,45.79,30.62,5.7
36047042000,Kings County,New York,True,47.96,78.04,25.7,36.6,858,97.4,13.08,9.8,88700,17.87,32.55,85.32,0.6,2.11,9.27,16.33,9.67
36047042100,Kings County,New York,True,82.51,48.45,30.66,7.63,3702,52.58,26.72,19.11,94209,7.94,15.24,33.96,12.69,8.74,49.98,22.28,9.16
36047042200,Kings County,New York,True,60.27,70.54,47.83,34.9,2056,78.91,29.34,34.05,73033,11.44,30.92,52.48,1.55,8.41,27.54,27.01,18.12
36047042300,Kings County,New York,True,88.87,42.24,27.54,14.51,3521,42.78,9.22,7.0,123750,7.56,13.35,37.61,8.51,7.19,47.14,16.23,12.99
36047042400,Kings County,New York,True,70.73,54.92,31.08,14.12,2388,90.54,21.13,31.47,70060,25.33,21.62,37.74,5.16,46.01,10.56,24.36,32.69
36047042500,Kings County,New York,True,84.41,53.97,15.79,6.91,2438,49.83,14.49,14.81,86316,11.89,15.28,32.93,7.75,3.4,65.93,43.03,12.22
36047042600,Kings County,New York,True,65.45,64.89,35.21,16.0,2768,95.88,22.42,23.94,71840,17.67,26.81,38.05,1.06,33.13,28.93,26.15,28.11
36047042700,Kings County,New York,True,90.49,48.83,17.9,4.61,3528,65.89,11.74,15.39,92250,6.37,6.64,44.14,9.32,4.88,38.19,29.5,11.85
36047042800,Kings County,New York,True,64.37,48.61,24.18,18.7,2145,86.7,5.09,21.46,88656,19.17,19.77,51.46,2.17,31.38,8.66,23.83,36.26
36047042900,Kings County,New York,True,92.39,70.15,37.6,9.24,4222,79.49,27.11,26.45,65000,11.58,15.96,25.18,6.46,6.44,53.74,24.48,19.12
36047043000,Kings County,New York,True,82.69,48.61,21.72,30.3,3113,92.67,13.94,17.74,75417,14.98,20.81,46.67,1.01,29.11,16.91,14.77,37.79
36047043100,Kings County,New York,True,94.95,62.43,23.98,10.1,3774,80.44,10.14,8.02,90745,3.36,12.37,39.23,12.53,8.54,38.98,31.02,9.47
36047043200,Kings County,New York,True,65.92,57.67,34.65,26.06,2411,85.45,14.95,22.97,79667,18.17,16.65,35.49,0.15,50.83,9.83,23.11,24.62
36047043300,Kings County,New York,True,89.04,55.77,32.61,10.2,3274,46.53,29.91,32.18,59551,16.43,17.99,13.68,20.87,4.62,61.21,22.61,12.03
36047043400,Kings County,New York,True,73.14,60.68,37.97,32.83,2901,76.71,31.04,31.83,66763,15.8,33.63,34.31,1.34,27.77,24.0,15.8,29.19
36047043500,Kings County,New York,True,78.64,70.89,54.06,12.76,3918,84.98,29.45,34.39,67778,10.01,19.38,25.34,10.88,7.41,59.49,20.35,11.38
36047043600,Kings County,New York,True,69.45,53.95,15.3,17.5,3089,89.39,20.55,15.38,83284,12.76,22.71,37.13,2.33,32.9,27.02,20.62,26.47
36047043700,Kings County,New York,True,84.03,52.18,27.61,5.36,4375,84.51,19.35,29.59,77904,8.03,11.62,20.12,15.81,1.17,63.35,22.28,14.39
36047043800,Kings County,New York,True,79.32,58.95,39.53,23.86,2060,76.36,17.35,24.2,70066,22.06,33.4,59.53,2.65,12.06,13.99,28.27,19.88
36047043900,Kings County,New York,True,58.42,63.31,14.33,9.82,1860,71.2,16.3,11.65,114318,13.4,18.14,12.34,20.49,12.75,59.16,24.64,12.0
36047044000,Kings County,New York,True,68.89,60.74,23.72,19.41,1785,88.7,16.47,21.28,88344,10.52,40.53,77.38,0.31,8.86,12.68,22.78,8.43
36047044100,Kings County,New York,True,91.35,47.95,32.13,16.72,4157,67.55,25.93,19.45,78526,6.51,16.97,28.09,7.33,5.5,62.74,38.11,13.44
36047044200,Kings County,New York,True,51.16,70.03,44.19,16.36,1095,91.77,19.71,33.26,62708,25.31,24.6,90.61,0.88,0.66,5.34,38.72,9.35
36047044300,Kings County,New York,True,86.89,50.21,26.54,12.74,4164,76.75,10.38,17.62,94517,7.24,12.36,51.35,3.92,6.88,36.6,36.89,12.3
36047044400,Kings County,New York,True,75.56,56.41,35.6,13.92,2083,92.87,31.98,29.54,67554,17.52,25.92,82.93,0.04,7.96,9.9,24.44,16.6
36047044500,Kings County,New York,True,85.92,57.11,28.67,13.7,3410,87.32,14.55,16.44,86717,12.3,13.77,29.21,5.1,17.62,49.37,29.85,12.38
36047044600,Kings County,New York,True,53.06,61.38,23.35,34.02,1214,86.68,5.46,12.56,69099,12.44,29.3,39.47,1.22,44.7,9.47,14.91,24.49
36047044700,Kings County,New York,True,93.63,51.62,24.19,8.03,1761,93.01,34.52,18.27,89511,7.02,4.54,45.01,9.41,1.88,36.11,40.08,6.28
36047044800,Kings County,New York,True,47.96,42.61,22.03,24.45,1035,98.4,5.59,13.97,96639,22.88,29.15,74.19,1.88,7.11,6.84,38.08,4.6
36047044901,Kings County,New York,True,99.23,41.81,6.36,0.29,2374,97.65,26.3,31.29,78774,13.55,17.97,28.36,48.73,2.73,18.34,50.81,11.79
36047044902,Kings County,New York,False,,,,,0,,,,,,,,,,,,
36047045000,Kings County,New York,True,33.11,94.05,17.86,10.2,351,77.03,49.96,23.99,90893,13.78,41.5,70.79,0.44,3.66,8.72,11.49,2.29
36047045200,Kings County,New York,True,54.04,69.18,42.69,5.6,1373,90.24,8.76,17.94,74250,21.63,33.43,79.75,3.3,2.91,1.49,27.58,5.38
36047045300,Kings County,New York,True,100.0,53.79,36.63,17.42,1393,94.66,38.62,31.63,70598,14.76,2.25,37.74,19.31,4.5,31.93,26.5,10.97
36047045400,Kings County,New York,True,58.76,44.87,32.05,37.18,1282,100.0,11.66,10.17,94607,13.78,32.14,44.14,23.61,2.02,28.58,12.24,10.76
36047045600,Kings County,New York,True,79.68,42.86,24.3,23.66,1751,96.11,22.02,30.11,70329,21.55,22.57,49.83,1.02,27.35,24.01,18.85,27.14
36047045800,Kings County,New York,True,32.03,59.18,35.37,0.0,285,90.55,7.43,25.27,58958,21.56,33.36,95.63,1.31,0.51,0.0,34.2,4.94
36047046000,Kings County,New York,True,57.84,60.71,35.18,23.88,1578,92.2,20.05,19.33,97188,18.15,24.59,36.2,4.37,36.77,18.02,35.09,12.67
36047046201,Kings County,New York,True,63.9,62.3,25.48,19.88,1502,96.91,18.07,35.82,63375,23.32,26.66,57.72,0.04,20.6,22.54,49.28,26.81
36047046202,Kings County,New York,True,41.99,73.54,31.22,18.04,605,100.0,12.61,14.94,85536,10.61,42.27,79.21,0.0,15.26,4.7,11.69,13.74
36047046400,Kings County,New York,True,50.16,60.63,46.46,28.25,1417,76.66,32.25,24.52,72422,6.85,54.37,93.75,0.18,1.86,2.74,15.76,7.61
36047046800,Kings County,New York,True,60.4,86.5,63.71,15.89,944,84.85,11.23,34.8,41343,15.72,42.94,94.09,0.33,5.42,0.16,19.6,2.24
36047047000,Kings County,New York,True,40.15,72.15,37.9,41.83,1187,81.41,21.38,21.83,75069,13.58,45.07,87.45,0.0,0.0,0.08,8.85,2.26
36047047200,Kings County,New York,True,47.94,67.74,40.5,33.73,1631,84.64,27.71,26.81,71635,22.43,45.39,91.76,0.85,0.0,1.02,15.74,3.91
36047047400,Kings County,New York,True,58.16,43.84,25.5,27.83,1786,83.37,24.88,19.75,99769,13.39,48.3,83.93,2.83,0.62,2.96,6.31,11.88
36047047600,Kings County,New York,True,52.81,37.95,26.36,30.88,2019,73.78,22.92,20.41,61250,9.83,52.08,89.73,3.65,1.63,0.65,28.08,2.18
36047047700,Kings County,New York,True,78.8,31.44,14.06,2.22,3068,49.49,9.14,5.14,179175,4.44,9.9,77.0,0.48,7.61,8.98,31.9,0.0
36047047800,Kings County,New York,True,67.55,66.71,40.29,33.29,3039,82.46,26.56,22.24,60590,7.22,41.99,74.16,2.23,6.99,13.56,8.05,8.12
36047048000,Kings County,New York,True,85.07,75.44,36.9,38.74,3105,80.22,42.32,29.66,52940,10.64,37.59,46.36,0.54,24.46,20.86,9.68,22.2
36047048100,Kings County,New York,True,79.42,46.68,24.87,5.85,2332,62.93,14.75,17.05,94896,11.96,19.1,46.61,7.77,7.21,36.35,41.37,5.64
36047048200,Kings County,New York,True,65.61,57.36,29.15,26.77,3579,84.49,19.62,21.07,58234,17.26,19.53,40.07,4.27,35.3,19.32,38.64,22.86
36047048400,Kings County,New York,True,83.69,37.1,21.47,13.42,3897,80.12,7.51,14.99,96964,13.17,22.05,57.25,13.8,12.97,15.13,24.31,9.89
36047048500,Kings County,New York,True,88.91,47.85,18.17,17.85,1998,65.11,25.22,15.87,130278,5.95,9.88,60.66,12.41,8.7,25.79,23.8,4.49
36047048600,Kings County,New York,True,73.68,64.12,47.72,20.47,2245,93.03,14.5,12.43,65714,8.03,39.01,13.14,21.26,44.62,20.1,6.35,13.96
36047048800,Kings County,New York,True,45.52,76.31,42.84,15.13,1909,96.58,23.51,19.13,76110,11.86,29.8,58.18,6.57,17.62,6.32,33.88,5.83
36047048900,Kings County,New York,True,97.72,46.1,6.02,3.0,3507,99.15,42.42,53.62,26070,15.35,37.42,16.57,50.54,0.33,53.46,38.7,9.33
36047049000,Kings County,New York,True,76.07,60.49,34.83,28.54,4187,96.17,9.73,16.11,77917,11.86,26.46,31.58,4.04,42.12,20.29,33.65,19.06
36047049100,Kings County,New York,True,82.64,57.32,30.9,21.05,5352,77.99,33.93,30.29,46137,27.2,17.0,30.21,18.78,30.15,26.07,24.65,25.19
36047049200,Kings County,New York,True,61.92,48.73,46.88,5.65,1579,94.24,17.04,23.77,103269,14.61,22.73,32.33,13.23,19.61,30.43,44.28,8.02
36047049301,Kings County,New York,True,100.0,43.92,13.94,2.53,1941,95.66,46.47,59.66,19440,19.42,26.48,9.22,42.5,0.36,63.88,48.05,17.21
36047049302,Kings County,New York,True,97.4,46.85,18.48,3.76,4585,51.16,32.27,36.23,82423,12.11,9.25,34.39,7.02,7.25,54.43,41.03,9.44
36047049400,Kings County,New York,True,67.24,42.72,36.28,14.92,3899,88.56,18.79,23.21,97625,16.65,14.27,49.89,9.49,19.44,17.27,32.31,22.5
36047049500,Kings County,New York,True,82.01,42.43,23.32,2.27,2572,67.98,9.35,10.23,141250,2.59,12.58,57.0,5.63,5.66,32.13,28.62,8.25
36047049600,Kings County,New York,True,66.26,56.77,42.4,14.65,2538,92.6,27.08,11.56,66920,18.13,21.96,41.8,2.13,37.8,21.54,23.27,19.3
36047049700,Kings County,New York,True,72.0,40.29,28.24,4.05,2306,54.84,7.11,13.94,144872,6.55,12.76,71.73,3.75,8.66,14.79,40.29,2.2
36047049800,Kings County,New York,True,75.35,54.31,19.01,8.79,2891,88.91,8.81,5.54,77692,12.51,19.54,28.91,7.16,43.42,12.28,22.04,12.55
36047049900,Kings County,New York,True,64.53,44.75,10.79,1.44,1314,47.37,4.27,3.34,146106,6.53,20.0,76.65,3.06,3.83,3.91,29.06,3.29
36047050001,Kings County,New York,True,40.53,56.66,30.03,10.44,856,93.31,12.01,18.62,124177,24.8,18.62,67.75,7.98,6.49,10.39,29.74,4.12
36047050002,Kings County,New York,True,68.29,28.22,9.78,2.0,1141,87.74,3.36,6.68,124107,11.11,25.13,56.85,3.94,6.07,22.16,31.41,1.98
36047050100,Kings County,New York,True,75.65,39.27,23.12,4.37,2134,83.6,14.99,26.27,126696,12.11,12.4,61.8,0.91,7.8,20.98,37.33,2.68
36047050202,Kings County,New York,True,40.62,57.18,18.75,7.88,973,77.57,6.33,15.83,132670,23.0,20.43,72.9,3.44,8.66,13.01,40.44,3.44
36047050300,Kings County,New York,True,84.3,19.7,10.21,6.8,2448,81.52,6.42,8.45,173548,3.39,5.92,63.86,2.93,15.23,18.41,20.6,4.18
36047050401,Kings County,New York,True,62.61,32.73,15.47,2.03,1451,78.61,4.65,17.17,156033,20.25,21.09,67.83,1.35,4.29,14.77,35.87,3.17
36047050402,Kings County,New York,True,35.87,34.64,29.74,12.19,659,94.63,4.72,10.87,166100,13.38,19.95,53.44,19.64,14.31,6.82,39.57,5.57
36047050500,Kings County,New York,True,90.55,53.93,20.99,9.31,3701,82.71,34.43,44.05,57500,16.65,13.78,21.65,24.73,7.11,53.58,47.37,20.37
36047050600,Kings County,New York,True,80.03,64.71,25.74,25.2,3770,94.82,17.83,17.97,69276,21.42,12.33,20.49,33.14,17.68,21.12,34.6,9.81
36047050700,Kings County,New York,True,73.49,66.32,53.85,43.32,3089,19.53,36.48,17.51,59158,1.76,59.42,92.4,0.62,0.82,7.14,15.15,13.21
36047050801,Kings County,New York,True,99.23,42.63,22.14,11.75,3837,79.1,30.8,26.12,74333,12.23,24.4,12.38,51.2,3.81,29.16,38.76,5.53
36047050803,Kings County,New York,True,96.78,55.41,29.99,8.37,2073,94.71,15.91,24.29,68496,9.95,8.15,26.34,49.56,1.45,24.72,44.07,4.92
36047050804,Kings County,New York,True,88.77,33.87,14.87,7.05,5722,84.72,5.98,8.43,110317,11.9,21.03,31.11,46.86,4.31,15.65,29.06,2.82
36047050900,Kings County,New York,True,82.25,60.34,54.45,45.71,3578,25.35,48.42,18.03,42361,1.94,53.94,79.16,0.0,0.21,14.62,15.17,21.62
36047051001,Kings County,New York,True,100.0,57.14,32.29,12.03,4488,94.41,20.66,17.34,59583,8.98,28.1,8.91,70.48,4.63,13.32,26.77,7.03
36047051002,Kings County,New York,True,90.11,52.92,31.3,10.24,3290,84.67,17.33,23.53,71007,14.5,15.29,16.24,53.12,4.11,16.68,43.3,5.56
36047051100,Kings County,New York,True,88.73,49.94,23.76,6.76,3392,61.12,19.57,25.16,88457,20.67,7.94,44.77,2.75,19.33,38.72,47.6,15.1
36047051200,Kings County,New York,True,88.52,46.32,19.04,10.63,5603,96.1,11.56,13.45,96719,10.05,17.75,17.18,56.03,5.46,18.66,21.58,9.81
36047051300,Kings County,New York,True,78.09,38.16,24.38,3.9,4522,46.24,16.04,14.91,136207,4.97,15.23,46.52,6.35,8.89,37.35,24.99,5.6
36047051400,Kings County,New York,True,87.27,38.6,26.65,16.58,6103,94.79,14.46,16.68,100000,9.47,19.51,16.72,46.35,5.64,31.35,24.51,11.59
36047051500,Kings County,New York,True,77.75,32.21,15.42,5.56,2004,27.99,4.1,7.47,246707,0.73,18.06,65.51,4.67,14.29,10.2,29.95,3.14
36047051601,Kings County,New York,True,91.43,50.09,35.0,12.12,4223,96.08,17.47,23.05,72304,12.52,18.07,13.33,54.44,9.76,18.46,32.31,6.2
36047051602,Kings County,New York,True,96.7,60.52,21.04,6.32,3277,97.06,10.82,18.34,77801,16.22,17.77,12.4,62.12,1.64,23.47,38.93,6.99
36047051700,Kings County,New York,True,75.77,21.79,11.64,5.7,2388,45.51,6.03,6.08,234444,4.11,17.53,61.78,2.79,7.48,17.33,30.89,2.52
36047051800,Kings County,New York,True,68.16,25.58,17.49,11.96,2243,92.01,9.21,10.01,112589,15.33,15.72,33.62,35.56,8.32,14.16,39.35,3.18
36047051900,Kings County,New York,True,85.44,20.27,12.32,5.18,4884,34.82,5.29,7.56,221375,3.47,8.38,56.11,4.58,19.24,16.46,45.29,2.53
36047052000,Kings County,New York,True,64.64,46.2,29.9,21.32,2139,98.46,15.29,20.07,126102,19.48,21.45,40.59,19.77,19.99,11.34,24.79,12.71
36047052300,Kings County,New York,True,82.19,46.54,30.47,0.51,4321,67.1,26.35,18.35,74454,13.91,9.97,40.26,7.21,4.94,49.44,32.67,19.62
36047052500,Kings County,New York,True,91.47,50.55,29.94,12.26,3160,69.46,20.13,33.36,70625,12.89,29.57,64.11,0.0,8.04,26.62,42.38,15.23
36047052600,Kings County,New York,True,82.36,48.61,24.34,6.47,3034,95.14,6.48,11.54,91500,10.49,21.97,42.97,20.29,15.44,19.73,34.95,9.4
36047052700,Kings County,New York,True,92.3,53.22,29.31,3.13,5000,72.9,24.62,32.87,59632,15.0,16.75,35.6,4.54,13.27,60.2,37.2,12.04
36047052800,Kings County,New York,True,38.04,36.63,27.16,28.63,734,98.55,14.97,13.34,121000,18.2,21.32,49.21,4.82,34.35,5.95,27.76,10.62
36047052900,Kings County,New York,True,100.0,82.27,60.08,4.5,3621,62.34,16.45,29.24,39549,14.88,34.57,71.53,0.75,6.72,11.04,11.43,4.95
36047053000,Kings County,New York,True,69.59,50.2,40.94,14.44,1859,94.74,22.12,26.86,78621,24.3,17.12,54.43,5.11,26.88,4.87,27.87,15.84
36047053101,Kings County,New York,True,68.91,74.69,64.66,38.35,1860,38.35,42.48,30.05,,4.4,53.64,95.76,1.29,1.39,1.95,4.49,18.41
36047053102,Kings County,New York,True,69.92,65.99,46.71,36.29,5294,15.0,37.42,13.86,76635,0.09,57.53,97.3,0.41,0.0,0.41,4.92,21.12
36047053200,Kings County,New York,True,51.21,44.9,27.39,11.18,1036,93.12,17.19,33.59,72500,24.82,18.42,50.13,8.07,18.25,11.05,27.31,18.68
36047053300,Kings County,New York,True,72.91,69.4,57.53,16.87,4616,77.6,45.68,46.88,34519,15.89,44.22,95.53,0.15,2.18,3.97,3.15,14.86
36047053400,Kings County,New York,True,77.71,49.7,27.77,26.84,3075,92.93,9.82,19.2,83421,16.34,31.54,51.69,10.91,26.82,2.51,23.04,11.85
36047053500,Kings County,New York,True,68.73,75.25,57.38,24.38,3159,81.39,36.07,46.56,49244,14.51,49.12,83.93,0.0,0.0,9.95,11.86,32.15
36047053700,Kings County,New York,True,64.07,75.72,52.22,35.84,3043,29.33,44.93,28.4,44085,7.93,59.17,97.27,1.83,0.77,0.12,2.96,18.97
36047053800,Kings County,New York,True,85.58,56.78,32.69,15.55,3926,91.57,14.23,27.15,65556,23.51,22.62,61.43,15.39,8.81,9.16,46.24,12.55
36047053900,Kings County,New York,True,83.24,67.77,40.11,6.49,2212,84.45,44.98,42.29,46914,25.59,31.17,75.83,4.25,5.95,17.85,22.16,10.0
36047054200,Kings County,New York,True,81.14,56.86,18.03,14.9,3138,87.69,24.33,27.03,56481,23.71,25.22,64.89,4.38,7.12,17.46,32.66,23.26
36047054300,Kings County,New York,False,,,,,0,,,,,,,,,,,,
36047054400,Kings County,New York,True,73.13,58.83,38.0,28.0,2732,93.16,15.59,20.4,55938,22.97,25.82,80.11,0.0,19.05,0.28,26.71,21.99
36047054500,Kings County,New York,True,97.56,31.82,17.8,14.75,8233,78.14,34.23,36.15,42071,12.03,40.02,35.59,49.0,0.25,15.44,26.45,4.42
36047054600,Kings County,New York,True,81.85,54.35,33.01,21.53,4162,86.42,24.11,24.17,74651,10.57,25.11,58.85,7.22,14.91,7.09,23.17,13.0
36047054700,Kings County,New York,True,86.65,51.66,25.59,19.49,7741,18.93,9.8,10.36,87047,3.97,45.55,74.99,4.88,5.12,10.26,24.81,8.67
36047054800,Kings County,New York,True,56.59,51.27,40.88,11.43,1209,91.62,9.99,20.52,83500,15.8,29.51,85.11,7.29,4.69,1.65,23.01,5.69
36047054900,Kings County,New York,True,86.43,40.1,17.65,9.54,4042,34.62,15.48,10.88,183091,2.67,27.2,76.09,0.0,7.33,16.53,42.91,1.95
36047055000,Kings County,New York,True,72.64,56.48,40.72,31.68,2223,85.53,25.18,36.66,59955,22.98,21.1,67.61,5.78,11.09,15.61,34.18,22.71
36047055100,Kings County,New York,True,81.49,31.8,11.28,2.28,4859,29.61,16.66,24.52,171952,12.26,13.02,52.77,5.64,7.62,28.97,39.37,10.44
36047055200,Kings County,New York,True,83.38,31.47,24.93,33.24,2606,88.14,17.74,29.83,69861,27.24,16.46,66.98,0.51,19.56,5.95,28.47,27.61
36047055300,Kings County,New York,True,85.26,29.81,13.54,9.44,3034,62.34,20.98,11.64,144083,10.24,9.1,55.23,1.94,7.13,34.09,35.17,6.02
36047055400,Kings County,New York,True,86.72,61.79,38.97,33.42,3438,92.08,12.79,24.09,64894,17.17,18.55,61.57,2.33,18.4,15.67,27.69,25.91
36047055500,Kings County,New York,True,80.79,27.46,14.98,7.61,6697,24.61,3.15,5.45,205860,2.26,16.12,60.92,4.7,7.98,19.66,34.46,2.97
36047055600,Kings County,New York,True,59.02,54.44,19.47,18.97,1796,84.96,32.11,20.14,69485,23.74,26.1,77.54,3.43,10.8,2.83,30.56,7.7
36047055700,Kings County,New York,True,90.5,50.93,19.7,12.6,1513,56.64,1.65,2.8,136250,2.7,11.28,72.8,0.0,7.4,17.98,39.7,1.92
36047055800,Kings County,New York,True,69.05,49.4,29.43,24.47,1417,97.22,16.92,32.2,61786,18.55,23.17,68.95,0.0,19.77,3.12,38.32,24.78
36047056000,Kings County,New York,True,67.31,47.88,18.82,24.08,2142,77.38,10.42,24.07,74104,23.84,23.87,61.95,9.09,14.52,8.89,36.83,22.02
36047056100,Kings County,New York,True,82.68,43.84,12.91,6.18,2792,81.05,6.09,12.1,151875,9.14,8.22,69.39,2.43,4.35,18.96,34.36,2.85
36047056200,Kings County,New York,True,11.61,93.55,17.74,0.0,195,97.24,10.17,6.37,102083,19.39,40.3,86.23,0.0,9.95,0.0,17.79,5.14
36047056301,Kings County,New York,True,86.83,35.62,11.94,1.33,3697,57.47,13.3,13.29,133636,9.34,11.26,65.72,5.82,8.36,17.81,43.89,10.1
36047056302,Kings County,New York,True,98.74,51.73,27.59,1.34,2412,15.39,9.88,15.27,76351,4.65,17.8,48.43,18.82,8.41,27.19,52.93,2.82
36047056400,Kings County,New York,True,11.88,56.44,30.69,10.61,294,100.0,4.14,22.68,86392,28.92,18.43,62.22,7.11,18.7,7.75,39.51,10.02
36047056500,Kings County,New York,True,84.64,46.96,26.23,1.07,2644,85.98,4.74,6.06,115329,12.52,7.92,80.19,0.87,6.63,7.08,51.09,7.48
36047056600,Kings County,New York,True,60.8,47.38,15.51,20.27,1438,98.71,29.6,23.83,69286,20.86,14.6,46.22,12.16,31.39,8.44,33.8,31.13
36047056800,Kings County,New York,True,23.67,83.96,49.06,22.48,327,99.01,14.4,17.8,75521,25.63,23.81,52.16,0.0,38.06,14.33,33.94,11.51
36047056900,Kings County,New York,True,66.78,25.38,12.95,2.18,1047,83.5,4.23,6.49,159286,16.49,7.82,77.32,0.9,7.52,10.77,37.14,5.81
36047057000,Kings County,New York,True,4.87,77.78,77.78,46.84,338,97.92,13.54,14.85,80216,42.47,13.62,50.43,6.95,26.75,17.93,50.09,19.98
36047057100,Kings County,New York,True,82.15,38.48,15.18,0.0,3022,86.28,7.6,12.31,125272,11.75,14.94,77.47,1.33,4.61,8.62,44.11,11.21
36047057200,Kings County,New York,True,100.0,41.64,23.34,23.68,5501,97.2,34.1,48.02,31864,14.83,30.83,18.32,57.15,5.09,24.01,29.14,9.01
36047057300,Kings County,New York,True,64.56,51.05,23.04,1.32,1632,92.02,7.06,10.46,150885,11.32,10.04,78.46,5.96,5.77,6.43,39.57,5.35
36047057400,Kings County,New York,True,33.88,35.85,7.86,28.18,881,97.37,11.52,9.86,92813,26.14,12.16,39.74,0.11,58.25,0.83,9.96,38.25
36047057500,Kings County,New York,True,87.96,38.26,22.03,5.14,4053,72.1,10.45,11.78,128804,5.64,11.05,55.48,4.35,6.2,24.15,41.39,6.42
36047057600,Kings County,New York,True,32.34,37.85,30.84,23.49,828,100.0,22.23,22.38,98750,19.63,17.63,39.18,0.0,54.51,6.0,16.22,21.9
36047057800,Kings County,New York,True,71.44,64.22,41.66,37.61,1979,80.75,12.01,23.75,61919,23.4,21.52,54.84,3.35,34.38,6.88,24.56,23.14
36047057901,Kings County,New York,True,81.35,31.48,9.88,2.03,981,68.75,22.51,9.74,141754,5.62,8.33,54.83,11.38,9.26,22.22,25.41,4.81
36047057902,Kings County,New York,False,,,,,0,,,,,,,,,,,,
36047058000,Kings County,New York,True,81.81,69.76,44.85,38.18,2118,97.81,27.89,33.01,38945,18.12,18.45,48.07,0.76,32.45,11.27,35.76,22.43
36047058200,Kings County,New York,True,87.21,52.75,20.49,29.47,2234,80.96,16.6,22.63,60811,10.99,31.61,42.98,1.04,17.45,23.91,23.79,27.78
36047058400,Kings County,New York,True,61.95,68.55,33.71,33.6,2291,87.19,15.66,28.45,70870,13.71,23.52,66.83,6.33,21.96,3.85,28.1,14.42
36047058600,Kings County,New York,True,52.86,59.87,58.25,45.45,1277,87.26,32.99,26.75,70167,15.24,26.77,36.57,10.73,49.73,2.61,24.03,22.63
36047058800,Kings County,New York,True,66.19,37.97,14.95,37.33,1885,83.66,10.79,19.55,96838,26.45,8.87,69.09,3.42,18.42,5.0,32.25,25.62
36047058901,Kings County,New York,True,80.41,46.54,25.04,1.35,1527,95.3,11.6,14.69,114659,9.7,23.16,85.88,1.05,3.09,6.99,24.48,3.45
36047058902,Kings County,New York,False,,,,,0,,,,,,,,,,,,
36047059000,Kings County,New York,True,59.45,27.11,12.83,32.82,1074,71.22,11.67,15.09,103619,20.02,15.61,36.52,2.57,40.46,21.81,19.36,29.64
36047059100,Kings County,New York,True,83.71,36.26,21.79,0.0,2992,90.56,5.06,10.74,133795,10.91,11.97,74.44,1.7,3.29,13.44,33.38,3.18
36047059200,Kings County,New York,True,52.68,51.28,31.5,23.38,2015,87.63,19.94,27.13,61944,29.76,15.53,62.29,0.83,27.17,4.11,31.22,19.4
36047059300,Kings County,New York,True,81.82,36.65,18.2,3.31,2098,88.34,15.51,9.57,110625,6.26,24.84,67.07,5.28,2.17,18.21,19.44,6.67
36047059402,Kings County,New York,True,33.56,68.5,41.53,21.6,1712,96.28,8.59,17.47,68625,26.26,20.95,72.9,1.23,21.53,4.22,21.83,19.9
36047059403,Kings County,New York,True,48.87,49.36,28.91,30.2,1169,94.31,9.24,21.06,67232,24.2,25.67,50.82,2.45,38.83,1.76,22.05,23.66
36047059404,Kings County,New York,True,71.54,70.25,24.52,49.23,2597,97.23,7.47,13.84,65520,12.58,23.28,50.99,0.05,32.38,16.55,33.2,27.83
36047059600,Kings County,New York,True,35.36,54.48,38.31,20.82,866,99.1,12.25,19.43,56757,27.69,11.01,77.44,0.0,17.96,2.83,43.41,26.14
36047059800,Kings County,New York,True,55.8,55.02,15.3,13.3,2103,96.58,9.25,19.78,81051,18.74,21.39,65.6,4.58,15.54,9.53,36.17,19.49
36047060000,Kings County,New York,True,54.52,45.33,34.68,27.09,3533,86.34,15.92,23.34,75671,23.92,19.31,84.86,0.29,9.07,8.31,29.7,21.35
36047060600,Kings County,New York,True,49.89,67.7,33.39,33.48,1503,74.73,14.73,13.22,76080,21.99,16.51,67.12,0.82,15.04,9.78,42.63,21.42
36047060800,Kings County,New York,True,71.23,51.64,28.84,24.41,2501,73.67,14.84,30.44,73546,26.74,12.65,65.48,5.64,14.6,6.42,35.07,25.08
36047061002,Kings County,New York,True,55.66,72.04,45.3,21.62,2451,71.42,13.8,27.63,71944,34.39,9.37,95.8,0.0,2.32,0.0,43.11,30.79
36047061003,Kings County,New York,True,66.88,63.29,32.95,62.44,1572,73.83,38.68,29.2,51054,11.43,33.12,26.59,3.29,25.22,45.73,21.37,22.22
36047061004,Kings County,New York,True,87.43,66.84,48.71,32.84,4490,92.23,21.88,39.33,40931,28.7,8.58,81.72,1.06,6.08,4.09,43.68,40.8
36047061200,Kings County,New York,True,39.42,39.26,19.02,46.89,383,82.91,7.6,14.7,141094,29.61,11.36,87.48,1.43,0.81,7.96,12.69,12.59
36047061600,Kings County,New York,True,18.61,26.23,0.0,45.45,169,87.85,2.21,10.9,183095,48.95,11.25,83.76,3.94,0.0,1.29,16.73,3.86
36047062000,Kings County,New York,True,27.02,67.66,34.73,32.34,346,93.6,1.65,4.05,111932,25.46,11.41,89.91,2.37,1.65,0.0,11.49,3.21
36047062200,Kings County,New York,True,63.34,57.21,32.17,38.78,1602,84.6,26.52,29.18,68821,23.18,21.16,54.5,19.53,8.08,13.64,34.16,18.44
36047062600,Kings County,New York,True,38.87,59.55,38.44,57.46,1175,96.9,20.03,17.99,67218,22.59,16.38,64.18,8.04,22.95,4.2,19.86,8.51
36047062800,Kings County,New York,True,15.23,68.71,21.94,0.0,594,93.48,5.85,18.58,110377,19.76,24.87,77.7,0.0,7.21,9.65,24.38,3.31
36047063200,Kings County,New York,True,23.28,66.05,39.51,0.0,250,85.33,6.74,14.66,82941,35.91,10.36,72.53,0.07,18.95,9.87,42.53,12.59
36047063600,Kings County,New York,True,5.17,100.0,30.77,0.0,38,96.79,3.93,5.17,148056,19.3,26.17,64.68,1.1,21.59,9.97,21.84,8.28
36047063800,Kings County,New York,True,37.5,70.79,42.57,32.13,519,95.16,6.59,8.43,82188,18.12,28.48,69.29,7.97,20.67,4.89,25.45,6.91
36047064000,Kings County,New York,True,7.14,64.71,29.41,20.69,53,97.71,6.71,16.01,143214,17.86,28.71,83.27,0.0,6.03,10.78,12.56,3.33
36047064200,Kings County,New York,True,67.82,60.66,37.94,16.38,1468,91.61,26.39,26.74,75735,27.03,23.03,71.33,5.88,9.92,6.39,30.56,11.17
36047064400,Kings County,New York,True,41.6,79.68,75.3,19.57,999,100.0,24.52,25.45,79259,18.06,24.24,58.2,14.34,19.75,4.12,21.58,3.2
36047064600,Kings County,New York,True,13.82,39.62,18.87,35.64,224,98.96,9.33,9.99,99067,18.94,30.83,66.67,0.6,23.82,10.96,11.49,8.03
36047064800,Kings County,New York,True,19.01,38.57,22.86,0.0,264,98.77,7.28,5.45,111406,31.24,19.97,55.8,11.49,10.83,21.99,13.39,1.85
36047065000,Kings County,New York,True,28.22,35.95,30.72,0.0,404,100.0,10.73,6.0,92673,22.86,16.41,37.48,44.87,3.58,17.19,32.1,1.77
36047065200,Kings County,New York,True,13.44,47.06,8.82,0.0,108,97.77,1.87,5.34,94000,38.18,20.96,82.6,2.68,7.05,3.03,32.41,1.95
36047065400,Kings County,New York,True,18.38,94.29,25.71,0.0,279,97.96,2.3,4.06,118000,24.55,27.75,69.35,0.0,25.7,2.96,20.51,16.67
36047065600,Kings County,New York,True,5.41,72.73,36.36,0.0,76,98.59,4.3,6.72,126607,18.57,23.7,65.79,1.61,24.3,8.66,15.9,5.54
36047065800,Kings County,New York,True,19.8,64.15,33.96,0.0,243,100.0,16.4,19.31,92014,23.46,26.25,52.51,2.22,31.09,12.81,26.02,10.71
36047066000,Kings County,New York,True,16.36,73.33,0.0,0.0,296,98.55,7.55,9.88,151719,14.58,21.98,70.73,0.32,17.91,8.4,12.35,5.19
36047066200,Kings County,New York,True,24.65,85.19,35.19,14.63,277,82.5,15.62,8.02,61083,39.78,10.61,59.45,2.67,21.05,24.5,28.86,16.13
36047066600,Kings County,New York,False,,,,,0,,,,,,,,,,,,
36047067000,Kings County,New York,True,54.67,54.8,21.8,6.53,1176,87.17,14.52,19.2,91979,13.35,19.27,20.43,55.59,12.07,9.81,21.62,5.22
36047067200,Kings County,New York,True,13.87,100.0,58.62,0.0,224,98.9,2.16,19.02,84280,12.96,19.01,2.59,60.91,4.25,32.25,26.62,2.9
36047067400,Kings County,New York,True,6.73,75.0,75.0,0.0,81,100.0,7.99,18.94,126705,22.52,17.65,5.29,60.14,11.21,3.2,16.64,3.94
36047067600,Kings County,New York,True,40.59,41.38,28.16,0.0,586,100.0,7.51,14.02,97750,24.77,19.54,7.35,69.54,2.25,16.75,16.74,4.9
36047067800,Kings County,New York,True,48.69,55.25,43.09,15.96,1220,95.1,19.07,21.37,84612,19.62,12.85,1.87,84.97,0.04,1.05,16.57,3.97
36047068000,Kings County,New York,True,12.48,100.0,33.33,0.0,170,97.38,5.74,11.23,114904,14.27,26.95,5.4,68.5,0.4,9.66,26.92,0.9
36047068200,Kings County,New York,True,20.46,30.48,18.1,0.0,530,94.37,4.33,9.08,102000,26.63,19.61,11.42,58.51,7.33,14.31,5.17,2.52
36047068600,Kings County,New York,True,32.09,56.85,22.6,5.38,648,94.22,4.31,14.39,112646,16.92,20.56,35.29,42.81,19.1,3.09,31.65,1.8
36047068800,Kings County,New York,True,17.46,63.64,6.36,0.0,156,97.11,2.97,4.29,98750,16.48,18.75,15.03,55.74,14.96,9.28,20.63,6.07
36047069000,Kings County,New York,True,38.96,4.68,0.0,38.57,668,91.91,12.05,10.95,137650,25.12,13.97,11.63,51.32,8.27,27.1,14.66,6.33
36047069200,Kings County,New York,True,38.81,64.97,21.66,11.15,870,93.98,5.71,8.41,104712,17.38,17.77,8.74,76.88,1.48,12.08,19.78,2.21
36047069601,Kings County,New York,True,58.3,66.71,32.07,0.0,2126,74.43,5.62,13.36,101760,17.88,18.46,30.11,56.73,3.2,11.12,26.56,6.46
36047069602,Kings County,New York,True,18.47,76.61,57.89,0.0,769,62.05,3.63,22.47,119451,28.7,17.65,53.45,27.13,7.68,9.32,18.01,9.45
36047069800,Kings County,New York,True,21.88,37.97,37.97,33.72,223,94.97,3.52,5.34,128194,23.69,29.06,51.25,10.74,9.31,23.19,19.34,9.32
36047070000,Kings County,New York,True,55.5,55.86,36.11,0.0,456,97.86,4.61,10.0,95331,22.65,15.16,60.71,10.96,7.33,9.31,49.33,9.08
36047070201,Kings County,New York,True,24.55,36.78,33.48,11.17,1642,93.22,4.0,15.81,130174,22.09,31.37,85.25,0.66,6.95,1.85,18.32,0.25
36047070202,Kings County,New York,True,100.0,0.0,0.0,0.0,14,100.0,0.0,0.0,,0.0,0.0,64.29,0.0,35.71,35.71,0.0,0.0
36047070203,Kings County,New York,False,,,,,0,,,,,,,,,,,,
36047070601,Kings County,New York,True,14.32,45.38,8.4,0.0,222,86.49,0.33,11.82,148214,25.19,20.97,77.43,0.0,1.93,5.5,25.0,0.72
36047070602,Kings County,New York,False,,,,,0,,,,,,,,,,,,
36047072000,Kings County,New York,True,61.66,43.28,14.33,14.79,1059,64.26,24.2,22.3,76912,21.04,21.51,1.85,73.48,9.77,3.34,14.86,6.6
36047072200,Kings County,New York,True,17.55,85.07,58.96,0.0,352,95.92,10.75,27.09,,21.63,14.09,0.13,83.01,0.22,2.05,24.38,0.85
36047072400,Kings County,New York,True,47.23,42.25,20.93,5.03,822,99.27,17.4,21.39,69263,24.4,22.01,1.13,93.32,0.0,2.14,34.07,4.43
36047072600,Kings County,New York,True,20.66,76.92,34.62,21.85,510,89.14,20.28,16.83,97292,16.62,16.43,3.52,81.55,0.07,7.45,19.97,2.38
36047072800,Kings County,New York,True,12.91,46.88,38.28,20.88,498,89.55,10.46,21.84,62333,28.39,20.58,1.68,77.86,4.31,9.48,35.82,1.56
36047073000,Kings County,New York,True,30.77,34.38,8.85,10.96,661,89.78,2.75,6.21,132227,15.98,12.14,4.69,79.52,4.03,1.56,13.9,0.3
36047073200,Kings County,New York,True,34.41,53.96,36.63,9.79,614,94.97,14.54,11.57,85846,16.3,25.57,1.81,85.3,4.53,3.41,24.89,1.57
36047073400,Kings County,New York,True,21.18,0.0,0.0,0.0,190,99.08,6.18,10.02,138750,28.63,7.27,3.5,64.19,6.13,8.76,24.83,5.34
36047073600,Kings County,New York,True,62.44,39.18,11.6,19.7,1663,100.0,6.51,8.01,82358,17.99,12.92,0.75,55.86,18.33,13.74,21.53,6.0
36047073800,Kings County,New York,True,52.62,56.11,25.55,19.94,1749,94.6,4.78,9.03,73125,17.49,22.52,25.39,54.56,4.32,12.43,25.85,4.31
36047074000,Kings County,New York,True,69.57,57.5,18.79,37.83,2200,83.24,15.42,16.27,68125,16.7,27.96,16.67,50.56,19.87,9.74,28.42,14.0
36047074200,Kings County,New York,True,57.39,47.83,28.17,8.58,1206,92.95,10.85,20.34,80240,23.81,17.13,25.79,40.66,5.29,8.27,29.98,5.5
36047074400,Kings County,New York,True,13.46,22.86,8.57,0.0,138,93.28,12.24,6.47,140391,9.78,40.26,85.57,1.81,1.62,1.1,13.97,1.63
36047074600,Kings County,New York,True,47.71,78.33,45.33,32.05,747,92.99,10.93,25.23,113750,13.04,35.09,81.13,10.48,5.28,3.82,25.84,8.18
36047074800,Kings County,New York,True,50.86,76.15,46.79,1.83,555,98.46,15.69,28.3,82266,20.81,28.99,63.96,28.19,0.8,5.39,51.01,2.8
36047075000,Kings County,New York,True,42.77,58.1,43.81,18.57,1182,94.33,4.46,7.74,103125,17.01,23.64,64.05,20.79,0.0,8.17,18.53,0.82
36047075200,Kings County,New York,True,10.28,51.72,51.72,0.0,112,89.25,0.0,0.0,141250,10.56,48.6,99.65,0.0,0.0,0.0,16.67,0.0
36047075400,Kings County,New York,True,17.99,0.0,0.0,0.0,141,94.91,1.5,0.0,115851,36.0,16.2,98.3,1.6,0.0,0.1,30.14,5.2
36047075600,Kings County,New York,True,36.18,43.62,21.81,15.35,591,99.5,10.35,14.96,77273,24.59,21.92,72.79,6.51,14.88,4.42,36.04,2.72
36047075800,Kings County,New York,True,43.81,54.71,21.74,0.0,438,93.73,10.59,25.81,69662,57.64,14.29,93.86,2.57,2.07,1.29,35.1,17.85
36047076000,Kings County,New York,True,72.59,52.44,25.06,15.38,2245,90.94,8.52,22.84,75174,15.76,26.21,68.36,9.49,4.27,8.08,30.2,15.06
36047076200,Kings County,New York,True,83.75,56.35,41.37,28.18,3513,91.77,29.74,33.85,54725,13.33,25.83,37.12,12.59,24.81,23.96,29.14,22.16
36047076400,Kings County,New York,True,87.94,52.13,21.34,16.1,3850,79.27,22.67,15.28,81813,12.02,23.85,18.71,45.93,11.9,22.06,33.52,12.83
36047076600,Kings County,New York,True,85.75,42.59,27.93,7.99,1750,85.49,11.43,13.7,95563,10.4,15.33,14.72,62.75,7.53,10.54,23.7,6.06
36047076800,Kings County,New York,True,67.29,51.98,26.69,10.62,2292,75.47,20.82,27.86,73125,19.51,23.21,69.19,2.95,19.72,6.75,29.64,10.78
36047077000,Kings County,New York,True,56.92,49.82,19.27,5.48,1625,97.36,13.27,15.67,76921,11.37,18.27,17.09,62.52,3.49,8.85,28.23,4.87
36047077200,Kings County,New York,True,62.47,61.95,44.64,12.88,1707,94.0,24.78,22.52,80855,20.5,17.47,27.84,46.9,1.63,13.01,31.37,8.62
36047077400,Kings County,New York,True,88.68,54.12,22.94,3.55,2326,97.93,9.22,14.04,72488,12.87,17.79,17.03,57.88,7.57,16.93,31.15,9.12
36047077600,Kings County,New York,True,39.71,55.08,31.11,11.67,1244,97.77,7.66,18.65,71983,32.31,16.27,16.42,63.28,12.99,4.41,46.03,5.44
36047078000,Kings County,New York,True,24.58,40.0,20.0,12.16,552,100.0,2.31,3.16,138611,23.92,19.54,5.25,84.88,3.23,5.58,9.3,0.87
36047078200,Kings County,New York,True,73.59,53.54,31.69,10.7,2863,87.78,15.47,23.93,69558,24.23,15.61,2.1,72.54,1.79,17.74,25.98,4.76
36047078400,Kings County,New York,True,53.24,34.1,19.45,2.31,1065,71.39,7.72,14.62,99653,21.68,11.37,4.75,73.81,3.49,7.19,26.67,3.44
36047078601,Kings County,New York,True,70.58,60.61,26.08,10.38,1447,89.17,9.86,14.66,87614,16.62,13.2,6.76,66.67,21.98,2.97,37.28,8.57
36047078602,Kings County,New York,True,58.41,71.18,37.85,19.07,1284,75.97,20.27,26.54,69615,16.44,22.77,7.27,68.58,2.66,15.78,38.03,8.81
36047078801,Kings County,New York,True,73.59,74.31,50.59,18.04,1208,74.35,20.86,22.8,55984,14.4,20.47,6.19,59.82,1.36,14.45,31.17,5.16
36047078802,Kings County,New York,True,89.85,55.37,42.96,41.85,1559,86.92,22.91,26.46,55179,9.39,16.82,1.4,80.61,1.51,8.49,29.62,12.18
36047079001,Kings County,New York,True,89.64,57.07,28.79,11.56,1550,89.67,16.53,28.38,67857,13.58,25.0,2.88,79.99,3.79,7.63,22.75,6.31
36047079002,Kings County,New York,True,91.85,63.57,42.26,3.13,2408,94.42,17.96,30.75,57672,19.94,18.61,2.49,72.4,8.71,12.07,39.46,13.99
36047079201,Kings County,New York,True,72.74,62.41,53.1,15.76,983,93.63,25.47,37.22,88162,15.05,20.33,19.39,57.02,2.39,10.35,23.5,3.01
36047079202,Kings County,New York,True,77.01,53.4,37.0,6.2,1167,86.56,28.99,21.04,85833,10.4,19.98,7.21,62.62,4.27,21.63,32.84,3.89
36047079400,Kings County,New York,True,53.26,38.08,6.95,3.8,891,57.36,16.58,15.05,128295,13.82,17.2,6.72,57.57,0.93,17.71,24.17,3.16
36047079601,Kings County,New York,True,85.77,49.05,34.42,4.65,2736,90.17,18.97,28.53,81629,19.31,10.12,32.39,39.29,4.46,17.79,44.21,1.01
36047079602,Kings County,New York,True,85.5,57.05,31.13,12.19,4447,87.76,15.24,19.37,77370,14.21,15.26,19.22,49.22,5.26,18.47,24.68,4.0
36047079801,Kings County,New York,True,67.76,62.13,26.32,9.3,2295,99.44,5.37,15.96,94375,13.15,22.23,39.2,39.69,6.94,4.34,49.51,0.0
36047079802,Kings County,New York,True,98.31,35.63,10.59,4.59,4938,77.73,12.23,11.05,100438,13.79,9.47,25.86,52.54,6.35,9.63,39.05,7.8
36047080000,Kings County,New York,True,58.94,57.04,29.75,1.33,1345,84.39,13.67,26.75,95769,21.82,15.48,32.89,46.1,2.58,12.12,38.77,0.8
36047080200,Kings County,New York,True,66.96,47.22,35.08,5.95,2575,76.82,16.14,25.12,98942,15.5,15.32,21.56,63.69,2.89,9.46,50.55,4.33
36047080400,Kings County,New York,True,77.7,47.66,30.19,0.0,2271,82.88,18.66,15.97,58413,23.05,11.18,26.81,52.75,3.56,10.72,35.83,0.0
36047080600,Kings County,New York,True,80.02,61.72,34.14,8.2,3018,55.84,25.93,23.19,66632,13.3,32.81,42.17,46.16,0.0,4.26,25.48,2.47
36047080800,Kings County,New York,True,100.0,56.35,43.8,1.21,1150,1.65,71.17,81.83,13337,34.05,10.57,18.15,55.87,7.24,21.77,63.39,10.67
36047081000,Kings County,New York,True,72.93,38.68,28.04,13.22,1529,55.03,22.66,22.2,88490,16.23,12.28,11.19,78.15,5.66,4.9,44.01,1.12
36047081400,Kings County,New York,True,61.62,53.49,53.13,0.0,1329,96.06,16.53,21.3,86705,19.32,24.26,13.08,77.12,3.94,4.98,19.78,1.21
36047081600,Kings County,New York,True,64.35,47.8,20.46,10.45,1591,96.17,4.04,9.71,92784,19.05,20.77,10.16,77.36,2.32,6.12,26.36,1.9
36047081800,Kings County,New York,True,73.07,57.08,23.94,14.38,3466,74.78,32.34,13.57,76607,10.28,19.92,13.67,73.18,4.25,6.17,29.2,8.45
36047082000,Kings County,New York,True,98.0,61.22,32.34,4.26,4456,77.87,17.65,25.2,56250,12.0,15.82,14.13,67.71,3.18,10.34,44.7,5.78
36047082200,Kings County,New York,True,95.38,36.05,18.71,9.93,6423,82.91,6.99,12.98,85645,15.89,14.7,12.02,73.1,4.19,5.08,34.48,2.58
36047082400,Kings County,New York,True,83.65,69.4,43.32,9.95,3917,88.46,23.78,26.8,57204,13.27,17.17,6.44,73.19,0.35,9.72,31.49,5.99
36047082600,Kings County,New York,True,80.12,48.79,21.63,13.34,3174,85.91,16.62,15.45,72543,19.12,19.17,4.88,77.12,3.08,7.11,33.33,1.54
36047082800,Kings County,New York,True,79.35,55.61,34.05,8.38,2527,84.08,12.07,24.82,61313,18.73,15.43,8.74,71.75,5.99,8.74,36.14,14.19
36047083000,Kings County,New York,True,77.91,46.54,34.64,20.66,4298,81.94,13.59,25.92,83690,14.0,16.76,5.02,85.7,0.74,12.9,39.81,3.17
36047083200,Kings County,New York,True,40.48,73.6,40.26,4.17,736,98.21,14.02,18.07,100161,26.65,14.95,4.2,74.64,8.79,3.53,17.95,2.26
36047083400,Kings County,New York,True,23.48,30.77,20.0,16.03,417,89.98,10.59,13.44,121000,21.42,18.38,2.23,65.96,1.52,1.58,8.96,0.28
36047083600,Kings County,New York,True,27.1,58.0,22.0,23.98,569,98.34,8.52,13.0,96094,16.38,24.45,1.11,81.5,0.45,5.19,17.91,2.2
36047083800,Kings County,New York,True,22.66,60.0,44.38,0.0,344,96.34,17.09,21.17,62950,38.22,8.91,0.21,85.4,1.97,3.06,23.88,2.27
36047084000,Kings County,New York,True,40.79,61.8,30.12,0.0,842,92.2,8.63,13.35,81058,32.17,18.51,1.39,77.0,0.09,4.27,24.6,1.0
36047084600,Kings County,New York,True,38.83,56.91,38.62,3.57,809,93.37,8.24,14.64,78304,16.78,25.22,1.52,79.1,0.0,0.49,16.95,0.52
36047084800,Kings County,New York,True,48.47,68.14,53.54,2.97,596,95.3,16.63,21.44,86012,30.93,8.86,1.04,80.0,0.0,6.3,25.23,5.26
36047085000,Kings County,New York,True,8.25,28.21,0.0,23.08,171,95.68,1.59,12.9,124219,24.3,12.8,5.13,86.04,0.0,8.89,29.81,1.44
36047085200,Kings County,New York,False,,,,,0,,,,,,,,,,,,
36047085400,Kings County,New York,True,31.57,61.2,46.4,24.0,512,80.07,14.66,21.72,78828,28.9,17.22,7.03,68.87,3.39,3.06,22.85,3.73
36047085600,Kings County,New York,True,60.88,59.28,26.49,5.66,1774,98.58,14.55,17.51,79107,20.37,22.81,3.13,79.97,2.5,3.83,36.41,2.34
36047085800,Kings County,New York,True,58.3,62.17,44.21,1.3,769,85.41,12.62,23.32,83640,22.91,21.12,0.97,77.14,5.95,0.0,34.35,0.0
36047086000,Kings County,New York,True,70.61,66.02,28.17,3.92,1822,91.02,11.34,17.27,77955,13.82,18.69,0.61,82.87,0.0,8.64,22.61,3.89
36047086200,Kings County,New York,True,70.25,72.23,40.13,8.95,1667,91.41,22.85,28.96,50438,19.5,18.13,1.45,85.49,0.76,11.2,37.31,3.8
36047086400,Kings County,New York,True,49.52,69.68,50.86,11.0,880,90.64,20.14,25.91,71016,19.11,16.45,7.3,69.76,0.99,12.89,31.23,4.62
36047086600,Kings County,New York,True,74.62,57.13,31.95,7.3,1987,87.53,15.65,20.9,79508,19.0,13.71,4.49,75.13,0.34,8.65,36.19,0.0
36047086800,Kings County,New York,True,83.06,62.1,34.09,6.49,2353,85.25,23.0,24.71,45764,20.12,21.82,3.12,84.49,3.39,3.49,38.34,1.76
36047087000,Kings County,New York,True,62.81,73.06,46.29,10.5,1770,94.76,22.32,22.75,61136,18.83,26.41,5.29,74.58,3.76,11.54,28.11,6.62
36047087200,Kings County,New York,True,49.04,62.21,37.21,13.86,1649,100.0,26.81,19.93,67650,13.94,24.43,5.63,74.74,3.68,1.54,21.21,0.38
36047087401,Kings County,New York,True,85.73,50.13,18.16,5.75,2629,79.55,18.1,34.24,37207,18.96,23.09,24.37,60.51,0.0,5.85,52.79,1.28
36047087600,Kings County,New York,True,56.08,75.34,42.9,14.71,827,64.17,21.25,20.28,48125,14.35,27.31,23.08,55.17,0.0,5.62,50.21,1.85
36047087800,Kings County,New York,True,91.63,61.94,36.14,4.51,1837,98.23,18.37,27.12,56633,27.82,10.69,1.35,81.67,1.74,5.32,36.05,2.17
36047088001,Kings County,New York,True,47.62,40.61,8.43,1.89,564,88.52,19.29,29.86,42351,33.2,12.51,1.47,82.9,0.0,11.93,47.62,0.0
36047088002,Kings County,New York,True,64.76,58.16,58.16,0.0,681,60.97,24.67,17.18,73750,10.9,24.1,12.7,67.21,0.0,3.61,22.69,0.0
36047088200,Kings County,New York,True,87.4,63.84,38.89,7.27,5185,80.26,23.85,22.84,50754,11.23,26.63,12.39,71.09,0.0,4.77,39.91,1.63
36047088400,Kings County,New York,True,75.83,75.71,57.6,33.0,3768,79.28,35.04,45.94,38594,19.22,24.62,0.25,76.48,0.0,5.32,35.17,0.27
36047088600,Kings County,New York,True,95.82,54.23,42.68,4.3,3977,95.76,11.91,28.8,57674,15.09,16.84,1.64,87.76,0.0,8.92,35.97,0.93
36047088800,Kings County,New York,True,74.19,61.29,33.15,11.66,2866,100.0,17.29,26.28,55053,21.68,25.88,0.42,79.01,2.09,9.2,30.74,7.36
36047089000,Kings County,New York,True,93.82,44.5,19.15,5.62,6594,85.13,20.67,21.75,72535,14.8,14.39,5.2,84.08,0.2,9.41,15.79,1.7
36047089200,Kings County,New York,True,95.88,69.95,43.32,6.16,2431,84.3,50.97,57.46,,25.83,7.16,3.96,85.12,0.0,10.99,54.09,2.78
36047089400,Kings County,New York,True,66.38,66.31,54.73,8.94,2200,79.88,28.81,40.07,63125,16.6,13.27,1.11,80.93,0.54,12.41,19.6,1.89
36047089600,Kings County,New York,True,91.51,53.89,22.96,6.02,3464,79.22,38.27,45.84,,12.34,15.8,5.92,68.07,0.68,14.69,46.85,0.5
36047089800,Kings County,New York,True,64.74,44.27,21.12,14.14,1729,54.24,25.17,31.09,66976,14.42,23.27,7.9,54.58,5.83,7.38,29.61,5.28
36047090000,Kings County,New York,True,84.6,60.6,50.4,8.81,3977,52.14,53.0,56.22,20500,10.66,23.79,4.27,81.97,0.0,15.05,26.29,2.38
36047090200,Kings County,New York,True,71.28,53.96,26.42,7.34,2199,64.97,42.02,36.31,42612,15.63,22.63,3.61,69.63,6.15,19.97,35.18,5.57
36047090600,Kings County,New York,True,99.51,63.8,32.71,10.29,4283,93.26,47.56,54.31,27908,5.71,33.54,0.18,78.06,0.87,20.67,21.73,4.39
36047090800,Kings County,New York,True,92.6,33.83,18.06,8.92,3638,81.99,49.76,39.89,44875,5.79,17.91,4.78,51.94,0.39,39.53,43.59,4.9
36047091000,Kings County,New York,True,100.0,73.51,30.87,8.39,5750,75.88,49.48,67.5,22321,20.11,33.05,2.43,54.03,3.84,30.85,51.25,27.64
36047091200,Kings County,New York,True,100.0,40.79,21.5,1.65,6301,95.15,37.25,39.29,36899,7.46,22.9,8.21,55.44,0.0,38.63,31.34,10.51
36047091600,Kings County,New York,True,84.48,50.76,35.76,11.35,3856,57.9,30.07,40.41,44825,19.08,34.9,14.61,61.2,3.36,12.71,30.77,9.09
36047091800,Kings County,New York,True,66.15,48.1,18.51,2.6,1565,67.04,26.58,34.12,45942,19.85,21.36,8.03,60.05,0.0,41.83,46.43,12.73
36047092000,Kings County,New York,True,67.73,85.95,43.36,0.0,1858,44.44,15.71,27.21,44978,24.64,31.51,0.0,70.33,0.0,27.3,33.9,0.0
36047092200,Kings County,New York,True,85.31,52.64,6.92,6.64,2469,97.96,3.46,15.91,50994,16.4,11.22,6.44,78.29,1.79,9.22,30.68,3.43
36047092400,Kings County,New York,True,79.36,61.54,47.52,19.95,2597,45.23,38.84,37.79,37271,6.93,39.71,12.43,68.57,4.01,15.76,27.8,3.5
36047092800,Kings County,New York,True,52.72,44.06,21.0,3.61,1359,97.39,8.37,7.89,82250,23.54,14.42,0.04,81.98,0.0,4.99,29.13,0.65
36047093000,Kings County,New York,True,38.64,38.58,23.44,6.96,882,99.13,9.77,18.08,105848,21.5,21.87,0.03,83.36,0.0,1.41,17.44,3.22
36047093200,Kings County,New York,True,36.08,21.1,21.1,0.0,427,97.6,18.67,24.7,,31.95,11.88,1.47,75.78,0.0,13.8,28.89,2.23
36047093400,Kings County,New York,True,48.75,62.44,30.05,4.0,1197,95.85,16.27,17.98,73321,24.51,17.52,1.66,70.9,0.0,7.45,36.84,2.17
36047093600,Kings County,New York,True,38.73,59.0,38.49,4.85,557,97.77,9.76,30.06,79773,34.6,12.36,0.0,92.87,3.47,1.44,35.4,0.0
36047093800,Kings County,New York,True,63.29,64.49,28.8,10.68,1479,92.85,13.83,21.73,61827,14.86,14.64,9.07,71.53,1.35,3.91,28.49,2.16
36047094401,Kings County,New York,True,45.56,57.8,38.67,4.67,1263,99.08,12.84,10.46,82500,26.5,13.17,2.25,83.76,3.23,4.08,21.3,3.07
36047094402,Kings County,New York,True,97.18,43.14,22.56,5.33,2313,94.66,43.15,56.31,24676,16.36,29.48,1.18,83.55,0.0,16.32,37.85,3.78
36047094600,Kings County,New York,True,28.37,61.07,23.49,6.63,364,93.92,4.01,10.82,93667,25.9,24.44,0.96,85.61,1.69,5.98,22.1,2.28
36047095000,Kings County,New York,True,33.29,22.96,22.96,5.84,722,100.0,5.75,6.22,90083,33.6,16.8,3.51,91.3,0.0,2.36,22.54,1.1
36047095400,Kings County,New York,True,49.49,49.52,33.81,0.0,1681,94.08,5.46,15.29,108309,23.3,14.74,2.89,88.28,0.0,4.21,31.04,4.0
36047095600,Kings County,New York,True,57.04,53.92,45.65,3.42,1828,95.78,19.83,29.54,85603,18.11,18.47,0.63,87.56,0.0,1.36,11.64,3.89
36047095800,Kings County,New York,True,48.98,62.86,53.91,2.5,1390,90.99,17.36,29.69,66452,16.92,18.33,6.96,66.27,3.22,11.78,21.43,3.56
36047096000,Kings County,New York,False,,,,,0,,,,,,,,,,,,
36047096200,Kings County,New York,True,41.01,70.07,47.45,0.0,520,89.77,11.03,17.7,73750,12.55,24.41,9.89,78.78,2.74,9.05,21.91,1.37
36047096400,Kings County,New York,True,53.57,67.27,20.91,0.0,940,80.46,10.58,18.21,79934,17.59,24.3,2.68,79.77,2.16,12.32,15.17,5.93
36047096600,Kings County,New York,True,35.03,83.25,27.41,0.0,479,88.82,16.57,12.42,76174,14.34,23.31,2.5,71.16,1.75,11.21,24.2,3.49
36047096800,Kings County,New York,True,25.0,42.53,10.34,44.83,381,66.06,12.83,11.78,106250,20.1,23.2,2.78,51.88,10.7,26.31,9.2,2.63
36047097000,Kings County,New York,True,33.61,28.05,19.46,5.28,594,79.86,4.75,4.78,108864,31.32,14.01,4.44,68.17,0.36,16.07,8.88,2.13
36047097400,Kings County,New York,True,50.65,43.6,32.18,8.01,912,74.08,25.23,22.24,88688,27.25,18.1,10.1,68.2,2.03,17.43,20.13,5.52
36047098200,Kings County,New York,True,100.0,49.9,32.47,7.59,3962,93.99,38.52,54.73,25125,11.69,30.49,1.51,79.43,0.0,22.67,28.79,4.5
36047098400,Kings County,New York,True,30.11,25.2,8.13,6.67,504,91.2,9.56,12.41,102200,21.21,23.54,1.77,90.64,0.0,1.46,8.76,0.91
36047098600,Kings County,New York,True,56.0,31.52,18.87,7.69,1120,95.02,8.59,12.92,95508,19.48,16.74,5.64,64.63,2.39,10.85,27.18,2.65
36047098800,Kings County,New York,True,49.89,33.78,9.91,3.07,1165,87.15,5.59,15.32,81985,28.96,17.19,4.25,87.32,1.6,4.14,29.43,3.08
36047099000,Kings County,New York,True,43.39,83.76,49.75,2.03,540,93.91,11.98,14.32,95326,21.37,16.97,2.77,77.82,4.46,11.97,15.2,7.55
36047099200,Kings County,New York,True,28.51,61.31,53.57,18.52,464,86.44,17.11,13.42,95597,23.57,14.37,2.44,74.6,11.57,3.71,26.85,5.23
36047099400,Kings County,New York,True,32.77,12.0,8.67,8.0,558,76.4,12.66,20.04,92738,21.97,16.72,7.15,83.54,3.02,0.66,14.61,3.4
36047099600,Kings County,New York,True,38.28,29.41,15.78,18.86,965,88.96,9.06,11.08,86426,20.88,25.79,4.35,75.35,3.15,16.92,23.24,7.06
36047099800,Kings County,New York,True,58.13,53.63,40.73,6.51,1594,94.92,7.62,16.78,98153,23.3,19.74,4.06,90.26,0.63,1.52,31.92,2.09
36047100400,Kings County,New York,True,39.34,62.83,40.15,13.31,965,91.57,11.68,26.55,67063,17.17,20.8,3.76,86.05,1.2,3.96,26.55,1.83
36047100600,Kings County,New York,True,32.88,50.0,25.35,19.59,908,97.09,9.3,12.88,120518,18.39,17.38,2.36,85.39,0.82,1.99,22.71,2.64
36047100800,Kings County,New York,True,41.57,53.18,41.2,7.83,758,94.65,7.56,13.91,79250,23.09,15.13,6.8,84.96,1.57,4.26,12.28,11.86
36047101000,Kings County,New York,True,48.26,59.79,39.69,2.84,979,90.9,9.55,26.87,72115,11.91,23.59,5.08,70.35,2.76,18.39,23.26,0.75
36047101200,Kings County,New York,True,32.31,53.98,28.76,0.0,575,96.73,3.17,10.34,96726,23.69,15.81,3.63,79.8,4.39,1.75,28.99,2.68
36047101400,Kings County,New York,True,39.42,62.22,34.6,5.4,723,97.0,12.44,21.4,67961,28.9,23.27,1.95,88.59,2.78,4.84,42.43,2.54
36047101600,Kings County,New York,True,14.42,41.54,41.54,0.0,188,98.93,1.27,7.21,179803,19.93,22.93,2.48,83.34,0.0,4.16,15.75,1.09
36047101800,Kings County,New York,True,9.31,69.49,69.49,7.58,91,75.15,3.69,12.83,101996,15.65,12.74,3.91,81.95,0.11,8.11,35.68,0.84
36047102000,Kings County,New York,True,28.48,25.29,22.35,0.0,456,88.47,0.88,8.21,138672,17.15,17.62,10.65,70.43,4.28,3.49,13.74,3.11
36047102200,Kings County,New York,True,45.9,61.38,6.9,14.15,822,98.23,6.24,8.33,84063,16.01,25.4,19.69,61.49,6.97,7.69,27.26,4.42
36047102400,Kings County,New York,True,29.4,84.56,47.79,0.0,384,91.92,18.21,21.13,72955,14.12,26.66,10.14,75.52,2.24,1.47,26.94,0.95
36047102600,Kings County,New York,True,43.81,73.78,38.92,12.6,1300,100.0,12.27,10.02,89055,24.16,24.19,1.87,83.92,1.91,1.57,11.04,5.29
36047102801,Kings County,New York,True,32.32,54.61,44.74,7.5,317,83.91,16.83,33.13,47063,28.27,18.76,0.26,71.38,13.18,7.94,51.31,0.63
36047102802,Kings County,New York,False,,,,,0,,,,,,,,,,,,
36047103401,Kings County,New York,True,100.0,55.07,26.53,5.91,3637,94.92,48.17,67.89,17853,16.0,29.01,8.66,76.27,0.0,19.3,38.82,2.19
36047103402,Kings County,New York,False,,,,,0,,,,,,,,,,,,
36047105801,Kings County,New York,True,99.78,52.03,17.54,2.17,5585,93.39,33.29,60.63,20988,36.48,11.21,28.63,53.1,2.0,16.82,54.27,18.7
36047105804,Kings County,New York,True,97.97,50.32,21.42,10.54,5748,74.6,27.89,45.78,38380,36.77,18.99,16.85,63.46,4.13,19.48,40.98,12.85
36047107001,Kings County,New York,True,67.19,66.28,38.46,6.16,2935,3.27,12.16,21.16,62028,9.67,30.22,1.28,70.23,0.0,24.4,40.7,2.08
36047107002,Kings County,New York,False,,,,,0,,,,,,,,,,,,
36047107003,Kings County,New York,False,,,,,0,,,,,,,,,,,,
36047107800,Kings County,New York,True,39.91,46.39,25.41,11.75,1566,97.59,7.4,15.48,85947,22.82,11.89,2.15,76.94,0.16,13.16,47.5,1.36
36047109800,Kings County,New York,True,77.93,65.59,40.11,30.61,1637,74.77,28.89,26.37,71635,10.95,20.4,1.92,75.47,4.68,9.92,26.81,4.08
36047110400,Kings County,New York,True,64.36,58.14,38.79,16.07,2999,87.32,24.35,28.72,72229,16.1,27.18,1.31,67.76,0.0,22.85,21.99,3.46
36047110600,Kings County,New York,True,100.0,62.91,23.61,7.54,4117,70.95,39.03,51.93,26536,15.79,28.42,5.68,79.74,0.56,15.96,45.47,1.9
36047111000,Kings County,New York,True,100.0,49.72,32.89,6.92,2984,97.2,35.25,41.88,35174,18.33,24.33,2.31,63.64,0.0,36.06,41.24,5.06
36047111600,Kings County,New York,True,65.18,42.41,23.21,13.01,2330,73.87,22.25,16.43,71021,19.71,25.72,1.02,61.52,0.0,32.86,17.23,3.87
36047111800,Kings County,New York,True,70.92,77.42,36.71,16.72,2464,56.94,17.72,31.52,66838,15.44,22.16,8.52,35.15,13.53,38.46,20.71,6.61
36047112000,Kings County,New York,True,66.81,59.75,41.32,32.57,2002,67.78,11.88,23.63,72167,17.36,22.84,0.12,61.1,0.0,30.56,24.66,7.46
36047112200,Kings County,New York,True,78.16,66.87,38.86,14.39,2327,78.2,23.37,42.17,44188,13.26,23.77,0.26,71.51,0.23,22.83,48.09,13.61
36047112400,Kings County,New York,True,82.6,57.52,37.82,2.03,2556,54.9,12.41,28.49,65472,10.98,19.53,1.39,86.83,0.41,17.84,42.78,3.44
36047112600,Kings County,New York,True,76.18,47.64,38.66,20.43,3302,42.93,30.48,33.24,52039,16.43,22.2,1.97,79.64,0.0,15.98,46.58,3.7
36047112800,Kings County,New York,True,73.44,71.68,32.55,21.57,2933,92.86,28.45,30.65,50426,13.12,22.73,0.0,74.83,0.84,19.45,38.57,0.0
36047113000,Kings County,New York,True,74.7,64.52,34.5,17.72,3307,56.93,17.56,29.02,51938,14.59,28.24,8.55,70.67,0.71,23.39,32.39,5.41
36047113200,Kings County,New York,True,73.44,47.84,34.25,5.66,1824,18.68,21.43,24.57,46812,11.34,29.73,3.26,69.93,0.53,18.73,32.99,2.96
36047113400,Kings County,New York,True,94.69,41.63,20.96,6.69,2410,60.43,26.88,40.26,47994,13.38,23.33,0.42,70.63,0.0,28.18,30.48,3.01
36047114201,Kings County,New York,True,41.28,53.63,41.53,2.11,563,88.81,13.76,45.49,39531,40.83,16.21,30.68,18.99,8.01,63.57,54.22,25.57
36047114202,Kings County,New York,True,82.49,62.21,42.15,6.48,1893,84.36,35.91,38.78,57826,15.96,31.83,6.26,22.82,0.0,72.2,29.56,11.28
36047114400,Kings County,New York,True,76.04,58.15,35.19,11.72,1806,70.98,36.19,20.58,82422,14.61,17.09,2.35,60.63,3.14,26.0,17.69,3.46
36047114600,Kings County,New York,True,68.18,56.55,38.24,15.91,2066,90.84,8.72,21.57,82228,15.3,23.71,5.78,17.67,5.24,72.01,25.51,10.03
36047115000,Kings County,New York,True,63.97,54.01,43.31,17.69,1720,42.98,18.36,26.9,71044,10.23,27.01,2.84,55.2,0.0,44.06,29.08,6.0
36047115200,Kings County,New York,True,69.4,57.7,18.98,8.67,1423,51.6,11.06,39.94,58542,14.39,31.27,0.0,57.62,0.35,19.16,38.9,2.19
36047115600,Kings County,New York,True,88.98,46.79,28.71,8.23,3491,72.62,36.92,51.45,,12.12,21.3,0.07,59.79,6.99,38.95,32.83,8.76
36047115800,Kings County,New York,True,52.88,35.89,27.02,19.76,1115,77.82,23.21,23.77,80091,23.88,22.02,2.33,53.46,1.54,24.48,25.69,8.93
36047116000,Kings County,New York,True,64.44,51.71,38.02,4.38,1483,39.58,24.46,27.82,63839,17.93,18.22,13.68,61.61,0.45,26.9,32.85,4.21
36047116200,Kings County,New York,True,48.76,80.73,20.57,1.33,924,38.91,29.36,28.0,72614,16.02,22.48,3.42,73.2,4.2,10.97,38.92,3.88
36047116400,Kings County,New York,True,54.21,48.22,30.7,42.38,2129,56.45,6.41,15.97,76713,13.9,27.77,2.24,67.1,6.55,19.46,28.4,2.35
36047116600,Kings County,New York,True,81.65,65.57,45.11,24.28,2406,45.51,19.85,30.96,42158,10.51,30.39,2.67,39.79,5.64,42.06,28.09,2.11
36047116800,Kings County,New York,True,82.49,45.84,20.88,28.3,2204,38.89,12.34,11.67,86563,5.49,29.24,1.28,28.37,7.48,53.1,12.07,22.49
36047117000,Kings County,New York,True,78.69,53.09,51.72,11.38,1570,89.95,33.45,60.03,27840,10.91,17.67,0.67,9.48,0.0,86.17,37.2,20.48
36047117201,Kings County,New York,True,44.01,51.9,37.97,21.84,825,79.02,27.28,31.48,73214,16.27,21.16,23.61,31.87,4.74,59.36,28.83,4.1
36047117202,Kings County,New York,True,55.58,66.71,49.32,27.91,2263,92.29,18.39,22.04,78190,15.49,24.79,10.44,27.71,0.93,67.67,29.59,7.36
36047117400,Kings County,New York,True,80.21,48.24,32.61,12.76,2944,91.63,14.08,36.21,46583,16.91,21.79,9.2,9.64,0.89,80.19,22.77,13.58
36047117601,Kings County,New York,True,68.63,55.5,25.38,18.25,2042,85.82,3.71,9.26,80882,8.88,23.28,3.73,32.49,2.24,70.02,14.27,20.69
36047117602,Kings County,New York,True,55.81,29.76,26.53,9.56,2166,97.34,12.49,17.7,86848,14.82,26.97,10.4,11.05,5.36,69.76,21.16,6.94
36047117800,Kings County,New York,True,71.59,59.76,23.66,19.5,1340,92.37,7.49,12.81,59034,15.7,25.89,4.84,4.39,11.09,78.17,27.91,27.28
36047118000,Kings County,New York,False,,,,,0,,,,,,,,,,,,
36047118201,Kings County,New York,True,77.95,45.21,20.42,36.51,3049,100.0,20.29,20.43,82976,9.58,29.83,5.33,9.5,6.64,81.46,9.76,15.02
36047118202,Kings County,New York,True,62.19,49.91,29.28,22.51,2248,90.24,20.62,19.71,91802,12.01,25.15,18.16,10.25,0.73,72.26,19.81,18.8
36047118400,Kings County,New York,True,73.53,59.98,39.77,13.09,3490,94.14,17.26,23.38,68093,10.13,11.85,6.96,15.23,1.55,78.31,14.87,23.02
36047118600,Kings County,New York,True,57.97,65.5,36.03,27.27,1618,90.78,12.39,22.06,78971,23.52,17.1,4.26,18.55,29.65,43.05,25.98,16.58
36047118800,Kings County,New York,True,75.07,55.83,27.85,31.79,3248,86.35,16.3,24.4,75394,12.37,24.15,3.81,21.24,46.53,24.49,17.01,11.84
36047119000,Kings County,New York,True,76.43,77.74,60.04,3.28,1358,86.58,30.85,35.01,39733,15.41,27.9,2.13,43.98,12.16,57.87,36.68,10.37
36047119200,Kings County,New York,True,62.09,48.34,24.03,21.69,2696,69.91,11.58,19.13,89286,12.3,29.86,5.71,29.16,4.3,40.95,22.9,10.98
36047119400,Kings County,New York,True,80.18,48.69,30.8,17.24,3812,72.87,35.07,18.81,84332,15.49,21.53,5.21,47.24,18.73,29.71,24.88,12.38
36047119600,Kings County,New York,True,83.66,74.22,28.63,37.69,4920,84.48,19.91,25.34,56513,13.25,20.67,1.32,29.59,33.58,20.49,27.51,12.53
36047119800,Kings County,New York,True,72.52,47.13,37.21,15.0,1988,82.3,35.83,41.32,60289,18.64,26.61,6.72,17.81,5.46,68.01,25.38,24.3
36047120000,Kings County,New York,True,73.34,70.47,53.15,14.17,1788,73.4,19.06,16.75,47031,10.78,28.13,3.32,39.49,34.29,16.8,38.11,4.03
36047120200,Kings County,New York,True,57.17,57.88,18.68,29.33,989,82.72,5.26,6.06,100559,13.36,26.26,7.7,12.91,31.97,30.52,4.44,7.42
36047120801,Kings County,New York,True,56.24,42.22,28.5,28.47,2771,83.08,13.22,10.92,109091,13.18,27.47,2.5,52.65,27.93,9.66,16.96,5.66
36047120802,Kings County,New York,True,100.0,62.32,43.57,21.42,5247,97.62,40.04,47.01,30853,10.35,40.77,0.0,96.86,1.12,2.34,24.38,2.14
36047120803,Kings County,New York,True,71.3,37.29,37.29,1.0,697,32.71,28.0,39.22,45125,24.89,8.44,6.74,53.19,0.89,36.37,47.77,4.3
36047121000,Kings County,New York,True,100.0,36.81,21.18,24.68,3738,96.35,41.33,55.75,23136,11.24,31.97,16.77,51.55,0.96,53.56,34.09,12.72
36047121400,Kings County,New York,True,100.0,37.51,22.82,18.17,4512,95.21,27.06,43.65,38094,9.49,30.63,2.55,62.66,0.4,36.26,31.26,6.25
36047122000,Kings County,New York,True,78.58,45.37,15.16,16.18,5489,37.55,5.01,12.95,83594,8.02,29.35,0.29,83.24,6.62,11.29,20.43,3.7
36047123700,Kings County,New York,True,74.64,78.77,62.56,58.41,6999,30.06,40.04,22.51,55861,1.66,64.02,92.38,4.16,0.45,2.84,6.99,14.69
36047150200,Kings County,New York,True,41.87,52.32,29.58,1.32,1173,80.98,3.9,10.35,132727,8.74,32.63,85.02,4.13,3.64,7.77,21.81,1.29
36047152200,Kings County,New York,True,28.37,49.75,13.68,3.48,737,68.45,3.67,2.26,215602,23.34,15.28,54.86,4.63,22.9,8.07,21.52,0.84
36047990100,Kings County,New York,False,,,,,0,,,,,,,,,,,,
36049950101,Lewis County,New York,True,14.01,45.53,8.94,2.17,249,47.32,7.75,13.5,66964,20.2,26.79,95.49,0.98,0.0,1.11,21.32,0.0
36049950200,Lewis County,New York,True,16.7,50.87,33.04,1.92,525,57.21,13.43,21.24,62050,16.93,24.93,94.6,0.14,0.5,1.83,31.27,0.0
36049950301,Lewis County,New York,True,44.67,34.11,17.56,4.55,1318,76.85,13.13,22.84,68025,23.24,20.96,86.36,2.83,0.26,6.98,30.38,1.88
36049950302,Lewis County,New York,True,23.84,41.79,22.48,3.05,774,55.9,17.57,17.0,69583,20.03,21.27,93.92,1.75,0.0,1.41,24.68,0.9
36049950401,Lewis County,New York,True,7.56,58.46,36.92,13.95,180,44.4,8.81,17.05,70515,17.32,22.01,97.09,1.01,0.15,1.08,24.17,0.39
36049950500,Lewis County,New York,True,18.29,54.97,19.21,5.08,324,59.37,9.48,17.15,74559,21.77,22.59,94.48,0.52,0.26,0.26,25.41,0.09
36049950601,Lewis County,New York,True,12.5,64.15,33.96,0.0,105,41.76,12.03,20.77,65278,21.86,20.81,95.7,1.4,0.0,0.88,34.81,0.0
36049950700,Lewis County,New York,True,17.93,37.94,26.47,1.8,881,60.4,12.52,20.19,75820,21.19,22.85,94.27,0.53,0.92,0.52,25.65,0.22
36049950800,Lewis County,New York,True,4.9,47.06,23.53,0.0,35,65.27,9.34,24.71,49158,33.5,14.68,99.64,0.0,0.0,0.36,35.9,0.0
36051030100,Livingston County,New York,True,23.95,34.66,24.94,1.18,806,63.04,4.79,11.36,78649,21.63,19.48,89.0,2.18,0.48,5.61,26.78,0.92
36051030201,Livingston County,New York,True,43.14,77.57,61.37,0.0,2163,56.85,30.39,27.99,65227,14.39,21.11,85.09,2.56,1.13,10.99,24.95,6.49
36051030203,Livingston County,New York,True,40.59,42.89,7.22,2.63,619,47.22,5.01,10.3,78167,34.01,18.85,90.64,0.4,0.0,7.58,48.58,0.0
36051030204,Livingston County,New York,True,14.3,61.7,26.06,4.69,439,46.23,5.81,18.59,82857,25.47,14.92,93.21,0.67,1.09,0.7,25.7,0.23
36051030300,Livingston County,New York,True,38.59,45.5,9.17,0.0,1022,73.32,8.12,15.5,71771,21.54,23.5,93.8,1.7,0.0,3.1,31.67,0.58
36051030400,Livingston County,New York,True,42.69,65.3,33.28,0.0,1177,73.63,20.7,20.62,79182,18.96,13.57,86.4,1.34,5.5,4.51,35.97,0.0
36051030500,Livingston County,New York,False,,,,,0,,,,,0.0,0.39,75.59,11.47,6.89,6.79,,0.95
36051030600,Livingston County,New York,True,17.32,60.41,42.86,14.29,522,61.38,9.36,17.51,87130,15.2,21.95,88.05,1.36,1.99,7.53,24.87,0.69
36051030701,Livingston County,New York,True,3.65,100.0,0.0,0.0,64,64.54,4.07,7.19,107750,21.46,16.66,94.39,0.04,0.08,2.7,10.64,0.0
36051030702,Livingston County,New York,True,19.87,61.8,9.63,4.41,764,47.8,9.52,14.56,77829,21.75,21.57,91.62,0.02,0.0,4.46,28.88,0.0
36051030800,Livingston County,New York,True,11.71,27.4,8.9,0.0,365,67.48,9.09,11.76,78147,25.15,20.26,93.15,0.38,0.06,2.65,28.82,0.48
36051030900,Livingston County,New York,True,26.48,56.18,26.18,0.0,574,86.79,13.32,26.32,51125,12.84,23.39,87.7,0.48,0.0,7.91,37.77,0.0
36051031000,Livingston County,New York,False,,,,,0,,57.89,,,6.57,0.66,42.39,39.76,0.22,16.87,,0.66
36051031101,Livingston County,New York,True,12.83,93.33,71.11,10.19,177,61.22,10.73,21.02,87794,18.94,15.81,93.63,0.46,0.1,0.26,23.04,0.27
36051031102,Livingston County,New York,True,8.11,13.75,13.75,7.95,187,54.84,5.79,12.44,77212,24.88,16.79,89.15,0.0,0.0,2.39,27.83,0.55
36051031200,Livingston County,New York,True,25.54,44.33,28.09,0.0,818,68.03,16.24,23.14,65750,18.39,17.95,92.37,0.83,0.08,4.63,36.16,0.66
36051031300,Livingston County,New York,True,8.23,46.67,40.95,0.0,259,58.91,8.71,14.41,73667,29.69,16.13,95.38,0.0,0.62,0.81,21.91,0.4
36051031400,Livingston County,New York,True,28.02,68.97,31.03,0.0,1205,87.07,6.71,21.34,57329,22.24,17.04,91.94,1.07,2.45,0.84,36.29,0.18
36053030101,Madison County,New York,True,56.43,43.56,29.55,2.82,935,93.81,19.09,32.94,53036,23.98,12.32,92.18,2.35,0.2,2.1,44.42,0.0
36053030102,Madison County,New York,True,41.95,47.39,28.15,0.53,1589,86.21,16.11,28.11,51610,17.43,21.2,91.69,0.41,0.12,4.9,43.59,0.3
36053030103,Madison County,New York,True,19.86,60.23,17.42,0.0,480,67.61,8.62,9.3,86607,24.56,19.82,89.86,2.32,0.42,0.54,29.3,0.0
36053030200,Madison County,New York,True,9.97,25.93,14.07,1.97,394,66.56,7.23,15.88,78750,25.72,16.12,89.88,0.26,0.09,4.61,28.41,0.43
36053030300,Madison County,New York,True,31.61,41.1,27.7,0.14,1355,78.92,12.51,22.14,73750,19.33,22.1,82.13,5.01,0.27,3.11,36.16,0.5
36053030401,Madison County,New York,True,32.56,51.87,38.54,0.77,1177,59.45,14.15,21.11,71793,18.31,23.67,93.64,0.67,0.29,2.75,24.87,0.58
36053030402,Madison County,New York,True,11.48,48.23,25.53,8.51,348,56.3,2.71,11.48,94194,21.84,20.3,93.36,1.01,0.0,1.29,23.13,0.0
36053030403,Madison County,New York,True,6.44,35.9,5.13,0.0,188,54.13,5.97,17.11,76118,19.25,15.9,94.6,0.13,0.36,1.39,24.33,0.05
36053030404,Madison County,New York,True,6.57,64.38,10.96,0.0,155,61.73,7.17,7.47,91328,28.51,14.44,95.11,1.14,0.44,1.43,18.54,0.51
36053030501,Madison County,New York,True,27.86,58.28,24.2,0.0,599,64.83,5.99,13.4,97375,21.97,11.83,87.25,3.22,3.13,4.11,26.26,0.0
36053030502,Madison County,New York,True,5.79,23.88,0.0,0.0,127,55.72,1.46,13.61,131131,28.4,16.91,93.24,0.0,0.23,1.9,29.72,0.0
36053030601,Madison County,New York,True,14.17,35.11,22.9,0.0,373,52.39,6.74,16.68,78233,16.47,21.22,94.17,0.0,0.0,1.19,20.37,0.26
36053030602,Madison County,New York,True,10.04,40.18,10.71,5.59,294,51.61,9.2,15.52,81700,24.45,19.75,95.16,0.84,0.66,0.78,27.18,0.06
36053030701,Madison County,New York,True,22.11,48.68,19.74,1.88,513,80.92,10.05,24.69,53281,14.21,15.4,82.07,4.78,6.3,4.95,31.26,0.15
36053030702,Madison County,New York,True,13.72,22.22,0.0,0.0,177,72.66,7.82,12.58,82063,19.72,20.06,96.09,0.17,0.06,0.96,30.62,0.06
36053030800,Madison County,New York,True,18.01,41.55,12.08,1.66,566,61.15,17.52,18.01,65000,23.09,19.28,90.77,3.42,0.27,1.91,30.72,0.36
36053030900,Madison County,New York,True,51.92,32.02,15.41,0.85,540,80.25,12.75,26.25,69167,7.21,6.98,78.31,7.71,7.09,7.05,48.97,0.23
36053031000,Madison County,New York,True,16.55,57.78,29.26,0.0,612,55.1,8.8,21.18,76545,21.9,22.79,94.15,0.09,0.06,0.6,25.76,0.0
36053031100,Madison County,New York,True,15.94,51.43,27.62,4.41,348,51.96,16.6,18.41,69205,19.86,21.81,94.98,0.0,0.79,0.0,20.28,0.29
36055000200,Monroe County,New York,True,87.76,62.48,28.52,8.62,2446,78.67,32.21,36.26,41467,5.41,35.56,18.35,35.67,8.12,13.64,25.58,3.67
36055000700,Monroe County,New York,True,48.87,63.56,30.77,4.97,753,63.27,41.67,53.56,24866,12.11,28.46,15.88,48.9,9.01,44.44,26.7,9.04
36055001000,Monroe County,New York,True,86.43,30.58,13.53,0.51,2816,90.4,15.48,23.16,65180,20.79,4.57,77.14,7.66,1.57,4.91,67.47,0.31
36055001300,Monroe County,New York,True,99.06,42.19,17.07,8.21,2265,63.38,43.52,66.2,20581,6.98,48.35,11.51,49.93,27.8,25.91,28.48,18.94
36055001600,Monroe County,New York,True,54.53,66.28,50.34,6.91,1479,69.63,40.57,59.46,19970,11.37,28.9,21.1,48.22,0.0,41.65,29.24,4.19
36055001800,Monroe County,New York,True,34.42,42.11,24.72,0.0,1880,80.64,18.55,29.28,48943,8.6,21.42,44.14,36.72,1.53,24.44,29.95,1.01
36055001900,Monroe County,New York,True,53.6,59.71,42.11,4.3,1309,57.9,27.9,28.3,43411,10.09,20.78,38.52,43.45,2.86,10.46,52.13,1.97
36055002000,Monroe County,New York,True,52.75,55.04,38.86,0.0,2265,98.02,21.89,27.41,43922,9.38,31.78,33.4,35.7,2.21,33.28,37.76,5.6
36055002100,Monroe County,New York,True,48.34,65.52,19.24,0.0,2165,85.22,25.79,29.8,50240,6.72,37.97,25.05,57.56,4.23,7.9,24.5,2.77
36055002200,Monroe County,New York,True,91.98,55.5,24.86,6.06,2690,93.55,50.74,50.13,29856,8.49,25.78,26.42,36.27,14.93,18.94,20.51,13.69
36055002300,Monroe County,New York,True,79.78,62.64,42.47,8.25,3533,94.15,41.85,54.8,22010,14.0,30.99,21.87,54.86,8.86,17.89,47.17,3.53
36055002400,Monroe County,New York,True,73.07,66.18,40.79,8.65,2024,77.84,39.23,52.38,28625,9.48,30.28,22.65,50.2,4.12,26.87,44.5,9.9
36055002700,Monroe County,New York,True,66.23,66.84,22.19,8.5,1042,50.5,37.19,38.25,33676,11.02,33.13,3.17,85.81,0.0,11.16,50.83,3.65
36055002900,Monroe County,New York,True,89.81,51.16,23.87,0.0,3282,91.99,17.07,23.06,51703,6.67,0.71,77.06,6.04,2.8,7.15,57.45,6.43
36055003000,Monroe County,New York,True,77.66,44.73,30.21,0.0,1600,93.54,34.22,27.57,68125,7.07,14.77,60.17,21.57,0.0,4.03,46.76,1.83
36055003101,Monroe County,New York,True,58.87,25.74,16.39,0.0,1445,93.61,9.38,13.79,99140,19.98,5.26,85.28,5.95,1.53,5.55,44.84,0.33
36055003102,Monroe County,New York,True,85.11,58.79,40.13,0.0,1688,99.74,15.14,38.96,53211,14.31,3.82,90.66,0.14,0.0,8.28,66.41,1.13
36055003200,Monroe County,New York,True,94.5,55.95,32.14,3.36,1693,80.11,37.23,52.06,24510,12.83,4.18,58.42,29.35,4.24,8.97,68.9,5.73
36055003300,Monroe County,New York,True,76.56,47.8,23.35,3.19,1214,85.06,54.21,49.05,30305,9.96,9.9,61.87,25.04,6.48,3.89,66.15,1.68
36055003400,Monroe County,New York,True,79.69,44.7,22.06,2.44,1805,95.59,17.06,28.83,70515,6.14,5.55,85.51,6.47,2.84,7.89,43.24,1.64
36055003500,Monroe County,New York,True,25.17,47.58,6.45,0.0,232,98.02,4.99,9.69,71500,39.33,11.42,86.63,3.24,0.78,1.43,46.09,2.1
36055003600,Monroe County,New York,True,40.73,44.53,10.76,0.0,1082,96.19,11.26,9.73,92935,11.69,9.72,80.02,6.9,0.0,7.71,41.33,0.15
36055003700,Monroe County,New York,True,71.12,33.42,8.6,0.0,1843,94.78,11.55,12.17,83243,11.21,11.28,73.63,8.85,5.1,4.66,42.75,0.76
36055003806,Monroe County,New York,True,84.28,64.18,35.94,2.3,2945,77.65,41.05,33.09,42692,12.22,4.27,61.0,10.21,14.27,9.3,50.0,1.62
36055003807,Monroe County,New York,True,38.06,27.4,20.28,4.9,632,78.89,15.61,14.68,64375,7.73,2.77,61.17,6.87,19.55,9.39,47.64,4.92
36055003900,Monroe County,New York,True,71.87,67.51,23.42,0.0,1343,80.36,36.34,47.33,31563,13.98,23.55,20.57,39.87,0.0,52.95,42.93,13.11
36055004000,Monroe County,New York,True,63.62,79.68,39.68,10.31,748,100.0,31.69,42.35,32468,7.48,32.56,33.44,26.61,0.0,35.21,31.81,9.98
36055004100,Monroe County,New York,True,60.7,81.97,45.57,4.17,842,81.53,37.32,52.72,29146,9.98,35.8,18.74,65.19,3.58,22.62,17.12,4.87
36055004602,Monroe County,New York,True,89.59,48.5,25.28,3.9,1776,92.73,30.32,54.63,27033,29.22,17.56,30.63,33.07,0.0,19.8,63.33,4.17
36055004701,Monroe County,New York,True,75.3,51.48,30.87,8.36,1949,82.52,44.68,52.91,26417,28.07,18.63,31.85,43.39,0.89,26.43,59.6,15.84
36055004702,Monroe County,New York,True,42.96,55.05,27.96,2.73,954,75.59,19.01,27.62,47701,12.42,24.27,28.69,38.84,1.14,36.93,28.88,5.68
36055004800,Monroe County,New York,True,65.28,60.46,42.53,2.75,1317,95.09,39.79,49.24,30474,10.45,31.45,12.71,42.0,0.0,43.33,24.2,13.71
36055004900,Monroe County,New York,True,82.85,56.53,32.45,28.39,2103,65.15,41.66,29.74,41719,3.44,44.21,9.8,40.31,0.0,52.02,15.17,8.2
36055005000,Monroe County,New York,True,70.42,72.73,52.15,2.89,1367,80.81,46.29,48.51,31080,12.48,23.53,21.43,48.49,0.61,40.66,33.8,12.78
36055005100,Monroe County,New York,True,78.92,64.01,34.4,12.18,1088,85.76,32.09,51.77,29772,7.39,35.96,21.32,59.09,0.0,30.24,27.49,13.86
36055005200,Monroe County,New York,True,69.52,73.78,65.03,0.0,1121,80.37,52.46,60.75,23897,6.65,36.94,5.75,44.91,0.0,41.23,28.29,10.93
36055005400,Monroe County,New York,True,22.33,63.82,52.71,0.0,909,98.66,14.47,15.27,80000,17.13,25.55,24.65,46.48,0.95,30.29,41.35,3.76
36055005500,Monroe County,New York,True,59.46,82.0,57.0,4.5,907,86.37,61.1,60.18,20500,7.28,33.72,22.15,47.67,0.0,34.64,33.04,3.17
36055005600,Monroe County,New York,True,74.22,72.95,44.76,6.54,1777,93.79,46.31,53.19,28031,8.26,29.67,13.15,67.68,0.37,13.36,32.15,7.89
36055005700,Monroe County,New York,True,69.4,49.19,40.37,4.18,1093,96.51,25.7,29.15,62019,18.84,31.44,28.26,44.59,0.55,32.54,21.42,3.73
36055005800,Monroe County,New York,True,45.68,76.62,45.14,0.0,1578,94.22,34.83,30.48,48140,9.16,27.16,37.09,45.01,0.0,15.49,34.41,2.45
36055005900,Monroe County,New York,True,72.64,70.94,37.61,1.66,1061,86.84,28.43,37.83,44917,7.8,25.41,6.98,57.74,2.08,30.82,20.72,2.59
36055006000,Monroe County,New York,True,37.23,30.81,17.43,0.0,1134,90.27,11.12,26.84,53478,16.19,7.29,49.42,24.67,1.19,14.49,49.04,1.87
36055006100,Monroe County,New York,True,20.87,47.84,34.12,0.0,555,98.9,13.16,14.32,80431,18.48,14.12,87.76,4.02,0.0,1.63,42.31,0.0
36055006200,Monroe County,New York,True,26.74,57.02,45.45,0.0,703,98.68,13.34,30.02,55769,14.25,22.05,21.84,66.84,1.27,9.67,33.51,1.34
36055006300,Monroe County,New York,True,51.97,66.17,38.08,0.0,1575,96.56,19.93,23.33,42197,18.02,25.28,17.23,71.37,1.14,6.97,21.1,1.62
36055006400,Monroe County,New York,True,46.98,68.29,62.2,1.58,1010,85.26,41.69,53.02,27964,16.55,22.55,2.23,88.4,0.0,5.55,34.57,0.15
36055006500,Monroe County,New York,True,88.09,81.88,59.68,1.34,1644,67.57,61.47,66.91,19031,6.7,36.96,4.0,80.62,2.42,14.08,34.12,3.39
36055006600,Monroe County,New York,True,88.45,37.1,25.19,6.17,1635,89.87,29.11,27.59,48057,12.84,23.26,12.11,74.37,1.68,6.21,47.49,2.17
36055006700,Monroe County,New York,True,36.91,48.69,9.95,14.4,1329,97.07,16.88,22.03,62695,14.21,32.12,9.93,78.96,0.0,14.03,27.63,0.35
36055006800,Monroe County,New York,True,34.44,17.92,8.05,0.0,847,91.92,5.64,7.92,75703,9.44,18.79,32.13,48.76,1.62,11.56,31.93,2.14
36055006900,Monroe County,New York,True,84.19,55.84,24.86,3.04,1295,93.14,39.73,48.33,35177,21.38,12.63,39.34,42.32,2.67,10.93,60.24,2.13
36055007000,Monroe County,New York,True,48.66,55.58,45.72,0.0,1908,85.84,23.86,22.66,70772,10.17,21.63,37.58,47.13,4.97,6.64,24.78,0.3
36055007100,Monroe County,New York,True,39.82,55.96,41.41,12.73,1273,94.29,26.52,23.49,61366,21.67,11.1,33.23,55.3,4.47,4.79,25.5,0.96
36055007500,Monroe County,New York,True,69.77,77.01,61.29,3.7,1650,90.46,30.7,54.01,29130,16.88,32.29,11.26,77.15,0.0,12.06,41.57,0.92
36055007600,Monroe County,New York,True,25.39,53.9,41.31,0.0,661,94.03,9.76,16.2,88495,16.74,5.76,90.46,4.54,0.32,2.45,40.78,0.0
36055007700,Monroe County,New York,True,52.4,41.31,13.49,0.0,1368,96.93,16.13,23.9,66852,13.09,18.72,67.04,15.17,2.43,9.22,44.23,5.89
36055007801,Monroe County,New York,True,72.71,28.77,10.92,0.0,1898,94.02,8.94,11.85,106898,21.25,8.13,87.92,2.48,0.74,7.23,44.78,0.0
36055007802,Monroe County,New York,True,28.06,13.98,0.0,0.0,403,98.17,3.32,9.51,115688,26.18,13.86,86.33,7.48,1.1,3.13,37.57,0.71
36055007900,Monroe County,New York,True,54.7,76.3,43.33,0.0,978,94.44,33.93,41.19,41094,8.38,30.37,15.1,33.31,0.61,55.47,28.01,14.37
36055008000,Monroe County,New York,True,54.8,76.97,56.18,6.44,1293,95.16,33.56,51.27,29674,13.48,35.1,18.94,37.78,0.51,45.14,27.54,3.88
36055008100,Monroe County,New York,True,40.08,41.91,24.11,5.24,1871,94.23,18.06,30.28,42045,20.05,21.43,21.91,42.2,3.34,42.29,37.51,7.35
36055008200,Monroe County,New York,True,41.87,60.56,38.63,0.0,1121,95.62,30.15,34.98,40400,14.4,22.95,14.71,34.36,1.59,51.62,36.54,10.43
36055008301,Monroe County,New York,True,45.26,64.36,54.47,0.0,1446,85.99,9.94,34.09,48953,17.37,22.09,33.34,32.74,0.31,34.77,46.22,5.47
36055008400,Monroe County,New York,True,64.29,57.65,52.29,15.4,1683,95.88,45.85,48.67,33194,5.42,36.08,12.22,51.77,0.0,33.92,29.49,8.63
36055008500,Monroe County,New York,True,55.27,66.58,35.53,0.0,1633,78.29,15.54,38.33,44507,23.6,12.41,68.83,17.53,0.68,13.54,60.29,0.34
36055008600,Monroe County,New York,True,33.49,67.1,14.02,0.0,1380,87.92,19.65,15.1,58910,14.78,18.38,62.14,20.62,0.0,21.54,40.97,0.46
36055008702,Monroe County,New York,True,57.72,51.9,49.05,0.0,1071,98.58,48.36,28.24,45500,7.72,37.91,20.86,56.96,0.0,21.52,22.53,11.69
36055008801,Monroe County,New York,True,53.64,67.03,34.83,6.71,2798,95.16,20.83,37.77,39651,14.19,21.85,31.54,34.06,10.49,19.59,37.46,5.53
36055009200,Monroe County,New York,True,89.83,40.14,31.0,1.37,1173,82.42,69.32,74.42,12369,23.76,29.35,14.56,32.34,0.0,58.38,57.16,16.42
36055009301,Monroe County,New York,True,90.89,42.93,28.15,0.62,1694,84.85,50.85,56.36,24455,12.89,27.6,16.0,47.21,0.05,43.23,40.83,9.83
36055009302,Monroe County,New York,True,92.9,46.23,22.02,3.06,1910,89.65,12.52,30.23,47409,6.59,0.71,73.62,8.15,5.79,6.74,60.75,3.72
36055009401,Monroe County,New York,True,92.99,40.33,12.25,2.18,1743,72.36,33.22,51.25,,15.77,5.39,52.1,18.24,6.76,15.22,74.78,6.18
36055009402,Monroe County,New York,True,84.78,44.36,23.89,2.37,2249,79.75,25.21,33.56,67366,11.86,5.12,67.39,5.53,7.04,10.99,55.3,1.05
36055009403,Monroe County,New York,False,,,,,0,,,,,1.06,0.0,20.32,64.64,0.0,17.02,,0.0
36055009404,Monroe County,New York,True,95.83,30.05,17.21,0.82,532,82.58,25.44,23.96,68000,11.32,3.53,68.38,17.65,1.03,12.21,66.67,1.22
36055009500,Monroe County,New York,True,62.23,36.68,15.17,4.37,2209,62.31,27.66,31.46,51164,11.33,13.48,50.03,38.3,1.17,9.4,60.09,2.65
36055009601,Monroe County,New York,True,80.09,72.7,64.12,0.0,1074,69.16,46.92,68.89,15714,11.15,17.08,22.82,64.82,0.32,10.2,63.8,1.87
36055009602,Monroe County,New York,True,69.21,28.5,23.36,0.0,756,80.43,33.12,39.74,31141,8.39,39.73,5.18,56.7,8.48,29.64,32.31,1.5
36055009605,Monroe County,New York,True,70.72,87.05,55.92,1.71,2030,85.96,54.24,44.97,31263,10.19,39.53,20.3,33.56,2.66,33.6,33.0,1.5
36055010100,Monroe County,New York,True,12.28,8.0,8.0,0.0,411,94.72,11.45,12.68,74750,22.59,21.31,85.97,0.09,0.0,15.24,37.12,1.57
36055010200,Monroe County,New York,True,2.36,40.74,0.0,0.0,96,89.58,1.64,6.02,140469,23.15,22.4,92.16,3.27,0.0,4.42,18.81,0.78
36055010300,Monroe County,New York,True,4.28,47.14,27.14,0.0,230,91.57,2.97,8.87,99141,19.86,20.81,88.71,2.91,0.36,5.7,20.06,1.51
36055010400,Monroe County,New York,True,32.74,62.78,41.65,0.0,1048,94.32,11.13,20.73,75208,20.96,21.75,68.99,10.81,1.11,21.37,42.44,2.98
36055010500,Monroe County,New York,True,5.06,37.5,0.0,0.0,125,81.65,6.87,15.73,96667,21.9,22.46,95.18,0.86,0.98,2.09,23.43,0.44
36055010601,Monroe County,New York,True,29.97,65.96,44.33,3.1,658,85.06,10.29,26.97,53750,29.11,18.31,81.28,4.98,3.6,12.18,45.92,5.12
36055010602,Monroe County,New York,True,30.67,63.81,37.9,0.0,878,82.96,6.95,16.94,69554,23.5,20.68,68.01,16.53,4.81,12.43,34.81,1.56
36055010700,Monroe County,New York,True,17.39,43.37,5.38,0.0,457,86.34,4.77,18.37,74630,24.5,13.05,84.67,1.03,8.14,9.26,38.46,0.64
36055010800,Monroe County,New York,True,2.13,51.72,51.72,0.0,84,93.96,3.85,10.34,99125,19.79,13.65,81.88,4.33,1.32,4.68,30.21,0.34
36055010901,Monroe County,New York,True,50.8,77.63,36.58,2.8,1692,69.53,29.67,38.86,36602,28.95,27.17,45.58,21.48,11.43,15.69,41.53,3.62
36055010902,Monroe County,New York,True,46.2,59.34,31.63,0.42,1566,82.66,22.95,29.06,59291,19.47,24.83,55.58,22.16,7.12,18.0,33.05,1.79
36055011000,Monroe County,New York,True,24.9,39.48,10.52,0.0,1044,80.72,4.98,10.73,90511,22.54,16.79,75.3,7.17,1.53,13.11,21.94,1.75
36055011100,Monroe County,New York,True,12.35,43.54,3.69,0.0,392,88.11,3.06,11.12,91563,17.5,11.72,77.83,9.02,0.14,7.48,33.41,0.52
36055011201,Monroe County,New York,True,5.56,29.41,29.41,0.0,214,63.9,12.49,7.97,105150,24.63,20.98,76.04,1.29,13.73,4.35,24.64,2.7
36055011203,Monroe County,New York,True,5.27,10.87,0.0,0.0,100,80.51,0.73,4.7,105040,24.27,20.52,95.37,0.19,0.0,3.12,20.16,0.0
36055011205,Monroe County,New York,True,28.8,71.32,17.68,0.0,908,34.09,5.83,12.29,107128,23.44,23.32,90.04,1.22,1.12,5.29,28.23,0.42
36055011207,Monroe County,New York,True,46.24,45.62,21.55,5.39,1961,41.29,2.9,11.41,92500,16.15,19.81,85.62,7.41,1.36,1.38,32.02,0.42
36055011209,Monroe County,New York,True,58.4,54.5,13.73,0.0,2481,31.78,5.36,17.6,60997,32.03,11.88,87.98,4.21,2.53,7.72,52.46,0.0
36055011210,Monroe County,New York,True,26.79,62.04,37.23,0.0,189,25.31,12.58,23.3,67458,44.72,9.34,87.55,2.17,2.74,2.26,53.39,1.86
36055011302,Monroe County,New York,True,0.95,100.0,100.0,0.0,47,49.79,2.58,7.2,113649,26.5,21.64,91.71,0.71,0.21,1.11,19.72,0.82
36055011303,Monroe County,New York,True,14.25,92.8,7.2,0.0,293,34.69,5.25,6.94,126943,19.63,17.05,89.79,2.11,2.27,0.87,16.07,1.54
36055011304,Monroe County,New York,True,1.8,100.0,100.0,0.0,32,36.33,0.75,2.47,127803,24.19,19.03,95.01,0.37,1.44,1.53,14.48,0.61
36055011401,Monroe County,New York,True,29.53,44.25,27.37,3.07,829,38.52,7.06,18.28,94239,16.56,27.62,86.99,8.38,2.2,1.92,32.18,5.07
36055011402,Monroe County,New York,True,10.93,36.46,13.81,0.0,301,71.68,3.12,6.7,94722,23.18,17.97,94.19,2.06,0.0,3.17,28.56,0.94
36055011403,Monroe County,New York,True,93.97,53.38,16.58,0.76,2772,34.63,9.44,16.09,63313,18.31,14.44,80.33,7.9,4.07,8.14,52.57,2.36
36055011503,Monroe County,New York,True,4.99,0.0,0.0,0.0,292,64.99,2.51,4.61,151365,25.28,20.25,85.17,2.0,0.55,7.38,20.05,0.38
36055011504,Monroe County,New York,True,1.22,100.0,0.0,0.0,31,47.6,2.32,4.66,147229,15.06,24.26,89.8,0.23,3.22,4.89,14.8,0.47
36055011505,Monroe County,New York,True,24.39,61.03,20.72,0.0,991,26.12,4.58,10.51,120398,21.07,24.12,85.74,0.88,0.57,5.85,25.92,0.42
36055011506,Monroe County,New York,True,6.1,71.43,71.43,10.64,334,22.21,2.08,6.49,130741,22.62,26.22,87.12,0.84,9.0,1.43,19.55,1.37
36055011507,Monroe County,New York,True,45.15,58.98,32.77,1.53,1410,23.16,7.25,12.9,99022,18.63,25.03,91.99,0.99,2.07,2.97,34.28,0.45
36055011601,Monroe County,New York,True,19.78,51.97,27.74,7.87,828,71.34,6.32,14.86,97889,27.55,23.24,94.38,0.54,1.77,1.84,35.54,0.59
36055011603,Monroe County,New York,True,42.65,65.96,31.06,9.66,641,43.13,34.55,37.06,35833,16.83,21.09,87.58,2.02,0.67,9.35,44.12,0.46
36055011604,Monroe County,New York,True,24.52,32.45,14.57,0.0,626,72.57,2.89,6.59,128036,24.17,13.6,85.58,2.43,1.71,8.82,31.48,1.1
36055011605,Monroe County,New York,True,32.57,24.25,13.06,0.0,590,80.19,8.78,7.94,89018,19.3,25.07,81.06,4.63,3.08,8.85,20.48,3.67
36055011705,Monroe County,New York,True,8.65,90.0,50.0,0.0,103,78.16,5.6,8.76,128182,35.53,16.46,91.04,1.6,2.15,2.74,24.89,0.84
36055011707,Monroe County,New York,True,16.69,70.98,24.49,0.0,805,50.07,3.35,7.2,109821,24.88,21.55,88.88,0.35,1.13,2.25,17.47,1.06
36055011708,Monroe County,New York,True,10.24,25.18,12.95,0.0,318,39.33,1.6,5.99,160368,27.98,18.86,90.46,0.36,3.56,2.02,12.2,0.0
36055011709,Monroe County,New York,True,3.06,56.52,0.0,0.0,69,6.57,0.43,0.9,184943,12.15,18.08,87.48,0.47,4.16,0.07,15.93,0.41
36055011710,Monroe County,New York,True,23.42,27.15,4.29,0.0,1161,46.49,2.09,3.85,99505,14.7,24.32,88.34,2.74,3.71,4.96,24.64,0.15
36055011711,Monroe County,New York,True,22.32,41.26,21.36,0.0,318,16.35,11.62,15.17,130536,36.5,14.36,82.26,4.56,4.45,2.84,46.05,1.48
36055011712,Monroe County,New York,True,26.33,46.91,13.27,0.0,1146,70.18,6.6,9.1,109671,26.17,20.52,86.88,0.28,2.28,3.99,32.51,1.72
36055011800,Monroe County,New York,True,33.5,41.46,27.8,0.0,1531,82.58,13.1,17.12,106786,20.56,17.91,91.65,0.93,0.62,1.07,26.14,0.0
36055011901,Monroe County,New York,True,27.51,67.84,24.26,0.0,1056,49.62,4.91,24.3,73222,28.47,19.4,84.07,9.56,1.78,5.15,39.26,0.31
36055011903,Monroe County,New York,True,4.75,23.81,23.81,0.0,51,81.33,1.31,7.58,125000,21.29,25.08,91.58,0.28,3.32,1.5,32.58,0.0
36055011904,Monroe County,New York,True,20.48,53.18,25.43,0.0,566,85.13,3.79,12.38,100457,25.52,18.55,93.23,0.15,0.28,1.38,28.97,0.53
36055012000,Monroe County,New York,True,47.72,23.44,7.54,0.0,1434,96.82,5.23,10.21,76509,14.31,18.91,81.8,6.48,0.67,4.42,39.13,0.46
36055012100,Monroe County,New York,True,32.13,42.91,29.1,1.65,1001,94.11,9.13,17.66,72797,21.79,15.28,92.11,1.04,0.03,7.13,37.92,0.0
36055012201,Monroe County,New York,True,24.83,32.21,13.42,7.72,1101,84.73,9.74,5.6,153450,20.45,11.49,88.08,3.41,3.93,4.41,22.33,0.37
36055012202,Monroe County,New York,True,19.06,50.35,32.39,0.0,451,58.87,3.35,6.91,117247,35.73,19.63,81.72,9.86,3.36,3.22,30.81,1.4
36055012301,Monroe County,New York,True,21.77,46.15,20.32,0.0,881,80.9,2.26,10.22,116458,21.55,23.37,83.61,0.91,6.82,5.99,31.39,0.71
36055012304,Monroe County,New York,True,2.3,100.0,100.0,0.0,129,69.05,3.68,4.8,139130,17.02,24.95,82.34,3.24,7.36,3.4,11.62,0.25
36055012305,Monroe County,New York,True,2.36,0.0,0.0,0.0,157,57.11,0.92,2.55,191250,20.74,25.67,80.98,2.0,10.56,3.02,11.27,1.03
36055012307,Monroe County,New York,True,0.9,,,0.0,7,23.2,1.94,4.65,227292,10.77,32.58,66.58,0.0,28.07,0.88,13.44,0.98
36055012308,Monroe County,New York,True,15.05,64.76,64.76,0.0,396,21.05,4.04,9.29,130357,31.18,19.47,81.57,0.1,10.36,3.22,21.01,1.08
36055012401,Monroe County,New York,True,42.25,40.35,17.76,1.69,895,64.28,9.88,13.84,82667,22.14,22.14,88.98,0.65,1.2,6.59,40.66,0.83
36055012402,Monroe County,New York,True,7.54,41.28,27.52,0.0,309,44.73,3.74,4.93,154760,17.7,26.4,89.06,2.93,2.08,2.26,9.5,0.33
36055012500,Monroe County,New York,True,34.63,64.28,45.76,1.96,948,87.68,13.39,19.73,70524,26.74,14.45,88.21,1.32,2.23,2.76,50.25,1.0
36055012600,Monroe County,New York,True,34.29,55.09,34.35,3.69,1190,96.87,7.54,17.02,103769,24.75,21.16,86.29,2.88,3.53,3.38,42.1,0.0
36055012700,Monroe County,New York,True,18.14,31.73,21.77,0.0,699,95.9,3.88,10.04,125795,15.62,28.02,83.14,2.36,3.12,7.25,23.09,2.89
36055012800,Monroe County,New York,True,54.08,36.57,15.88,6.17,2301,79.98,10.49,18.04,83832,10.84,24.47,74.65,4.55,11.64,10.3,31.66,0.85
36055012900,Monroe County,New York,True,34.68,65.65,35.82,0.0,1229,53.33,4.64,10.05,129331,33.92,11.87,75.21,5.94,11.63,3.32,30.86,2.41
36055013003,Monroe County,New York,True,1.39,0.0,0.0,0.0,17,95.28,1.32,3.13,134917,24.2,18.72,80.72,3.33,2.64,8.04,14.09,0.0
36055013004,Monroe County,New York,True,55.0,45.94,31.43,4.0,2877,73.52,10.62,12.46,75742,12.53,26.32,60.94,8.98,16.98,1.86,32.23,1.78
36055013005,Monroe County,New York,True,84.06,49.92,26.06,2.71,2363,50.86,13.4,28.85,53835,20.43,10.02,63.66,14.03,13.96,9.04,39.2,1.64
36055013006,Monroe County,New York,True,58.78,42.76,4.72,0.0,1249,82.34,13.02,6.9,68304,12.58,11.12,60.21,10.26,25.11,0.9,30.82,4.83
36055013101,Monroe County,New York,True,19.91,38.36,19.35,5.82,1388,57.81,10.36,11.05,81662,27.04,14.42,74.53,4.28,10.02,8.01,31.11,3.21
36055013103,Monroe County,New York,True,45.27,56.68,48.66,1.92,1262,28.62,24.36,24.88,66750,1.87,3.46,67.17,5.51,20.2,6.0,22.76,0.79
36055013104,Monroe County,New York,True,58.62,60.35,41.55,3.09,2201,65.63,21.23,27.22,57250,13.79,13.66,64.03,14.44,18.25,2.11,39.76,5.12
36055013203,Monroe County,New York,True,10.71,39.64,9.64,30.36,728,78.21,5.89,9.18,94929,20.39,20.66,86.66,2.26,5.42,3.89,20.93,1.41
36055013205,Monroe County,New York,True,40.44,72.98,53.08,0.0,2027,31.4,30.38,30.48,77391,12.84,13.72,71.83,9.28,14.9,1.13,34.11,2.81
36055013206,Monroe County,New York,True,20.09,47.73,23.53,0.0,1283,30.45,8.76,8.14,123063,13.17,20.82,66.24,5.65,15.65,7.53,23.47,4.65
36055013207,Monroe County,New York,True,26.17,56.67,30.61,3.82,1470,42.72,4.18,8.31,108000,27.08,20.18,84.38,3.99,5.08,2.93,20.52,0.47
36055013208,Monroe County,New York,True,49.79,30.54,5.07,1.29,964,65.43,3.73,12.66,72315,25.13,11.92,78.1,5.06,12.62,4.32,53.2,0.0
36055013300,Monroe County,New York,True,4.11,0.0,0.0,0.0,97,73.31,3.6,10.52,122519,34.79,17.0,88.91,1.59,3.58,2.22,21.05,2.25
36055013401,Monroe County,New York,True,61.48,32.7,16.39,0.0,2116,73.68,8.58,21.53,59034,20.03,17.35,70.73,9.99,2.44,8.26,35.01,0.83
36055013402,Monroe County,New York,True,21.74,27.3,10.86,0.0,525,70.99,3.86,10.05,106739,29.42,12.01,93.74,0.82,0.76,0.64,37.01,0.0
36055013503,Monroe County,New York,True,1.27,100.0,100.0,100.0,163,40.01,1.3,3.9,101875,23.36,21.77,82.33,3.27,1.7,6.8,15.74,0.29
36055013505,Monroe County,New York,True,41.87,57.06,17.59,0.0,1193,50.91,10.53,19.69,60184,21.08,15.19,78.3,3.78,3.04,13.89,39.21,1.87
36055013507,Monroe County,New York,True,10.92,72.99,34.6,0.0,360,13.26,4.49,6.16,114036,24.07,19.54,80.4,5.83,1.66,3.92,15.86,0.63
36055013508,Monroe County,New York,True,5.8,60.67,60.67,0.0,154,31.49,1.41,7.2,120428,23.25,24.35,96.09,0.86,0.17,1.82,19.76,0.03
36055013509,Monroe County,New York,True,28.5,50.67,22.67,0.0,544,30.18,5.04,10.21,90000,32.24,13.24,90.84,2.92,0.0,5.25,45.96,0.0
36055013510,Monroe County,New York,True,12.04,55.15,11.52,7.27,449,16.6,4.25,3.65,114596,23.21,23.59,71.68,8.78,14.27,2.91,16.99,4.25
36055013511,Monroe County,New York,True,20.2,50.0,11.54,0.0,319,15.4,4.7,6.4,108750,19.21,22.26,65.72,19.66,3.41,4.74,20.2,2.73
36055013601,Monroe County,New York,True,18.52,53.16,28.16,0.0,543,94.92,5.56,12.4,78867,16.65,21.43,64.4,7.22,0.0,19.89,25.07,0.0
36055013603,Monroe County,New York,True,5.49,30.95,30.95,0.0,186,48.3,5.82,11.71,96837,27.59,18.64,83.15,12.15,1.15,2.07,24.78,0.67
36055013604,Monroe County,New York,True,37.04,66.4,37.66,1.45,1763,59.32,25.31,23.3,61912,20.21,27.89,62.43,25.43,0.0,7.75,26.9,0.27
36055013701,Monroe County,New York,True,23.26,61.05,55.79,0.0,428,88.1,5.11,16.51,84327,15.55,22.51,84.04,5.97,0.0,14.38,32.26,0.0
36055013702,Monroe County,New York,True,28.06,54.95,44.14,2.2,791,85.41,12.66,20.02,63033,22.89,19.1,80.34,6.03,0.0,13.49,31.27,0.0
36055013800,Monroe County,New York,True,18.66,46.87,23.06,18.05,1205,97.83,15.07,15.39,77816,10.67,31.96,62.01,7.81,10.11,7.33,34.71,5.26
36055013901,Monroe County,New York,True,15.5,58.62,38.31,14.56,487,72.65,9.72,16.45,71778,18.44,24.36,66.08,9.52,2.03,17.44,35.87,2.16
36055013902,Monroe County,New York,True,63.97,45.15,24.31,5.18,2463,76.94,32.16,29.07,50979,9.37,29.87,45.09,42.31,1.65,13.05,44.79,0.62
36055014001,Monroe County,New York,True,35.99,51.57,28.14,1.99,1462,61.72,10.25,18.76,70653,23.14,25.03,86.3,4.21,1.4,8.01,38.52,2.51
36055014003,Monroe County,New York,True,36.89,61.99,22.1,3.22,1735,89.45,13.1,19.24,67604,15.35,16.47,84.9,5.42,2.6,18.95,36.45,1.78
36055014004,Monroe County,New York,True,54.75,49.34,36.04,9.44,1909,77.69,22.97,24.24,60972,17.4,22.29,78.41,9.89,2.3,10.31,39.3,2.91
36055014102,Monroe County,New York,True,22.94,21.56,3.89,4.17,541,66.51,9.24,9.31,88750,22.31,16.11,69.66,20.49,3.22,9.82,23.96,0.75
36055014103,Monroe County,New York,True,18.21,73.61,13.01,0.0,500,72.59,9.18,17.43,75078,31.29,20.65,76.85,11.24,2.66,4.43,28.31,1.41
36055014104,Monroe County,New York,True,34.86,52.08,34.85,0.0,871,43.0,12.46,17.34,74632,33.35,14.48,84.19,2.98,0.71,13.23,37.54,1.12
36055014202,Monroe County,New York,True,26.48,32.89,15.16,0.0,1402,57.76,10.23,10.87,79548,29.22,14.39,82.13,6.9,1.25,5.45,30.52,0.78
36055014204,Monroe County,New York,True,12.44,22.86,0.0,0.0,280,71.75,7.91,14.01,81750,19.95,20.3,62.61,23.07,6.11,9.59,19.06,2.56
36055014205,Monroe County,New York,True,23.13,42.96,6.69,0.0,654,79.15,5.98,14.58,72083,18.24,21.07,69.23,10.79,3.11,14.99,25.81,1.56
36055014206,Monroe County,New York,True,45.61,41.18,15.48,8.59,1392,68.04,8.29,14.97,82635,17.98,15.62,72.54,13.97,2.86,10.39,32.05,4.07
36055014301,Monroe County,New York,True,59.54,44.47,19.73,3.0,1786,58.65,13.34,25.3,67581,22.25,17.36,59.53,19.18,6.96,9.44,33.38,8.63
36055014302,Monroe County,New York,True,5.71,18.48,0.0,0.0,414,91.06,21.42,22.94,54647,20.38,21.79,67.13,11.26,2.15,24.24,29.46,6.82
36055014400,Monroe County,New York,True,11.09,43.35,12.81,5.21,377,91.54,6.56,9.93,87762,20.23,21.45,66.66,16.87,4.28,7.29,30.16,1.6
36055014501,Monroe County,New York,True,12.85,33.73,8.43,0.0,522,61.4,4.07,6.62,77868,23.83,19.56,89.42,4.73,0.83,1.68,15.24,2.08
36055014503,Monroe County,New York,True,12.94,16.35,16.35,0.0,495,90.35,9.21,9.27,99216,19.25,17.7,83.35,5.97,2.01,2.51,23.64,1.42
36055014504,Monroe County,New York,True,4.81,42.72,42.72,0.0,176,60.51,2.1,3.41,110428,17.26,23.75,72.32,8.4,3.88,11.7,13.36,1.46
36055014505,Monroe County,New York,True,53.32,61.31,29.55,0.0,2069,44.91,5.57,12.8,74275,24.27,18.42,79.14,7.9,1.44,5.72,40.42,0.16
36055014601,Monroe County,New York,True,18.33,59.36,5.91,0.0,568,50.5,3.37,4.41,91850,18.62,19.31,86.17,5.57,1.74,4.6,26.58,1.45
36055014602,Monroe County,New York,True,38.66,48.66,32.44,3.32,1927,35.88,19.56,22.77,71188,12.15,22.16,66.56,18.33,1.39,8.5,26.16,0.47
36055014700,Monroe County,New York,True,32.32,36.01,11.32,0.0,1196,71.93,11.21,12.88,82538,16.88,21.68,93.23,3.23,0.1,1.85,28.17,0.16
36055014802,Monroe County,New York,True,6.82,6.48,0.0,0.0,275,67.65,8.04,9.21,88231,23.96,18.92,93.56,0.05,1.51,0.4,17.2,0.57
36055014803,Monroe County,New York,True,2.42,73.53,47.06,0.0,59,45.3,2.15,11.11,106167,15.95,27.74,84.96,0.0,0.29,12.24,16.67,0.59
36055014805,Monroe County,New York,True,54.98,54.2,32.46,1.01,1772,53.71,14.29,23.75,60893,17.81,28.16,86.26,2.37,0.0,4.64,28.53,1.17
36055014806,Monroe County,New York,True,16.47,54.05,48.65,2.16,364,54.5,9.01,10.15,108639,12.65,31.23,91.58,2.02,0.22,2.35,10.42,0.0
36055014901,Monroe County,New York,True,31.42,43.26,13.2,0.0,1473,63.64,6.77,15.05,80956,20.72,20.64,88.61,1.58,0.0,4.08,29.78,0.0
36055014903,Monroe County,New York,True,11.64,56.42,16.97,6.58,695,49.06,5.91,9.09,101759,21.02,23.27,90.97,1.79,0.44,3.49,21.71,0.42
36055014905,Monroe County,New York,True,24.31,36.19,15.9,0.0,941,47.23,9.16,11.65,94182,11.26,23.43,85.24,3.43,5.08,4.77,26.53,0.67
36055014906,Monroe County,New York,True,32.03,49.88,27.08,0.0,890,46.62,8.62,12.67,84702,15.34,24.54,91.12,0.58,0.43,4.98,31.6,0.79
36055015000,Monroe County,New York,True,12.9,56.72,12.69,0.0,481,55.51,3.21,9.54,100750,21.59,20.87,90.6,1.07,0.63,5.11,27.13,0.0
36055015101,Monroe County,New York,True,11.33,54.75,38.91,0.0,370,65.56,6.7,11.12,90134,19.06,19.53,93.13,0.82,0.0,2.69,19.89,0.78
36055015102,Monroe County,New York,True,9.85,66.45,66.45,0.0,310,59.07,17.69,26.26,73482,21.01,21.07,93.61,0.66,0.0,0.77,26.89,0.0
36055015200,Monroe County,New York,True,33.43,27.79,8.97,0.0,1844,45.01,7.85,13.17,83286,20.06,18.58,83.39,4.83,1.5,14.16,24.87,3.07
36055015301,Monroe County,New York,True,100.0,15.0,10.0,0.0,159,71.55,9.43,5.0,87206,0.0,2.35,70.98,10.99,8.07,7.86,39.0,0.29
36055015303,Monroe County,New York,True,36.21,53.73,35.06,1.87,855,68.93,16.53,21.34,62774,14.72,22.53,83.79,1.68,0.95,2.54,32.83,0.0
36055015304,Monroe County,New York,True,52.87,44.2,11.35,0.0,1756,76.47,15.88,23.21,68125,15.33,10.79,86.65,9.03,1.12,7.08,33.88,0.23
36055015400,Monroe County,New York,True,24.93,50.12,21.38,0.0,539,51.6,14.96,16.04,98125,23.05,21.4,82.99,4.16,1.16,3.3,28.45,0.25
36055980000,Monroe County,New York,False,,,,,0,,,,,,,,,,,,
36055980100,Monroe County,New York,True,0.0,,,,0,56.41,24.29,0.0,65125,31.43,0.0,70.0,0.0,0.0,10.0,25.64,0.0
36055980200,Monroe County,New York,True,0.0,,,,0,100.0,100.0,100.0,,0.0,0.0,100.0,0.0,0.0,0.0,100.0,0.0
36055990000,Monroe County,New York,False,,,,,0,,,,,,,,,,,,
36057070200,Montgomery County,New York,True,56.57,42.64,22.87,5.99,1130,86.3,25.31,39.41,50377,21.15,15.7,53.7,11.22,4.06,32.32,43.01,9.79
36057070300,Montgomery County,New York,True,47.49,66.58,22.85,0.0,751,99.64,16.89,32.56,49420,22.11,24.89,58.96,7.13,1.9,43.58,49.12,1.49
36057070400,Montgomery County,New York,True,38.35,26.01,8.11,4.23,1379,98.71,17.15,11.59,71726,18.13,33.49,41.44,6.55,5.73,37.78,27.23,2.27
36057070500,Montgomery County,New York,True,23.12,70.47,50.0,0.0,523,88.29,16.12,20.83,94844,15.85,23.45,81.17,3.67,0.0,13.01,24.13,0.61
36057070600,Montgomery County,New York,True,64.29,52.4,37.2,0.0,1226,95.99,27.25,33.69,42629,15.88,25.95,58.85,7.43,0.0,39.93,32.38,4.01
36057070700,Montgomery County,New York,True,33.42,43.96,20.05,0.0,613,84.05,11.2,18.48,83190,31.83,5.68,81.67,2.79,0.0,26.43,35.27,3.84
36057070800,Montgomery County,New York,True,61.79,32.75,22.95,12.81,1671,87.94,23.19,29.87,44289,11.78,33.14,51.8,5.94,0.0,47.89,28.68,5.14
36057070900,Montgomery County,New York,True,62.92,39.64,36.83,0.0,757,99.22,31.37,32.33,41417,28.09,10.11,45.91,17.98,0.0,40.85,44.22,1.78
36057072100,Montgomery County,New York,True,16.31,31.51,0.64,0.0,684,70.12,8.43,18.18,83989,26.3,13.27,90.8,0.63,0.56,12.41,38.49,0.43
36057072200,Montgomery County,New York,True,19.78,55.25,29.68,0.0,512,73.5,8.12,17.55,81473,15.65,29.3,92.53,0.62,0.0,3.06,30.9,0.15
36057072300,Montgomery County,New York,True,26.28,48.17,34.76,0.0,608,58.76,13.7,25.31,69722,30.19,15.75,93.31,0.34,0.41,2.75,36.2,0.0
36057072400,Montgomery County,New York,True,31.91,47.16,25.08,2.42,776,81.58,21.0,28.34,54837,23.04,21.64,91.44,0.0,0.0,5.57,33.75,0.66
36057072500,Montgomery County,New York,True,21.56,49.17,16.17,0.0,775,76.31,18.05,30.44,44195,17.68,25.59,95.1,1.79,0.14,2.08,36.88,0.0
36057072600,Montgomery County,New York,True,20.12,50.45,21.36,5.11,516,86.51,7.6,12.5,78281,12.36,33.73,93.55,1.09,0.49,2.68,21.4,0.0
36057072700,Montgomery County,New York,True,9.04,13.91,13.91,5.19,281,48.89,11.99,10.84,77181,11.86,31.87,93.69,0.86,0.22,1.7,23.16,1.77
36057072800,Montgomery County,New York,True,9.48,40.23,17.24,0.0,443,60.13,5.56,10.08,92712,18.71,16.87,89.1,1.27,1.84,2.86,24.69,0.99
36059300100,Nassau County,New York,True,4.49,49.21,49.21,0.0,239,70.22,0.93,4.64,211299,15.78,29.29,93.81,0.55,2.7,0.94,11.91,0.49
36059300300,Nassau County,New York,True,35.11,64.57,53.64,18.22,1548,76.33,7.62,15.42,109795,27.4,25.37,65.07,7.2,17.03,16.7,15.64,7.39
36059300400,Nassau County,New York,True,25.39,53.36,22.13,6.96,1945,81.53,5.85,8.1,152714,16.6,35.29,79.24,0.0,10.79,5.72,21.61,8.05
36059300500,Nassau County,New York,True,8.48,40.83,27.81,7.1,474,77.04,7.91,13.25,179561,19.08,29.74,74.17,0.7,17.51,2.94,18.78,3.51
36059300600,Nassau County,New York,True,13.43,21.43,1.95,3.42,576,86.45,7.43,11.26,173182,26.44,23.09,51.7,0.85,42.76,1.66,20.85,5.04
36059300700,Nassau County,New York,True,45.98,54.67,23.34,3.44,3232,81.38,7.08,10.8,97721,23.91,14.73,56.04,0.8,24.13,16.76,47.94,4.69
36059300800,Nassau County,New York,True,13.51,56.37,31.86,8.33,512,94.81,8.15,10.79,101786,20.36,16.28,47.03,2.65,47.62,5.5,22.12,7.22
36059300901,Nassau County,New York,True,6.79,34.88,9.3,0.0,262,82.68,4.4,5.61,244079,21.7,25.31,36.55,2.23,56.34,2.86,6.53,9.74
36059300902,Nassau County,New York,True,13.94,64.86,53.15,0.0,488,29.38,3.03,5.82,173315,40.5,14.46,67.2,0.79,28.92,0.41,24.11,3.05
36059301000,Nassau County,New York,True,11.58,70.19,24.22,0.0,432,64.3,2.25,6.46,250001,23.84,27.19,80.18,1.72,6.96,6.72,21.94,1.39
36059301101,Nassau County,New York,True,63.25,66.1,17.58,9.33,4527,66.03,6.39,13.87,105486,16.02,22.49,45.24,0.76,25.08,30.07,18.41,11.33
36059301102,Nassau County,New York,True,25.35,60.28,21.76,0.0,825,80.66,1.7,3.84,161818,23.98,23.73,77.6,2.73,12.43,6.03,27.65,0.53
36059301200,Nassau County,New York,True,21.68,66.15,50.96,1.73,837,88.19,5.69,10.67,131307,27.3,23.18,78.01,0.97,6.41,10.27,27.18,0.83
36059301300,Nassau County,New York,True,43.99,48.51,18.48,9.92,2101,85.41,6.01,8.07,139656,13.63,27.66,51.34,4.02,12.26,29.5,13.45,6.93
36059301400,Nassau County,New York,True,5.72,40.74,0.0,5.26,127,96.77,0.93,3.16,250001,14.91,31.94,83.29,0.0,7.59,10.6,8.73,2.69
36059301500,Nassau County,New York,True,2.87,72.73,54.55,0.0,79,86.22,2.24,3.37,250001,15.62,28.06,78.39,0.12,14.33,3.24,9.51,2.28
36059301600,Nassau County,New York,True,6.01,81.91,45.74,12.77,163,69.53,2.91,6.97,250001,15.99,26.44,75.31,1.29,15.32,8.99,11.39,1.22
36059301700,Nassau County,New York,True,0.61,0.0,0.0,0.0,27,98.59,1.98,4.25,250001,13.14,26.64,69.11,3.78,21.49,5.87,4.13,1.38
36059301800,Nassau County,New York,True,41.88,35.98,19.53,0.0,1396,82.97,7.42,13.55,111419,15.65,19.85,46.77,18.35,21.68,10.92,31.66,2.93
36059301900,Nassau County,New York,True,0.0,,,,0,86.04,1.31,1.88,227311,16.44,28.8,65.94,0.0,17.56,12.5,14.75,0.61
36059302000,Nassau County,New York,True,26.65,39.52,30.43,0.0,966,83.74,8.56,12.69,154375,35.95,12.85,72.88,1.16,15.6,9.86,27.33,1.81
36059302101,Nassau County,New York,True,1.49,57.89,0.0,0.0,19,87.46,2.27,4.15,224375,13.62,25.41,81.39,0.0,13.23,4.99,8.38,1.71
36059302102,Nassau County,New York,True,0.0,,,,0,82.12,3.47,11.86,250001,17.65,31.4,72.76,1.1,12.3,13.34,8.89,2.7
36059302200,Nassau County,New York,True,14.54,64.25,43.02,0.0,398,80.63,4.15,7.89,137137,16.87,27.13,49.71,4.16,26.92,16.42,12.45,4.87
36059302300,Nassau County,New York,True,3.34,0.0,0.0,0.0,99,91.9,2.97,4.39,212344,24.68,17.46,34.24,1.65,57.44,5.7,8.6,7.1
36059302400,Nassau County,New York,True,6.03,25.49,18.63,0.0,244,88.52,3.05,6.21,132955,22.84,17.77,55.08,0.45,34.43,10.16,16.19,2.65
36059302501,Nassau County,New York,True,5.33,100.0,85.11,0.0,170,60.6,5.8,1.36,246250,18.42,25.44,57.65,1.15,35.17,1.75,5.9,4.07
36059302502,Nassau County,New York,True,7.16,56.0,0.0,0.0,156,64.21,2.86,3.87,250001,16.25,15.27,79.84,0.22,16.79,1.99,13.62,1.25
36059302600,Nassau County,New York,True,18.79,48.08,33.33,0.0,348,93.66,1.24,3.02,126974,15.6,24.12,53.75,6.78,26.72,12.33,18.33,2.81
36059302700,Nassau County,New York,True,9.56,58.46,15.38,31.54,429,93.75,2.16,1.18,184430,18.11,16.27,24.89,1.22,61.38,7.87,22.43,5.86
36059302800,Nassau County,New York,True,1.59,25.0,0.0,0.0,59,94.4,3.82,5.73,153073,20.93,19.23,33.11,0.0,62.09,4.67,14.69,7.21
36059302900,Nassau County,New York,True,1.7,100.0,0.0,0.0,76,95.25,2.99,6.11,197000,23.17,21.09,59.01,0.37,31.55,1.95,10.65,2.23
36059303000,Nassau County,New York,True,10.87,43.5,24.0,6.22,506,95.6,3.35,7.39,129029,20.37,20.64,45.49,2.35,40.31,8.88,19.13,3.31
36059303101,Nassau County,New York,True,7.62,15.94,0.0,0.0,241,93.34,5.61,8.55,165536,22.89,19.45,38.14,0.0,49.46,12.27,9.74,4.35
36059303102,Nassau County,New York,True,4.21,55.56,22.22,0.0,169,90.33,5.69,6.39,135208,23.5,19.94,33.96,2.97,56.9,0.33,13.4,8.05
36059303203,Nassau County,New York,True,5.19,66.67,66.67,66.67,242,97.81,1.84,6.63,165982,19.1,24.9,25.99,0.0,60.24,6.36,9.41,2.52
36059303204,Nassau County,New York,True,22.3,49.01,45.72,8.12,747,86.96,1.04,8.36,146406,19.81,22.32,36.64,2.27,44.38,15.2,20.98,5.18
36059303301,Nassau County,New York,True,7.15,67.39,0.0,14.29,177,98.02,1.76,6.36,145288,17.18,23.32,59.79,0.04,36.8,3.93,14.19,4.46
36059303302,Nassau County,New York,True,28.12,65.53,10.05,4.31,1108,94.33,3.96,1.88,158478,14.06,25.52,74.85,1.54,5.52,19.38,16.73,5.44
36059303400,Nassau County,New York,True,2.48,0.0,0.0,0.0,68,92.97,2.26,3.9,214750,21.1,25.01,81.12,0.0,10.46,4.37,7.79,1.58
36059303500,Nassau County,New York,True,13.21,28.24,19.91,13.88,1064,93.2,2.49,1.83,183663,16.05,24.38,69.93,0.0,12.26,16.39,13.86,5.0
36059303600,Nassau County,New York,True,52.09,45.18,19.05,5.9,4099,74.53,8.1,7.39,133252,14.19,17.53,63.86,2.02,14.13,16.31,37.92,7.13
36059303700,Nassau County,New York,True,14.83,51.43,15.84,3.27,872,92.61,4.32,6.37,122112,18.67,16.98,57.59,3.94,21.89,10.87,20.98,6.58
36059303800,Nassau County,New York,True,18.71,53.69,26.99,0.0,622,91.05,4.34,6.32,145500,18.56,18.31,73.5,1.08,12.26,11.18,22.7,4.24
36059303900,Nassau County,New York,True,4.81,22.03,0.0,25.42,218,97.18,3.99,4.49,172105,18.74,14.63,27.24,43.34,12.64,12.15,9.71,2.06
36059304001,Nassau County,New York,True,12.06,46.0,18.0,0.0,238,96.02,2.97,8.44,187813,15.61,22.0,67.89,0.49,11.17,13.94,20.63,5.57
36059304002,Nassau County,New York,True,33.95,39.63,20.9,12.77,1297,79.24,3.55,8.62,132500,24.36,20.43,44.35,2.5,9.65,44.59,26.26,13.14
36059304100,Nassau County,New York,True,23.43,20.93,9.3,26.2,944,75.13,2.87,4.64,124792,14.7,24.72,14.5,20.93,9.14,54.86,26.5,13.16
36059304202,Nassau County,New York,True,25.08,30.53,7.08,10.18,922,90.38,3.59,6.1,148708,16.29,20.77,17.37,17.96,6.57,60.1,18.98,23.12
36059304203,Nassau County,New York,True,30.41,26.23,13.89,35.0,1594,84.57,6.79,7.94,202574,9.2,20.4,5.35,39.03,0.49,50.95,8.78,25.63
36059304204,Nassau County,New York,True,59.54,43.37,18.53,38.1,3184,59.28,10.49,9.66,147440,7.07,29.51,25.4,24.69,0.0,76.64,15.33,23.13
36059404300,Nassau County,New York,True,10.3,76.71,58.9,0.0,215,98.86,2.36,7.77,166484,21.32,20.69,37.3,5.51,31.6,23.3,12.27,5.82
36059404400,Nassau County,New York,True,15.58,48.13,36.93,9.23,499,98.47,3.54,9.41,165938,18.68,23.65,88.49,0.0,4.85,10.4,21.03,0.0
36059404500,Nassau County,New York,True,15.29,53.81,37.71,1.98,599,94.37,2.95,7.19,142292,17.1,20.52,60.32,0.88,15.22,22.14,27.13,3.87
36059404600,Nassau County,New York,True,9.92,58.82,7.56,0.0,454,96.6,3.45,6.91,158068,26.6,23.39,72.39,0.57,13.96,12.78,10.95,1.22
36059404700,Nassau County,New York,True,14.99,48.41,41.4,6.92,663,93.82,4.28,8.44,160483,17.6,17.43,61.32,1.53,21.28,12.06,13.85,4.62
36059404800,Nassau County,New York,True,17.2,58.36,32.74,28.62,1433,86.35,7.23,8.16,103614,14.97,23.97,14.37,38.21,22.79,23.85,14.65,7.52
36059404901,Nassau County,New York,True,4.97,74.36,74.36,0.0,272,99.13,6.54,5.28,129817,24.57,16.27,6.15,58.85,8.85,22.89,8.56,11.93
36059404902,Nassau County,New York,True,22.51,55.34,30.74,3.76,950,89.22,10.36,10.44,109321,14.77,21.76,11.32,39.21,14.79,33.45,15.81,12.01
36059405000,Nassau County,New York,True,18.1,69.01,55.37,0.0,698,80.88,6.36,11.7,115424,20.16,18.51,14.98,31.72,21.65,23.57,16.19,15.48
36059405100,Nassau County,New York,True,20.25,53.44,20.63,0.0,1224,96.09,1.83,8.08,132626,13.88,19.29,12.06,44.95,11.48,15.45,9.6,7.16
36059405200,Nassau County,New York,True,36.7,52.68,22.48,14.93,2537,76.38,2.49,1.46,119539,13.23,16.49,18.76,25.04,14.31,44.35,16.34,22.05
36059405301,Nassau County,New York,True,10.85,44.14,12.61,0.0,196,94.1,5.52,6.35,152083,18.27,21.22,58.4,8.08,15.14,19.37,15.93,5.92
36059405302,Nassau County,New York,True,27.75,73.2,48.64,9.21,1224,87.98,3.97,5.29,112854,18.46,17.63,59.4,5.44,8.48,25.63,11.47,4.41
36059405400,Nassau County,New York,True,26.33,39.86,19.05,3.18,2207,88.57,10.27,7.2,144265,16.64,20.23,32.67,4.83,34.92,28.62,18.33,13.3
36059405500,Nassau County,New York,True,6.71,56.52,33.91,0.0,294,93.53,2.98,4.26,125428,18.56,16.94,69.36,1.22,8.27,20.28,8.28,3.83
36059405600,Nassau County,New York,True,15.7,31.43,0.0,0.0,508,92.08,0.96,3.21,149975,12.93,26.1,61.67,11.57,7.79,13.25,15.1,1.44
36059405700,Nassau County,New York,True,6.51,47.12,0.0,0.0,420,96.03,6.09,12.09,152188,20.18,19.16,70.83,3.28,11.69,14.13,20.98,2.72
36059405800,Nassau County,New York,True,15.16,60.81,31.76,0.0,365,97.24,4.34,8.64,136164,15.78,19.29,74.43,1.28,16.93,7.93,20.07,3.38
36059405900,Nassau County,New York,True,1.28,100.0,71.43,0.0,33,95.97,1.0,4.94,176932,17.92,26.08,69.75,4.83,6.48,18.53,12.98,4.81
36059406001,Nassau County,New York,True,8.66,43.86,36.84,7.91,449,98.91,7.1,7.41,164194,16.9,26.66,64.08,5.83,4.05,20.61,15.44,3.25
36059406002,Nassau County,New York,True,27.37,44.64,25.71,2.86,952,87.07,7.13,7.43,172656,14.24,29.75,70.47,8.98,0.51,18.27,8.8,2.64
36059406100,Nassau County,New York,True,2.4,72.22,44.44,0.0,106,99.17,5.31,6.15,146026,19.86,14.8,58.05,6.6,15.45,19.11,21.98,7.55
36059406201,Nassau County,New York,True,12.79,51.75,37.72,0.0,403,97.5,3.25,8.64,141384,12.32,27.87,23.15,34.41,9.58,35.9,19.98,6.24
36059406202,Nassau County,New York,True,15.4,93.51,68.18,0.0,1056,82.97,14.89,2.71,118777,13.72,27.0,4.1,51.74,4.72,33.85,15.0,5.61
36059406300,Nassau County,New York,True,2.23,56.67,0.0,0.0,42,94.19,3.28,3.12,250001,22.51,23.57,82.62,2.12,10.0,1.35,15.65,0.87
36059406400,Nassau County,New York,True,14.65,64.25,44.3,0.0,665,90.95,1.69,6.79,244002,20.31,27.37,91.43,0.0,3.29,5.46,28.54,0.2
36059406501,Nassau County,New York,True,1.44,0.0,0.0,0.0,31,95.41,4.7,7.18,235676,14.44,28.29,81.28,1.86,3.94,8.84,15.43,2.21
36059406600,Nassau County,New York,True,2.44,0.0,0.0,0.0,123,96.3,2.3,4.56,250001,17.33,24.9,76.18,0.0,12.22,4.93,10.17,2.62
36059406701,Nassau County,New York,True,37.23,47.59,12.83,13.11,770,97.71,14.0,23.5,102783,18.0,17.43,27.89,30.95,9.22,35.65,30.08,6.94
36059406702,Nassau County,New York,True,73.25,37.98,22.66,9.28,3475,90.56,16.14,25.77,48209,17.09,23.7,16.27,59.08,2.8,19.71,33.06,10.42
36059406801,Nassau County,New York,True,92.77,62.58,31.5,19.52,3801,66.78,14.19,21.39,54432,13.82,20.82,5.64,32.05,0.0,67.59,22.65,28.9
36059406802,Nassau County,New York,True,78.61,53.71,21.39,40.11,4272,93.28,13.81,16.78,105650,10.51,23.05,2.31,15.45,2.14,82.99,16.84,39.82
36059406900,Nassau County,New York,True,37.48,70.3,39.37,15.54,2715,71.51,5.74,13.49,106229,10.35,22.35,1.2,58.22,2.38,34.07,15.43,14.17
36059407000,Nassau County,New York,True,59.67,59.17,36.32,11.71,4455,73.33,28.05,37.98,49038,12.79,27.14,2.71,36.3,5.03,52.19,27.62,20.0
36059407101,Nassau County,New York,True,31.51,56.86,15.47,22.52,1407,89.59,10.51,12.96,83929,12.47,20.34,3.08,48.86,3.05,43.22,24.61,4.11
36059407102,Nassau County,New York,True,12.05,58.82,5.39,19.12,807,93.53,2.99,1.77,159432,11.53,25.0,1.7,71.99,2.39,18.99,9.57,7.37
36059407201,Nassau County,New York,True,76.78,67.69,40.32,14.22,2812,89.87,26.75,28.75,70142,8.6,16.88,6.95,27.16,1.0,65.07,28.96,34.82
36059407203,Nassau County,New York,True,37.57,66.5,49.25,38.44,2190,89.5,19.69,15.17,110246,18.6,26.23,6.9,40.78,2.77,51.32,27.61,24.46
36059407204,Nassau County,New York,True,18.24,44.72,0.0,18.79,594,94.23,4.96,1.71,114620,20.56,15.55,15.62,59.08,0.86,28.32,7.34,10.74
36059407301,Nassau County,New York,True,42.58,46.98,38.13,0.0,1789,18.9,9.02,15.32,155446,24.46,9.74,61.52,14.56,7.97,19.77,41.3,3.22
36059407302,Nassau County,New York,True,26.47,81.89,63.78,3.32,1318,90.74,15.12,16.21,110653,10.28,16.22,23.0,27.39,0.63,47.5,11.48,12.33
36059407401,Nassau County,New York,True,26.8,55.14,37.57,16.62,1349,82.11,5.95,7.13,148583,11.51,16.61,9.05,44.98,1.53,47.48,12.2,14.21
36059407402,Nassau County,New York,True,41.57,49.02,26.23,25.81,1456,74.22,10.09,10.54,136571,20.17,18.92,11.24,37.0,4.64,44.75,18.01,19.18
36059407501,Nassau County,New York,True,33.47,31.47,0.0,21.89,1118,93.24,6.81,5.66,110203,22.1,21.75,6.12,37.89,5.19,51.97,13.32,7.08
36059407502,Nassau County,New York,True,13.85,49.32,38.91,0.0,495,88.66,8.48,9.94,116534,15.58,24.22,4.2,55.07,0.24,34.22,7.25,9.33
36059407600,Nassau County,New York,True,2.78,48.98,28.57,0.0,139,96.54,1.45,3.06,197697,17.69,18.7,53.11,4.07,30.95,12.77,16.66,5.91
36059407700,Nassau County,New York,True,6.64,44.95,44.95,0.0,308,94.24,4.65,13.7,172727,22.03,21.08,61.66,0.04,19.99,21.02,19.49,5.22
36059407801,Nassau County,New York,True,12.19,70.31,13.1,6.55,350,87.12,6.92,15.22,151581,19.37,15.9,44.71,4.26,27.56,19.89,14.95,5.64
36059407802,Nassau County,New York,True,8.17,0.0,0.0,0.0,41,30.9,19.9,41.83,37885,34.03,0.0,46.57,28.96,2.99,21.29,73.86,1.59
36059407900,Nassau County,New York,True,29.48,95.27,63.47,0.57,1174,50.82,4.84,14.06,95833,40.85,11.59,75.94,8.58,6.11,8.68,36.4,2.01
36059408000,Nassau County,New York,True,5.61,63.53,0.0,0.0,311,90.93,1.23,1.76,192778,17.4,26.5,62.92,4.77,15.26,20.5,11.39,4.05
36059408100,Nassau County,New York,True,8.02,87.0,10.0,0.0,437,86.29,14.22,3.85,147315,13.95,19.0,55.86,4.56,30.78,12.28,12.08,1.94
36059408200,Nassau County,New York,True,3.94,18.33,18.33,0.0,201,89.03,12.55,16.79,125568,20.69,19.14,58.51,0.21,19.05,20.9,10.98,1.77
36059408300,Nassau County,New York,True,7.27,30.3,7.27,0.0,651,94.03,0.35,2.69,149258,19.13,22.96,65.71,1.62,19.74,15.52,19.79,0.74
36059408400,Nassau County,New York,True,2.6,54.29,54.29,0.0,51,93.52,0.45,0.89,171484,27.13,17.92,73.41,0.48,8.54,19.75,17.99,0.23
36059408500,Nassau County,New York,True,7.48,21.85,21.85,0.0,468,90.62,1.71,0.89,196429,16.84,20.25,77.69,4.13,9.24,12.88,8.17,0.21
36059408600,Nassau County,New York,True,18.82,41.95,12.71,0.0,671,95.49,3.35,9.26,146806,15.9,24.99,58.13,2.22,10.82,24.73,12.14,4.37
36059408700,Nassau County,New York,True,7.96,77.36,0.0,0.0,379,91.85,1.38,2.09,176875,18.79,22.17,60.63,3.7,22.15,17.88,16.57,4.54
36059408800,Nassau County,New York,True,7.22,100.0,76.33,0.0,577,96.0,10.23,12.95,120085,17.53,19.32,63.04,2.21,10.73,23.87,16.97,4.05
36059408900,Nassau County,New York,True,7.12,38.28,27.34,0.0,483,91.53,4.46,5.89,162375,17.78,19.5,67.44,3.77,14.49,15.17,9.65,3.15
36059409000,Nassau County,New York,True,4.45,27.63,0.0,49.43,451,97.83,2.84,6.6,117219,21.33,19.81,62.5,1.83,15.32,21.98,13.61,4.13
36059409100,Nassau County,New York,True,4.77,32.94,14.12,0.0,395,92.96,4.63,9.98,141528,12.53,23.82,60.28,2.61,5.93,27.92,24.62,2.52
36059409200,Nassau County,New York,True,13.42,28.29,15.12,0.0,641,94.52,4.81,5.71,137426,14.23,17.79,62.58,1.75,9.65,19.49,9.66,3.38
36059409300,Nassau County,New York,True,4.72,87.69,0.0,0.0,73,96.14,2.69,7.92,136250,19.96,21.98,72.78,0.48,5.78,18.15,17.37,1.84
36059409400,Nassau County,New York,True,5.1,20.0,0.0,0.0,227,98.29,5.65,7.62,173625,16.13,18.88,72.87,6.12,9.91,10.37,15.24,0.54
36059409500,Nassau County,New York,True,4.34,12.73,0.0,0.0,247,97.47,4.88,4.42,174536,17.98,17.81,89.46,0.12,3.49,7.72,5.92,1.52
36059409600,Nassau County,New York,True,1.89,0.0,0.0,0.0,70,92.67,4.35,6.47,181250,18.55,23.77,76.48,3.27,0.78,19.6,9.62,1.1
36059409700,Nassau County,New York,True,8.47,58.59,30.47,0.0,179,85.39,2.78,6.06,128873,23.28,21.18,83.31,0.55,4.23,13.67,25.46,0.23
36059409800,Nassau County,New York,True,6.91,0.0,0.0,0.0,466,98.42,5.19,7.46,174667,16.31,21.99,10.78,59.25,15.06,16.15,12.22,1.24
36059409900,Nassau County,New York,True,9.6,51.94,51.94,6.22,468,94.82,3.68,6.41,134779,15.68,19.84,13.58,34.59,22.48,26.91,22.34,4.39
36059410000,Nassau County,New York,True,8.41,100.0,80.0,0.0,269,68.94,2.77,9.63,118684,28.28,19.66,25.81,16.08,15.72,31.85,29.89,5.7
36059410100,Nassau County,New York,True,2.07,0.0,0.0,0.0,101,96.71,9.75,10.49,144809,24.53,20.83,70.06,0.0,7.58,17.6,17.04,1.94
36059410200,Nassau County,New York,True,6.82,56.52,45.65,0.0,294,100.0,3.3,5.4,147765,21.2,23.62,55.15,13.4,4.86,29.08,18.96,4.33
36059410300,Nassau County,New York,True,10.06,60.66,38.8,16.4,395,95.82,1.76,4.47,160202,20.78,19.35,14.7,35.58,15.52,30.19,11.92,11.06
36059410400,Nassau County,New York,True,10.7,36.62,7.75,18.18,854,94.12,3.46,9.1,158977,15.71,13.72,14.35,43.5,13.79,16.82,15.08,5.31
36059410500,Nassau County,New York,True,46.64,59.25,20.21,12.71,2962,82.61,10.6,12.81,79650,14.69,19.3,25.1,23.72,26.47,22.33,28.96,9.42
36059410600,Nassau County,New York,True,12.16,76.68,61.84,0.0,543,93.43,2.29,11.51,161767,21.57,19.56,36.28,19.48,19.76,19.83,9.71,4.53
36059410700,Nassau County,New York,True,27.38,44.63,38.88,20.12,2027,93.04,10.48,7.08,138182,12.73,23.8,28.34,25.5,12.8,30.96,15.37,8.54
36059410800,Nassau County,New York,True,7.03,9.52,0.0,0.0,342,97.33,2.55,7.46,130478,16.83,20.04,38.1,13.85,28.72,20.21,14.61,2.51
36059410900,Nassau County,New York,True,15.36,53.16,14.5,8.54,814,93.95,9.75,8.69,145000,22.34,25.14,36.9,24.55,23.66,9.54,13.66,3.25
36059411000,Nassau County,New York,True,34.61,62.16,39.31,8.35,2347,84.06,7.41,13.62,97301,9.98,26.5,32.67,17.99,12.1,44.46,11.67,17.71
36059411100,Nassau County,New York,True,67.84,56.25,35.71,41.67,3778,73.18,22.93,27.9,90397,11.52,31.83,21.67,12.32,3.84,61.26,16.52,17.5
36059411200,Nassau County,New York,True,33.31,79.77,36.18,3.25,1803,92.47,6.43,13.35,101572,15.6,25.18,76.54,2.45,0.0,15.4,30.32,1.28
36059411301,Nassau County,New York,True,9.88,89.26,52.07,0.0,247,92.61,3.19,15.03,165890,15.08,33.46,74.51,12.68,3.92,6.41,19.61,1.71
36059411302,Nassau County,New York,True,0.94,0.0,0.0,0.0,70,93.95,0.39,0.0,192658,19.23,24.01,92.67,2.81,2.87,0.71,8.48,0.0
36059411400,Nassau County,New York,True,15.38,56.34,46.95,15.79,1082,88.28,3.0,7.4,165458,12.99,40.15,75.63,3.43,0.77,8.11,18.62,2.39
36059411500,Nassau County,New York,True,2.05,28.57,0.0,0.0,52,83.5,2.08,2.27,250001,17.19,23.63,85.79,1.58,2.71,9.62,9.19,0.89
36059411600,Nassau County,New York,True,18.73,46.2,40.06,0.0,1034,72.09,3.51,9.22,170000,20.73,28.05,93.2,0.13,1.92,2.7,27.94,0.32
36059411700,Nassau County,New York,True,15.57,69.45,51.27,0.0,877,93.59,6.7,7.41,140765,17.38,26.18,74.16,4.94,8.68,11.35,12.19,4.49
36059411800,Nassau County,New York,True,18.67,35.25,9.45,0.0,1246,97.26,3.94,7.06,151190,18.78,21.81,84.26,4.74,3.35,13.65,18.46,0.68
36059411901,Nassau County,New York,True,51.81,58.02,45.22,7.67,1507,83.73,11.99,17.2,86563,20.63,17.23,69.83,9.93,2.5,19.5,31.21,4.65
36059411902,Nassau County,New York,True,9.93,50.93,50.93,0.0,324,97.54,3.96,4.92,155795,25.3,20.25,44.22,12.92,21.91,20.72,15.19,12.53
36059412000,Nassau County,New York,True,21.09,49.76,46.45,0.0,760,93.81,11.23,16.48,135293,14.83,21.58,51.3,9.78,8.33,29.78,23.04,3.93
36059412100,Nassau County,New York,True,26.48,50.1,30.29,9.25,1720,96.73,1.79,6.58,125044,17.11,19.94,82.81,5.37,1.79,10.69,26.91,2.59
36059412200,Nassau County,New York,True,9.23,59.78,33.52,6.77,455,89.0,3.1,7.78,114183,17.36,25.55,81.58,2.09,0.86,18.25,18.31,0.29
36059412301,Nassau County,New York,True,36.99,51.71,29.5,7.14,1425,89.92,7.23,9.82,104473,26.01,14.11,69.81,5.2,8.03,14.62,37.51,2.77
36059412302,Nassau County,New York,True,20.63,74.61,29.3,2.34,567,98.97,4.44,12.89,134816,23.48,18.59,77.39,8.44,2.37,12.4,20.55,1.05
36059412400,Nassau County,New York,True,47.45,50.63,28.74,0.0,2327,71.71,7.23,25.62,106652,24.36,20.52,73.35,7.58,7.58,10.95,50.26,1.28
36059412500,Nassau County,New York,True,3.09,0.0,0.0,0.0,98,93.97,1.78,2.86,209583,13.6,28.55,87.72,1.83,3.45,8.78,5.2,0.53
36059412600,Nassau County,New York,True,3.24,0.0,0.0,0.0,70,93.62,2.47,0.0,250001,15.69,25.98,90.38,1.01,2.88,6.52,4.01,0.0
36059412700,Nassau County,New York,True,2.61,,,0.0,46,98.0,4.32,6.44,240642,17.33,30.02,77.75,5.7,8.55,5.31,9.49,0.52
36059412800,Nassau County,New York,True,4.2,52.08,31.25,18.75,179,93.55,1.67,3.77,156023,20.72,17.44,61.52,19.66,0.8,20.08,20.67,4.02
36059412900,Nassau County,New York,True,8.66,0.0,0.0,0.0,518,90.22,3.34,4.6,156900,19.62,19.7,8.4,65.33,1.42,21.63,9.59,0.42
36059413001,Nassau County,New York,True,11.69,48.37,19.61,0.0,337,87.85,3.89,8.25,123487,23.75,19.22,79.76,1.74,6.55,13.27,20.45,1.83
36059413002,Nassau County,New York,True,11.78,71.25,15.62,0.0,471,95.34,4.51,5.27,150323,21.39,21.28,72.6,1.55,2.76,22.82,10.41,4.11
36059413100,Nassau County,New York,True,9.32,32.61,11.59,0.0,344,88.51,2.63,10.01,164167,26.24,21.13,85.6,2.82,2.66,11.72,24.28,2.56
36059413200,Nassau County,New York,True,9.17,0.0,0.0,0.0,572,76.65,7.05,12.18,112250,30.36,10.31,73.88,0.11,6.98,19.0,25.27,3.17
36059413300,Nassau County,New York,True,0.0,,,,0,95.96,0.16,2.16,165903,19.2,24.2,80.59,0.1,3.84,16.76,15.97,0.44
36059413400,Nassau County,New York,True,2.58,0.0,0.0,0.0,161,84.84,0.66,1.16,181250,15.22,25.24,82.57,2.94,0.93,14.01,10.42,1.72
36059413500,Nassau County,New York,True,9.05,74.65,69.01,52.94,565,97.87,4.3,6.8,142349,17.49,21.31,21.5,50.59,4.38,24.73,15.89,5.62
36059413600,Nassau County,New York,True,26.12,56.17,24.04,9.68,1410,95.56,8.22,11.95,125598,16.33,19.96,34.09,32.21,4.49,23.14,17.38,4.26
36059413700,Nassau County,New York,True,22.01,37.24,37.24,5.77,710,85.21,6.54,17.04,114688,15.63,27.73,34.2,36.35,1.29,19.32,25.61,4.84
36059413803,Nassau County,New York,True,5.13,64.15,49.06,0.0,168,92.41,5.7,8.69,146573,17.16,18.65,39.32,39.11,3.78,25.17,11.49,3.82
36059413804,Nassau County,New York,True,6.66,70.13,70.13,0.0,402,90.99,14.2,8.8,183989,18.22,24.47,25.11,46.32,4.4,27.08,23.52,0.36
36059413900,Nassau County,New York,True,19.91,49.32,0.0,0.0,1101,80.65,1.51,1.03,139342,10.47,26.97,3.73,63.66,2.53,26.97,15.9,9.22
36059414001,Nassau County,New York,True,26.81,100.0,91.02,0.0,916,94.58,6.94,2.04,88235,10.96,25.59,12.44,37.2,0.0,55.02,7.15,11.82
36059414002,Nassau County,New York,True,25.3,67.41,31.31,15.34,823,69.77,4.4,7.84,142974,9.75,20.9,0.12,46.41,1.23,47.27,12.05,11.26
36059414100,Nassau County,New York,True,5.38,23.81,23.81,0.0,525,100.0,3.09,2.77,138315,16.42,22.54,8.18,50.35,1.68,40.34,15.37,8.19
36059414201,Nassau County,New York,True,46.76,41.42,18.76,29.86,2637,92.05,11.03,12.71,119464,12.39,22.23,8.24,33.04,2.31,50.89,29.27,10.39
36059414202,Nassau County,New York,True,36.83,58.91,27.97,19.06,1823,89.35,14.93,3.83,99942,9.29,23.37,5.14,36.26,4.65,54.64,9.3,15.68
36059414301,Nassau County,New York,True,43.56,56.07,33.64,15.11,1016,85.24,12.32,13.07,78688,15.01,14.61,15.38,36.95,3.56,46.5,33.09,7.56
36059414303,Nassau County,New York,True,31.79,73.93,4.04,30.32,1559,93.58,3.64,3.95,141829,13.0,19.98,22.43,19.06,1.44,57.32,14.73,15.58
36059414304,Nassau County,New York,True,53.89,51.46,28.1,6.7,1671,84.73,5.25,18.61,96250,18.43,15.74,10.11,44.88,5.41,38.71,37.59,7.14
36059414400,Nassau County,New York,True,47.87,57.57,17.54,22.64,2172,86.83,9.51,12.48,113730,12.17,22.15,21.7,24.43,1.32,60.62,16.32,12.72
36059414501,Nassau County,New York,True,9.41,4.49,4.49,0.0,351,69.1,3.61,4.07,134252,21.5,17.62,36.62,31.13,2.47,28.97,23.09,4.83
36059414502,Nassau County,New York,True,12.29,67.26,22.87,10.76,527,65.61,7.61,11.69,83846,19.71,14.48,52.03,19.49,3.43,21.75,45.98,2.48
36059414600,Nassau County,New York,True,3.81,100.0,35.56,0.0,145,83.88,3.11,10.17,168182,16.46,25.82,82.86,4.22,3.59,12.26,13.81,0.34
36059414700,Nassau County,New York,True,8.9,65.31,65.31,0.0,391,89.56,6.58,11.27,145221,18.16,22.92,85.99,1.34,2.35,11.71,16.78,0.17
36059414800,Nassau County,New York,True,15.89,81.47,59.12,0.0,622,87.42,0.84,5.25,130500,18.04,20.3,85.91,3.93,2.18,11.96,15.23,0.05
36059414900,Nassau County,New York,True,5.49,0.0,0.0,0.0,435,85.06,0.99,0.67,193438,15.21,23.52,66.11,6.27,7.95,12.75,5.9,2.69
36059415000,Nassau County,New York,True,5.47,18.46,0.0,0.0,275,89.97,2.54,4.25,133703,15.5,24.64,83.6,1.62,4.74,7.68,14.03,1.41
36059415101,Nassau County,New York,True,1.42,100.0,0.0,0.0,29,87.25,4.31,7.65,142644,22.08,21.06,83.59,4.65,6.29,5.16,18.03,1.84
36059415102,Nassau County,New York,True,1.59,100.0,0.0,0.0,55,90.07,0.7,6.3,247957,18.28,23.51,88.8,1.32,2.33,10.84,12.82,0.0
36059415201,Nassau County,New York,True,4.86,32.2,0.0,0.0,193,87.0,2.45,2.8,188558,17.87,23.38,81.76,1.9,2.16,13.43,11.36,0.94
36059415202,Nassau County,New York,True,2.7,100.0,100.0,0.0,40,91.69,2.2,6.75,197250,20.62,22.87,85.15,1.24,3.71,3.93,13.71,1.34
36059415300,Nassau County,New York,True,14.07,41.38,16.48,3.83,519,83.49,5.91,12.89,146258,16.29,22.04,85.52,1.61,2.58,9.46,17.5,1.18
36059415401,Nassau County,New York,True,4.9,64.37,0.0,0.0,148,94.01,2.67,3.88,163453,16.67,23.25,85.77,1.46,5.17,7.46,18.23,0.41
36059415402,Nassau County,New York,True,6.45,36.08,36.08,0.0,312,84.95,0.32,2.99,190293,12.47,22.87,87.22,2.12,2.14,7.25,10.45,0.0
36059415500,Nassau County,New York,True,5.37,0.0,0.0,0.0,145,98.87,1.56,3.22,188796,23.6,20.52,84.92,4.92,1.24,6.8,7.28,0.0
36059415600,Nassau County,New York,True,4.67,63.64,30.3,0.0,212,90.36,2.25,2.48,181731,15.94,26.25,85.51,0.31,5.78,5.83,8.54,1.11
36059415700,Nassau County,New York,True,4.5,0.0,0.0,0.0,117,88.39,5.55,10.89,158281,14.13,26.4,90.19,0.33,2.15,9.15,11.78,0.49
36059415802,Nassau County,New York,True,4.9,21.5,0.0,0.0,208,91.73,1.76,3.53,183178,17.34,21.87,80.5,0.95,3.73,12.7,12.77,0.94
36059416000,Nassau County,New York,True,4.79,38.24,38.24,0.0,126,84.69,4.31,7.88,185795,18.46,21.87,91.48,0.87,0.29,11.98,13.65,2.2
36059416100,Nassau County,New York,True,10.24,58.59,10.16,0.0,541,84.97,3.97,7.15,152750,16.38,20.89,87.34,5.54,3.39,5.76,12.59,1.73
36059416201,Nassau County,New York,True,21.95,58.04,26.5,17.67,588,64.21,2.92,6.65,120566,20.7,16.56,78.12,5.78,5.23,6.56,22.78,4.39
36059416202,Nassau County,New York,True,41.16,70.09,38.84,4.02,1786,67.46,12.45,13.06,104926,18.11,17.77,70.92,0.28,1.69,23.59,27.6,1.98
36059416300,Nassau County,New York,True,17.28,37.5,18.27,0.82,520,72.89,4.37,9.21,165536,29.29,16.48,91.62,0.0,1.2,2.34,25.42,0.13
36059416401,Nassau County,New York,True,40.28,33.26,11.16,0.0,1887,73.36,3.85,5.37,171389,11.37,13.42,92.99,0.0,0.34,10.53,36.93,0.51
36059416402,Nassau County,New York,True,16.97,26.51,12.65,0.0,247,63.11,1.6,9.41,156852,30.54,8.33,77.75,2.21,6.55,8.33,36.5,2.33
36059416500,Nassau County,New York,True,30.86,47.9,22.0,0.0,1644,67.8,12.71,14.29,153525,22.4,18.55,50.64,10.35,10.88,28.69,22.47,3.65
36059416600,Nassau County,New York,True,38.37,76.06,20.02,2.88,1619,69.43,9.74,16.01,133986,25.57,14.26,77.96,3.94,3.23,7.52,48.16,1.23
36059416701,Nassau County,New York,True,29.3,50.0,22.1,9.81,1406,72.81,5.66,1.65,141998,19.41,16.27,78.33,1.24,2.61,9.19,10.76,1.11
36059416702,Nassau County,New York,True,44.85,55.46,27.55,1.45,1949,90.09,9.66,13.55,98735,23.25,6.18,70.55,1.77,9.5,19.98,39.89,3.54
36059416801,Nassau County,New York,True,15.71,57.72,19.51,0.0,313,88.24,4.76,8.28,154375,19.36,19.09,92.05,0.0,3.93,3.52,21.32,0.63
36059416802,Nassau County,New York,True,31.82,66.76,45.74,0.0,1166,85.73,6.86,14.95,124725,24.46,12.33,91.87,0.0,0.49,13.67,43.74,1.38
36059416900,Nassau County,New York,True,24.85,43.62,30.85,0.0,716,92.95,10.1,15.69,147105,34.82,12.0,90.84,0.29,1.74,12.79,37.01,0.0
36059517000,Nassau County,New York,True,24.08,24.32,15.5,0.0,758,77.27,5.87,15.96,140599,30.41,8.25,70.22,3.26,7.31,15.22,20.64,1.1
36059517101,Nassau County,New York,True,53.02,70.77,30.55,10.65,2873,70.58,6.52,12.0,90795,18.86,13.5,53.42,3.51,7.78,32.05,29.73,6.03
36059517102,Nassau County,New York,True,1.95,28.57,28.57,0.0,57,92.43,2.05,5.16,136161,24.03,20.76,69.0,6.92,10.91,21.74,15.48,2.72
36059517201,Nassau County,New York,True,81.63,76.05,37.92,6.05,2906,48.64,23.27,29.26,53298,21.54,17.39,44.33,10.01,3.77,39.98,48.35,10.03
36059517202,Nassau County,New York,True,50.4,70.68,52.41,42.09,2235,85.69,38.25,27.4,81535,19.9,19.34,52.72,0.13,0.15,45.66,19.76,21.91
36059517301,Nassau County,New York,True,38.54,60.18,19.91,5.02,1249,65.3,9.32,23.99,85700,34.15,17.14,64.8,16.58,4.85,25.07,37.62,10.81
36059517302,Nassau County,New York,True,52.12,57.28,23.63,8.64,2926,91.23,7.71,12.7,105043,18.12,20.97,56.95,1.38,5.36,40.58,20.94,13.77
36059517400,Nassau County,New York,True,22.72,50.62,34.06,0.0,903,93.17,0.94,3.22,193590,18.92,26.56,85.16,1.09,0.6,11.13,20.24,0.46
36059517500,Nassau County,New York,True,11.79,100.0,41.34,0.0,365,84.78,0.9,0.69,131541,29.07,20.89,92.19,0.15,5.7,9.38,28.7,1.51
36059517600,Nassau County,New York,True,10.49,73.43,53.15,0.0,350,90.01,2.32,6.47,138465,19.66,23.51,79.48,1.61,2.86,17.21,21.46,3.43
36059517701,Nassau County,New York,True,10.2,55.56,12.12,0.0,595,54.99,2.29,7.4,246583,20.77,23.13,66.06,2.54,21.77,6.73,9.35,2.85
36059517705,Nassau County,New York,True,5.89,22.45,8.16,0.0,187,57.3,4.89,2.78,250001,18.36,21.41,75.79,1.19,16.49,6.4,4.89,2.18
36059517801,Nassau County,New York,True,12.72,59.13,56.52,2.27,550,80.01,7.12,7.08,250001,21.69,21.03,79.29,0.3,8.52,10.52,10.77,3.86
36059517802,Nassau County,New York,True,13.86,65.85,56.71,15.12,405,83.41,2.53,7.41,152472,17.7,32.51,72.36,1.44,7.87,16.61,15.39,4.88
36059517901,Nassau County,New York,True,8.12,48.28,41.38,0.0,236,70.69,2.53,3.02,157589,21.45,17.06,88.78,0.36,1.83,8.55,18.7,0.18
36059517902,Nassau County,New York,True,17.56,90.81,25.95,0.0,311,73.82,5.97,10.99,133000,30.83,14.12,87.66,0.04,4.44,6.81,32.35,0.19
36059518000,Nassau County,New York,True,41.57,65.22,33.57,11.77,2370,85.62,7.41,18.39,111264,19.36,25.83,73.91,2.35,2.63,28.09,40.35,4.7
36059518100,Nassau County,New York,True,1.73,56.25,56.25,0.0,30,90.48,1.52,0.97,204071,17.02,24.1,80.46,0.7,4.75,8.23,15.66,0.73
36059518201,Nassau County,New York,True,6.95,39.06,12.5,3.09,205,62.6,5.12,4.3,250001,20.36,22.73,78.71,1.25,8.03,10.37,10.82,0.39
36059518203,Nassau County,New York,True,22.42,61.81,53.94,0.0,519,50.54,7.12,17.66,175512,34.92,16.98,73.33,3.14,15.82,2.92,28.06,3.92
36059518204,Nassau County,New York,True,5.56,55.0,33.33,0.0,143,50.11,4.24,8.28,206912,27.05,23.6,79.73,0.63,15.45,0.83,14.67,2.19
36059518300,Nassau County,New York,True,16.49,56.52,8.7,14.78,604,83.93,3.32,9.49,199621,17.83,30.12,67.02,0.45,25.42,4.35,24.74,6.28
36059518400,Nassau County,New York,True,1.88,100.0,100.0,0.0,25,72.41,3.48,5.79,173750,14.63,25.83,60.76,1.92,29.63,6.15,15.05,3.12
36059518501,Nassau County,New York,True,21.23,83.18,50.23,10.83,989,53.41,5.27,10.47,155682,26.72,23.62,32.02,3.47,57.99,1.09,20.11,6.41
36059518502,Nassau County,New York,True,38.19,59.54,11.7,12.47,1195,81.44,13.3,8.55,125547,12.65,25.54,46.17,0.09,48.0,4.46,21.67,4.62
36059518600,Nassau County,New York,True,5.19,100.0,100.0,0.0,195,92.41,5.47,3.93,196250,16.47,31.25,44.66,0.36,50.73,2.65,2.44,9.19
36059518700,Nassau County,New York,True,6.46,18.45,18.45,0.0,345,89.21,6.41,9.98,174412,16.28,27.52,50.79,0.11,42.85,5.65,7.96,5.54
36059518800,Nassau County,New York,True,0.0,,,,0,97.45,2.88,3.48,249598,7.61,30.02,62.5,2.31,32.95,0.43,12.02,2.2
36059518900,Nassau County,New York,True,21.79,35.45,10.28,1.84,1494,86.9,4.59,11.99,141199,17.81,21.84,31.22,8.19,25.17,25.0,14.93,6.17
36059519000,Nassau County,New York,True,13.83,31.76,18.04,41.96,1229,94.99,0.78,1.52,155469,24.48,12.54,33.64,1.06,40.41,27.37,8.95,9.14
36059519100,Nassau County,New York,True,13.31,48.6,33.57,0.0,1013,93.59,3.44,12.8,128585,16.02,16.23,44.49,0.43,32.09,27.91,12.43,11.33
36059519200,Nassau County,New York,True,10.31,29.82,6.43,3.43,846,94.84,6.8,13.2,153750,21.52,20.15,36.28,3.38,34.44,22.66,14.05,4.5
36059519300,Nassau County,New York,True,24.96,53.62,29.41,2.86,1353,73.66,3.46,6.76,147580,12.82,21.57,25.42,8.68,31.7,32.36,12.75,14.95
36059519400,Nassau County,New York,True,6.92,64.04,0.0,14.56,413,96.13,3.7,6.18,128344,20.39,11.44,60.55,0.85,24.85,11.06,7.79,3.83
36059519500,Nassau County,New York,True,7.8,69.23,47.55,4.2,551,97.33,3.83,6.22,161042,18.48,24.52,49.18,0.19,36.9,11.49,11.23,7.68
36059519601,Nassau County,New York,True,5.89,39.39,24.24,0.0,217,97.52,1.75,4.55,184318,20.08,23.89,72.98,0.07,17.16,7.2,8.38,1.97
36059519602,Nassau County,New York,True,5.09,54.55,0.0,0.0,130,96.69,3.29,2.01,195326,19.61,22.06,67.65,0.05,18.33,7.79,8.02,4.41
36059519702,Nassau County,New York,True,9.13,80.0,68.57,0.0,250,78.38,3.96,10.42,209859,29.3,22.18,74.99,1.24,22.84,0.21,21.25,2.46
36059519703,Nassau County,New York,True,0.82,,,0.0,9,88.95,1.83,3.9,151210,22.17,24.6,63.16,0.0,31.46,3.66,8.98,8.15
36059519704,Nassau County,New York,True,9.07,69.51,15.85,0.0,115,80.24,5.1,13.78,225125,23.93,23.13,72.98,0.13,22.43,5.4,19.95,1.36
36059519801,Nassau County,New York,True,13.39,17.53,17.53,0.0,319,85.25,2.61,8.97,207877,19.39,24.19,66.61,0.0,24.55,10.88,19.78,7.0
36059519802,Nassau County,New York,True,8.21,67.19,39.84,0.0,231,85.26,2.33,5.28,166037,20.8,23.26,68.39,0.93,20.68,8.61,17.93,4.29
36059519900,Nassau County,New York,True,2.82,100.0,0.0,0.0,164,98.21,3.95,9.18,138860,22.6,22.38,78.65,0.02,14.86,9.49,14.18,1.27
36059520001,Nassau County,New York,True,11.99,67.07,60.24,0.0,762,63.57,8.34,9.88,112624,25.94,19.55,70.99,0.07,19.49,10.01,23.7,2.17
36059520002,Nassau County,New York,True,10.64,34.32,19.53,5.33,355,82.07,3.17,7.12,114821,24.53,19.43,75.76,1.33,8.86,11.87,23.24,4.04
36059520100,Nassau County,New York,True,7.15,73.57,26.43,0.0,322,63.55,2.6,7.5,195202,24.46,20.47,80.28,0.18,17.05,1.21,14.74,1.66
36059520200,Nassau County,New York,True,8.62,47.62,47.62,29.87,289,92.24,8.5,10.64,152650,15.41,24.03,56.88,0.09,24.22,19.33,10.86,1.55
36059520300,Nassau County,New York,True,6.74,30.56,20.37,0.0,424,91.77,4.0,7.44,161688,17.89,21.27,77.44,0.91,8.87,10.44,14.07,1.41
36059520401,Nassau County,New York,True,30.5,52.39,24.95,2.62,1117,64.16,5.17,14.11,114886,19.12,17.32,74.58,4.93,6.3,13.56,32.32,2.19
36059520402,Nassau County,New York,True,29.44,59.28,33.13,2.48,1042,74.25,5.15,11.35,125147,22.89,21.08,74.17,0.81,5.0,19.9,38.26,0.72
36059520501,Nassau County,New York,True,5.2,68.42,52.63,0.0,144,94.27,3.2,7.58,143594,22.5,15.97,83.13,2.06,7.56,12.08,17.27,2.14
36059520502,Nassau County,New York,True,3.25,38.89,0.0,0.0,104,95.17,3.93,6.67,140625,20.18,19.13,75.51,1.57,4.22,17.53,16.54,1.36
36059520600,Nassau County,New York,True,6.09,57.14,32.65,0.0,214,95.26,1.67,3.98,202050,14.92,18.68,78.96,1.34,2.07,18.8,14.11,0.57
36059520700,Nassau County,New York,True,11.05,25.93,0.0,0.0,368,94.0,6.35,4.74,141618,13.08,16.71,86.21,0.0,4.52,9.7,15.73,0.85
36059520800,Nassau County,New York,True,1.36,55.56,0.0,0.0,44,94.72,1.82,4.68,186964,18.17,23.01,91.54,0.07,1.92,6.34,13.12,0.23
36059520900,Nassau County,New York,True,3.37,38.89,33.33,0.0,174,95.26,6.22,10.04,144122,18.65,19.15,86.39,0.07,0.32,13.41,19.03,0.74
36059521000,Nassau County,New York,True,4.23,39.13,21.74,0.0,178,91.42,4.75,9.77,137589,23.27,17.41,88.87,0.53,1.02,8.9,17.75,3.35
36059521100,Nassau County,New York,True,3.37,60.0,0.0,0.0,181,89.32,1.87,4.32,163750,17.95,18.98,94.53,0.73,2.03,2.39,14.3,0.79
36059521200,Nassau County,New York,True,11.23,41.57,19.1,0.0,196,92.46,1.27,0.94,170833,19.63,18.09,82.14,1.37,0.83,19.86,12.37,2.38
36059521301,Nassau County,New York,True,0.0,,,,0,92.55,3.86,3.46,178929,13.19,18.91,76.36,6.67,2.26,11.08,14.32,1.36
36059521302,Nassau County,New York,True,2.25,20.59,20.59,0.0,85,94.72,4.12,5.63,187194,17.29,20.09,88.53,0.2,1.92,9.98,12.9,0.67
36059521400,Nassau County,New York,True,1.34,0.0,0.0,0.0,29,90.96,1.41,8.09,189194,20.14,23.95,93.66,0.02,1.4,6.4,21.53,0.65
36059521500,Nassau County,New York,True,2.51,100.0,0.0,0.0,45,98.17,5.37,9.13,170521,24.03,13.31,89.28,1.13,2.66,5.17,13.35,0.02
36059521601,Nassau County,New York,True,1.46,52.38,52.38,0.0,74,94.5,0.93,4.3,164536,16.76,16.85,93.2,0.09,1.74,3.67,13.1,0.37
36059521602,Nassau County,New York,True,4.21,0.0,0.0,0.0,118,96.39,2.75,7.01,164186,15.27,20.83,92.36,0.0,0.0,4.48,15.23,0.0
36059521700,Nassau County,New York,True,0.64,0.0,0.0,0.0,46,86.7,3.11,8.41,177500,22.84,19.79,90.18,0.02,1.69,5.85,21.5,0.52
36059521801,Nassau County,New York,True,2.57,0.0,0.0,0.0,65,94.93,0.85,2.04,160057,23.67,17.47,90.07,0.87,1.96,5.84,8.78,0.16
36059521802,Nassau County,New York,True,5.21,83.93,73.21,0.0,76,98.44,1.04,7.77,169030,19.49,19.78,88.27,0.54,0.0,9.16,13.72,0.39
36059521902,Nassau County,New York,True,2.86,0.0,0.0,0.0,121,86.99,1.08,3.32,174924,18.46,22.27,89.53,0.09,0.82,9.33,10.09,0.18
36059522000,Nassau County,New York,True,19.97,45.6,22.97,4.32,1141,60.81,6.75,15.14,99869,26.73,20.11,42.15,36.41,3.94,18.27,34.48,3.44
36059522700,Nassau County,New York,True,4.82,68.66,68.66,0.0,128,95.63,2.45,8.97,191318,17.59,23.12,79.29,3.43,7.77,8.95,16.0,1.08
36059980100,Nassau County,New York,False,,,,,0,,,,,0.0,1.28,59.47,16.96,10.26,14.0,,0.0
36059981100,Nassau County,New York,True,100.0,0.0,0.0,0.0,8,100.0,0.0,0.0,,0.0,2.23,72.01,14.4,3.14,7.2,0.0,0.0
36059982100,Nassau County,New York,True,0.0,,,,0,100.0,25.0,25.0,,1.6,6.48,58.82,21.04,6.98,17.75,100.0,1.89
36059990100,Nassau County,New York,False,,,,,0,,,,,,,,,,,,
36059990200,Nassau County,New York,False,,,,,0,,,,,,,,,,,,
36059990301,Nassau County,New York,False,,,,,0,,,,,,,,,,,,
36059990302,Nassau County,New York,False,,,,,0,,,,,,,,,,,,
36059990400,Nassau County,New York,False,,,,,0,,,,,,,,,,,,
36061000100,New York County,New York,False,,,,,0,,,,,,,,,,,,
36061000201,New York County,New York,True,100.0,58.46,15.86,15.14,2609,96.39,51.36,45.54,37353,15.12,41.11,9.56,19.88,14.4,60.92,28.87,12.15
36061000202,New York County,New York,True,68.23,58.02,27.76,5.84,4259,97.98,28.66,40.85,36688,19.24,17.6,29.26,15.79,21.37,34.38,52.29,16.2
36061000500,New York County,New York,False,,,,,0,,,,,,,,,,,,
36061000600,New York County,New York,True,94.85,52.97,25.53,8.54,9638,72.27,34.68,42.61,36893,26.67,9.73,14.81,6.72,48.68,26.25,50.9,29.58
36061000700,New York County,New York,True,81.36,47.36,26.8,6.8,7045,78.81,3.77,2.35,190388,3.32,10.35,64.31,4.59,13.43,11.8,55.32,0.3
36061000800,New York County,New York,True,98.42,59.51,44.63,8.82,8394,90.58,39.64,46.41,31262,25.41,10.68,15.85,1.03,78.21,3.3,40.71,41.28
36061000900,New York County,New York,True,70.1,40.26,13.26,3.35,1317,52.67,6.6,3.7,250001,5.6,16.63,58.85,6.1,15.01,13.12,37.85,3.95
36061001001,New York County,New York,True,17.73,4.86,0.0,0.0,304,99.3,3.95,7.64,140000,19.14,18.85,59.71,4.76,11.69,18.51,34.73,1.12
36061001002,New York County,New York,True,99.04,57.06,23.7,7.12,6023,100.0,47.69,63.03,23796,22.03,24.2,10.24,20.42,19.1,54.72,43.19,26.75
36061001200,New York County,New York,True,36.66,39.0,18.43,1.55,1389,87.11,12.08,25.75,114318,29.28,17.57,58.33,1.58,16.37,21.5,35.57,13.48
36061001300,New York County,New York,True,85.36,44.5,25.28,6.62,4334,84.95,11.85,6.44,171923,2.79,6.24,67.07,5.1,23.23,4.6,58.78,1.49
36061001401,New York County,New York,True,24.01,30.79,21.53,2.55,945,98.2,4.33,11.4,103750,37.17,11.41,71.03,2.4,7.66,10.44,35.96,2.75
36061001402,New York County,New York,True,91.72,44.22,19.3,4.42,2939,62.82,30.01,35.64,90469,23.3,7.65,35.78,8.49,36.67,19.95,47.57,28.59
36061001501,New York County,New York,True,39.86,49.41,26.72,0.0,2339,71.65,9.36,18.38,125712,25.27,15.1,61.96,5.48,19.96,5.38,41.67,12.62
36061001502,New York County,New York,True,84.11,47.41,25.52,5.87,5966,53.16,5.8,4.66,204310,1.7,7.18,58.29,6.27,23.21,10.44,45.57,1.19
36061001600,New York County,New York,True,73.65,52.39,27.95,8.5,5546,70.27,17.27,45.41,35875,26.8,12.23,23.43,1.74,70.05,1.58,38.84,35.68
36061001800,New York County,New York,True,88.68,42.8,19.68,4.59,5359,76.53,20.78,30.98,76726,22.58,3.07,36.36,5.71,44.6,11.44,52.52,26.56
36061002000,New York County,New York,True,100.0,46.97,14.58,5.96,5048,87.9,35.46,49.03,30792,19.39,22.52,7.57,21.39,16.44,58.56,34.1,25.35
36061002100,New York County,New York,True,63.45,36.62,14.15,2.98,4342,29.6,0.93,2.75,250001,7.38,24.16,75.53,3.17,10.52,6.65,32.98,0.47
36061002201,New York County,New York,True,90.19,54.15,25.83,1.44,6093,77.41,29.07,43.13,39961,20.81,16.57,25.64,18.09,17.09,35.44,43.0,9.35
36061002202,New York County,New York,True,83.27,30.24,10.82,6.62,2005,45.16,13.0,11.22,151711,5.84,5.88,61.71,7.39,12.71,22.46,40.02,6.94
36061002400,New York County,New York,True,100.0,54.05,27.15,4.95,4523,96.58,48.15,62.83,21092,25.93,19.74,5.24,23.63,13.07,62.52,42.96,24.89
36061002500,New York County,New York,True,100.0,47.49,16.17,7.05,4257,99.44,53.8,67.92,20597,23.61,21.2,8.15,31.64,35.28,28.87,36.17,25.26
36061002601,New York County,New York,True,92.28,62.77,42.36,3.07,3311,65.42,32.91,49.64,30350,12.17,11.69,31.63,19.39,5.14,49.37,54.69,6.14
36061002602,New York County,New York,True,68.64,40.86,27.36,1.83,2275,75.55,16.07,22.32,89970,15.59,6.09,67.06,8.5,8.99,15.59,58.18,8.26
36061002700,New York County,New York,True,19.52,52.89,30.58,0.83,267,98.01,9.04,15.97,124063,31.15,7.08,19.44,0.09,78.66,0.91,31.77,17.23
36061002800,New York County,New York,True,83.56,39.86,22.58,5.0,4867,75.72,19.47,33.82,70691,19.51,10.86,36.27,10.55,16.13,33.52,48.77,11.75
36061002901,New York County,New York,True,100.0,82.61,24.64,0.0,83,17.39,65.91,82.61,11094,17.62,0.0,27.94,37.01,10.14,37.72,82.61,14.41
36061002902,New York County,New York,True,87.31,56.24,37.61,8.88,3117,97.69,32.99,55.26,,30.35,8.96,12.42,0.03,83.82,1.98,47.67,26.96
36061003001,New York County,New York,True,94.07,52.58,28.94,2.46,3808,74.68,18.56,19.35,88889,8.76,7.92,55.9,9.58,11.57,24.82,54.36,9.77
36061003002,New York County,New York,True,94.38,41.72,19.34,6.38,2662,80.12,21.96,34.8,74691,20.37,5.37,57.64,5.61,20.72,18.28,56.92,13.32
36061003100,New York County,New York,True,74.0,52.85,25.73,2.46,1100,45.47,14.09,11.42,189250,6.7,5.12,40.1,14.67,28.35,14.57,49.09,4.36
36061003200,New York County,New York,True,77.27,51.45,22.19,0.74,5625,93.38,14.43,14.77,101294,17.71,8.11,77.03,2.0,9.43,5.16,56.22,2.42
36061003300,New York County,New York,True,56.13,33.1,16.27,0.0,3261,72.04,3.46,9.29,250001,13.26,18.17,70.04,0.91,9.51,5.75,26.8,1.38
36061003400,New York County,New York,True,87.35,47.17,17.49,9.35,5823,69.98,17.17,20.26,121413,9.53,4.69,63.99,5.52,10.97,17.0,52.99,3.22
36061003601,New York County,New York,True,79.1,51.09,30.2,1.14,2064,63.15,19.9,29.55,57000,23.97,6.92,36.66,13.7,17.87,30.33,49.35,16.75
36061003602,New York County,New York,True,84.74,45.34,16.51,1.17,2204,58.8,24.14,18.49,155000,16.46,6.1,65.13,10.13,8.42,16.09,51.98,2.61
36061003700,New York County,New York,True,57.34,19.17,7.14,3.7,1743,53.01,4.39,5.02,250001,17.54,12.2,62.83,8.7,16.53,9.54,39.71,0.54
36061003800,New York County,New York,True,86.59,54.83,24.02,2.0,6058,92.58,17.74,19.69,78220,17.73,2.13,66.6,2.43,15.57,14.64,57.75,0.07
36061003900,New York County,New York,True,53.83,51.0,30.16,0.0,3132,80.65,18.62,16.71,202542,25.13,16.11,55.76,0.4,32.08,7.6,25.9,13.96
36061004001,New York County,New York,True,89.07,55.67,25.86,0.0,2669,95.69,10.84,13.13,150661,13.5,2.45,71.76,1.76,15.44,9.11,47.53,0.96
36061004002,New York County,New York,True,81.77,26.66,17.54,1.21,3772,91.91,18.72,14.06,196833,3.56,5.74,60.86,5.84,17.28,11.85,40.94,8.21
36061004100,New York County,New York,True,92.96,49.09,23.48,9.25,5776,90.16,13.41,19.06,101893,15.05,10.97,49.82,2.57,38.41,6.34,43.17,17.75
36061004200,New York County,New York,True,59.14,52.09,43.37,1.04,1190,72.25,16.54,24.09,131083,8.27,4.22,51.72,8.19,27.48,9.88,66.12,1.39
36061004300,New York County,New York,True,89.97,52.31,26.85,1.29,3136,74.88,17.34,24.39,122730,17.45,1.99,65.12,0.2,18.7,14.84,71.52,4.41
36061004400,New York County,New York,True,100.0,33.85,16.48,6.46,16963,97.35,9.37,11.14,153280,17.23,9.0,76.53,2.49,12.44,7.02,34.73,0.83
36061004500,New York County,New York,True,53.38,52.51,33.33,0.45,448,88.17,13.27,16.67,170714,16.93,20.59,74.92,1.78,15.05,3.24,39.86,0.0
36061004700,New York County,New York,True,76.85,47.56,23.38,6.48,1582,88.54,6.26,9.69,148750,13.03,7.68,77.0,0.0,13.12,6.81,66.15,0.0
36061004800,New York County,New York,True,47.08,38.54,20.51,5.68,2532,92.65,9.8,14.29,161973,17.3,10.59,68.37,5.51,16.19,8.79,52.14,1.74
36061004900,New York County,New York,True,63.49,35.68,8.37,1.56,2431,92.51,7.61,13.36,146967,25.91,9.04,81.3,1.45,11.33,7.47,45.73,0.0
36061005000,New York County,New York,True,49.49,35.53,18.55,5.71,2094,78.63,8.24,13.84,205250,14.94,13.91,75.05,0.88,12.69,3.56,60.07,0.0
36061005200,New York County,New York,True,37.19,35.99,24.9,4.67,982,94.3,5.79,7.74,238750,13.27,10.92,69.15,4.94,13.29,7.25,44.07,0.32
36061005400,New York County,New York,True,48.42,33.25,14.94,1.88,1973,82.1,8.81,8.85,124732,26.0,10.35,75.1,0.9,17.25,7.07,59.01,0.37
36061005501,New York County,New York,True,68.52,30.05,13.71,7.95,3442,92.79,11.8,6.85,214306,13.11,10.27,50.06,9.2,30.25,7.58,38.18,0.0
36061005502,New York County,New York,True,73.25,22.06,14.58,0.87,1327,74.52,9.53,7.55,179844,14.22,10.32,65.67,4.21,19.75,10.11,44.68,2.69
36061005600,New York County,New York,True,70.38,58.86,35.08,0.0,2352,67.53,20.03,29.83,183068,17.19,8.35,45.97,11.41,9.37,24.05,66.02,2.39
36061005700,New York County,New York,True,62.36,51.39,35.76,1.42,1549,86.84,8.27,11.81,201116,19.04,11.04,80.65,0.46,9.15,5.08,43.76,0.0
36061005800,New York County,New York,True,93.48,40.55,27.16,0.0,3492,32.88,13.57,13.32,206827,5.52,10.59,64.45,8.91,16.43,6.95,49.16,1.19
36061005900,New York County,New York,True,36.25,51.29,11.47,10.2,1519,96.47,6.19,6.89,181375,19.65,9.71,74.55,3.09,13.79,5.14,50.15,0.75
36061006000,New York County,New York,True,100.0,37.92,16.26,3.34,5077,97.7,4.85,5.86,202600,23.12,25.39,71.79,2.86,11.64,6.26,35.41,3.15
36061006100,New York County,New York,True,42.32,48.13,28.93,10.46,1779,86.54,6.91,9.39,179167,15.4,8.37,51.14,13.65,24.12,14.63,45.26,1.39
36061006200,New York County,New York,True,100.0,62.02,22.23,7.9,2768,83.88,19.1,13.65,104255,14.23,9.98,37.06,16.42,25.63,15.95,34.8,1.5
36061006300,New York County,New York,True,53.58,54.4,25.26,3.63,2841,96.43,10.59,12.16,173995,26.15,7.45,86.63,1.61,6.65,5.59,62.99,0.05
36061006400,New York County,New York,True,68.21,50.54,35.31,1.63,4963,83.45,18.53,27.28,130385,14.63,9.32,63.49,8.86,18.58,8.79,50.14,2.02
36061006500,New York County,New York,True,84.12,38.14,24.53,2.11,3720,90.3,5.82,10.75,133781,13.68,1.84,79.34,2.83,7.81,7.82,63.45,0.95
36061006600,New York County,New York,True,70.88,44.45,26.68,0.86,7491,89.49,16.09,27.32,101990,26.1,7.4,56.33,7.7,19.05,17.04,52.2,4.65
36061006700,New York County,New York,True,80.66,48.81,20.43,2.03,3673,86.78,6.3,17.51,131304,21.5,0.97,78.91,3.98,7.55,8.28,65.3,1.4
36061006800,New York County,New York,True,65.32,50.78,23.93,1.03,3046,74.44,10.89,9.77,128919,14.25,5.37,62.78,6.78,11.04,9.53,65.11,1.58
36061006900,New York County,New York,True,57.75,44.01,19.77,3.12,1274,73.23,3.6,5.41,238563,11.94,9.14,76.73,1.45,9.06,12.87,32.73,0.0
36061007001,New York County,New York,True,79.91,45.97,5.8,1.87,2626,70.88,2.21,5.0,163287,16.59,15.04,74.11,4.73,12.73,7.13,56.36,0.53
36061007002,New York County,New York,True,86.57,48.69,24.46,3.26,2911,62.85,7.99,14.16,154965,15.87,4.77,71.63,6.87,13.39,7.99,48.18,1.02
36061007100,New York County,New York,True,65.54,60.73,18.84,3.83,3115,92.09,3.89,4.9,150449,14.53,16.04,77.82,2.22,9.27,15.41,58.96,0.0
36061007200,New York County,New York,True,80.92,41.31,24.89,5.27,5462,70.51,6.46,4.39,136979,10.92,9.98,67.12,3.58,13.89,5.67,62.16,1.78
36061007300,New York County,New York,True,82.43,33.05,27.53,4.23,4265,98.94,10.61,18.02,175590,11.48,4.67,75.02,3.34,4.32,14.43,61.29,0.0
36061007400,New York County,New York,True,74.48,48.43,18.82,1.52,3136,50.61,13.5,8.39,215511,7.69,3.49,61.61,3.73,21.46,11.67,61.38,1.46
36061007500,New York County,New York,True,52.79,34.47,13.05,5.62,1949,70.92,7.03,10.46,187647,25.58,7.16,86.45,2.54,7.54,4.72,53.05,0.0
36061007600,New York County,New York,True,70.37,34.74,11.92,4.93,1447,59.07,10.21,8.88,193644,4.95,10.84,38.36,9.95,28.96,18.42,61.62,2.82
36061007700,New York County,New York,True,72.85,29.65,17.46,3.4,3780,94.79,4.68,8.83,230044,12.8,9.59,83.59,0.0,5.2,6.88,56.51,0.78
36061007800,New York County,New York,True,71.93,42.07,18.3,1.0,5391,53.41,6.66,13.1,134092,14.37,8.25,50.67,1.77,29.72,13.11,62.29,0.26
36061007900,New York County,New York,True,60.85,28.45,14.99,14.57,2606,79.43,6.84,11.33,200079,21.58,14.49,75.44,3.5,4.93,17.77,47.76,0.39
36061008000,New York County,New York,True,56.04,30.84,17.32,0.0,2815,88.59,6.6,6.78,177105,15.92,8.44,69.83,5.23,15.64,7.26,48.52,0.27
36061008100,New York County,New York,True,59.94,45.7,19.07,3.27,3133,81.55,7.22,11.72,134538,19.75,10.61,71.93,0.99,10.97,9.82,59.99,0.34
36061008200,New York County,New York,True,57.38,42.59,24.83,10.17,1857,82.0,5.77,12.01,162143,14.58,15.28,54.14,4.49,17.19,14.12,59.82,0.0
36061008300,New York County,New York,True,88.93,47.07,28.84,1.01,3313,67.74,22.58,34.11,75000,24.41,4.95,42.92,2.66,11.12,33.2,43.0,8.66
36061008400,New York County,New York,True,69.75,27.01,13.28,6.13,1125,41.55,8.09,3.58,231546,15.98,5.55,33.82,14.62,37.79,12.24,47.36,2.65
36061008601,New York County,New York,True,79.09,58.66,27.87,4.66,2544,9.37,17.2,19.37,145054,9.39,8.07,44.54,0.93,38.45,13.42,47.11,4.87
36061008602,New York County,New York,False,,,,,0,,,,,,,,,,,,
36061008603,New York County,New York,True,30.66,39.63,14.89,2.53,1514,88.4,4.02,6.86,200735,41.03,13.88,72.33,0.16,11.69,11.87,45.68,0.45
36061008700,New York County,New York,True,70.34,44.04,25.0,1.94,3208,69.07,10.73,10.18,150384,13.36,7.96,66.02,7.68,10.21,14.1,55.6,1.13
36061008800,New York County,New York,True,66.61,63.62,36.38,7.81,4892,66.95,9.96,15.7,112782,22.28,4.33,51.92,6.08,20.62,5.31,65.1,0.0
36061008900,New York County,New York,True,75.26,44.74,13.1,3.69,3995,78.26,13.51,17.69,102260,17.37,8.79,64.65,6.37,10.34,15.38,54.93,2.62
36061009000,New York County,New York,True,73.55,49.51,25.0,0.6,4687,68.99,8.68,10.58,156381,24.22,3.4,72.05,2.74,13.45,8.26,53.77,1.89
36061009100,New York County,New York,True,73.3,33.95,17.79,1.11,3973,64.9,14.44,17.86,160866,13.72,6.29,61.16,11.07,13.32,14.51,64.88,4.28
36061009200,New York County,New York,True,85.14,34.14,16.19,1.66,1101,58.96,6.55,6.62,166638,8.36,7.28,55.01,0.58,25.74,13.19,60.74,1.78
36061009300,New York County,New York,True,55.07,48.61,21.23,0.0,5010,95.2,12.38,14.14,122586,20.8,12.33,69.06,8.93,5.38,17.13,57.53,1.16
36061009400,New York County,New York,True,76.47,76.92,30.77,23.08,62,35.71,28.57,5.88,81875,0.0,0.0,45.71,0.0,10.0,8.57,29.41,0.0
36061009500,New York County,New York,True,77.05,35.42,19.84,3.98,1681,60.9,11.39,7.14,222321,9.61,8.63,68.21,6.88,16.07,8.98,61.91,0.82
36061009600,New York County,New York,True,74.74,33.33,16.67,7.04,84,20.88,44.99,5.26,,2.32,16.61,21.07,31.96,15.0,23.21,80.0,19.85
36061009700,New York County,New York,True,43.98,46.0,23.93,0.0,2294,97.82,17.24,27.21,71537,42.67,7.86,45.27,8.68,16.84,24.41,47.4,7.71
36061009800,New York County,New York,True,55.73,52.65,39.29,3.74,4949,68.2,12.12,15.47,171745,14.14,12.04,66.15,1.26,21.94,5.15,45.87,2.01
36061009901,New York County,New York,True,70.6,26.44,16.85,9.86,1365,16.94,2.31,7.16,250001,6.21,9.34,68.02,2.82,16.07,7.91,31.24,0.93
36061009902,New York County,New York,True,99.44,39.59,16.5,4.13,3686,6.92,9.18,12.79,162845,3.53,19.56,45.38,10.62,23.56,17.27,59.38,4.01
36061009903,New York County,New York,True,91.13,50.25,24.49,5.42,1295,11.79,8.26,17.85,187596,9.97,7.44,44.98,8.33,27.92,14.06,50.17,6.8
36061010000,New York County,New York,True,78.01,57.04,46.36,1.13,1196,91.27,7.54,13.46,99875,20.02,5.75,75.34,2.41,16.01,18.17,72.21,0.06
36061010100,New York County,New York,True,100.0,46.38,13.16,4.62,1522,6.88,18.8,18.65,108304,6.71,0.0,37.06,13.53,35.39,12.51,74.08,5.37
36061010200,New York County,New York,True,57.32,25.0,25.0,0.0,127,87.17,4.12,6.37,,43.82,14.23,78.28,9.36,5.99,1.87,67.52,2.42
36061010300,New York County,New York,True,93.79,34.59,14.31,8.23,2621,49.57,3.66,10.35,180200,7.3,3.58,52.73,9.35,27.1,9.56,56.9,5.71
36061010400,New York County,New York,True,52.01,23.79,5.86,3.55,488,61.79,2.46,5.03,193026,27.41,2.55,67.39,1.23,25.05,3.88,52.01,6.12
36061010601,New York County,New York,True,32.06,43.47,32.3,8.26,2369,94.3,3.52,9.68,249091,34.08,15.74,84.57,2.32,5.29,3.82,43.47,0.87
36061010602,New York County,New York,True,70.88,42.74,11.83,5.72,3773,82.37,8.89,10.67,207717,13.98,19.81,63.6,5.29,17.09,10.87,28.94,0.91
36061010801,New York County,New York,True,56.95,35.76,14.75,3.62,1634,84.81,6.8,8.67,160719,25.34,12.02,61.18,4.24,17.68,9.02,63.3,0.0
36061010802,New York County,New York,True,47.5,64.96,42.07,8.64,1976,91.85,9.26,17.55,134004,48.69,4.96,83.24,0.15,12.6,3.41,44.38,1.97
36061010803,New York County,New York,True,45.3,56.53,13.7,6.5,789,78.86,5.46,11.4,119178,23.88,12.54,72.01,5.83,14.88,4.37,60.21,0.0
36061010900,New York County,New York,True,88.5,41.0,23.0,7.0,129,78.4,28.37,12.39,163542,5.29,0.0,47.6,17.79,22.6,6.73,62.83,0.0
36061011000,New York County,New York,True,85.52,38.4,13.17,1.37,5561,80.12,1.63,6.07,150164,16.2,15.15,72.59,3.65,11.38,18.48,50.64,0.0
36061011100,New York County,New York,True,89.05,60.41,28.15,8.01,3898,41.44,15.02,16.49,104451,7.66,6.07,44.15,9.36,30.4,12.78,56.03,7.35
36061011201,New York County,New York,True,81.2,56.37,41.91,0.72,692,90.34,13.81,20.93,163750,24.59,9.51,68.33,0.0,18.21,9.16,58.53,0.0
36061011202,New York County,New York,True,28.43,85.54,51.81,0.0,120,50.97,2.51,8.95,211563,60.62,5.02,81.66,0.0,7.14,0.97,45.69,0.0
36061011203,New York County,New York,True,53.22,44.87,21.29,1.07,510,72.43,3.85,11.17,167083,24.34,13.08,68.76,0.0,20.18,1.83,52.46,0.0
36061011300,New York County,New York,True,71.43,25.71,5.71,0.0,44,34.96,54.41,14.29,93750,13.24,0.0,24.26,30.88,21.32,19.12,69.39,25.74
36061011401,New York County,New York,True,63.12,47.64,26.44,0.0,551,88.93,19.2,22.19,155809,46.2,7.31,86.16,0.39,9.65,2.92,61.92,0.2
36061011402,New York County,New York,True,37.46,23.27,19.55,0.0,774,86.59,3.31,10.31,206818,29.59,12.23,71.37,2.13,13.93,8.62,46.22,2.59
36061011500,New York County,New York,True,90.54,42.42,17.05,4.98,3341,20.83,19.97,19.62,138750,6.92,10.21,45.73,13.81,24.9,11.2,55.16,2.76
36061011600,New York County,New York,True,84.44,41.57,23.68,0.0,2085,84.85,12.12,19.27,90212,23.26,5.26,68.8,3.9,20.07,10.4,68.08,0.9
36061011700,New York County,New York,True,99.45,54.28,27.96,3.19,5296,6.37,9.04,8.72,116048,3.95,7.7,50.12,8.88,17.14,18.74,64.94,4.1
36061011800,New York County,New York,True,56.31,52.8,35.84,1.14,5105,85.52,7.3,10.02,139332,23.0,15.5,84.13,0.39,9.14,4.91,56.14,1.96
36061011900,New York County,New York,True,99.46,43.99,21.16,0.0,1114,87.3,45.79,69.96,18050,49.19,2.44,27.88,43.05,1.92,24.48,98.19,7.43
36061012000,New York County,New York,True,34.91,48.19,11.62,0.0,1226,85.52,8.03,13.51,192644,38.26,13.84,76.61,2.58,10.89,5.02,49.66,2.87
36061012101,New York County,New York,True,93.85,41.2,21.6,0.99,2786,66.86,29.47,16.96,63690,18.46,1.96,64.1,8.36,6.31,15.32,68.17,1.03
36061012102,New York County,New York,True,94.15,49.51,15.44,2.1,4683,91.84,10.75,25.51,62727,43.15,2.35,60.71,2.57,4.93,28.45,61.39,9.11
36061012200,New York County,New York,True,40.78,59.27,30.16,2.5,1394,96.42,2.09,12.39,222909,29.87,18.56,88.5,0.0,6.45,3.45,40.3,0.0
36061012400,New York County,New York,True,75.48,48.75,29.15,1.22,5706,68.28,5.39,6.59,120709,25.52,10.55,70.68,2.73,17.56,8.2,55.13,4.47
36061012500,New York County,New York,True,92.15,42.6,14.57,0.0,2211,20.6,12.09,12.19,171250,11.87,7.84,37.06,11.13,31.4,9.13,48.14,3.65
36061012601,New York County,New York,True,41.4,34.32,9.78,0.0,2514,93.77,4.39,6.78,136781,18.42,16.34,75.85,0.0,12.1,9.08,41.82,8.75
36061012602,New York County,New York,True,57.56,21.76,15.81,0.59,2990,88.59,2.37,4.71,232600,21.75,13.73,86.97,0.08,2.35,3.65,42.33,0.0
36061012700,New York County,New York,True,73.28,40.16,15.48,0.86,4417,73.85,11.24,13.8,120214,13.41,3.47,65.78,1.44,8.32,13.89,62.3,3.74
36061012800,New York County,New York,True,29.47,44.22,37.81,0.0,1451,93.1,3.12,4.99,220256,42.77,13.44,86.69,0.04,6.35,8.13,39.53,0.67
36061012901,New York County,New York,True,81.61,60.83,31.91,2.74,4928,20.41,7.78,23.35,110917,3.1,10.78,51.22,4.19,25.45,14.46,61.43,1.48
36061012902,New York County,New York,True,72.64,39.27,22.12,2.2,1370,67.09,18.93,13.2,128625,8.4,15.88,32.81,13.42,15.46,23.4,63.12,8.97
36061013000,New York County,New York,True,30.04,41.55,31.88,0.0,846,94.79,11.51,17.08,212414,36.66,16.76,74.94,0.48,13.76,12.05,49.48,0.86
36061013100,New York County,New York,True,88.76,45.96,21.93,4.51,2913,60.55,9.02,18.13,136346,19.66,5.85,47.63,9.53,24.36,16.1,63.42,2.52
36061013201,New York County,New York,True,66.85,34.2,16.79,4.45,1532,60.92,2.42,10.62,162054,17.98,10.15,78.3,2.58,11.42,6.01,47.22,1.98
36061013202,New York County,New York,True,94.48,54.45,32.1,8.43,3457,95.1,12.36,26.0,101836,21.76,12.75,78.9,3.73,5.84,8.96,58.44,2.92
36061013203,New York County,New York,True,60.71,51.8,29.93,15.93,2171,77.11,33.61,29.42,122083,9.45,15.29,77.57,6.17,12.93,4.54,55.68,0.0
36061013300,New York County,New York,True,84.08,46.63,26.64,1.22,4807,54.32,11.58,20.68,156829,16.81,6.85,56.35,2.83,22.63,16.25,58.46,8.05
36061013400,New York County,New York,True,69.32,33.75,13.67,4.12,8055,77.49,9.71,10.63,122163,18.02,16.15,85.19,0.13,6.91,7.87,53.52,0.45
36061013501,New York County,New York,True,99.08,38.3,12.32,4.7,4816,31.04,8.13,18.92,99265,13.88,10.94,38.71,12.83,18.33,35.02,47.22,3.44
36061013502,New York County,New York,True,98.33,39.3,24.72,7.07,5742,22.21,20.36,28.43,95693,18.05,8.21,48.12,9.74,17.35,27.04,52.72,3.43
36061013601,New York County,New York,True,13.89,34.07,16.3,8.89,244,100.0,2.22,3.5,250001,46.94,13.44,92.93,0.0,3.99,0.71,26.85,0.0
36061013602,New York County,New York,True,57.66,32.54,19.99,25.74,3554,67.73,1.3,3.53,188628,16.74,25.39,85.44,1.96,9.07,4.47,38.85,0.87
36061013603,New York County,New York,True,95.2,40.05,23.17,1.99,4153,86.14,5.76,9.45,171912,29.24,12.98,88.56,0.0,5.16,6.23,56.18,0.0
36061013604,New York County,New York,True,71.66,43.4,11.86,2.29,2640,75.25,4.99,9.53,168970,22.48,7.2,86.43,1.96,4.67,1.41,53.8,0.0
36061013700,New York County,New York,True,62.15,39.78,15.98,4.18,4444,76.05,7.67,11.8,167929,23.97,2.7,70.56,7.03,15.77,5.71,60.44,0.18
36061013800,New York County,New York,True,53.68,38.42,14.17,4.18,5110,80.88,5.46,10.07,141343,21.56,9.93,80.54,1.9,8.2,10.48,50.96,0.9
36061013900,New York County,New York,True,70.47,55.11,12.11,7.08,7424,82.12,3.99,14.67,108071,20.02,6.12,67.6,7.46,7.63,17.5,58.5,1.74
36061014000,New York County,New York,True,46.91,54.87,31.46,1.93,3640,88.96,5.37,6.2,220066,21.87,18.4,87.36,1.09,6.48,2.1,46.18,0.17
36061014200,New York County,New York,True,29.26,54.83,37.87,0.0,1107,92.77,6.53,10.29,250001,37.57,16.71,84.59,0.0,3.77,9.35,39.23,0.85
36061014300,New York County,New York,False,,,,,0,,,,,,,,,,,,
36061014401,New York County,New York,True,50.44,50.75,31.01,0.0,2351,96.78,5.31,9.82,202966,27.35,11.21,77.87,0.6,6.29,10.61,38.87,1.18
36061014402,New York County,New York,True,68.25,39.65,18.16,0.93,4288,90.76,7.8,11.11,163086,22.4,9.47,70.26,6.55,8.93,9.19,47.16,2.37
36061014500,New York County,New York,True,72.89,41.17,18.07,8.2,4537,35.45,6.13,9.91,186389,17.0,11.07,57.57,6.14,25.15,10.02,48.86,5.98
36061014601,New York County,New York,True,80.4,48.94,25.45,8.95,2754,64.75,12.85,13.29,139000,21.73,9.01,77.69,0.84,9.67,11.22,59.31,0.83
36061014602,New York County,New York,True,75.59,48.32,33.75,0.61,5890,85.77,6.74,10.19,132457,29.15,6.99,79.68,0.71,7.75,8.85,56.91,1.35
36061014700,New York County,New York,True,84.77,43.85,18.23,1.46,2379,29.99,6.76,7.14,202250,4.26,22.39,40.32,4.75,39.05,6.51,40.01,3.6
36061014801,New York County,New York,True,59.19,34.7,17.02,3.25,1735,77.96,2.78,2.74,202670,27.25,14.39,81.39,1.66,4.32,9.53,38.67,1.93
36061014802,New York County,New York,True,58.58,34.52,18.27,6.03,4029,86.94,3.76,5.69,179304,18.04,19.15,75.4,2.06,8.17,14.28,41.77,2.03
36061014900,New York County,New York,True,67.07,44.71,31.53,3.48,3701,64.48,9.12,12.45,184896,27.38,11.1,65.46,2.47,18.46,8.94,40.79,0.71
36061015001,New York County,New York,True,59.29,33.73,21.58,3.86,1217,96.86,3.46,11.06,194659,26.34,22.75,88.28,1.26,3.36,1.63,37.56,0.55
36061015002,New York County,New York,True,18.5,65.55,39.0,0.0,856,99.5,3.04,7.88,243480,37.79,19.88,81.06,0.43,7.81,6.38,36.64,0.78
36061015101,New York County,New York,True,94.14,52.7,31.19,4.72,3317,98.48,47.85,45.95,44107,21.32,25.58,10.62,30.29,20.66,40.77,42.6,14.94
36061015102,New York County,New York,True,84.92,39.4,23.04,5.48,8067,5.44,19.24,19.96,163274,5.33,23.79,36.21,13.54,24.51,18.08,46.21,3.74
36061015200,New York County,New York,True,79.74,40.19,19.4,5.32,5983,67.61,20.92,19.98,114940,25.72,17.76,48.9,16.28,7.23,23.93,34.93,4.87
36061015301,New York County,New York,True,52.6,36.69,23.41,3.86,2479,94.63,3.92,3.53,186949,26.78,16.65,71.99,0.15,9.56,9.42,49.39,1.91
36061015302,New York County,New York,True,63.66,42.86,22.51,9.08,3472,64.29,6.15,6.72,189453,15.55,15.49,70.89,0.2,16.17,5.97,48.13,0.41
36061015401,New York County,New York,True,89.73,24.95,11.78,1.73,3899,89.4,3.37,11.4,122860,19.72,7.14,79.65,3.4,12.34,3.09,70.46,0.48
36061015402,New York County,New York,True,60.38,38.16,22.45,4.55,1629,64.56,7.36,17.3,147589,18.5,8.16,57.76,20.81,8.32,14.26,37.35,9.03
36061015403,New York County,New York,True,56.17,37.65,30.92,10.38,2876,74.91,10.98,20.5,129848,18.4,13.02,57.13,1.76,13.93,15.98,53.98,5.24
36061015501,New York County,New York,True,36.27,45.77,31.62,0.0,1773,78.5,9.76,16.68,186563,35.98,10.61,78.59,1.93,17.01,1.93,51.39,2.34
36061015502,New York County,New York,True,44.17,49.62,24.64,0.0,2547,53.77,12.67,10.19,177841,27.24,12.95,67.89,3.15,15.73,7.76,39.27,0.41
36061015601,New York County,New York,True,93.92,53.48,26.09,6.21,4586,44.89,12.13,16.75,127741,11.81,9.98,64.89,2.94,13.53,16.3,54.55,1.31
36061015602,New York County,New York,True,90.51,44.6,35.78,4.96,2019,56.09,17.76,29.75,75147,8.51,22.33,37.97,12.61,18.14,33.42,47.2,3.87
36061015700,New York County,New York,True,59.34,40.08,8.69,2.12,5523,94.59,4.4,8.29,163712,20.69,9.72,76.71,1.19,15.19,7.91,57.9,1.68
36061015801,New York County,New York,True,63.5,30.74,16.77,1.12,2932,86.03,5.94,4.83,177750,21.16,14.26,69.87,1.1,10.77,14.88,44.46,0.0
36061015802,New York County,New York,True,97.19,43.41,31.38,6.35,3379,44.84,8.62,23.57,95391,13.24,9.06,52.63,5.96,23.64,15.66,62.91,3.08
36061015900,New York County,New York,True,46.6,52.47,20.46,4.11,3739,85.06,5.23,17.9,156830,23.08,13.53,73.33,2.16,14.1,5.95,49.33,1.44
36061016001,New York County,New York,True,17.8,51.61,41.94,0.0,431,90.97,2.76,11.02,250001,37.36,12.09,85.47,0.1,7.7,4.07,33.9,0.07
36061016002,New York County,New York,True,63.76,46.27,30.24,0.0,1600,94.01,6.65,22.49,121216,29.0,7.23,49.36,1.98,19.79,24.69,43.0,4.03
36061016100,New York County,New York,True,77.34,35.58,25.81,1.82,3967,97.0,5.94,7.89,179179,17.72,11.12,79.4,1.48,7.0,10.42,63.0,0.88
36061016200,New York County,New York,True,95.71,56.92,23.24,11.53,9051,92.67,47.81,60.6,21942,24.26,19.15,9.56,48.3,7.4,26.73,40.23,7.76
36061016300,New York County,New York,True,53.01,36.71,24.76,2.93,2811,90.23,5.55,9.12,137829,21.94,23.6,76.41,4.22,8.45,5.03,47.26,0.67
36061016400,New York County,New York,True,98.98,50.05,36.42,9.53,8092,60.28,37.16,53.72,26544,13.91,21.85,11.07,26.39,8.19,56.5,35.12,14.16
36061016500,New York County,New York,True,52.96,34.08,22.18,4.65,3903,89.05,9.71,8.18,213661,27.59,16.38,80.78,1.55,7.14,10.69,35.5,3.76
36061016600,New York County,New York,True,90.42,42.23,25.56,3.37,5625,85.2,36.36,40.87,50231,9.99,20.41,30.31,17.57,13.36,43.06,50.12,12.29
36061016700,New York County,New York,True,53.05,30.14,15.87,2.16,4028,86.96,5.75,6.29,250001,22.95,22.08,83.89,0.96,7.86,5.07,31.51,0.18
36061016800,New York County,New York,True,94.8,53.93,26.2,7.41,4147,79.77,34.34,41.26,38833,22.69,24.4,27.61,40.33,3.77,41.26,40.5,8.17
36061016900,New York County,New York,True,74.85,35.41,12.23,2.21,6005,86.12,6.4,6.28,184268,20.96,12.93,79.38,5.0,10.33,5.12,53.48,2.5
36061017000,New York County,New York,True,90.53,57.51,35.54,11.17,8000,91.3,30.76,40.35,40027,19.08,22.01,17.24,15.57,25.75,53.38,41.34,18.05
36061017100,New York County,New York,True,57.6,58.54,23.88,1.11,4537,86.02,17.08,13.12,149587,21.3,11.27,82.97,3.36,2.88,9.06,43.92,3.2
36061017200,New York County,New York,True,98.11,58.9,34.35,9.21,5456,68.48,25.59,41.49,34024,10.57,24.83,11.87,33.2,5.38,48.93,47.74,6.86
36061017300,New York County,New York,True,70.89,41.88,21.31,2.49,5334,82.54,5.96,14.92,162625,23.72,17.95,73.61,3.56,5.93,12.85,42.85,1.66
36061017401,New York County,New York,True,89.58,54.0,24.99,5.44,4581,83.58,26.65,39.64,37975,21.35,20.39,16.99,44.3,9.06,41.63,37.68,7.78
36061017402,New York County,New York,True,86.2,57.03,29.92,11.83,2625,55.28,11.6,18.81,81364,9.63,14.13,27.47,27.02,10.22,26.57,37.71,5.91
36061017500,New York County,New York,True,62.65,45.82,13.23,7.84,5658,92.65,3.3,4.09,154118,29.88,12.07,67.34,4.44,3.21,15.95,44.26,4.8
36061017700,New York County,New York,True,60.51,62.91,23.87,19.34,6425,79.76,13.15,21.21,108429,24.4,18.44,54.91,8.02,6.45,26.73,37.46,6.8
36061017800,New York County,New York,True,87.51,51.09,35.36,7.17,3258,83.73,29.87,32.65,56875,11.36,14.76,39.7,12.73,10.01,45.06,51.58,9.5
36061017900,New York County,New York,True,63.01,37.38,15.52,7.52,5216,94.11,8.87,8.51,168859,11.67,18.84,71.79,2.03,7.15,15.57,35.84,5.88
36061018000,New York County,New York,True,88.67,53.75,33.21,10.3,6119,81.85,33.78,45.21,50560,10.26,21.28,21.69,31.12,11.55,43.68,35.27,12.45
36061018100,New York County,New York,True,65.72,38.16,27.79,3.58,5265,90.56,8.3,12.28,114966,31.85,16.53,60.18,12.12,4.1,10.17,47.24,1.93
36061018200,New York County,New York,True,96.23,58.3,34.7,6.93,6428,82.17,39.32,45.19,38942,9.07,22.64,14.74,48.9,6.14,37.09,51.82,8.89
36061018300,New York County,New York,True,65.38,48.36,35.06,2.88,4888,85.35,17.33,23.75,149367,20.81,13.28,69.16,6.5,5.59,15.91,37.76,1.47
36061018400,New York County,New York,True,78.55,49.13,23.61,8.18,6590,56.27,25.63,29.03,51866,11.16,24.83,15.37,37.54,5.2,46.8,36.64,11.6
36061018500,New York County,New York,True,67.51,38.08,20.0,8.73,3319,85.03,4.8,14.58,162188,25.91,13.24,62.09,7.61,10.65,15.43,55.54,1.16
36061018600,New York County,New York,True,96.01,33.59,12.3,9.31,5476,87.5,29.45,29.04,50862,10.27,23.72,6.47,64.48,0.16,35.76,32.68,8.22
36061018700,New York County,New York,True,74.15,38.66,26.11,13.38,6407,97.57,9.65,15.49,145459,17.43,16.74,62.94,7.01,6.86,20.44,33.75,4.28
36061018800,New York County,New York,True,96.83,54.16,34.94,7.91,4499,87.81,30.54,51.51,27237,12.44,9.71,16.35,28.5,6.13,57.35,60.04,21.95
36061018900,New York County,New York,True,80.74,56.22,33.08,2.52,7651,95.07,31.91,35.11,44263,23.23,19.17,27.92,23.18,12.52,37.83,36.32,5.8
36061019000,New York County,New York,True,59.27,28.78,18.33,6.77,2191,38.16,12.45,20.61,121438,14.7,19.84,33.2,40.78,7.47,14.11,34.47,3.25
36061019100,New York County,New York,True,56.64,47.82,28.04,9.46,3860,94.8,9.39,16.7,142500,30.45,11.0,70.08,10.12,4.93,10.53,54.63,4.89
36061019200,New York County,New York,True,100.0,53.14,33.58,6.95,3795,75.69,46.91,61.25,19525,15.9,24.53,10.73,42.84,2.43,52.77,40.34,11.82
36061019300,New York County,New York,True,81.64,49.92,26.37,0.95,7375,71.43,20.98,30.76,67090,20.8,10.45,26.5,18.67,11.38,41.46,43.0,4.99
36061019400,New York County,New York,True,95.47,69.54,32.84,4.86,5091,71.73,26.65,38.63,45750,17.69,10.32,21.26,29.77,7.72,54.99,55.11,17.04
36061019500,New York County,New York,True,64.02,57.35,44.4,10.49,4744,92.74,16.27,25.29,122103,22.62,12.15,56.73,14.26,10.82,19.6,39.71,6.88
36061019600,New York County,New York,True,99.67,49.79,18.51,10.08,3741,63.79,31.67,53.78,28069,28.95,19.61,17.14,25.56,8.86,48.87,53.39,16.46
36061019701,New York County,New York,True,100.0,60.77,46.71,4.85,931,4.32,33.99,38.06,57292,9.77,12.47,42.0,10.4,26.3,26.09,49.32,0.55
36061019702,New York County,New York,True,79.28,45.33,28.0,5.16,2198,60.95,13.99,21.06,111250,10.43,15.73,39.87,22.28,10.59,17.34,46.38,1.13
36061019800,New York County,New York,True,55.2,44.29,26.25,4.05,1144,35.4,12.75,14.48,108250,21.86,11.91,24.45,42.25,8.72,17.6,42.18,3.16
36061019900,New York County,New York,True,66.27,49.05,30.15,0.0,3803,96.19,19.7,26.38,83929,24.47,5.33,56.16,5.93,23.5,13.46,39.83,2.01
36061020000,New York County,New York,True,83.65,44.16,20.8,0.0,1943,72.85,18.35,43.49,57034,21.03,8.54,45.86,47.96,2.32,6.19,64.87,4.21
36061020101,New York County,New York,True,83.09,46.46,37.01,0.0,663,95.12,25.03,22.85,152250,5.08,3.4,49.03,8.94,30.79,8.13,31.45,0.56
36061020102,New York County,New York,True,75.39,46.82,33.48,12.53,3094,70.01,15.67,20.7,83375,8.8,16.76,28.35,50.72,3.88,14.1,33.81,1.87
36061020300,New York County,New York,True,95.06,73.85,31.72,8.13,933,93.06,24.67,20.17,67528,5.44,5.47,34.62,8.62,42.32,10.78,40.77,1.8
36061020500,New York County,New York,True,80.79,36.58,21.0,3.52,2287,99.47,9.42,10.61,196576,13.21,8.17,59.63,6.04,22.99,12.83,32.25,1.95
36061020600,New York County,New York,True,91.43,63.71,30.72,1.84,2773,76.8,30.01,35.55,50864,8.91,15.54,28.73,45.19,6.18,16.52,60.36,5.28
36061020701,New York County,New York,True,93.13,50.05,27.34,8.27,1970,95.99,21.89,19.98,92788,6.33,8.28,44.16,4.85,29.51,12.6,46.1,1.48
36061020800,New York County,New York,True,76.64,46.75,31.41,12.49,4046,73.44,23.48,26.85,73197,9.87,22.93,28.75,47.12,5.16,9.96,44.92,3.54
36061020901,New York County,New York,True,92.36,48.99,26.55,4.96,3401,81.46,33.78,53.33,25357,16.88,25.19,3.01,44.45,5.61,46.39,39.65,13.08
36061021000,New York County,New York,True,85.46,73.44,34.91,8.07,5611,99.33,36.7,43.02,43645,17.8,23.86,4.14,73.15,1.92,21.54,50.99,5.06
36061021100,New York County,New York,True,70.35,56.66,33.81,4.0,6199,95.12,29.67,30.05,65753,22.95,10.12,38.72,20.75,15.71,22.54,44.26,2.86
36061021200,New York County,New York,True,89.81,41.35,30.48,8.69,4288,84.7,20.7,31.18,69702,21.07,15.0,15.31,64.42,2.68,16.38,54.44,7.67
36061021303,New York County,New York,True,87.24,46.42,26.98,8.35,4674,79.27,21.19,23.81,57119,13.63,17.11,15.4,60.92,6.31,20.12,48.74,6.58
36061021400,New York County,New York,True,100.0,51.49,27.34,1.7,2953,99.34,24.53,31.09,51068,19.47,6.6,12.33,73.38,3.15,6.26,73.73,0.14
36061021500,New York County,New York,True,93.47,50.8,26.91,5.52,3605,69.49,19.41,26.41,56884,10.79,18.33,16.05,58.56,5.41,24.1,46.18,2.87
36061021600,New York County,New York,True,80.3,52.49,27.33,14.6,7047,82.85,15.69,18.39,73831,6.36,20.6,22.52,49.98,4.65,17.36,39.75,1.47
36061021703,New York County,New York,False,,,,,0,,,,,0.0,8.33,35.34,18.97,25.86,32.18,,8.62
36061021800,New York County,New York,True,69.27,58.5,24.23,1.46,4413,52.21,13.86,31.54,47193,8.75,16.12,32.42,30.04,12.35,19.55,55.84,0.74
36061021900,New York County,New York,True,99.37,56.08,36.1,4.81,5169,88.02,38.7,57.8,21938,9.98,29.07,14.12,31.21,0.65,62.41,40.35,4.39
36061022000,New York County,New York,True,79.02,39.81,31.48,3.34,4360,91.53,25.15,28.76,74151,15.11,12.73,27.68,46.99,3.5,21.83,47.23,3.57
36061022102,New York County,New York,True,70.74,60.28,39.85,0.0,1419,78.61,14.64,21.27,67669,8.0,10.64,31.06,49.11,4.6,16.77,52.11,4.51
36061022200,New York County,New York,True,69.76,58.72,31.4,10.95,2258,53.76,18.72,26.16,84071,12.68,18.94,30.57,37.64,6.95,19.44,44.43,1.87
36061022301,New York County,New York,True,87.24,62.84,41.35,4.48,6357,88.55,31.93,29.04,50668,13.38,16.01,19.76,23.8,5.4,52.85,32.15,15.28
36061022302,New York County,New York,True,96.68,59.58,31.48,6.08,2702,93.71,19.62,34.54,50238,20.0,12.37,15.09,21.74,2.4,62.44,48.38,16.87
36061022400,New York County,New York,True,98.88,54.09,33.4,10.9,6340,84.49,41.81,60.74,19326,14.77,26.55,5.55,60.57,1.29,34.11,51.81,8.21
36061022500,New York County,New York,True,82.91,49.79,32.98,3.07,9701,95.78,24.77,31.28,53424,18.27,14.76,16.98,24.61,2.09,62.33,35.38,18.35
36061022600,New York County,New York,True,75.07,60.17,34.06,8.08,3868,74.05,16.63,24.89,86559,8.43,22.19,25.45,41.11,7.21,33.65,41.49,7.71
36061022700,New York County,New York,True,75.76,52.42,27.57,6.35,4042,91.51,20.32,19.3,63574,22.68,12.72,19.98,43.98,4.59,30.2,43.53,14.24
36061022800,New York County,New York,True,68.23,61.67,33.54,5.68,3458,78.89,24.44,34.17,63413,16.86,18.19,15.93,55.24,3.12,22.27,55.32,8.79
36061022900,New York County,New York,True,89.28,51.92,33.1,1.66,6710,86.75,30.64,37.43,60346,12.33,10.72,17.5,25.46,3.53,61.57,31.65,15.12
36061023000,New York County,New York,True,94.09,68.28,45.49,2.58,8212,74.06,48.8,51.6,27860,23.49,15.42,3.88,64.62,8.72,19.91,46.53,8.67
36061023100,New York County,New York,True,82.31,52.34,31.51,8.47,6143,94.81,21.0,23.6,69949,12.52,18.84,19.35,37.68,3.67,32.99,44.27,8.37
36061023200,New York County,New York,True,99.33,65.64,34.45,13.73,8812,85.98,52.43,52.17,27967,7.7,23.06,10.51,51.09,1.63,38.57,43.78,9.78
36061023300,New York County,New York,True,88.48,52.59,30.29,4.68,6348,92.19,19.6,23.56,84927,11.05,19.23,26.78,18.9,8.24,46.69,30.35,24.58
36061023400,New York County,New York,True,96.75,62.17,17.11,15.02,5234,85.88,26.59,16.73,62346,7.98,16.92,12.11,54.3,2.08,28.76,47.02,9.45
36061023501,New York County,New York,True,84.91,42.43,23.0,3.47,6377,91.8,17.25,20.7,71893,10.55,17.12,13.64,36.06,6.78,43.37,31.31,11.04
36061023502,New York County,New York,True,89.39,58.72,40.75,16.0,1675,91.33,36.92,28.84,44491,16.85,18.68,9.74,68.25,1.51,18.08,55.71,8.4
36061023600,New York County,New York,True,80.56,56.49,26.26,9.48,9296,80.24,15.47,26.36,43679,16.98,17.75,0.72,65.13,0.27,28.63,42.79,4.76
36061023700,New York County,New York,True,85.97,55.68,31.94,4.78,5842,95.1,29.49,31.42,60404,13.73,16.61,23.9,29.38,3.38,41.41,35.42,16.59
36061023802,New York County,New York,True,95.68,58.89,32.52,11.24,3889,47.37,8.19,20.1,100870,24.72,14.86,43.24,13.07,24.68,13.78,41.71,8.45
36061023803,New York County,New York,True,54.78,68.18,44.96,3.36,1725,91.93,10.64,15.32,80724,24.37,10.83,50.4,15.72,20.7,11.25,52.14,2.87
36061023804,New York County,New York,True,90.21,45.6,22.84,18.49,3119,13.89,17.73,12.36,183536,5.16,25.16,40.98,9.05,34.32,11.73,36.06,6.68
36061023900,New York County,New York,True,95.2,59.37,24.81,9.01,3055,75.47,18.09,33.52,48816,15.7,20.79,19.1,27.45,2.39,56.78,42.56,21.95
36061024000,New York County,New York,False,,,,,0,,69.76,,,8.06,1.88,16.87,47.56,2.21,34.15,,10.35
36061024100,New York County,New York,True,82.0,61.01,27.81,4.27,6511,97.75,21.22,29.31,59500,24.67,13.83,17.49,25.51,2.4,54.66,38.35,19.85
36061024200,New York County,New York,True,98.13,43.62,21.18,13.36,5504,52.75,28.8,40.6,42617,12.98,28.73,8.31,48.18,0.34,48.11,44.08,6.94
36061024301,New York County,New York,True,90.02,47.82,27.77,1.26,4034,92.08,16.7,28.36,74226,12.69,13.63,20.72,21.26,2.69,55.65,32.85,12.28
36061024302,New York County,New York,True,100.0,38.6,22.04,2.52,7461,99.26,41.79,58.47,23574,9.91,28.25,11.72,46.22,1.47,44.78,24.26,7.51
36061024500,New York County,New York,True,97.92,63.44,30.51,8.18,13972,83.93,31.55,30.65,51403,17.84,14.73,16.25,13.59,6.72,64.42,42.83,24.47
36061024700,New York County,New York,True,78.0,41.33,23.13,5.88,4616,99.26,19.21,32.68,83605,28.92,9.91,23.04,11.9,5.23,59.14,41.29,18.26
36061024900,New York County,New York,True,90.21,60.87,38.16,4.25,859,62.52,9.65,28.3,68000,23.88,9.25,20.63,14.94,3.66,54.27,54.68,18.81
36061025100,New York County,New York,True,100.0,55.24,35.29,15.49,2225,77.3,29.43,41.36,37839,17.11,18.51,18.94,21.42,5.2,71.5,39.09,20.96
36061025300,New York County,New York,True,98.19,64.47,25.24,9.15,9993,97.78,18.02,25.1,72763,20.01,17.49,18.11,4.79,4.79,72.17,43.02,24.02
36061025500,New York County,New York,True,84.85,63.78,42.74,14.14,3619,91.2,20.0,29.82,78315,11.61,7.61,28.55,4.53,21.4,44.14,32.65,10.11
36061025700,New York County,New York,True,75.62,36.22,28.03,0.59,3122,65.49,16.03,16.15,104033,9.72,16.03,37.7,38.85,5.58,10.08,52.79,1.09
36061025900,New York County,New York,True,61.18,53.14,31.86,15.66,3138,36.75,15.92,15.45,79429,3.61,26.47,25.53,30.98,3.88,43.92,22.98,12.29
36061026100,New York County,New York,True,97.66,60.74,33.25,13.24,11648,93.89,35.74,32.86,40352,16.47,18.62,6.54,6.54,1.48,89.47,30.57,32.66
36061026300,New York County,New York,True,99.11,56.84,32.23,18.75,8192,96.93,18.01,26.82,67024,15.58,17.43,16.23,5.69,0.0,80.21,29.39,27.8
36061026500,New York County,New York,True,77.12,48.1,25.06,1.67,6536,96.76,11.12,14.24,92434,14.33,15.62,39.6,6.04,7.08,52.91,35.69,6.26
36061026700,New York County,New York,True,100.0,66.33,41.46,9.48,1690,99.53,17.28,27.92,51250,7.23,16.75,50.2,1.08,4.54,46.56,22.17,9.77
36061026900,New York County,New York,True,90.53,49.67,32.61,3.04,5700,96.25,14.42,42.31,52389,16.96,17.8,16.46,3.13,1.79,84.21,38.3,27.8
36061027100,New York County,New York,True,89.53,54.31,32.74,8.68,6909,98.73,15.05,25.2,71595,15.49,12.68,34.09,11.65,3.99,65.32,32.05,24.77
36061027300,New York County,New York,True,69.13,39.94,17.71,9.01,5148,96.92,4.47,10.14,122654,11.76,26.34,74.9,2.57,2.95,17.54,34.63,1.51
36061027500,New York County,New York,True,30.1,50.6,32.46,1.85,944,79.17,5.34,9.81,170000,23.14,9.7,66.12,3.6,12.96,12.42,34.06,2.26
36061027700,New York County,New York,True,100.0,58.77,34.93,11.02,5817,97.89,22.47,42.26,58086,25.65,15.14,11.63,17.47,0.33,77.13,29.24,21.52
36061027900,New York County,New York,True,87.96,55.74,31.84,8.14,8745,93.16,10.78,18.08,68596,11.08,14.71,29.72,6.44,1.78,68.62,42.26,18.71
36061028100,New York County,New York,True,65.04,46.77,23.6,4.53,1905,97.75,4.33,15.83,143194,17.17,18.44,67.35,3.93,4.17,16.32,41.74,3.18
36061028300,New York County,New York,True,71.38,50.56,35.17,16.0,6038,97.44,16.52,26.03,64803,23.38,14.45,23.18,4.95,3.21,71.12,34.89,28.75
36061028500,New York County,New York,True,100.0,55.83,37.54,14.79,7086,94.38,30.23,33.6,51026,22.51,14.67,10.59,4.24,0.0,88.34,26.6,23.51
36061028700,New York County,New York,True,92.9,43.36,30.24,7.77,3415,95.08,16.59,26.44,89476,13.93,19.92,40.11,5.47,1.98,47.89,49.02,11.33
36061029100,New York County,New York,True,97.14,49.23,23.22,11.63,10719,92.11,14.1,25.26,62348,13.03,15.38,10.24,5.6,1.47,88.21,37.93,24.54
36061029300,New York County,New York,True,99.45,72.98,52.49,28.78,7944,89.69,35.78,43.55,35987,13.99,27.94,9.37,4.84,3.53,89.1,35.78,32.16
36061029500,New York County,New York,True,86.22,43.44,26.83,5.89,6433,94.71,5.54,12.23,87108,19.31,14.51,34.01,11.96,4.84,52.94,40.69,12.36
36061029700,New York County,New York,False,,,,,0,,,,,15.38,0.0,38.46,46.15,0.0,23.08,,0.0
36061029900,New York County,New York,True,98.28,55.35,15.13,8.73,3502,98.75,18.6,39.17,34731,23.58,17.36,10.65,23.73,0.0,77.72,42.96,23.73
36061030300,New York County,New York,True,90.98,42.88,18.14,3.64,3063,98.07,12.72,15.22,94208,21.76,10.64,36.99,7.49,4.96,44.61,41.5,13.12
36061030700,New York County,New York,True,47.63,44.82,9.99,9.95,1532,99.4,3.12,6.1,108073,16.53,10.58,67.11,9.32,2.64,20.18,47.47,4.34
36061030900,New York County,New York,True,91.36,64.05,36.69,17.59,9179,91.33,36.67,37.35,40438,16.59,27.25,11.08,21.59,0.81,75.91,18.9,20.91
36061031100,New York County,New York,False,,,,,0,,,,,,,,,,,,
36061031703,New York County,New York,True,89.42,39.99,17.15,7.84,5286,3.66,5.78,5.18,250001,6.9,27.65,60.57,8.39,18.48,2.41,23.12,2.34
36061031704,New York County,New York,True,61.01,33.36,21.32,0.91,5465,9.67,3.3,2.67,218917,8.37,15.91,61.78,2.48,30.57,3.1,35.43,0.38
36061031900,New York County,New York,False,,,,,0,,,,,,,,,,,,
36063020100,Niagara County,New York,True,10.91,70.73,59.35,0.0,365,89.99,9.38,13.86,110486,13.76,18.42,85.95,6.45,1.76,7.05,23.93,0.57
36063020200,Niagara County,New York,True,82.25,75.87,62.77,5.67,2371,67.78,51.71,62.08,23688,12.69,36.84,11.24,59.63,3.7,8.13,36.83,1.35
36063020300,Niagara County,New York,True,32.33,53.82,41.72,4.8,633,90.89,13.99,29.77,53875,17.24,21.81,70.88,18.66,0.0,1.2,39.27,2.34
36063020400,Niagara County,New York,True,35.0,9.89,9.89,0.0,542,98.25,15.1,32.5,51579,13.35,28.7,34.62,34.37,0.0,19.96,30.78,4.22
36063020500,Niagara County,New York,True,59.43,60.7,32.87,0.0,838,97.29,25.68,42.29,32703,31.02,8.57,61.4,30.55,0.35,2.1,58.72,1.92
36063020600,Niagara County,New York,True,52.22,48.63,21.57,2.95,626,97.29,19.79,34.1,42250,14.63,27.65,36.5,35.13,3.38,10.13,29.09,1.08
36063020700,Niagara County,New York,True,36.41,86.63,50.9,15.54,1081,88.4,35.63,38.78,49477,11.67,22.75,42.39,30.92,2.66,5.52,39.96,0.6
36063020900,Niagara County,New York,True,70.6,57.2,31.82,0.0,1418,96.48,45.88,58.53,21275,25.08,18.45,32.55,47.08,1.77,18.22,56.72,3.02
36063021000,Niagara County,New York,True,39.64,61.32,20.51,0.0,884,98.57,26.57,37.61,53306,21.57,18.89,63.85,25.97,0.0,5.15,56.51,0.0
36063021100,Niagara County,New York,True,77.23,44.91,32.25,0.0,1009,92.95,40.26,45.07,37177,31.59,22.05,55.17,21.19,2.91,4.17,61.38,0.61
36063021200,Niagara County,New York,True,66.36,61.23,25.23,0.0,1287,86.68,43.44,54.01,,25.9,15.45,73.38,18.58,0.23,8.68,47.28,0.58
36063021300,Niagara County,New York,True,60.61,83.06,41.69,0.0,1276,100.0,53.98,48.15,32517,15.37,20.16,50.46,14.15,15.18,9.91,59.71,2.25
36063021400,Niagara County,New York,True,27.9,58.13,15.62,0.0,498,95.09,14.31,20.51,50833,25.5,16.74,70.56,10.46,8.32,2.09,51.12,0.74
36063021700,Niagara County,New York,True,53.57,34.71,18.63,2.9,1906,98.62,18.92,39.71,45617,15.15,24.64,52.52,19.92,0.7,17.4,38.04,1.99
36063022000,Niagara County,New York,True,31.02,54.74,26.11,0.0,1183,90.48,20.28,20.09,65568,10.08,23.53,82.24,8.01,0.97,5.54,21.42,0.64
36063022100,Niagara County,New York,True,28.97,50.76,38.17,0.0,594,95.67,9.87,26.37,48603,21.77,21.48,78.04,2.3,2.97,4.16,39.36,2.29
36063022200,Niagara County,New York,True,17.38,56.15,34.23,0.0,477,92.58,15.82,19.35,77500,19.61,14.21,87.39,6.05,1.78,6.41,34.3,0.0
36063022300,Niagara County,New York,True,32.88,62.54,15.38,0.0,818,93.12,12.11,21.86,66906,14.81,24.74,75.34,0.61,2.9,13.33,31.91,3.54
36063022401,Niagara County,New York,True,18.9,46.01,15.95,0.0,220,91.0,4.61,15.25,70350,21.82,18.68,93.87,1.95,1.41,0.27,39.78,0.47
36063022500,Niagara County,New York,True,25.06,45.67,28.67,3.53,523,89.06,8.98,20.4,59150,24.46,18.86,89.53,2.86,0.82,2.15,33.17,0.3
36063022601,Niagara County,New York,True,19.6,52.17,12.32,5.65,493,91.38,16.74,22.04,66656,19.92,20.66,93.13,0.47,0.28,1.12,30.12,0.0
36063022602,Niagara County,New York,True,24.87,23.39,2.09,2.47,1416,71.01,23.0,19.42,55231,24.23,17.37,80.38,2.4,0.0,8.34,27.9,0.0
36063022702,Niagara County,New York,True,8.95,6.61,0.0,0.0,560,51.17,9.43,14.68,113750,22.96,21.55,90.97,1.07,1.11,3.61,17.93,0.54
36063022713,Niagara County,New York,True,27.21,37.36,4.67,0.0,648,43.79,2.28,10.28,99639,25.57,18.38,95.69,0.61,0.0,0.49,31.51,0.67
36063022714,Niagara County,New York,True,33.03,56.37,33.03,0.0,799,27.88,7.15,20.55,79929,26.49,18.3,90.33,4.59,1.43,0.55,38.05,0.91
36063022715,Niagara County,New York,True,6.84,48.21,0.0,0.0,161,84.77,2.86,11.6,80972,16.28,24.7,96.46,0.23,0.0,0.37,20.27,0.0
36063022716,Niagara County,New York,True,36.56,82.33,61.75,0.0,818,30.69,5.14,17.7,75893,33.65,18.31,88.93,7.42,0.0,3.09,28.67,1.74
36063022717,Niagara County,New York,True,6.42,79.61,59.22,0.0,183,53.12,8.69,7.93,108646,15.11,30.0,95.78,0.45,0.37,0.22,9.72,0.42
36063022803,Niagara County,New York,True,7.18,19.15,19.15,0.0,205,67.92,4.74,14.64,90370,24.92,18.91,90.74,2.19,0.27,4.82,27.5,0.0
36063022804,Niagara County,New York,True,9.74,43.24,0.0,0.0,238,89.65,8.77,9.41,86454,25.68,15.96,88.79,1.31,0.3,1.1,19.82,0.59
36063022901,Niagara County,New York,True,41.79,46.77,26.62,10.94,639,87.57,18.15,31.25,49432,24.96,18.15,88.58,2.07,3.57,4.28,42.63,0.0
36063022902,Niagara County,New York,True,16.61,52.17,30.43,3.38,349,82.65,5.23,8.43,92250,18.4,16.34,91.45,1.12,0.4,0.94,19.42,0.26
36063023001,Niagara County,New York,True,44.41,61.04,33.77,1.83,917,90.56,24.35,31.81,51961,15.4,21.03,92.37,5.59,0.0,0.63,45.43,0.0
36063023100,Niagara County,New York,True,30.97,42.57,42.57,5.1,440,100.0,13.68,26.92,59615,21.85,10.62,96.57,0.37,0.0,0.78,37.57,0.31
36063023200,Niagara County,New York,True,57.41,50.53,18.68,2.43,1408,95.49,15.66,25.54,51871,15.99,18.21,86.62,1.54,0.58,1.19,46.58,0.21
36063023301,Niagara County,New York,True,13.18,54.12,37.65,0.0,242,85.35,2.95,13.41,86818,22.47,16.23,92.72,1.08,0.0,5.48,23.8,0.74
36063023302,Niagara County,New York,True,60.44,55.05,17.94,2.35,2025,84.26,24.19,36.08,42451,18.06,23.36,84.52,5.45,3.13,7.39,43.65,2.54
36063023401,Niagara County,New York,True,17.01,40.88,6.37,4.05,1002,64.96,13.53,13.67,89500,19.65,19.03,84.49,2.52,0.3,7.65,24.8,2.86
36063023402,Niagara County,New York,True,7.42,13.33,0.0,0.0,281,65.59,2.79,9.06,102313,30.69,14.9,88.26,2.11,1.12,2.22,16.06,1.31
36063023404,Niagara County,New York,True,34.59,25.3,11.44,14.42,1325,23.07,4.59,13.28,91575,12.63,22.52,81.94,2.91,2.25,3.64,29.65,0.0
36063023405,Niagara County,New York,True,29.24,51.96,40.93,2.38,1398,19.03,11.1,25.92,50827,21.0,20.77,87.37,3.73,0.0,3.09,36.34,4.65
36063023500,Niagara County,New York,True,37.61,51.32,31.22,3.97,896,90.01,14.96,28.26,59028,14.12,24.39,70.6,19.54,0.37,2.17,26.87,0.58
36063023600,Niagara County,New York,True,37.0,51.25,20.61,2.72,1626,83.41,20.49,26.44,60526,10.11,30.07,70.37,9.51,0.36,14.91,20.79,3.89
36063023700,Niagara County,New York,True,70.67,42.67,31.58,8.3,1434,91.84,40.7,36.15,45743,7.21,14.17,70.07,22.87,1.55,3.43,43.56,2.99
36063023800,Niagara County,New York,True,33.22,35.39,24.52,0.0,979,97.91,12.48,16.29,57625,16.07,21.87,83.38,3.69,0.0,2.85,40.3,0.0
36063023901,Niagara County,New York,True,34.49,43.54,10.97,1.62,1238,94.27,7.39,11.79,86250,22.21,19.32,86.43,6.01,0.95,4.6,30.58,0.4
36063023902,Niagara County,New York,True,42.6,27.64,15.64,0.0,1598,75.82,7.7,15.81,62218,21.95,16.99,86.56,9.31,0.06,0.06,40.78,1.5
36063024001,Niagara County,New York,True,19.1,30.91,0.0,0.0,850,75.86,3.04,13.91,98899,20.98,17.92,94.3,0.68,0.03,0.5,20.28,0.24
36063024002,Niagara County,New York,True,27.92,38.54,9.27,1.8,383,90.38,7.61,23.77,67375,12.88,24.26,94.31,0.25,0.0,1.71,27.42,0.16
36063024101,Niagara County,New York,True,10.13,39.55,12.69,0.0,245,82.77,6.31,14.52,91743,25.32,14.33,94.14,0.08,0.17,2.33,26.85,0.4
36063024102,Niagara County,New York,True,14.42,43.92,15.54,4.0,369,77.13,12.84,18.86,69167,21.14,23.24,81.6,7.52,0.75,2.16,22.49,0.07
36063024201,Niagara County,New York,True,15.96,20.06,5.86,0.0,1022,59.84,9.32,16.18,75841,19.68,21.83,92.98,0.6,0.12,1.91,25.15,0.68
36063024202,Niagara County,New York,True,19.21,14.84,2.58,4.3,346,57.37,12.03,20.04,72500,23.55,17.61,82.96,3.89,0.52,8.78,32.54,1.18
36063024301,Niagara County,New York,True,18.25,46.79,20.18,0.0,235,80.23,23.16,24.49,60639,24.37,19.14,85.86,0.0,0.0,0.87,27.77,0.31
36063024302,Niagara County,New York,True,7.06,56.78,48.31,0.0,199,63.13,4.15,9.8,106179,20.63,18.46,96.44,1.95,0.0,0.82,22.91,0.0
36063024303,Niagara County,New York,True,12.83,19.92,8.65,0.0,496,57.07,5.04,9.7,111563,16.02,20.05,93.14,0.73,1.5,0.99,22.96,0.0
36063024401,Niagara County,New York,True,39.68,37.64,25.68,3.59,868,79.72,5.87,25.73,73821,25.81,12.29,93.78,0.12,0.97,0.0,44.79,0.0
36063024404,Niagara County,New York,True,19.59,34.12,21.18,0.0,447,50.31,7.19,15.7,76109,34.51,16.07,91.02,1.71,1.27,1.81,42.26,0.95
36063024405,Niagara County,New York,True,22.36,68.62,60.73,6.21,1012,58.19,16.88,19.67,83793,29.09,18.73,90.6,0.04,2.19,1.78,27.01,1.23
36063024406,Niagara County,New York,True,10.99,23.38,14.29,0.0,207,89.92,13.08,18.12,81406,12.88,12.31,82.5,7.55,1.08,3.44,23.22,0.27
36063024501,Niagara County,New York,True,17.58,39.87,22.78,5.7,386,77.37,4.85,16.39,90625,26.47,22.8,89.07,1.54,0.79,4.22,27.5,0.0
36063024502,Niagara County,New York,True,28.27,48.78,5.32,0.0,990,72.48,8.35,14.52,72115,23.05,21.27,92.43,0.51,0.96,1.6,30.0,0.45
36063024600,Niagara County,New York,True,18.92,47.63,12.72,7.07,730,85.91,11.77,14.62,71489,27.25,18.76,94.14,0.2,0.88,0.85,32.49,0.0
36063940001,Niagara County,New York,True,13.35,,,0.0,87,64.44,22.27,17.33,39924,18.22,4.83,29.28,0.0,27.57,0.0,58.81,0.0
36063940100,Niagara County,New York,False,,,,,0,,,,,,,,,,,,
36063990000,Niagara County,New York,False,,,,,0,,,,,,,,,,,,
36065020102,Oneida County,New York,True,55.33,47.55,37.53,0.0,611,76.58,32.33,32.99,57583,9.06,7.1,51.1,21.55,14.69,4.98,69.54,0.0
36065020300,Oneida County,New York,True,94.04,38.66,28.01,0.54,1012,79.82,46.09,49.81,30469,12.9,9.15,49.17,23.63,3.83,20.97,67.17,6.18
36065020705,Oneida County,New York,True,40.1,18.73,6.69,0.0,587,93.42,6.94,8.49,73711,12.2,21.72,64.63,9.04,1.18,23.22,33.95,2.43
36065020802,Oneida County,New York,True,64.64,56.61,36.42,13.7,2245,95.69,17.44,30.53,47821,10.21,30.9,39.01,34.39,11.36,14.47,39.32,8.22
36065020803,Oneida County,New York,True,61.88,42.57,29.41,11.15,1529,95.86,19.21,26.44,49457,16.13,23.12,41.29,4.88,14.33,22.95,20.31,11.15
36065020900,Oneida County,New York,True,74.29,68.11,41.9,10.62,1767,91.92,61.71,40.69,31819,12.62,24.54,38.81,44.45,4.16,13.96,26.51,4.3
36065021000,Oneida County,New York,True,78.59,62.41,48.94,7.84,1263,65.05,53.3,59.14,16601,23.96,17.49,42.02,29.3,7.5,21.81,59.46,14.15
36065021103,Oneida County,New York,True,57.26,44.59,15.57,2.09,872,93.22,46.77,51.0,29583,12.57,28.39,59.05,25.01,0.52,26.93,27.7,0.84
36065021104,Oneida County,New York,True,80.13,61.56,31.93,7.37,3236,87.52,39.69,45.17,30793,8.92,45.82,49.19,26.91,4.17,28.78,36.04,7.26
36065021201,Oneida County,New York,True,57.07,50.63,25.82,8.41,974,71.61,40.09,54.4,28553,6.44,31.55,22.57,14.03,24.71,17.97,24.93,20.73
36065021202,Oneida County,New York,True,49.9,55.25,32.56,7.71,1462,76.41,37.61,41.8,47991,13.96,35.86,30.07,6.12,40.85,17.24,34.92,11.03
36065021301,Oneida County,New York,True,38.49,96.3,50.79,0.0,199,75.39,11.19,13.65,97552,53.91,13.25,88.97,0.61,2.45,4.06,53.77,3.23
36065021302,Oneida County,New York,True,38.95,58.68,41.94,12.34,1895,97.13,31.29,28.93,50039,12.8,31.96,58.87,18.14,16.72,4.27,31.56,14.25
36065021303,Oneida County,New York,True,27.36,44.91,18.56,1.86,771,89.3,13.03,16.55,90819,14.35,19.04,78.77,9.01,4.03,10.06,26.85,8.22
36065021401,Oneida County,New York,True,58.7,26.87,21.82,5.71,1834,86.48,29.96,18.98,53812,7.75,24.2,60.73,23.12,10.65,15.07,30.14,5.4
36065021402,Oneida County,New York,True,48.72,50.57,36.29,0.0,793,93.16,25.23,27.05,56528,22.07,10.09,75.53,9.21,4.64,7.86,27.31,5.54
36065021500,Oneida County,New York,True,59.55,80.82,35.67,0.16,1801,79.35,35.57,47.62,31635,8.17,40.53,21.52,22.93,28.48,15.76,24.88,18.22
36065021601,Oneida County,New York,True,24.81,55.46,26.41,0.0,988,88.34,11.33,19.53,78944,22.47,16.91,84.34,4.98,4.06,4.52,30.93,1.83
36065021602,Oneida County,New York,True,29.61,37.83,9.09,0.0,637,66.59,4.1,13.46,82342,21.53,16.97,81.72,0.77,6.76,5.57,35.15,2.43
36065021701,Oneida County,New York,True,19.08,36.98,12.08,0.0,369,88.79,8.85,11.03,93821,30.51,18.37,83.72,3.21,2.08,6.19,40.25,0.0
36065021702,Oneida County,New York,True,41.54,49.69,29.61,0.0,1145,98.02,10.21,16.02,65037,17.31,22.08,72.88,1.55,0.0,12.31,37.8,0.0
36065021900,Oneida County,New York,True,46.89,77.74,58.84,0.0,724,77.32,33.42,50.35,27476,12.13,25.74,84.34,6.68,0.0,3.27,50.48,0.0
36065022000,Oneida County,New York,True,56.18,39.98,19.8,0.24,1908,79.08,22.42,26.47,51161,8.17,25.05,79.66,1.69,0.43,19.39,28.9,0.0
36065022100,Oneida County,New York,True,19.27,44.16,0.0,9.09,450,94.17,4.47,20.68,58993,28.41,18.98,93.44,0.74,1.07,3.24,41.87,0.0
36065022200,Oneida County,New York,True,21.65,48.35,15.7,0.0,373,91.0,6.34,7.6,81667,28.71,11.09,93.04,2.08,0.24,3.66,34.97,0.29
36065022400,Oneida County,New York,True,45.39,52.35,35.99,12.48,1806,82.9,26.31,27.96,57984,19.48,25.64,86.08,5.97,3.41,6.93,29.02,3.02
36065022500,Oneida County,New York,True,76.58,40.0,14.49,0.0,3009,76.03,18.65,39.11,41633,18.51,24.91,84.67,1.11,2.58,1.18,42.51,0.1
36065022701,Oneida County,New York,True,28.86,41.67,23.72,2.56,480,72.63,7.69,18.96,84928,36.25,12.97,82.59,3.92,4.05,4.18,33.3,2.63
36065022702,Oneida County,New York,True,8.78,47.11,0.0,0.0,244,75.21,6.89,13.33,90972,22.97,16.01,90.79,0.9,0.48,4.83,30.7,0.18
36065022800,Oneida County,New York,True,3.69,33.33,27.78,0.0,192,72.64,6.69,10.61,100306,18.45,20.12,87.87,0.63,1.63,6.7,20.93,0.0
36065023000,Oneida County,New York,True,10.35,20.33,0.0,0.0,440,58.22,3.19,14.12,105333,21.49,19.72,97.28,0.1,1.7,0.87,26.53,0.77
36065023200,Oneida County,New York,True,48.94,60.26,26.53,5.33,1677,91.62,20.37,21.91,46853,16.69,20.11,85.4,4.92,0.0,3.81,40.35,0.0
36065023300,Oneida County,New York,True,33.39,31.96,0.0,6.54,707,96.94,4.17,10.59,72969,19.44,18.14,88.83,0.0,2.49,5.74,44.54,0.48
36065023400,Oneida County,New York,True,43.55,30.69,16.07,11.72,2333,83.43,28.76,15.08,61590,26.84,24.43,95.86,0.56,1.1,1.2,38.82,1.2
36065023501,Oneida County,New York,True,1.02,100.0,0.0,0.0,10,90.91,5.04,11.17,107240,26.84,25.97,90.89,1.91,0.0,2.54,27.31,0.13
36065023502,Oneida County,New York,True,8.31,19.58,6.99,0.0,274,69.01,4.5,9.34,117872,21.63,21.03,95.72,0.02,0.18,2.81,26.11,0.28
36065023702,Oneida County,New York,True,19.01,48.24,11.76,0.0,543,66.94,13.02,8.13,98297,18.26,25.23,96.38,0.22,0.0,1.67,21.48,2.34
36065023901,Oneida County,New York,True,3.84,0.0,0.0,0.0,65,76.04,6.7,9.54,91466,25.99,19.25,94.32,0.27,0.75,0.44,23.13,1.0
36065023902,Oneida County,New York,True,10.36,66.22,66.22,0.0,123,58.43,5.9,13.73,103143,22.82,20.32,94.82,0.0,1.67,2.38,27.73,0.0
36065024000,Oneida County,New York,True,13.46,34.42,26.51,0.0,497,64.39,7.94,13.8,88807,22.1,24.43,96.15,0.33,0.59,0.4,29.44,0.0
36065024101,Oneida County,New York,True,7.64,19.23,0.0,0.0,95,63.23,4.67,21.01,72813,27.7,22.74,93.98,0.24,1.12,0.47,31.79,0.68
36065024102,Oneida County,New York,True,18.18,50.57,30.68,4.0,369,52.21,11.86,20.27,69300,20.13,22.73,96.43,0.0,0.68,2.49,30.09,0.09
36065024200,Oneida County,New York,True,30.91,54.95,16.7,0.0,1094,57.57,11.79,23.1,68253,22.64,18.66,93.86,0.54,0.49,0.09,36.38,0.3
36065024301,Oneida County,New York,True,8.2,30.61,19.39,7.83,299,73.52,1.4,6.7,102031,28.35,16.5,92.45,0.84,0.66,12.63,22.88,0.42
36065024302,Oneida County,New York,True,5.47,0.0,0.0,0.0,155,58.32,10.77,16.1,85197,23.08,15.2,94.91,0.0,0.0,2.51,24.42,0.0
36065024303,Oneida County,New York,True,16.53,40.62,29.38,1.8,334,57.72,9.59,13.07,86500,22.94,21.44,95.19,0.08,0.28,3.76,23.56,0.17
36065024400,Oneida County,New York,True,12.96,24.84,7.45,30.86,817,42.43,14.13,14.74,69559,17.14,28.86,94.39,0.19,0.38,1.26,19.56,0.0
36065024500,Oneida County,New York,True,17.52,37.24,22.66,1.28,768,69.71,7.89,17.25,62394,26.41,20.64,93.72,0.36,0.28,0.11,42.7,0.11
36065024700,Oneida County,New York,True,8.69,45.0,28.33,0.0,389,63.9,6.68,10.58,83534,20.02,22.45,96.94,0.0,0.34,2.89,25.0,0.11
36065024800,Oneida County,New York,True,27.27,26.8,13.54,0.81,702,71.93,5.68,12.68,88947,27.05,21.04,92.73,0.07,2.21,1.45,31.89,0.5
36065024900,Oneida County,New York,True,25.27,25.54,13.21,0.0,908,67.29,10.18,17.33,74016,20.27,16.05,95.57,0.17,0.71,2.27,30.6,0.0
36065025001,Oneida County,New York,True,53.44,25.93,8.23,0.0,905,43.85,4.9,7.95,68779,28.92,14.63,92.34,0.98,0.0,11.59,47.79,0.88
36065025002,Oneida County,New York,True,42.39,28.89,9.79,0.0,1358,78.44,7.3,13.29,83843,21.59,12.65,94.54,0.27,0.72,4.97,30.17,0.43
36065025003,Oneida County,New York,True,9.71,0.0,0.0,0.0,163,71.37,7.8,11.57,145417,8.28,9.55,75.64,4.43,6.49,9.28,23.76,0.06
36065025100,Oneida County,New York,True,35.29,59.74,46.75,3.4,552,84.11,9.5,21.02,82717,28.31,22.57,88.19,0.1,7.29,4.42,46.19,1.61
36065025200,Oneida County,New York,True,25.02,41.84,28.33,4.09,796,39.04,10.69,27.34,55720,43.22,14.64,93.61,0.3,0.25,1.25,50.93,0.23
36065025300,Oneida County,New York,True,19.19,35.16,26.56,0.0,933,74.5,2.33,9.28,128125,18.57,22.93,82.77,0.68,4.62,7.38,24.83,0.78
36065025400,Oneida County,New York,True,18.72,67.38,6.1,0.0,792,66.8,8.99,12.52,101184,32.86,14.78,90.54,1.65,6.47,2.06,23.09,2.54
36065025500,Oneida County,New York,True,17.39,59.51,21.46,5.56,559,68.2,5.1,10.75,93491,18.54,24.74,90.75,1.48,4.53,1.43,20.67,0.1
36065025601,Oneida County,New York,True,9.65,26.47,8.82,0.0,211,74.5,6.93,8.52,101250,12.11,27.6,89.88,0.18,1.25,5.09,14.41,0.34
36065025602,Oneida County,New York,True,24.4,53.18,35.26,1.04,300,64.41,15.68,29.22,57852,17.29,22.31,97.24,0.11,0.0,0.81,33.04,1.26
36065025700,Oneida County,New York,True,34.77,22.91,13.31,1.93,680,70.97,4.21,14.89,91563,22.17,19.17,91.94,0.0,0.86,2.71,27.95,0.43
36065025800,Oneida County,New York,True,18.58,6.85,4.11,0.0,247,65.26,18.34,27.69,44850,14.96,20.76,90.0,5.27,0.0,3.44,26.41,0.0
36065025900,Oneida County,New York,False,,,,,0,,100.0,,,5.01,0.0,28.86,47.28,0.0,23.57,,5.58
36065026100,Oneida County,New York,True,18.71,43.86,20.47,0.0,281,87.08,7.05,17.29,95208,18.47,18.43,84.72,3.92,5.38,4.04,28.21,0.0
36065026200,Oneida County,New York,True,19.42,36.49,25.91,0.0,836,60.84,8.34,8.91,92675,16.71,21.76,93.22,1.23,2.05,3.59,30.77,0.56
36065026300,Oneida County,New York,True,80.54,44.81,15.69,0.0,2724,87.55,39.89,50.18,29922,17.16,19.79,77.17,2.93,0.36,10.96,55.76,0.34
36065026400,Oneida County,New York,True,58.14,56.38,37.76,5.15,3047,88.34,39.84,44.09,42205,11.75,28.64,27.34,25.46,21.81,23.44,37.23,10.63
36065026501,Oneida County,New York,False,,,,,0,,,,,0.0,0.0,67.87,12.03,10.05,9.93,,1.74
36065026502,Oneida County,New York,True,0.0,,,,0,100.0,82.45,0.0,,12.2,0.0,57.56,32.2,0.0,0.0,100.0,3.9
36065026600,Oneida County,New York,True,100.0,0.0,0.0,0.0,4,100.0,0.0,0.0,,3.82,0.0,36.69,47.52,0.62,16.82,100.0,1.44
36065026700,Oneida County,New York,True,16.56,54.11,42.09,0.0,724,64.32,10.78,14.72,83244,22.57,19.29,92.84,0.17,1.89,4.38,22.64,0.0
36065980002,Oneida County,New York,False,,,,,0,,,,,,,,,,,,
36065980003,Oneida County,New York,False,,,,,0,,,,,,,,,,,,
36065980100,Oneida County,New York,False,,,,,0,,,,,,,,,,,,
36067000100,Onondaga County,New York,True,92.18,33.52,15.93,0.0,1090,66.91,11.27,17.53,91696,9.47,3.84,82.94,5.55,5.71,2.86,47.41,1.08
36067000200,Onondaga County,New York,True,49.86,65.27,44.91,5.44,1580,95.67,28.11,29.07,51848,12.05,23.73,51.89,21.67,12.7,1.71,41.59,2.75
36067000300,Onondaga County,New York,True,35.7,42.04,11.06,7.2,564,97.88,18.74,14.52,74716,12.52,18.74,50.68,26.59,16.44,4.36,34.19,6.3
36067000400,Onondaga County,New York,True,28.3,28.5,8.45,9.9,1312,96.41,27.56,14.29,66250,10.94,23.18,66.23,12.96,13.63,0.45,24.27,5.23
36067000501,Onondaga County,New York,True,93.35,50.33,34.56,3.17,2029,84.47,48.57,44.24,36639,7.5,32.21,32.96,45.15,4.69,14.81,52.48,6.03
36067000600,Onondaga County,New York,True,63.98,78.17,32.24,9.71,2040,87.5,44.61,47.65,34549,10.0,37.58,37.84,33.3,7.61,14.87,48.61,11.58
36067000700,Onondaga County,New York,True,53.1,67.11,26.32,5.45,1105,90.19,14.96,34.34,52250,6.3,34.79,24.47,16.33,22.06,24.47,27.72,17.93
36067000800,Onondaga County,New York,True,41.58,71.17,43.56,18.61,1338,100.0,24.86,34.27,38319,12.54,33.58,36.71,25.38,12.89,3.54,22.79,7.51
36067000900,Onondaga County,New York,True,30.49,48.32,28.37,0.0,703,95.41,18.23,15.25,98403,15.92,21.21,79.32,9.06,1.4,7.57,24.88,0.0
36067001000,Onondaga County,New York,True,59.74,49.8,27.85,0.0,2040,80.75,10.82,32.65,53417,21.21,11.1,56.86,27.19,1.36,12.19,58.51,0.0
36067001400,Onondaga County,New York,True,76.46,72.13,42.83,17.27,2293,79.23,47.8,50.84,,14.77,40.45,26.84,34.45,34.16,2.31,40.52,23.79
36067001500,Onondaga County,New York,True,61.31,53.24,38.74,17.0,1620,89.83,27.7,30.27,47903,8.38,29.22,38.76,28.14,14.41,11.98,34.81,8.62
36067001600,Onondaga County,New York,True,90.58,45.42,31.19,4.35,1962,83.89,30.0,44.4,31477,34.2,1.57,57.9,17.17,9.13,8.24,72.6,1.99
36067001701,Onondaga County,New York,True,30.67,56.58,36.05,0.0,750,90.37,10.13,20.74,61695,17.42,15.2,55.82,26.39,12.7,5.12,52.27,0.38
36067001702,Onondaga County,New York,True,36.85,43.8,37.75,0.0,579,98.56,10.58,18.04,77330,12.43,27.91,68.92,20.63,1.83,9.22,24.86,1.65
36067001800,Onondaga County,New York,True,35.33,41.79,19.69,0.0,741,98.73,9.21,16.11,68269,12.12,19.02,77.4,7.22,10.05,3.65,37.72,2.39
36067001900,Onondaga County,New York,True,33.4,49.33,5.65,0.0,1013,88.47,13.47,12.01,63398,21.63,17.48,78.67,10.47,0.83,3.76,34.81,0.7
36067002000,Onondaga County,New York,True,62.21,70.99,46.76,0.63,1242,99.0,29.48,37.21,42130,13.76,23.3,64.89,10.4,1.0,5.37,41.7,1.38
36067002101,Onondaga County,New York,True,80.86,58.39,40.53,2.67,1707,88.9,31.15,45.83,35938,6.64,21.53,47.7,42.02,0.0,2.86,54.86,1.8
36067002300,Onondaga County,New York,True,97.53,71.25,36.63,5.56,1581,72.85,54.09,53.76,25038,19.47,24.69,37.99,49.67,6.41,1.62,77.64,2.68
36067002400,Onondaga County,New York,True,84.69,44.83,38.31,7.19,1815,32.73,43.64,38.85,53558,11.93,21.25,53.61,25.57,2.38,27.52,37.15,7.27
36067002700,Onondaga County,New York,True,63.16,40.17,17.59,1.17,1019,97.52,20.46,21.79,61167,11.15,18.78,71.57,13.99,0.0,11.65,44.42,2.24
36067002901,Onondaga County,New York,True,49.63,27.09,9.36,0.0,1180,91.68,14.07,16.45,69189,11.84,12.23,90.86,2.62,1.91,5.08,48.68,0.88
36067003000,Onondaga County,New York,True,76.58,47.29,31.69,1.82,1171,86.5,39.81,52.03,26167,7.29,28.13,25.03,45.14,0.98,34.28,45.32,3.38
36067003200,Onondaga County,New York,True,95.25,45.79,29.93,1.91,2500,69.79,28.6,38.0,57371,4.34,1.3,57.89,15.96,14.66,11.58,69.43,0.67
36067003400,Onondaga County,New York,True,90.04,66.25,57.16,0.0,1897,58.5,53.95,61.13,22784,3.63,7.03,43.27,24.64,20.96,19.75,56.97,0.75
36067003500,Onondaga County,New York,True,69.82,60.73,43.85,1.84,1183,68.48,31.73,40.35,45469,11.93,12.15,49.66,39.82,3.13,12.93,41.64,0.0
36067003601,Onondaga County,New York,True,47.97,70.6,37.44,0.0,843,81.18,25.85,31.63,48631,15.85,18.5,35.3,38.45,0.0,16.7,38.81,5.71
36067003602,Onondaga County,New York,True,43.32,53.73,26.99,7.95,1006,88.35,16.85,18.89,59167,17.71,23.05,27.89,43.8,9.91,10.68,34.45,3.97
36067003800,Onondaga County,New York,True,69.83,57.42,46.6,4.48,1755,90.36,44.54,48.44,31354,11.13,43.79,24.17,32.89,0.13,26.75,39.18,2.19
36067003900,Onondaga County,New York,True,75.52,70.21,59.69,2.73,2575,69.97,57.87,60.84,20456,5.2,43.7,25.64,39.84,0.55,26.68,27.45,3.67
36067004000,Onondaga County,New York,True,60.18,56.52,33.6,0.0,847,85.18,42.08,38.91,49348,12.8,36.67,33.06,18.54,2.13,47.58,31.45,11.37
36067004200,Onondaga County,New York,True,95.09,44.27,25.9,0.83,2337,89.99,80.52,79.88,17765,4.97,44.44,9.07,63.17,0.28,28.79,25.02,4.64
36067004301,Onondaga County,New York,True,100.0,48.46,34.54,0.0,834,72.87,35.49,70.72,19118,11.77,8.2,48.59,31.59,12.73,5.97,71.06,0.0
36067004302,Onondaga County,New York,True,100.0,71.16,58.07,0.86,1158,42.66,53.59,65.72,19741,2.4,1.89,70.23,8.22,15.98,7.03,76.78,0.05
36067004401,Onondaga County,New York,True,51.72,56.46,48.71,0.0,1554,94.84,21.29,24.56,69426,14.25,13.46,67.81,7.4,9.14,5.45,29.06,1.32
36067004500,Onondaga County,New York,True,57.28,51.64,34.68,0.0,1281,95.92,31.08,25.39,65132,12.99,9.14,72.53,5.98,10.62,0.64,39.07,0.0
36067004600,Onondaga County,New York,True,27.14,53.29,34.57,0.0,829,92.84,13.86,21.2,91451,33.29,9.67,75.86,11.2,2.21,6.0,42.14,1.24
36067004800,Onondaga County,New York,True,5.93,29.73,0.0,0.0,125,97.27,7.71,13.62,97500,24.89,14.24,92.36,2.57,0.0,1.91,31.89,2.66
36067004900,Onondaga County,New York,True,24.66,58.96,39.55,0.0,420,93.23,24.75,20.3,85919,20.82,20.82,54.57,19.2,1.68,10.19,28.87,0.4
36067005000,Onondaga County,New York,True,34.19,35.98,33.99,0.0,867,94.37,19.75,16.18,78443,20.44,20.48,56.36,19.33,1.15,23.73,27.88,0.0
36067005100,Onondaga County,New York,True,50.86,73.15,46.99,16.93,1115,94.95,42.11,37.89,36497,15.98,26.65,12.73,59.67,1.2,17.99,33.75,1.14
36067005200,Onondaga County,New York,True,79.15,60.23,33.92,5.73,1462,73.89,28.84,36.56,43107,8.07,37.64,5.68,85.69,0.0,12.03,24.92,0.0
36067005300,Onondaga County,New York,True,61.98,49.3,44.23,0.0,1350,100.0,48.84,55.39,26453,15.37,29.79,14.29,76.12,0.43,13.98,35.33,7.64
36067005400,Onondaga County,New York,True,81.71,65.21,49.44,3.22,2011,93.25,46.53,45.67,33750,11.82,41.84,11.66,80.12,0.0,4.58,30.89,0.73
36067005500,Onondaga County,New York,True,77.43,61.66,22.51,3.66,2633,62.82,7.37,30.81,42803,8.53,9.57,40.59,30.59,16.09,8.05,51.64,0.75
36067005601,Onondaga County,New York,True,23.78,33.53,12.57,3.43,405,93.77,10.1,8.56,92045,16.6,12.89,83.4,0.98,5.47,8.59,33.29,1.6
36067005602,Onondaga County,New York,True,83.74,93.81,78.35,0.0,221,35.42,62.45,56.91,21741,0.17,1.53,66.72,10.7,15.79,10.87,13.01,0.0
36067005700,Onondaga County,New York,True,25.26,36.72,17.51,0.0,451,91.12,10.67,6.97,73088,21.33,21.28,31.78,60.5,2.08,6.62,33.82,0.52
36067005800,Onondaga County,New York,True,58.73,65.94,29.93,16.9,1574,100.0,46.52,56.82,26847,14.03,41.11,32.08,30.31,0.0,2.25,26.56,1.54
36067005900,Onondaga County,New York,True,54.58,75.44,67.02,10.86,806,86.23,41.08,43.09,42557,6.34,39.8,12.87,57.56,0.0,2.64,25.67,1.71
36067006000,Onondaga County,New York,True,30.81,54.8,33.0,4.2,1068,94.95,16.91,33.09,53614,23.11,18.78,48.82,38.84,0.41,13.74,41.96,0.0
36067006101,Onondaga County,New York,True,50.16,82.17,43.76,6.12,1774,96.45,38.21,54.54,28750,36.11,22.22,39.54,51.76,0.2,6.02,33.25,1.88
36067006102,Onondaga County,New York,True,90.94,47.6,15.55,1.6,1656,77.68,16.04,55.3,24899,36.05,12.07,52.52,14.84,20.43,8.75,74.65,0.75
36067006103,Onondaga County,New York,True,13.01,21.84,0.0,24.63,468,94.03,10.03,16.02,68534,31.16,18.13,71.27,9.69,3.55,8.09,43.01,2.03
36067010100,Onondaga County,New York,True,4.26,53.19,53.19,0.0,157,44.56,5.15,6.34,109821,18.11,22.05,89.21,1.2,2.0,5.94,17.21,0.0
36067010200,Onondaga County,New York,True,30.11,50.95,26.34,0.0,1877,34.0,17.36,20.46,83368,18.51,25.97,87.44,5.06,1.19,1.83,20.38,0.47
36067010301,Onondaga County,New York,True,28.58,59.19,26.46,0.0,1035,49.84,15.89,20.79,80753,19.12,17.5,95.21,1.28,0.73,0.51,37.3,0.61
36067010321,Onondaga County,New York,True,1.88,0.0,0.0,0.0,72,14.12,3.54,3.39,132232,13.52,24.24,92.82,1.85,3.07,0.54,18.36,0.0
36067010322,Onondaga County,New York,True,11.69,61.6,32.0,0.0,231,31.51,1.5,6.19,122697,13.27,20.46,89.67,0.5,5.16,1.41,18.33,0.3
36067010400,Onondaga County,New York,True,21.93,45.98,9.65,0.0,495,52.05,12.86,14.94,73906,15.84,28.47,94.52,0.79,1.05,1.38,22.19,0.0
36067010500,Onondaga County,New York,True,4.23,46.67,0.0,0.0,94,79.3,3.44,6.35,100000,16.46,21.88,93.72,1.08,1.97,1.35,20.38,0.58
36067010600,Onondaga County,New York,True,13.72,15.17,0.0,0.0,369,97.82,11.06,8.61,96339,22.89,15.8,93.21,1.1,0.98,1.78,22.8,1.68
36067010700,Onondaga County,New York,True,31.08,35.96,24.72,0.0,420,79.73,10.26,16.29,74297,24.91,16.04,83.16,6.88,0.4,2.44,38.16,0.69
36067010800,Onondaga County,New York,True,33.54,50.48,24.76,0.0,1068,89.69,8.81,18.33,68559,16.92,19.04,83.72,1.6,2.65,7.23,36.66,2.14
36067010900,Onondaga County,New York,True,8.35,91.11,41.11,0.0,327,95.36,15.25,21.15,73182,21.63,20.41,88.93,0.0,1.06,4.03,27.92,0.88
36067011011,Onondaga County,New York,True,41.51,44.96,8.4,0.0,1165,57.53,12.3,17.24,66597,30.22,10.87,86.46,0.54,2.33,7.29,47.05,0.57
36067011012,Onondaga County,New York,True,58.15,27.77,17.75,2.36,1777,68.73,3.51,13.3,81178,17.74,20.22,80.82,8.23,4.43,6.54,35.99,2.2
36067011021,Onondaga County,New York,True,10.42,48.25,23.68,0.0,254,33.27,14.7,8.41,106402,13.47,23.51,92.28,1.3,3.35,1.64,18.46,1.63
36067011022,Onondaga County,New York,True,24.26,42.86,25.64,0.0,540,82.37,9.07,11.19,84574,27.47,10.0,93.66,1.07,0.28,1.24,26.68,0.32
36067011101,Onondaga County,New York,True,8.94,72.0,40.0,0.0,389,90.57,5.54,19.44,86848,23.94,22.7,77.95,8.82,5.14,4.26,28.61,1.91
36067011102,Onondaga County,New York,True,94.67,38.15,13.24,7.93,3336,47.55,27.85,16.97,59407,5.17,24.89,53.95,23.98,1.75,19.94,44.94,0.27
36067011201,Onondaga County,New York,True,39.8,59.62,38.9,1.21,1423,25.89,13.62,7.55,65919,13.79,21.21,84.49,2.52,0.85,6.59,34.17,0.0
36067011202,Onondaga County,New York,True,20.09,66.02,42.27,0.0,409,30.62,2.76,11.29,96371,20.89,18.22,83.76,3.51,2.97,5.62,36.45,0.92
36067011231,Onondaga County,New York,True,8.2,50.7,33.8,3.31,308,62.16,10.75,7.76,100455,21.22,19.91,85.67,3.11,1.67,6.98,22.75,1.66
36067011232,Onondaga County,New York,True,17.98,54.35,39.75,2.74,600,22.09,3.87,8.88,126833,16.8,19.89,85.19,2.54,2.79,3.27,32.07,0.68
36067011241,Onondaga County,New York,True,2.76,0.0,0.0,0.0,55,19.59,0.85,3.68,132750,20.83,23.93,86.41,5.61,2.86,2.25,16.24,0.76
36067011242,Onondaga County,New York,True,5.54,66.06,21.1,0.0,293,52.09,2.85,4.4,113984,14.92,25.75,79.77,2.14,4.11,1.89,13.89,2.03
36067011300,Onondaga County,New York,True,35.1,54.6,20.95,0.0,1260,37.99,3.49,6.7,118338,18.78,16.55,86.69,1.47,4.73,3.89,27.68,1.39
36067011401,Onondaga County,New York,True,20.48,62.88,19.12,12.64,1337,26.62,7.83,15.5,105052,22.98,23.34,90.01,2.13,0.75,2.88,31.93,0.0
36067011402,Onondaga County,New York,True,8.67,70.0,8.18,0.0,399,55.23,6.93,12.63,118621,17.39,26.03,91.66,0.14,0.69,1.76,10.59,0.38
36067011500,Onondaga County,New York,True,16.04,62.94,32.09,8.96,874,37.59,4.44,8.06,122315,13.08,26.83,85.69,2.46,6.36,0.71,20.11,0.02
36067011600,Onondaga County,New York,True,25.96,34.44,20.55,0.0,942,59.63,4.14,13.67,100686,16.33,21.28,83.67,0.04,0.75,6.35,22.85,0.82
36067011700,Onondaga County,New York,True,56.92,42.87,13.51,3.1,1875,51.59,12.72,24.47,75428,22.96,18.05,91.89,2.69,1.68,1.61,44.2,0.12
36067011800,Onondaga County,New York,True,41.5,60.39,24.49,3.39,2152,65.31,8.98,23.2,58079,21.99,15.4,85.62,2.95,0.7,7.85,40.93,0.86
36067011900,Onondaga County,New York,True,6.62,29.41,12.75,0.0,171,64.08,3.19,7.07,111250,18.63,26.81,95.54,0.05,0.61,2.58,20.51,0.0
36067012000,Onondaga County,New York,True,12.78,35.86,10.55,6.6,512,57.7,10.82,17.3,76479,21.6,20.83,88.71,0.86,0.46,2.56,29.2,0.06
36067012100,Onondaga County,New York,True,8.48,79.45,40.41,0.0,223,27.92,6.16,7.45,112247,16.43,28.16,88.47,1.21,1.67,3.29,18.3,0.36
36067012200,Onondaga County,New York,True,50.87,49.56,15.34,0.0,481,81.88,10.23,28.47,51136,22.48,18.45,89.25,1.12,2.61,5.38,51.45,1.76
36067012300,Onondaga County,New York,True,15.81,25.21,5.04,0.0,280,74.22,3.75,3.59,93653,25.59,20.77,91.06,0.0,0.25,3.47,27.44,0.58
36067012400,Onondaga County,New York,True,27.31,76.54,46.56,9.9,1066,69.86,9.69,22.43,79563,27.12,18.87,86.5,0.84,1.19,4.51,34.76,3.19
36067012500,Onondaga County,New York,True,29.38,36.79,15.86,3.96,867,90.62,10.62,10.83,74492,17.5,17.73,82.96,2.0,1.92,6.56,38.31,0.95
36067012600,Onondaga County,New York,True,11.52,74.36,39.74,0.0,368,83.05,7.5,15.21,87412,19.73,24.73,92.23,0.04,3.09,3.83,30.92,2.11
36067012700,Onondaga County,New York,True,20.2,42.42,21.72,0.0,499,61.75,10.98,12.35,75333,28.75,15.61,90.84,0.64,0.0,11.23,38.47,0.0
36067012800,Onondaga County,New York,True,22.89,45.16,18.95,0.0,538,70.3,3.71,11.48,91648,23.05,16.05,87.25,2.41,2.78,1.22,31.82,4.52
36067012900,Onondaga County,New York,True,57.75,34.15,18.86,5.86,1168,90.75,13.66,19.96,52381,15.56,22.41,81.94,7.87,0.09,12.92,46.17,5.23
36067013000,Onondaga County,New York,True,43.29,30.39,4.42,0.0,1739,91.86,3.54,13.22,68609,20.92,22.42,83.14,5.66,1.8,10.63,31.75,9.4
36067013100,Onondaga County,New York,True,1.87,50.0,0.0,0.0,47,84.41,2.05,6.48,94470,23.67,23.76,92.08,0.42,0.81,3.3,32.33,0.0
36067013200,Onondaga County,New York,True,13.64,44.87,39.1,0.0,202,84.66,3.89,13.99,91042,27.44,20.63,84.16,6.81,0.09,3.87,21.59,2.49
36067013300,Onondaga County,New York,True,37.12,36.34,14.41,2.95,856,88.84,6.35,11.59,86932,24.04,15.44,85.12,3.56,5.94,1.74,32.73,0.0
36067013400,Onondaga County,New York,True,35.74,27.99,13.06,3.38,1635,59.02,8.45,15.14,81538,21.23,21.38,82.74,10.8,0.44,0.63,38.07,1.31
36067013500,Onondaga County,New York,True,38.53,30.96,20.23,0.0,1538,51.3,5.15,10.23,81360,25.1,18.89,78.37,2.33,8.15,7.58,49.08,4.79
36067013600,Onondaga County,New York,True,49.61,27.54,22.99,0.0,1655,83.37,12.2,17.05,75625,13.41,22.23,77.86,11.98,2.72,6.73,46.88,1.13
36067013701,Onondaga County,New York,True,26.33,55.09,37.81,0.0,1070,89.66,12.97,22.4,65352,24.86,13.2,91.19,1.31,1.46,5.88,43.75,1.8
36067013800,Onondaga County,New York,True,15.33,73.48,62.12,0.0,336,87.47,17.65,22.35,78654,31.33,12.28,90.75,0.0,0.3,6.81,47.52,2.73
36067013900,Onondaga County,New York,True,20.59,57.69,36.54,0.0,502,93.51,20.39,20.69,68667,13.38,26.75,81.1,0.0,6.4,1.26,32.66,3.28
36067014000,Onondaga County,New York,True,18.97,28.62,7.77,3.18,621,88.9,11.49,13.34,65213,13.7,20.34,76.25,3.38,3.38,7.14,35.86,0.91
36067014200,Onondaga County,New York,True,25.05,37.72,21.12,0.0,1029,83.79,13.19,15.75,61944,14.46,23.75,63.42,13.58,3.63,10.15,30.71,2.42
36067014300,Onondaga County,New York,True,47.33,24.71,13.51,0.0,1234,89.75,11.49,25.11,62143,11.81,20.99,83.65,4.51,2.76,7.44,34.15,1.63
36067014400,Onondaga County,New York,True,17.67,53.9,14.18,0.0,274,90.53,9.43,16.86,80833,20.24,19.1,84.24,3.64,1.03,0.44,33.6,3.58
36067014500,Onondaga County,New York,True,31.37,50.81,19.9,4.23,972,77.94,8.29,14.06,76078,21.12,17.65,87.93,3.75,3.39,2.37,46.31,0.93
36067014600,Onondaga County,New York,True,44.31,49.85,20.06,13.48,1841,91.17,12.49,18.23,80729,15.16,27.61,63.9,13.85,4.2,8.97,32.92,1.81
36067014700,Onondaga County,New York,True,16.59,53.66,38.53,0.0,751,65.18,5.76,9.88,156944,27.12,18.87,72.99,9.8,9.12,1.17,29.53,0.85
36067014800,Onondaga County,New York,True,5.26,0.0,0.0,0.0,147,63.03,6.94,9.95,139500,17.5,26.37,82.93,5.6,5.95,2.0,21.2,1.67
36067014900,Onondaga County,New York,True,13.93,77.59,34.48,0.0,193,44.36,10.99,13.3,117159,15.18,23.82,77.36,10.61,2.31,3.68,18.47,0.21
36067015000,Onondaga County,New York,True,13.08,55.12,24.02,0.0,414,73.9,3.53,6.28,121250,20.2,24.21,88.43,0.42,3.19,5.35,24.97,0.19
36067015100,Onondaga County,New York,True,31.24,62.56,44.71,0.0,1210,68.29,8.99,19.51,100922,30.01,17.79,91.26,2.9,2.2,2.33,40.13,1.05
36067015201,Onondaga County,New York,True,38.43,58.14,20.11,3.11,1053,78.59,6.77,14.36,78839,26.09,19.31,82.24,4.68,4.31,4.46,29.72,1.13
36067015202,Onondaga County,New York,True,12.48,22.92,7.81,9.13,336,36.26,6.35,3.66,141354,15.9,29.46,78.46,1.06,12.55,4.08,20.05,2.12
36067015203,Onondaga County,New York,True,17.05,18.36,4.83,0.0,320,44.82,2.95,3.38,152353,23.81,22.3,90.74,1.75,5.56,1.96,21.66,0.48
36067015400,Onondaga County,New York,True,11.93,41.96,18.3,6.57,519,84.71,4.94,9.89,96667,19.76,21.95,93.41,1.32,1.18,0.48,28.09,0.36
36067015500,Onondaga County,New York,True,7.69,50.0,36.76,0.0,160,37.66,3.92,15.53,118304,30.11,18.23,88.66,2.75,3.67,0.46,28.1,0.52
36067015601,Onondaga County,New York,True,5.84,17.78,17.78,0.0,95,64.76,6.61,11.21,100938,21.56,17.93,93.99,2.33,0.28,2.38,23.11,0.7
36067015602,Onondaga County,New York,True,10.82,30.43,7.25,0.0,81,23.07,3.11,2.98,154457,16.65,26.23,89.34,0.42,1.14,7.9,17.71,1.42
36067015701,Onondaga County,New York,True,1.99,0.0,0.0,0.0,44,61.97,2.87,4.25,102972,24.89,11.14,94.68,0.04,0.72,0.84,23.42,0.0
36067015702,Onondaga County,New York,True,3.42,77.27,18.18,0.0,144,42.78,3.6,4.82,140517,20.06,23.35,88.13,0.11,8.3,2.63,16.24,0.0
36067015800,Onondaga County,New York,True,21.33,13.49,3.37,0.0,789,50.1,4.18,6.47,113750,20.97,16.99,85.38,1.7,0.0,1.97,15.93,0.0
36067016001,Onondaga County,New York,True,6.0,20.45,20.45,0.0,158,62.77,4.3,8.45,93813,28.75,19.99,87.7,0.23,0.26,2.29,23.22,0.0
36067016002,Onondaga County,New York,True,3.28,0.0,0.0,0.0,133,63.39,2.46,3.65,109375,29.35,17.71,95.89,0.7,0.44,0.0,18.52,0.0
36067016100,Onondaga County,New York,True,22.31,52.6,32.47,5.76,442,42.09,5.04,16.47,109286,22.72,27.16,64.01,3.74,24.82,1.6,27.34,5.08
36067016200,Onondaga County,New York,True,16.87,31.08,8.11,13.07,398,88.07,4.88,10.92,70489,18.78,20.55,72.15,12.32,0.0,3.75,29.99,1.47
36067016300,Onondaga County,New York,True,21.76,51.71,27.48,0.0,1085,41.62,2.36,13.37,123099,23.36,18.21,81.16,7.81,1.72,3.44,31.49,0.11
36067016400,Onondaga County,New York,True,25.24,62.8,22.71,0.0,603,73.31,3.79,8.43,88409,18.58,20.77,84.32,2.03,1.29,9.61,32.77,1.11
36067016501,Onondaga County,New York,True,9.38,56.14,47.37,0.0,106,62.08,4.22,6.61,111838,24.02,17.66,95.39,0.0,0.0,0.0,25.36,0.29
36067016502,Onondaga County,New York,True,26.31,34.53,17.17,3.11,870,76.03,5.94,16.99,87500,24.93,18.92,95.75,0.02,0.12,0.87,34.29,0.12
36067016600,Onondaga County,New York,True,23.97,36.49,15.77,0.0,1112,82.45,11.58,12.88,100507,28.61,24.64,97.79,0.0,0.26,2.95,34.2,0.47
36067016700,Onondaga County,New York,True,13.5,44.04,8.26,0.0,237,79.02,7.44,5.43,113889,26.5,15.51,94.29,0.75,1.35,3.49,21.01,1.65
36067016801,Onondaga County,New York,True,4.02,0.0,0.0,0.0,81,67.54,5.79,11.8,111138,26.74,21.56,92.7,0.0,1.78,1.56,17.9,0.12
36067016802,Onondaga County,New York,True,12.01,17.78,0.0,3.36,297,60.44,5.75,8.68,83950,19.76,23.61,92.85,0.16,0.0,3.58,13.72,0.04
36067016901,Onondaga County,New York,True,18.98,28.57,16.33,2.0,392,57.37,9.92,14.99,108529,21.97,23.44,90.26,0.79,0.64,4.53,25.81,0.2
36067016902,Onondaga County,New York,True,12.87,34.62,19.23,0.0,250,60.67,8.32,14.88,94063,23.36,21.62,94.13,0.29,0.53,2.71,23.26,0.0
36067940000,Onondaga County,New York,True,0.0,,,,0,50.83,36.39,27.62,37850,36.98,25.15,0.0,0.0,6.21,0.0,60.77,9.39
36069050101,Ontario County,New York,True,20.85,33.57,12.59,4.47,538,33.89,0.71,7.95,140139,21.09,22.89,83.57,5.34,3.86,2.92,24.86,0.31
36069050103,Ontario County,New York,True,19.99,44.15,34.21,0.0,691,18.91,4.26,12.87,68660,25.27,24.02,90.46,0.18,0.0,10.4,38.54,1.08
36069050104,Ontario County,New York,True,30.87,62.47,32.67,2.03,729,13.45,1.38,6.71,144118,19.36,23.51,78.73,0.81,10.89,6.25,26.1,0.43
36069050105,Ontario County,New York,True,18.64,49.42,21.79,2.58,370,47.57,4.68,11.97,102458,24.0,22.6,94.55,0.18,0.89,2.03,26.0,0.09
36069050106,Ontario County,New York,True,1.17,0.0,0.0,0.0,27,33.93,3.12,3.85,214342,22.88,14.79,95.92,1.15,0.32,0.0,6.86,0.0
36069050203,Ontario County,New York,True,56.66,55.44,22.93,13.63,2369,26.16,6.13,15.74,56839,14.91,27.37,78.07,2.95,2.34,10.73,28.54,1.33
36069050204,Ontario County,New York,True,2.85,40.0,40.0,0.0,37,48.92,5.75,11.31,95667,28.67,16.1,92.93,0.13,2.12,2.48,19.0,0.46
36069050205,Ontario County,New York,True,20.64,43.49,7.62,0.0,943,35.3,9.42,7.85,120655,10.34,25.46,95.78,2.23,0.44,1.51,20.48,1.08
36069050206,Ontario County,New York,True,13.12,54.29,9.52,0.0,349,44.54,13.53,15.38,99167,11.65,32.94,86.85,0.97,1.14,5.72,16.75,0.19
36069050302,Ontario County,New York,True,16.1,20.97,8.87,0.0,556,68.4,6.08,11.7,82875,19.45,18.95,93.39,0.59,1.09,3.02,27.57,0.38
36069050303,Ontario County,New York,True,30.49,50.82,27.87,1.86,659,77.69,28.3,32.29,58198,24.26,28.44,81.85,1.77,1.02,6.67,37.03,0.32
36069050304,Ontario County,New York,True,10.67,37.93,13.79,0.0,409,64.49,12.17,23.46,69500,26.06,16.54,84.45,0.08,0.0,3.98,26.1,0.0
36069050401,Ontario County,New York,True,8.4,41.13,18.55,23.39,334,68.94,13.27,17.41,71298,18.35,25.71,86.95,0.0,0.0,8.94,22.29,0.42
36069050402,Ontario County,New York,True,15.6,45.31,15.1,13.55,420,81.05,6.62,9.33,86698,28.72,16.71,95.9,0.99,0.0,0.46,28.79,0.0
36069050501,Ontario County,New York,True,20.77,28.17,13.93,0.0,493,60.56,3.5,14.41,90451,22.16,18.06,96.95,0.16,0.33,1.51,28.07,0.0
36069050502,Ontario County,New York,True,10.5,42.86,22.45,0.0,227,55.74,7.63,19.92,61399,33.56,15.81,94.78,0.0,0.88,1.21,26.8,0.0
36069050601,Ontario County,New York,True,20.84,88.21,30.13,0.0,862,27.43,8.26,8.13,111447,28.89,17.64,95.71,0.3,0.97,2.48,19.18,0.19
36069050603,Ontario County,New York,True,47.65,37.99,12.6,0.0,1094,19.93,5.58,9.01,103712,15.27,23.25,91.42,0.67,1.33,5.14,19.23,1.86
36069050604,Ontario County,New York,True,47.15,71.15,33.41,0.0,934,43.18,13.08,23.16,67070,17.68,12.16,87.8,2.74,0.0,4.18,38.91,1.03
36069050800,Ontario County,New York,True,56.85,39.69,18.67,0.0,1412,78.16,11.27,22.9,57444,23.09,19.91,93.87,0.5,0.0,2.25,41.73,0.93
36069050900,Ontario County,New York,True,32.82,85.68,17.84,3.66,616,61.47,10.86,23.22,81806,31.17,11.15,94.25,0.09,0.7,5.22,37.19,0.27
36069051001,Ontario County,New York,True,63.57,22.66,11.8,0.0,1089,70.19,6.41,18.05,73456,22.45,17.01,80.12,2.06,0.3,15.95,44.84,1.23
36069051101,Ontario County,New York,True,45.71,25.49,11.65,12.3,805,82.36,10.31,11.45,65956,11.6,16.18,74.3,1.25,0.0,21.44,47.3,6.09
36069051102,Ontario County,New York,True,48.39,37.17,4.13,0.0,610,45.08,16.38,31.4,61688,48.7,9.98,90.92,2.38,0.0,0.97,49.68,5.96
36069051200,Ontario County,New York,True,9.7,23.97,0.0,0.0,281,41.69,8.53,18.54,84358,22.84,14.87,91.01,2.33,1.56,3.76,21.86,0.73
36069051301,Ontario County,New York,True,4.2,100.0,42.11,0.0,29,56.6,4.09,7.39,71544,29.79,21.38,94.83,0.72,0.0,3.36,24.06,1.29
36069051302,Ontario County,New York,True,30.36,68.92,43.69,0.0,581,78.45,12.99,26.67,60938,25.21,18.9,92.71,0.21,1.77,1.24,27.93,0.13
36069051400,Ontario County,New York,True,8.4,7.23,4.82,0.0,175,62.6,6.22,9.35,90658,22.31,19.53,96.61,0.65,0.46,0.92,18.32,0.99
36069051501,Ontario County,New York,True,5.76,36.84,36.84,26.92,81,64.48,8.77,6.2,108792,41.04,13.81,90.09,3.57,0.0,5.36,36.66,0.78
36069051502,Ontario County,New York,True,42.67,52.08,28.25,2.49,681,61.43,19.4,33.81,58309,19.27,20.38,70.01,6.96,5.3,16.81,46.93,4.34
36069051600,Ontario County,New York,True,28.51,55.13,11.54,0.0,311,86.79,7.7,12.99,88036,31.97,16.78,84.54,5.34,0.0,8.81,44.04,4.64
36069051700,Ontario County,New York,True,44.96,52.75,40.0,0.0,1412,89.69,34.01,30.24,65104,15.11,28.42,68.04,3.72,0.51,40.42,27.96,6.4
36069051801,Ontario County,New York,True,57.53,33.28,13.42,3.11,2263,94.07,10.0,13.2,84906,13.81,13.83,73.87,12.07,2.52,7.83,47.14,0.0
36069051900,Ontario County,New York,True,40.6,61.16,17.36,0.0,421,78.23,10.81,14.48,86375,7.07,7.07,76.99,9.32,5.2,8.91,46.76,0.27
36069052001,Ontario County,New York,True,18.4,7.94,5.56,0.0,282,65.14,4.05,8.24,67740,28.94,9.38,93.5,0.0,0.31,1.96,26.76,0.0
36069052002,Ontario County,New York,True,9.64,65.22,44.93,40.58,151,48.15,8.17,17.04,79194,21.97,21.67,88.2,7.32,0.36,0.0,11.87,0.0
36069052003,Ontario County,New York,True,28.21,53.25,14.72,0.0,454,59.08,5.47,10.74,79104,26.27,18.7,98.57,0.0,0.0,2.14,39.93,0.0
36069052101,Ontario County,New York,True,7.15,44.12,26.47,0.0,118,57.07,6.46,8.58,97148,31.16,10.84,94.4,0.31,0.31,0.68,18.74,0.38
36069052102,Ontario County,New York,True,2.36,37.5,0.0,0.0,41,46.72,6.99,5.52,86000,25.71,13.79,96.44,0.0,0.34,1.3,18.81,0.0
36069052200,Ontario County,New York,True,19.09,43.45,20.83,0.0,476,69.11,12.33,25.05,69702,23.06,21.26,94.09,0.0,0.69,2.95,26.54,0.0
36071000100,Orange County,New York,True,56.26,73.85,26.32,0.0,1518,62.16,3.35,12.92,66031,14.41,19.31,34.43,13.61,0.06,41.72,27.31,16.35
36071000200,Orange County,New York,True,27.64,60.83,31.67,0.0,565,70.54,7.89,13.25,94792,13.96,22.79,35.15,28.9,0.53,52.9,25.26,9.72
36071000301,Orange County,New York,True,64.46,48.6,28.04,14.49,659,83.97,4.8,20.18,99437,7.57,22.07,13.48,28.35,0.0,58.17,29.52,7.57
36071000302,Orange County,New York,True,51.39,45.82,25.53,3.98,2399,80.66,16.62,20.61,72019,8.97,23.18,25.22,13.66,0.47,64.79,10.77,13.21
36071000400,Orange County,New York,True,70.42,66.1,31.96,0.0,3263,88.75,44.47,44.57,32405,15.77,27.39,25.2,47.75,0.0,25.85,34.71,3.39
36071000501,Orange County,New York,True,80.1,69.06,58.18,2.39,1984,95.16,35.13,43.54,35676,15.2,26.05,21.29,25.5,0.0,62.82,41.72,20.7
36071000502,Orange County,New York,True,74.34,47.26,27.79,10.64,3116,82.39,26.33,27.65,82934,9.84,22.12,27.89,11.73,0.0,62.17,31.51,15.94
36071000600,Orange County,New York,True,80.72,59.21,35.34,1.33,3061,77.02,30.79,44.04,46027,20.51,24.79,28.93,35.34,2.46,36.34,48.45,2.51
36071001100,Orange County,New York,True,47.93,51.38,11.47,4.25,1941,82.24,15.84,14.18,68550,17.36,21.1,29.94,17.95,2.68,50.2,17.89,12.85
36071001200,Orange County,New York,True,53.17,36.62,19.22,11.69,1276,68.67,22.18,16.5,74022,6.86,29.92,16.35,19.97,2.17,62.58,13.58,19.83
36071001300,Orange County,New York,True,14.18,72.19,13.91,0.0,479,95.39,4.96,11.22,110048,18.44,20.5,38.76,13.91,3.1,44.02,19.83,8.36
36071001500,Orange County,New York,True,66.45,55.38,28.68,1.65,3487,57.83,13.23,18.12,84651,12.23,25.0,40.62,14.79,3.88,44.36,21.25,4.78
36071001601,Orange County,New York,True,59.31,68.63,32.49,13.64,2080,25.07,14.82,19.79,75845,10.65,27.3,20.22,47.82,5.25,42.38,35.55,3.55
36071001602,Orange County,New York,True,16.24,34.75,27.12,0.0,440,87.24,7.55,12.97,87011,15.55,26.78,52.6,15.65,0.92,29.71,18.93,6.09
36071002100,Orange County,New York,True,39.42,73.35,41.32,1.65,883,96.26,14.13,34.49,59803,21.57,12.42,79.09,8.43,1.28,11.42,40.65,3.29
36071002200,Orange County,New York,True,68.45,80.55,55.4,3.37,2111,75.55,39.06,43.87,35309,21.14,21.46,44.76,20.36,8.68,26.88,49.67,7.92
36071002300,Orange County,New York,True,27.62,32.96,12.29,0.0,697,81.6,6.21,12.94,94808,13.9,25.07,55.01,6.5,1.54,31.68,20.2,1.69
36071010101,Orange County,New York,True,5.98,41.41,21.21,0.0,302,44.67,19.59,11.78,106083,14.48,26.23,67.43,5.33,0.27,26.67,15.64,1.69
36071010102,Orange County,New York,True,31.91,44.98,6.51,0.0,1288,18.84,1.81,8.42,122932,11.82,19.11,58.61,17.16,3.75,14.44,12.57,1.4
36071010200,Orange County,New York,True,23.53,30.13,12.47,11.08,1240,58.26,3.69,6.49,122396,21.22,14.07,56.6,7.65,6.33,22.69,17.43,1.99
36071010300,Orange County,New York,True,9.16,39.42,10.58,0.0,324,83.24,3.09,4.15,108325,20.48,20.51,58.81,18.86,0.87,24.52,15.27,1.03
36071010400,Orange County,New York,True,38.82,58.86,13.77,0.0,1383,61.17,7.12,6.21,94685,19.3,18.65,51.05,12.38,3.84,33.77,25.88,4.85
36071010501,Orange County,New York,True,16.38,25.6,20.0,0.0,607,67.51,8.41,8.65,86739,21.23,17.86,51.11,15.57,1.8,30.63,24.9,2.9
36071010502,Orange County,New York,True,12.95,47.86,25.68,0.0,420,40.36,5.85,8.66,124756,21.4,17.06,45.56,27.26,4.96,21.63,23.73,0.49
36071010601,Orange County,New York,True,10.46,50.0,0.0,0.0,382,58.99,1.06,2.41,134457,15.33,21.35,84.43,1.59,1.09,8.84,14.54,0.25
36071010602,Orange County,New York,True,33.16,68.38,21.89,12.4,1355,62.19,12.98,10.45,86435,11.48,28.52,68.66,3.3,1.1,21.01,17.82,3.55
36071010701,Orange County,New York,True,27.22,31.25,14.29,0.0,515,41.79,2.89,5.22,131397,9.42,28.63,42.94,12.26,7.97,28.39,28.68,1.06
36071010702,Orange County,New York,True,46.5,63.71,43.24,12.8,1744,76.57,15.88,29.53,77946,13.23,20.84,55.03,14.57,1.34,25.21,29.87,2.8
36071010801,Orange County,New York,True,44.7,51.74,31.1,7.9,1364,52.61,4.45,17.05,88365,21.33,21.83,63.18,11.65,2.57,21.92,36.2,1.38
36071010802,Orange County,New York,True,22.46,65.31,48.47,1.92,925,55.67,20.46,17.02,94375,15.51,24.72,69.99,6.03,0.18,24.6,31.29,1.4
36071010901,Orange County,New York,True,34.9,42.99,26.24,1.28,1235,52.58,17.14,15.84,112188,13.62,25.89,65.62,6.02,0.0,21.98,29.37,0.52
36071010902,Orange County,New York,True,8.9,24.67,8.67,0.0,253,55.17,1.35,3.56,142480,12.97,24.13,75.35,8.4,2.09,13.7,15.61,3.61
36071011000,Orange County,New York,True,7.11,60.75,60.75,7.41,275,58.79,6.04,10.11,108231,20.21,18.43,61.27,8.41,1.28,31.08,22.05,0.45
36071011101,Orange County,New York,True,34.51,71.39,29.09,1.86,890,56.12,5.93,15.53,94688,11.12,24.21,35.22,29.69,4.03,27.53,23.57,4.01
36071011102,Orange County,New York,True,59.33,44.71,24.67,3.91,2095,64.72,11.55,14.94,96346,7.9,17.31,41.11,17.76,9.09,20.79,22.38,2.48
36071011200,Orange County,New York,True,36.45,49.16,25.07,8.98,1482,43.81,11.36,16.42,95404,20.02,21.5,50.23,20.87,5.37,29.7,40.15,2.41
36071011301,Orange County,New York,True,52.25,66.11,60.16,15.76,3119,47.59,23.12,26.1,58095,15.14,30.09,21.31,39.63,4.18,36.73,24.06,10.42
36071011302,Orange County,New York,True,58.8,39.54,21.65,4.62,1573,48.01,6.26,12.25,103108,14.6,12.14,50.14,28.26,1.6,24.06,28.67,6.12
36071011400,Orange County,New York,True,3.28,100.0,20.0,0.0,147,67.97,8.51,6.07,117794,18.14,17.09,62.49,11.86,3.64,19.46,24.48,3.63
36071011500,Orange County,New York,True,19.04,45.83,14.84,0.0,780,61.7,5.09,16.69,91475,16.91,16.19,59.64,13.27,6.56,21.64,27.87,3.2
36071011601,Orange County,New York,True,20.15,64.66,25.56,0.0,614,54.05,14.38,20.61,69404,20.75,17.76,76.29,0.0,7.59,8.17,39.49,2.4
36071011602,Orange County,New York,True,19.85,47.06,28.24,0.0,510,63.85,6.31,14.46,78966,26.16,22.98,73.99,3.13,4.21,4.73,30.81,2.32
36071011701,Orange County,New York,True,14.39,48.9,0.0,0.0,556,39.72,4.21,5.57,122521,14.35,22.9,85.48,3.36,2.99,7.16,22.87,0.75
36071011702,Orange County,New York,True,16.61,40.39,3.92,0.0,899,37.81,5.1,4.58,127690,13.04,22.78,74.04,5.77,0.0,12.42,14.17,0.72
36071011801,Orange County,New York,True,14.49,59.56,44.44,0.0,751,45.04,6.78,5.45,144698,15.38,23.1,64.25,12.88,1.48,21.2,17.28,0.61
36071011802,Orange County,New York,True,5.63,28.57,28.57,0.0,108,46.62,1.54,9.18,132596,15.09,21.12,81.01,0.43,2.92,17.34,14.57,0.89
36071011900,Orange County,New York,True,6.3,17.58,17.58,0.0,292,41.0,6.68,6.98,157563,16.45,20.88,72.04,10.3,2.35,17.9,17.84,1.41
36071012100,Orange County,New York,True,43.9,54.97,16.99,2.03,1417,68.27,1.81,8.23,92667,21.15,19.71,62.91,5.77,4.8,30.73,26.82,10.68
36071012200,Orange County,New York,True,15.13,46.19,31.36,4.51,479,60.25,1.97,22.69,118042,23.63,22.12,79.11,0.92,1.18,16.21,33.11,0.94
36071012300,Orange County,New York,True,12.85,20.53,20.53,0.0,590,42.07,7.54,11.97,124375,15.76,21.95,66.46,11.86,4.99,20.79,12.09,3.14
36071012601,Orange County,New York,True,32.06,55.26,40.7,0.0,968,51.43,8.79,24.26,93365,20.72,13.77,45.97,22.13,1.69,32.25,40.42,0.67
36071012602,Orange County,New York,True,44.1,52.47,14.99,4.57,1377,64.85,5.58,12.85,70688,20.61,17.23,47.05,11.7,2.29,39.78,38.4,3.11
36071012700,Orange County,New York,True,33.59,65.33,41.46,12.13,1236,72.25,10.44,19.5,80815,16.61,16.99,55.17,13.69,3.08,36.64,31.2,5.29
36071012800,Orange County,New York,True,16.29,78.49,34.59,8.14,612,58.74,6.58,12.31,88302,23.13,16.11,63.23,14.88,1.03,22.61,32.29,1.69
36071012900,Orange County,New York,True,35.21,42.25,20.32,0.0,867,81.63,6.25,12.24,121786,17.33,19.18,86.6,0.35,1.37,14.48,24.88,0.3
36071013000,Orange County,New York,True,30.48,41.82,39.59,1.93,1202,80.26,6.06,8.78,99146,17.48,22.48,76.7,4.38,6.41,12.32,29.78,2.61
36071013100,Orange County,New York,True,17.41,56.09,35.9,6.48,828,53.29,3.64,7.95,121023,21.45,22.12,84.86,2.08,0.86,21.37,25.69,0.51
36071013201,Orange County,New York,True,24.08,67.27,50.23,3.64,752,40.3,7.47,14.89,111434,18.5,22.68,63.18,7.89,0.24,27.99,21.78,3.7
36071013202,Orange County,New York,True,4.86,100.0,0.0,0.0,68,37.2,4.92,18.24,103857,13.84,23.09,53.01,8.78,3.15,39.98,21.49,3.31
36071013301,Orange County,New York,True,9.41,100.0,35.25,0.0,223,66.65,9.48,16.41,76080,8.35,28.02,57.8,11.4,0.0,49.74,25.39,2.23
36071013302,Orange County,New York,True,8.13,62.96,3.7,11.67,134,48.91,5.04,4.61,109000,14.59,23.75,80.52,3.69,3.51,13.21,16.12,6.33
36071013400,Orange County,New York,True,34.78,56.95,47.06,8.54,1366,80.55,36.72,15.18,64492,8.41,43.89,79.81,2.96,1.34,16.48,29.52,16.32
36071013500,Orange County,New York,True,13.46,63.04,49.42,0.0,815,41.78,3.79,4.76,120686,11.33,26.56,62.3,18.22,0.34,22.52,18.8,1.53
36071013600,Orange County,New York,True,99.31,59.46,22.81,0.0,4061,62.71,3.25,1.82,135333,0.58,26.29,73.67,7.64,3.61,11.53,2.43,0.13
36071013700,Orange County,New York,True,41.13,62.23,30.9,7.77,1098,87.72,6.96,12.46,103438,14.1,18.75,54.64,12.11,3.05,24.98,34.9,3.86
36071013800,Orange County,New York,True,38.52,41.35,16.96,7.36,1314,61.3,4.06,11.16,104146,16.85,20.86,49.52,6.46,3.96,36.3,37.39,3.06
36071013900,Orange County,New York,True,7.63,100.0,62.73,0.0,307,51.19,5.43,6.61,121979,11.85,27.35,64.37,14.69,6.99,20.26,9.41,2.37
36071014101,Orange County,New York,True,22.65,50.69,21.18,36.2,1486,35.62,13.15,12.37,98193,12.53,32.07,56.41,6.22,2.93,38.05,28.84,9.48
36071014102,Orange County,New York,True,35.17,38.53,17.47,2.64,1590,38.08,12.52,14.62,106771,12.4,24.07,52.17,10.67,11.06,27.03,24.73,3.49
36071014201,Orange County,New York,True,10.0,67.39,13.77,0.0,417,67.13,3.57,6.3,126250,13.96,27.54,62.67,5.33,2.13,30.35,10.51,5.23
36071014202,Orange County,New York,True,3.88,30.49,0.0,34.48,598,49.11,2.86,9.18,158125,16.9,24.96,58.0,14.72,4.89,15.9,18.53,5.07
36071014301,Orange County,New York,True,41.97,27.9,14.96,0.0,2008,53.74,6.84,13.46,101840,15.53,17.03,61.39,11.5,6.55,19.06,31.0,0.0
36071014302,Orange County,New York,True,6.76,0.0,0.0,0.0,499,41.24,8.92,3.05,155862,13.9,26.66,61.45,9.1,3.39,26.53,20.74,0.12
36071014400,Orange County,New York,True,14.11,40.0,27.5,13.04,640,54.42,5.92,8.77,129318,17.82,21.8,67.77,7.56,5.49,15.41,12.82,3.24
36071014501,Orange County,New York,True,9.05,11.34,11.34,0.0,453,54.14,4.83,3.88,134750,18.84,25.7,80.36,3.34,0.73,19.91,14.9,1.4
36071014502,Orange County,New York,True,27.5,63.51,45.08,3.0,1022,41.82,7.75,16.36,161000,19.72,17.13,77.15,1.02,1.88,13.35,23.56,0.28
36071014601,Orange County,New York,True,29.33,43.2,19.42,0.0,536,34.95,3.7,8.01,106640,34.05,16.0,89.82,1.95,0.77,6.25,40.99,0.52
36071014602,Orange County,New York,True,38.51,49.56,37.22,1.51,1040,80.2,3.24,17.93,106223,23.2,21.99,81.89,2.58,3.03,11.92,22.99,2.07
36071014700,Orange County,New York,True,8.56,87.27,49.09,0.0,314,54.14,1.69,2.55,126840,15.58,16.95,77.29,2.88,0.32,17.98,13.31,1.82
36071014801,Orange County,New York,True,14.99,82.54,82.54,0.0,510,83.68,29.38,15.07,97813,17.69,13.47,78.53,2.21,1.79,16.07,30.29,3.73
36071014802,Orange County,New York,True,24.69,73.6,41.25,0.0,528,76.32,4.28,14.91,99050,20.86,17.81,70.11,2.27,5.79,26.04,40.34,3.62
36071014900,Orange County,New York,True,24.76,67.79,35.58,1.28,859,69.04,7.65,10.49,129598,26.89,17.19,68.51,12.62,3.77,15.41,29.75,0.82
36071015003,Orange County,New York,True,59.82,73.88,55.64,39.63,7027,4.49,25.11,24.22,68803,1.02,58.75,95.21,0.15,0.0,3.46,2.4,36.9
36071015005,Orange County,New York,True,65.57,64.46,47.83,16.2,3886,6.07,41.93,30.58,49267,1.03,55.92,96.88,0.36,0.07,0.19,1.71,31.7
36071015007,Orange County,New York,True,65.88,69.76,53.07,29.39,3147,16.29,45.83,34.87,45993,2.91,57.23,96.9,0.75,0.38,3.54,6.67,26.99
36071015008,Orange County,New York,True,83.48,83.06,66.02,11.53,3774,5.43,52.4,54.68,29276,2.32,47.26,96.36,0.34,0.0,1.84,11.75,33.01
36071015009,Orange County,New York,True,48.51,86.73,62.24,14.97,1188,5.85,26.09,29.21,66884,9.5,46.74,99.46,0.4,0.0,1.61,5.45,30.86
36071015010,Orange County,New York,True,73.5,80.18,60.5,12.79,3307,5.86,46.52,36.94,36366,4.08,54.82,96.7,0.0,0.0,0.89,3.8,29.97
36071015100,Orange County,New York,True,53.08,49.05,13.15,9.35,2730,85.73,14.9,27.28,54830,14.09,29.51,32.36,35.63,3.98,38.13,35.22,11.13
36071015201,Orange County,New York,True,9.01,44.07,0.0,0.0,369,44.18,1.57,9.55,147188,12.17,24.82,73.81,2.59,1.26,21.3,16.12,0.79
36071015202,Orange County,New York,True,15.78,73.43,56.09,0.0,762,25.55,1.5,15.03,123987,16.98,26.53,52.14,2.92,19.7,30.13,13.8,2.73
36071015203,Orange County,New York,True,63.49,44.44,6.27,3.89,846,20.91,2.45,3.88,129844,5.6,21.33,53.92,28.18,1.25,17.18,20.81,0.0
36073040200,Orleans County,New York,True,18.6,56.86,14.71,2.23,830,74.18,10.03,16.53,69205,21.16,20.93,70.98,7.47,0.0,16.52,29.15,1.14
36073040300,Orleans County,New York,True,15.69,26.21,3.45,0.0,314,81.61,10.42,9.31,78452,21.6,15.69,88.94,2.13,2.41,3.9,18.43,2.23
36073040400,Orleans County,New York,True,39.76,24.49,14.21,0.0,1199,83.78,10.68,16.42,70183,20.18,20.27,90.5,1.2,2.17,1.09,28.29,1.98
36073040500,Orleans County,New York,True,47.39,32.33,19.91,4.17,1077,85.45,14.77,22.39,53167,23.57,18.47,93.21,3.92,0.72,1.64,41.28,0.43
36073040601,Orleans County,New York,True,13.1,60.71,41.07,0.0,189,83.05,23.92,17.62,78654,19.21,24.75,94.3,0.89,0.0,0.89,19.13,0.35
36073040602,Orleans County,New York,False,,,,,0,,,,,2.51,0.0,28.55,58.03,0.0,7.32,,2.01
36073040603,Orleans County,New York,True,12.97,58.02,58.02,0.0,237,67.77,11.63,26.1,77254,25.81,17.15,91.19,3.65,0.68,2.85,27.06,0.3
36073040701,Orleans County,New York,True,38.7,52.86,50.18,0.0,1128,79.48,20.46,40.43,56250,17.4,21.23,75.86,5.16,0.0,14.4,36.28,0.88
36073040702,Orleans County,New York,True,34.95,26.79,15.75,0.0,650,69.44,12.2,29.02,39888,21.74,13.2,88.09,7.04,1.08,3.58,49.61,0.47
36073040801,Orleans County,New York,True,10.32,51.56,31.25,0.0,311,40.03,10.08,19.37,57604,22.0,19.08,94.85,0.0,2.5,0.0,30.56,0.37
36073040802,Orleans County,New York,True,19.7,38.88,19.56,1.96,879,77.64,10.01,18.5,65077,17.92,20.51,89.1,1.81,0.15,5.11,31.12,0.66
36073401200,Orleans County,New York,True,10.86,51.64,46.72,0.0,251,71.62,19.44,21.17,82083,19.13,20.88,92.75,1.66,0.25,2.18,20.47,0.83
36073401300,Orleans County,New York,True,11.54,37.78,8.89,0.0,416,64.98,7.28,11.88,89297,19.05,20.01,89.5,2.03,0.13,8.05,20.02,1.21
36073990000,Orleans County,New York,False,,,,,0,,,,,,,,,,,,
36075020101,Oswego County,New York,True,10.81,41.54,26.15,0.0,184,47.23,13.34,20.88,67333,17.87,19.77,95.06,1.18,0.0,0.62,34.89,0.43
36075020102,Oswego County,New York,True,10.62,37.04,22.22,5.88,149,45.95,15.69,18.75,70833,14.32,29.26,94.67,0.49,0.0,1.47,21.46,0.0
36075020201,Oswego County,New York,True,27.56,66.26,36.21,9.03,680,39.33,24.32,29.95,59646,23.35,20.72,96.1,0.0,0.0,0.0,25.27,0.0
36075020202,Oswego County,New York,True,26.19,59.83,51.28,2.5,332,80.03,18.19,21.28,67208,20.82,21.37,91.63,2.14,2.07,2.14,34.21,1.14
36075020301,Oswego County,New York,True,61.94,39.23,14.42,0.0,1332,77.59,20.55,29.27,50481,25.97,14.98,95.92,1.58,0.83,0.14,37.56,0.0
36075020303,Oswego County,New York,True,6.78,34.29,0.0,0.0,93,56.48,11.63,11.5,107258,28.94,17.92,96.29,0.0,0.0,0.0,12.83,1.7
36075020304,Oswego County,New York,True,17.36,93.67,48.1,0.0,185,59.97,20.94,34.44,62628,15.41,23.64,85.89,0.0,0.0,0.0,19.31,0.0
36075020400,Oswego County,New York,True,24.2,33.21,14.2,0.53,980,58.48,13.98,16.55,59081,22.06,18.12,96.85,0.76,0.27,0.45,28.46,0.16
36075020501,Oswego County,New York,True,13.5,30.0,17.14,17.58,271,49.94,10.27,17.66,60357,19.8,22.76,93.36,0.0,0.33,0.61,26.26,0.12
36075020502,Oswego County,New York,True,16.22,34.42,4.55,0.0,366,51.97,14.59,21.94,68008,16.76,18.35,92.86,0.43,0.66,1.75,29.22,0.37
36075020503,Oswego County,New York,True,18.78,45.57,27.85,0.0,258,40.14,26.55,22.57,65469,13.72,25.0,96.75,0.08,0.08,1.3,21.31,0.09
36075020600,Oswego County,New York,True,9.2,17.76,12.15,0.0,580,57.5,18.08,22.52,69792,20.41,21.73,91.66,0.04,0.02,5.09,18.35,0.27
36075020703,Oswego County,New York,True,10.28,63.48,22.47,0.0,361,37.48,9.97,10.51,91168,11.82,15.83,94.77,0.0,0.88,1.08,17.7,0.42
36075020704,Oswego County,New York,True,7.13,35.19,9.26,0.0,174,51.35,4.35,10.52,101847,17.9,15.35,91.54,0.0,2.0,0.0,20.56,0.0
36075020705,Oswego County,New York,True,15.26,39.37,10.24,0.0,255,38.1,7.49,13.22,81667,17.72,16.67,94.04,0.0,0.2,0.15,16.83,0.0
36075020706,Oswego County,New York,True,44.95,45.34,20.91,0.6,943,49.31,15.46,30.23,67500,16.09,20.9,97.91,0.08,0.13,0.59,40.52,0.0
36075020707,Oswego County,New York,True,15.89,33.64,33.64,0.0,246,54.99,4.55,7.74,67181,21.27,16.86,91.01,0.59,0.0,7.23,22.64,1.15
36075020800,Oswego County,New York,True,11.85,62.16,33.33,5.33,561,53.05,20.4,21.64,71548,13.43,30.35,92.45,0.38,0.0,7.12,30.88,0.0
36075020901,Oswego County,New York,True,52.14,59.48,31.37,2.55,1077,87.9,16.07,29.12,59327,18.03,25.2,93.65,0.04,0.0,2.45,35.68,0.0
36075020903,Oswego County,New York,True,8.44,40.74,40.74,26.47,336,53.43,20.89,17.72,73286,25.36,18.92,94.11,0.0,0.0,2.01,42.3,0.0
36075020904,Oswego County,New York,True,10.65,44.32,25.0,0.0,204,45.66,9.91,15.5,80333,19.39,22.22,92.51,0.0,0.0,1.85,23.37,0.0
36075020905,Oswego County,New York,True,16.7,53.25,22.08,0.0,178,54.66,9.79,21.69,95375,13.03,25.59,93.84,0.0,5.37,0.79,28.42,3.02
36075021001,Oswego County,New York,True,14.87,63.46,3.85,0.0,412,58.46,12.11,16.25,68424,18.52,22.66,94.96,0.43,0.0,3.79,32.01,0.61
36075021002,Oswego County,New York,True,30.52,4.13,1.24,0.0,548,42.01,14.06,11.66,77000,16.56,18.36,94.05,0.0,0.72,0.26,12.03,0.0
36075021003,Oswego County,New York,True,2.56,100.0,100.0,0.0,114,59.61,20.76,19.53,86667,16.25,19.61,91.7,0.0,0.44,8.39,23.26,0.0
36075021101,Oswego County,New York,True,43.7,51.99,22.01,0.0,1134,91.6,19.93,36.36,46135,16.11,22.51,84.39,2.56,0.0,7.88,36.36,1.32
36075021102,Oswego County,New York,True,64.32,61.41,47.1,0.0,1440,82.9,33.62,38.93,42500,13.71,25.11,89.15,0.6,0.0,2.6,23.94,0.0
36075021103,Oswego County,New York,True,26.04,56.89,39.58,0.0,546,87.95,17.76,20.62,62967,19.97,29.45,97.83,0.11,0.0,0.25,31.82,0.0
36075021104,Oswego County,New York,True,52.38,41.91,17.72,12.48,1319,73.72,25.39,22.2,51158,12.92,26.82,91.33,1.85,0.0,7.16,38.34,0.0
36075021201,Oswego County,New York,True,16.17,35.29,0.0,0.0,175,37.81,17.9,14.68,56111,15.71,23.9,97.85,0.0,0.0,0.59,12.44,0.6
36075021202,Oswego County,New York,True,39.08,50.0,43.89,0.0,864,71.32,11.3,18.15,100363,21.53,21.61,96.89,0.0,2.93,5.54,19.5,0.46
36075021203,Oswego County,New York,True,16.03,51.2,33.13,0.0,493,55.17,14.88,23.01,79657,17.13,16.32,97.12,0.48,0.0,1.0,20.74,1.59
36075021300,Oswego County,New York,True,16.41,44.09,27.56,0.0,821,43.51,15.96,18.12,74148,19.63,20.3,93.48,0.02,0.96,1.56,24.76,0.02
36075021401,Oswego County,New York,True,16.41,34.29,30.0,13.68,899,55.16,18.66,16.68,78083,11.82,11.94,79.71,7.0,3.15,9.57,25.71,0.5
36075021402,Oswego County,New York,True,13.44,47.73,18.18,0.0,121,71.49,6.91,12.72,100682,25.6,20.47,90.65,0.4,0.34,2.96,22.11,0.36
36075021501,Oswego County,New York,True,5.59,80.65,45.16,7.81,148,48.96,15.55,13.2,91324,20.94,22.26,91.7,0.0,0.24,1.63,21.77,0.0
36075021503,Oswego County,New York,True,3.96,33.33,33.33,0.0,61,44.56,6.22,9.24,111985,16.74,18.76,92.61,0.0,0.0,2.1,11.99,0.0
36075021504,Oswego County,New York,True,7.06,11.43,11.43,0.0,125,50.32,9.71,12.4,66000,22.99,12.14,89.54,0.0,1.77,0.93,32.16,0.0
36075021505,Oswego County,New York,True,47.84,50.38,32.91,0.0,842,31.74,15.31,23.86,73750,13.98,28.96,90.97,3.71,0.95,0.38,27.1,0.16
36075021601,Oswego County,New York,True,59.12,54.57,27.95,0.0,1434,86.8,18.51,28.13,49797,22.31,14.32,87.97,0.39,0.04,10.21,41.96,0.0
36075021602,Oswego County,New York,True,58.22,56.03,35.0,3.87,1508,79.14,33.69,29.44,53345,14.32,15.67,86.67,3.07,1.68,4.82,30.78,0.35
36075021603,Oswego County,New York,True,25.33,48.19,21.01,0.0,716,87.31,11.39,21.12,73313,21.31,22.77,92.94,0.0,1.67,1.22,27.67,0.0
36075021604,Oswego County,New York,True,56.65,63.1,40.15,1.01,2279,83.26,25.4,33.33,43276,20.46,28.67,91.87,1.17,1.35,4.61,35.51,0.83
36075021605,Oswego County,New York,True,49.85,72.2,20.18,0.0,1307,89.47,13.55,28.46,46939,12.21,22.33,93.43,0.13,0.61,9.12,37.19,0.0
36075990000,Oswego County,New York,False,,,,,0,,,,,,,,,,,,
36077590101,Otsego County,New York,True,11.59,37.04,14.81,0.0,263,66.31,12.39,18.09,74896,25.97,16.56,94.46,0.05,0.29,2.74,19.62,0.2
36077590102,Otsego County,New York,True,17.28,20.79,6.93,0.0,348,51.66,6.83,9.94,118333,25.21,14.64,91.04,2.39,3.67,0.67,24.01,0.0
36077590201,Otsego County,New York,True,20.02,57.14,25.6,0.0,226,54.22,7.47,15.97,81196,20.53,13.02,93.47,0.33,2.94,0.56,31.25,0.33
36077590202,Otsego County,New York,True,29.64,30.56,16.63,0.0,788,79.93,6.95,23.9,72891,31.82,12.13,90.57,1.74,1.82,3.31,38.08,1.2
36077590301,Otsego County,New York,True,28.28,39.09,8.64,10.91,491,75.66,18.16,23.65,59833,21.75,17.8,94.61,0.56,0.87,0.87,29.95,0.05
36077590302,Otsego County,New York,True,7.16,32.5,15.0,0.0,133,52.57,6.13,13.11,71000,20.37,18.92,96.11,0.05,1.35,0.78,26.68,0.6
36077590401,Otsego County,New York,True,21.48,35.29,22.06,4.93,310,60.72,25.74,21.94,67639,17.23,25.26,95.4,0.75,0.0,1.64,23.75,2.11
36077590402,Otsego County,New York,True,11.48,49.63,9.63,0.0,359,52.97,15.0,19.11,72733,26.19,19.31,92.69,0.11,0.17,4.16,23.64,0.28
36077590500,Otsego County,New York,True,16.15,33.71,4.49,0.0,413,50.94,6.78,14.52,73333,23.19,15.09,89.75,0.65,3.3,1.15,23.77,0.04
36077590600,Otsego County,New York,True,8.14,23.08,7.69,3.39,241,62.01,6.73,13.93,69659,25.99,15.11,91.76,0.33,0.0,4.78,27.17,0.34
36077590701,Otsego County,New York,True,6.72,78.79,15.15,6.98,79,68.99,10.54,18.59,63036,31.71,18.02,90.72,0.73,0.0,1.94,25.62,0.0
36077590702,Otsego County,New York,True,9.28,91.78,89.04,0.0,138,69.54,21.68,25.54,69886,17.45,20.34,78.5,1.86,0.0,13.26,23.89,0.0
36077590800,Otsego County,New York,True,24.76,46.93,12.47,0.0,899,72.75,14.12,18.12,79074,25.03,11.37,86.2,4.63,1.08,8.19,28.23,1.47
36077590900,Otsego County,New York,True,39.88,37.31,15.4,0.0,715,96.55,8.58,14.8,79659,28.18,14.72,85.28,6.91,1.81,2.8,49.25,0.61
36077591000,Otsego County,New York,True,57.94,63.08,26.79,2.37,1683,95.19,21.17,33.47,53750,17.94,10.35,87.32,1.92,2.83,6.12,39.38,0.0
36077591100,Otsego County,New York,True,66.79,39.72,16.54,0.0,2220,87.38,18.81,19.99,56324,13.78,11.48,82.26,5.96,3.72,6.57,38.84,0.08
36077591401,Otsego County,New York,True,22.44,47.3,9.01,1.12,520,60.98,8.54,21.85,77553,27.37,16.52,91.21,0.33,3.05,2.06,32.35,0.0
36077591402,Otsego County,New York,True,16.21,31.36,15.25,0.0,318,54.4,10.19,20.36,72404,24.05,19.04,93.14,0.48,0.0,3.65,22.6,1.42
36077591500,Otsego County,New York,True,13.81,44.85,13.92,0.0,410,59.71,8.34,13.74,79318,21.75,19.0,95.25,0.3,0.63,2.09,27.61,0.0
36077591601,Otsego County,New York,True,15.19,30.19,18.87,7.55,256,70.53,12.3,18.48,65882,17.55,15.65,95.51,0.0,2.53,2.53,34.67,0.43
36077591602,Otsego County,New York,True,19.72,40.54,18.92,1.51,307,62.41,10.48,20.12,51250,21.73,20.74,97.56,0.0,0.09,0.0,41.53,0.99
36077591700,Otsego County,New York,True,31.78,36.17,5.85,0.0,264,84.52,11.26,22.3,100875,5.23,4.64,75.36,8.23,1.59,12.2,41.1,0.0
36079010100,Putnam County,New York,True,3.12,77.78,33.33,0.0,107,82.1,8.97,12.81,107625,21.63,13.86,72.81,1.81,1.32,27.25,15.78,0.18
36079010201,Putnam County,New York,True,23.07,74.77,62.46,0.0,756,51.19,5.88,16.09,101339,18.62,21.06,78.05,1.4,6.47,16.85,26.59,3.04
36079010202,Putnam County,New York,True,34.46,53.74,28.19,2.11,572,48.32,42.05,16.08,91458,8.58,15.99,68.6,9.8,2.28,17.9,22.85,2.03
36079010300,Putnam County,New York,True,10.81,90.85,36.6,0.0,467,83.9,8.54,13.69,132132,12.54,21.48,52.38,9.44,1.3,37.05,19.1,2.02
36079010400,Putnam County,New York,True,19.83,91.15,35.94,4.67,349,72.0,8.1,21.32,80881,16.9,24.83,76.21,0.74,2.4,21.52,30.12,3.98
36079010500,Putnam County,New York,True,9.62,45.24,23.02,0.0,331,72.3,4.01,9.84,140962,21.82,18.83,68.46,1.75,3.21,20.56,16.65,1.28
36079010600,Putnam County,New York,True,17.23,42.38,25.71,10.92,646,64.56,7.37,6.23,156840,24.29,20.72,82.76,6.22,0.97,5.68,23.68,0.0
36079010700,Putnam County,New York,True,33.1,54.94,26.54,0.0,632,76.49,4.08,10.88,120536,20.49,20.8,86.34,0.66,2.17,6.79,32.11,0.12
36079010800,Putnam County,New York,True,12.47,41.38,10.34,8.24,325,78.28,7.43,4.26,127289,24.01,19.12,82.65,1.29,1.47,11.98,23.11,0.38
36079010901,Putnam County,New York,True,7.35,11.76,11.76,0.0,211,71.18,9.62,4.93,147331,13.53,16.65,76.58,3.56,4.29,26.79,8.6,1.08
36079010902,Putnam County,New York,True,15.53,82.74,12.5,0.0,472,76.88,1.76,8.17,119028,23.96,21.62,81.79,3.33,0.03,14.38,24.14,2.87
36079011000,Putnam County,New York,True,7.87,72.34,46.81,0.0,195,72.69,1.92,6.84,156250,18.58,21.59,74.06,1.72,2.48,15.25,15.19,1.7
36079011100,Putnam County,New York,True,7.15,49.12,49.12,0.0,168,67.33,3.49,8.09,136676,17.54,16.58,87.96,0.91,1.36,17.15,20.83,1.45
36079011201,Putnam County,New York,True,10.82,100.0,62.75,0.0,111,64.21,1.1,9.54,151619,20.65,26.59,83.7,2.03,0.13,12.68,15.59,8.94
36079011202,Putnam County,New York,True,7.95,56.25,38.75,0.0,277,80.24,2.02,3.13,140213,16.08,23.07,71.52,0.35,2.26,24.87,14.14,1.31
36079011300,Putnam County,New York,True,14.68,72.46,55.93,2.48,468,69.05,6.65,10.38,117193,18.87,20.2,74.05,5.7,3.67,13.51,14.08,4.75
36079011400,Putnam County,New York,True,18.25,90.71,22.29,0.0,846,75.61,2.52,9.07,111149,18.04,15.79,77.19,1.02,2.84,21.61,20.74,1.05
36079011501,Putnam County,New York,True,36.88,48.19,20.72,14.33,1203,33.46,9.67,18.93,109159,30.98,13.76,77.1,2.42,1.79,18.55,35.31,2.46
36079011502,Putnam County,New York,True,8.32,25.0,25.0,0.0,280,64.7,8.42,9.17,144107,19.43,17.32,84.82,6.46,4.28,6.46,14.23,1.9
36079011600,Putnam County,New York,True,7.35,100.0,100.0,0.0,282,69.34,3.05,5.48,139208,18.04,22.89,82.85,0.85,0.41,19.4,17.34,0.76
36079011700,Putnam County,New York,True,13.14,63.48,15.65,0.0,379,50.43,4.36,13.4,139539,18.52,20.56,77.44,3.18,0.6,20.54,23.78,3.1
36079011801,Putnam County,New York,True,58.2,54.96,20.98,11.97,1946,85.55,12.32,23.62,67599,14.24,17.91,51.05,1.7,0.49,45.85,38.42,11.21
36079011802,Putnam County,New York,True,9.04,78.98,31.21,49.4,467,56.21,13.32,16.73,109792,23.0,17.03,62.91,1.19,9.13,26.69,24.26,5.13
36079011900,Putnam County,New York,True,12.69,31.66,0.0,0.0,785,44.86,4.63,4.9,121837,22.54,19.37,72.45,5.16,0.44,20.03,19.13,1.75
36081000101,Queens County,New York,True,67.95,33.69,16.03,9.02,3299,5.22,6.02,8.95,134304,12.28,14.06,51.15,0.73,27.03,12.09,41.92,6.83
36081000102,Queens County,New York,True,95.85,31.73,12.93,11.98,6615,3.23,3.43,3.83,213135,2.02,18.82,60.84,2.16,23.48,10.37,33.91,3.43
36081000103,Queens County,New York,True,100.0,0.0,0.0,0.0,35,100.0,0.0,0.0,,0.0,0.0,60.0,0.0,40.0,0.0,23.81,0.0
36081000104,Queens County,New York,True,100.0,100.0,0.0,0.0,74,100.0,63.35,0.0,,9.61,8.54,10.68,43.06,0.0,46.26,0.0,28.83
36081000200,Queens County,New York,True,53.98,71.03,35.52,14.32,1304,90.96,15.09,20.49,84643,13.86,11.48,18.78,5.0,28.29,50.68,22.37,12.81
36081000400,Queens County,New York,True,47.26,69.11,17.07,2.85,1861,93.9,8.46,12.94,74107,12.8,21.18,9.65,8.68,24.11,61.77,10.42,28.85
36081000600,Queens County,New York,True,51.12,34.14,22.02,11.51,1661,84.11,17.5,12.58,101042,13.21,24.49,12.82,5.1,25.84,60.44,5.68,24.2
36081000701,Queens County,New York,True,58.28,31.35,8.4,4.97,1985,39.95,5.12,5.03,136875,4.58,20.29,46.74,8.99,22.92,10.59,32.01,1.63
36081000702,Queens County,New York,True,86.01,44.41,29.04,11.9,4015,47.29,15.44,15.17,132368,10.53,23.15,45.44,3.81,35.75,10.58,29.37,6.61
36081000800,Queens County,New York,True,35.01,43.35,37.64,18.67,1159,95.61,10.06,8.22,111856,19.45,16.96,20.3,8.15,22.88,58.6,8.03,21.17
36081001000,Queens County,New York,True,47.5,55.95,20.98,15.34,2108,95.57,8.47,13.61,85625,9.66,23.99,7.1,4.14,10.42,71.66,9.22,16.19
36081001200,Queens County,New York,True,58.48,35.11,9.35,12.59,2267,98.53,5.53,14.4,86524,11.69,23.38,12.27,8.6,19.18,64.18,13.44,22.74
36081001400,Queens County,New York,True,58.83,61.21,51.25,5.03,1729,88.84,11.78,14.38,80456,10.86,14.6,21.39,8.48,27.18,43.75,34.26,15.95
36081001600,Queens County,New York,True,37.24,75.19,55.73,20.49,1002,91.04,14.45,19.87,77500,12.23,17.66,15.21,3.02,26.64,61.25,16.58,29.29
36081001800,Queens County,New York,True,43.29,65.47,43.37,12.24,1354,86.41,16.93,12.4,118694,20.43,15.5,14.21,3.8,10.38,58.58,15.22,15.11
36081001901,Queens County,New York,True,66.25,25.48,16.98,10.54,1139,21.29,2.53,4.95,232109,3.62,8.34,43.5,2.19,37.57,10.24,45.49,0.73
36081001902,Queens County,New York,True,80.23,36.57,18.76,11.86,5576,2.33,10.15,8.19,171458,1.36,6.46,39.95,0.78,49.06,6.72,47.51,0.52
36081001903,Queens County,New York,True,75.13,37.39,16.85,1.43,1550,4.18,5.0,6.98,172986,0.05,9.61,38.2,2.72,53.3,2.91,61.93,0.21
36081002000,Queens County,New York,True,39.41,57.53,46.24,16.13,648,65.08,11.56,12.08,138750,18.21,20.41,16.01,1.52,23.17,53.21,14.19,11.22
36081002200,Queens County,New York,True,68.28,50.56,42.89,2.88,1085,87.11,9.85,9.67,71667,19.15,24.25,26.67,8.86,17.22,56.61,15.71,12.61
36081002400,Queens County,New York,True,48.84,57.32,25.61,36.61,1048,81.99,15.72,12.06,88421,13.17,22.45,15.14,8.17,14.81,57.21,18.6,17.77
36081002500,Queens County,New York,True,98.78,46.12,20.26,5.33,6489,84.64,27.5,54.62,26044,17.27,16.0,11.47,28.21,23.68,31.23,51.03,13.78
36081002600,Queens County,New York,True,28.85,64.33,42.11,22.05,803,90.9,12.97,14.64,135267,22.09,20.57,18.25,7.87,21.06,38.69,6.07,7.64
36081002800,Queens County,New York,True,53.61,41.41,21.89,5.56,1063,94.23,10.94,14.53,89545,20.05,13.6,12.38,3.92,30.11,47.73,38.18,13.84
36081003000,Queens County,New York,True,41.91,52.72,40.76,38.59,483,97.8,3.83,14.81,120417,14.26,13.33,34.26,3.05,14.18,60.99,9.11,10.59
36081003100,Queens County,New York,True,84.29,47.12,24.06,4.83,1241,54.26,20.42,20.79,121908,11.37,7.17,35.04,5.01,21.05,30.96,46.67,15.07
36081003200,Queens County,New York,True,38.05,57.82,36.49,9.77,763,76.11,22.33,19.12,130160,12.51,22.82,14.72,3.31,10.25,70.08,8.67,18.67
36081003301,Queens County,New York,True,93.26,39.4,13.7,6.26,3795,9.05,11.41,11.37,152056,1.83,6.19,37.41,3.02,48.34,7.0,51.72,0.81
36081003302,Queens County,New York,True,82.69,41.82,30.18,6.98,576,82.0,33.1,20.91,80385,13.35,13.26,32.77,16.95,23.3,33.9,48.8,12.74
36081003400,Queens County,New York,True,53.02,65.66,50.82,2.85,1096,96.31,19.78,19.23,74922,12.94,19.85,16.88,8.06,15.16,58.11,16.48,19.22
36081003600,Queens County,New York,True,55.89,42.64,16.89,13.38,1797,80.81,13.51,14.3,64459,21.8,21.77,12.88,4.11,29.4,49.76,15.98,31.15
36081003700,Queens County,New York,False,,,,,0,16.67,,,,,,,,,,,
36081003800,Queens County,New York,True,55.27,53.15,30.14,4.64,1164,79.51,11.68,12.96,86146,15.51,21.05,21.46,7.69,23.25,57.67,26.64,20.59
36081003900,Queens County,New York,True,90.17,70.09,27.14,12.39,1228,66.06,19.73,16.18,59988,5.74,18.65,25.34,3.11,9.53,72.5,25.82,19.52
36081004001,Queens County,New York,True,58.66,57.0,34.35,14.25,1014,84.99,9.6,7.91,92500,9.55,16.0,28.5,2.91,18.03,47.07,13.58,19.1
36081004002,Queens County,New York,True,43.3,76.85,45.32,22.03,757,92.04,20.3,23.12,49379,35.62,20.5,5.66,7.53,27.69,34.14,9.36,15.19
36081004200,Queens County,New York,True,55.06,71.07,37.11,28.62,2571,97.85,27.59,11.86,67270,10.9,29.84,4.26,10.62,54.38,26.42,8.05,17.56
36081004300,Queens County,New York,True,100.0,53.27,30.25,4.96,2005,93.92,31.04,54.27,26814,24.64,24.35,9.74,48.79,7.92,35.51,47.32,16.55
36081004401,Queens County,New York,True,48.72,40.58,23.46,6.7,1710,93.8,19.7,33.89,61920,11.85,22.16,12.14,5.53,62.47,21.61,19.06,14.85
36081004500,Queens County,New York,True,20.92,66.56,41.47,0.0,528,81.61,8.48,15.47,97462,27.99,8.7,55.73,1.27,24.73,13.63,48.07,8.33
36081004700,Queens County,New York,True,94.22,44.89,20.46,8.58,3684,97.08,30.51,35.97,56333,16.38,23.59,27.98,27.63,12.06,30.18,35.2,6.03
36081005000,Queens County,New York,False,,,,,0,,,,,,,,,,,,
36081005100,Queens County,New York,True,95.78,54.6,16.92,29.34,2245,73.25,8.03,8.67,90104,7.51,21.41,21.1,1.65,47.68,20.19,33.14,10.63
36081005200,Queens County,New York,True,54.09,75.51,42.86,16.25,992,55.98,15.33,21.82,76300,9.16,18.41,15.02,2.48,51.37,26.31,11.82,13.89
36081005300,Queens County,New York,True,84.32,40.51,25.33,8.28,4008,82.53,5.76,6.4,113816,4.93,13.09,49.31,1.33,26.18,19.22,37.37,9.25
36081005400,Queens County,New York,True,31.82,63.27,42.86,1.45,1442,98.12,11.59,16.34,78633,16.57,16.38,23.89,11.07,20.93,32.73,24.97,9.71
36081005500,Queens County,New York,True,87.41,43.22,27.56,18.15,1184,66.2,7.9,18.62,81310,11.04,20.3,30.59,3.11,25.7,39.93,33.1,16.91
36081005700,Queens County,New York,True,90.74,39.71,20.51,5.5,3458,86.23,23.27,13.32,94142,12.26,12.61,50.03,4.32,10.05,27.37,31.89,10.15
36081005800,Queens County,New York,True,43.92,45.73,18.6,14.75,2849,87.8,2.24,15.32,91875,14.58,28.18,24.24,3.96,28.31,42.73,26.49,10.04
36081005900,Queens County,New York,True,93.77,50.47,23.49,13.57,3911,94.52,8.94,21.66,76813,13.81,22.34,50.88,2.12,5.01,36.88,43.69,6.46
36081006100,Queens County,New York,True,95.73,37.75,12.08,8.41,4932,72.14,5.98,9.45,106413,9.2,10.37,57.69,1.06,22.74,19.09,43.0,5.13
36081006201,Queens County,New York,True,18.46,83.71,66.97,0.0,1189,97.37,7.99,19.62,61954,29.97,16.87,49.08,10.39,11.28,29.83,44.65,3.09
36081006202,Queens County,New York,True,49.14,40.85,21.71,9.43,3500,76.13,7.29,12.15,91902,19.42,27.97,41.27,4.12,5.9,47.77,21.54,1.73
36081006300,Queens County,New York,True,85.5,29.49,13.48,4.68,4777,85.22,4.53,6.84,137746,8.52,8.02,55.69,0.61,16.76,21.38,38.87,4.55
36081006501,Queens County,New York,True,94.48,40.51,14.95,3.85,2800,93.96,6.81,14.32,94628,14.15,8.51,48.88,4.36,17.3,32.99,43.08,2.92
36081006502,Queens County,New York,True,83.11,47.9,15.51,4.41,3139,71.39,15.19,9.02,80539,11.25,10.82,63.77,2.67,4.91,28.35,38.82,10.18
36081006900,Queens County,New York,True,91.22,38.84,15.13,5.92,4007,51.78,10.35,15.2,121526,14.47,12.04,54.65,5.45,14.96,25.15,34.55,13.03
36081007100,Queens County,New York,True,94.91,41.99,21.9,5.08,3274,76.66,10.45,8.45,89562,9.49,12.7,49.63,5.99,15.94,21.7,44.56,9.09
36081007300,Queens County,New York,True,83.72,39.68,27.88,6.56,2961,75.67,7.71,17.77,101691,13.72,7.53,47.15,2.31,21.37,23.97,48.84,10.17
36081007500,Queens County,New York,True,80.32,41.11,28.62,10.52,3818,91.96,10.54,17.72,79634,28.43,10.48,53.1,5.42,14.93,22.21,43.61,10.61
36081007700,Queens County,New York,True,84.32,34.99,18.23,8.05,1500,36.11,27.08,15.8,139267,11.19,10.09,58.65,2.56,18.87,20.07,36.37,9.23
36081007900,Queens County,New York,True,61.98,50.47,33.88,5.14,1610,59.56,16.74,23.9,111875,13.31,10.72,32.71,2.15,31.8,33.19,37.65,9.36
36081008100,Queens County,New York,True,78.31,58.86,19.43,2.42,973,37.28,4.38,4.66,122798,8.63,17.25,49.02,4.71,16.8,28.69,33.48,4.8
36081008300,Queens County,New York,True,91.28,49.25,19.4,11.72,2061,57.04,12.22,19.73,94803,9.23,19.33,36.51,6.28,9.44,48.48,43.2,17.79
36081008500,Queens County,New York,True,95.6,47.71,23.72,15.6,1313,75.16,32.12,10.02,82708,0.82,28.56,24.27,13.62,18.73,45.14,12.96,27.65
36081008600,Queens County,New York,True,31.22,62.99,53.74,1.96,790,85.66,14.36,9.69,89667,17.03,22.06,30.2,2.36,15.65,51.06,18.78,19.71
36081008700,Queens County,New York,True,99.47,52.03,33.04,8.9,3428,75.33,36.18,51.21,,20.37,16.44,13.79,38.62,6.29,40.78,44.6,6.09
36081008800,Queens County,New York,True,37.78,42.29,22.47,3.68,1331,73.73,4.92,9.24,127313,10.44,23.46,29.74,11.2,14.9,47.11,18.48,7.93
36081009100,Queens County,New York,True,57.78,52.7,18.25,4.77,1113,42.21,6.07,10.33,99070,6.17,14.47,53.42,6.17,12.45,25.83,48.33,5.87
36081009400,Queens County,New York,True,50.0,63.88,36.93,15.78,1239,89.12,19.32,27.23,73636,10.27,22.42,7.02,14.44,36.02,20.8,19.21,4.26
36081009500,Queens County,New York,True,73.27,37.56,10.33,0.0,1323,97.43,6.64,8.42,127946,18.58,9.7,71.36,1.38,14.55,14.34,25.26,1.64
36081009600,Queens County,New York,True,20.16,55.56,41.67,31.68,766,91.74,10.94,12.67,124423,25.78,15.92,3.91,10.58,39.52,11.43,11.18,5.69
36081009700,Queens County,New York,True,67.41,30.96,16.99,7.91,2565,92.36,9.0,10.07,121088,13.76,19.96,66.38,5.5,14.96,17.49,18.56,4.81
36081009800,Queens County,New York,True,46.36,74.01,60.55,2.37,932,95.59,13.36,20.03,84458,19.81,13.67,5.51,13.81,39.98,14.58,11.39,8.29
36081009900,Queens County,New York,False,,,,,0,,,,,,,,,,,,
36081010000,Queens County,New York,True,20.6,27.75,15.18,26.18,860,99.01,10.55,23.3,114327,23.46,21.51,13.47,6.72,26.54,29.2,28.05,4.75
36081010100,Queens County,New York,True,62.5,35.16,11.09,2.34,1354,92.2,5.55,10.4,147308,15.41,18.65,71.44,2.38,4.13,19.21,28.38,2.16
36081010200,Queens County,New York,True,40.82,48.92,37.23,12.97,1021,92.13,12.34,10.24,107270,13.04,17.69,3.92,12.82,45.18,10.4,6.94,9.72
36081010300,Queens County,New York,True,77.46,43.69,19.33,14.67,2705,95.85,11.65,23.07,84821,16.68,20.36,56.76,2.81,19.18,19.49,39.55,7.01
36081010400,Queens County,New York,True,37.75,66.91,55.31,12.02,1158,86.26,12.58,10.07,95781,18.9,15.67,9.53,32.17,16.79,24.99,10.53,8.63
36081010500,Queens County,New York,True,87.2,53.9,24.36,22.74,4198,88.25,13.37,19.18,65233,14.65,18.77,52.89,7.84,10.0,28.02,35.6,9.94
36081010600,Queens County,New York,True,27.55,61.2,16.8,17.13,865,95.69,14.79,13.28,121250,32.57,14.61,4.06,6.28,12.39,32.42,13.72,4.65
36081010701,Queens County,New York,False,,,,,0,,,,,,,,,,,,
36081010800,Queens County,New York,True,26.77,78.42,25.79,2.36,920,83.81,7.54,16.16,108299,12.02,20.43,2.88,0.36,53.18,23.85,9.6,10.21
36081011000,Queens County,New York,True,55.84,58.39,45.74,19.71,1727,83.01,27.85,33.83,77031,14.58,17.1,4.08,9.72,26.61,29.13,11.14,15.23
36081011100,Queens County,New York,True,71.8,29.18,13.92,8.25,2146,95.35,12.83,21.1,111125,12.62,15.45,64.07,0.0,8.23,23.21,24.2,5.96
36081011200,Queens County,New York,True,54.14,60.88,46.01,10.13,1463,89.83,19.1,23.57,69030,23.41,18.69,14.44,2.15,45.14,29.64,15.52,9.81
36081011300,Queens County,New York,True,78.65,57.99,18.67,1.74,3304,94.1,8.53,12.24,87393,8.01,9.85,61.3,3.01,9.04,25.02,33.69,6.17
36081011400,Queens County,New York,True,73.07,55.11,21.9,23.36,1418,96.29,11.53,2.93,121442,10.12,24.27,12.0,2.88,14.36,66.77,8.8,14.8
36081011500,Queens County,New York,True,92.9,42.79,28.36,5.98,2246,89.33,8.19,6.92,113370,8.15,18.79,59.79,6.54,7.33,25.32,33.42,6.02
36081011600,Queens County,New York,True,41.1,63.64,45.85,8.81,725,85.41,32.43,17.17,71576,10.51,19.09,16.13,3.77,18.46,55.03,13.23,15.63
36081011700,Queens County,New York,True,77.63,38.66,16.21,3.91,2951,97.63,9.66,12.56,125550,10.83,14.65,67.1,1.84,10.96,22.71,27.45,6.59
36081011800,Queens County,New York,True,53.21,77.61,22.62,11.45,1206,92.01,10.67,19.12,86754,10.71,17.59,8.7,8.33,34.81,27.93,8.87,14.47
36081011900,Queens County,New York,True,87.66,48.09,25.21,5.28,1353,94.4,6.93,18.09,84886,10.55,16.42,60.11,1.19,6.99,31.46,33.66,9.78
36081012000,Queens County,New York,True,58.15,76.54,36.31,23.81,1282,90.83,15.29,16.15,82500,12.99,19.49,4.63,6.24,42.72,18.47,22.92,15.46
36081012100,Queens County,New York,True,60.46,41.85,18.28,14.34,1230,91.23,10.94,11.45,108125,17.66,18.03,76.09,0.79,8.22,16.86,29.83,6.08
36081012200,Queens County,New York,True,39.2,65.33,32.12,27.74,996,95.59,9.6,8.58,118015,13.41,26.57,15.35,8.2,29.53,42.84,9.3,10.67
36081012301,Queens County,New York,True,60.32,30.93,17.14,12.91,1847,82.4,3.76,5.8,106328,14.84,21.78,73.38,5.03,1.71,20.1,33.06,4.65
36081012400,Queens County,New York,True,60.2,62.02,53.82,1.3,1361,95.79,9.41,18.62,71435,18.67,19.98,12.91,24.13,31.48,37.69,10.26,11.43
36081012500,Queens County,New York,True,87.6,43.11,17.32,4.84,1180,91.28,7.68,16.01,93309,12.65,10.44,56.76,1.84,12.79,24.19,31.71,1.38
36081012601,Queens County,New York,True,44.56,63.08,46.22,18.6,1120,96.76,8.51,11.66,82450,8.65,30.57,14.85,6.06,16.9,52.57,11.79,9.71
36081012602,Queens County,New York,True,48.43,47.83,14.78,7.01,1046,89.63,10.65,8.49,79531,9.57,21.99,17.56,1.67,32.51,40.09,13.32,11.38
36081012800,Queens County,New York,True,52.21,52.26,27.12,9.04,814,97.99,9.21,10.77,103750,14.75,23.67,42.32,1.22,12.17,36.59,24.78,8.98
36081013000,Queens County,New York,True,62.14,53.91,20.87,22.3,948,98.0,6.12,14.71,82708,18.43,21.32,43.9,8.8,13.29,19.08,31.0,6.76
36081013200,Queens County,New York,True,65.32,40.77,22.55,6.19,1038,88.29,8.18,11.71,84452,9.34,17.4,32.14,8.11,18.06,31.28,23.41,7.67
36081013400,Queens County,New York,True,63.19,63.2,37.26,4.79,2820,93.33,7.36,20.16,77073,27.11,17.32,47.19,8.24,15.99,27.49,38.02,14.85
36081013500,Queens County,New York,True,42.49,39.02,21.95,5.28,416,85.05,5.96,15.2,103250,21.77,26.8,89.49,0.0,1.88,13.66,41.62,1.61
36081013600,Queens County,New York,True,54.65,46.03,18.37,3.99,1007,87.79,12.82,16.3,86601,14.29,25.34,43.66,7.17,14.44,30.89,40.18,6.4
36081013700,Queens County,New York,True,79.08,37.76,24.02,3.89,1415,78.31,5.07,8.27,108056,12.17,10.94,72.89,0.0,2.19,22.79,15.84,1.92
36081013800,Queens County,New York,True,44.38,62.54,39.32,9.55,1271,92.09,22.04,17.75,76938,11.55,23.1,30.26,4.41,37.8,21.6,31.34,14.97
36081014000,Queens County,New York,True,64.35,47.61,28.48,11.23,2265,83.64,4.13,6.56,117631,10.27,31.96,52.64,3.65,10.43,28.76,32.31,5.12
36081014100,Queens County,New York,True,76.46,35.82,17.18,9.08,1242,95.63,9.73,9.17,100568,10.66,11.41,48.36,4.46,22.75,26.1,34.7,12.06
36081014201,Queens County,New York,True,52.93,46.75,26.75,23.98,2581,83.14,7.75,17.09,70813,12.44,19.67,13.92,6.15,38.76,39.95,22.88,17.91
36081014202,Queens County,New York,True,44.19,52.13,49.65,23.21,915,93.67,12.15,15.69,88750,27.51,17.24,11.72,8.89,14.85,50.96,19.31,11.71
36081014300,Queens County,New York,True,81.53,56.09,25.67,8.55,3197,85.9,12.85,16.26,95446,10.07,21.8,59.28,1.38,11.42,26.55,38.75,6.62
36081014400,Queens County,New York,True,81.47,45.94,44.55,7.89,1311,98.99,14.3,26.84,80101,20.47,24.48,15.08,6.28,49.73,32.26,25.9,13.16
36081014500,Queens County,New York,True,81.83,37.72,17.74,2.88,1733,93.31,9.69,10.83,88462,15.36,14.9,61.1,2.06,10.21,20.71,26.65,9.61
36081014700,Queens County,New York,True,90.66,40.86,7.69,3.98,2765,83.8,9.92,5.52,94180,7.76,17.78,60.67,5.71,7.05,27.98,28.17,4.44
36081014800,Queens County,New York,True,34.81,27.96,23.7,20.18,830,88.03,7.54,41.53,,17.32,15.33,7.0,5.56,38.51,33.55,34.81,14.99
36081014900,Queens County,New York,True,93.79,61.41,40.35,3.04,2039,97.79,17.57,13.54,66000,3.65,14.79,50.3,0.0,10.45,35.41,30.75,4.82
36081015000,Queens County,New York,True,35.65,63.0,37.5,4.76,821,93.11,4.25,12.22,91116,18.18,16.21,3.05,10.08,40.17,30.94,19.69,28.3
36081015100,Queens County,New York,True,74.1,59.91,27.95,16.15,2065,96.0,13.57,17.67,68932,11.48,14.37,56.84,1.23,12.1,29.83,32.98,9.77
36081015200,Queens County,New York,True,51.79,49.01,30.54,14.53,1294,75.34,8.67,21.94,82093,20.7,19.66,1.89,15.81,20.89,15.31,10.33,5.13
36081015300,Queens County,New York,True,79.24,48.77,25.68,4.14,1373,88.63,13.23,12.39,88636,15.54,6.92,69.3,1.59,12.85,11.42,41.1,4.54
36081015400,Queens County,New York,True,53.9,57.93,21.03,15.15,1104,85.17,10.24,11.43,69414,10.37,20.03,4.05,14.02,33.28,22.17,8.17,7.06
36081015500,Queens County,New York,True,87.36,37.69,18.02,5.43,1487,76.1,4.2,10.16,94375,15.81,9.3,47.29,1.75,28.83,17.84,43.57,8.95
36081015600,Queens County,New York,True,31.04,49.8,29.25,34.39,992,90.58,13.31,21.72,79063,16.77,19.88,2.42,8.67,53.14,13.72,17.3,10.79
36081015700,Queens County,New York,True,98.88,59.97,29.91,6.21,1363,83.18,7.95,9.62,75982,9.99,12.25,33.63,1.31,25.75,38.66,47.84,12.91
36081015801,Queens County,New York,True,35.84,50.72,25.51,7.61,994,81.77,14.03,14.02,98387,21.95,17.21,0.31,13.25,39.29,20.93,25.4,10.76
36081015802,Queens County,New York,True,51.26,53.11,32.62,33.07,3003,95.31,7.73,4.16,105149,19.8,21.21,1.96,8.86,22.42,30.16,8.07,17.45
36081015900,Queens County,New York,True,88.43,53.86,35.37,2.67,3231,92.64,9.14,19.25,71615,13.08,14.38,52.96,8.6,9.81,27.41,44.6,9.82
36081016100,Queens County,New York,True,72.6,58.96,35.49,12.87,1505,93.8,6.41,15.24,92042,11.24,17.85,44.08,2.91,23.62,32.45,29.83,15.68
36081016300,Queens County,New York,True,91.4,49.47,20.79,2.8,3505,100.0,20.75,47.91,35237,24.06,21.13,18.15,24.82,8.16,47.83,39.01,16.34
36081016400,Queens County,New York,True,23.21,80.39,43.63,0.0,807,96.46,11.06,23.66,80568,17.48,16.48,0.63,15.88,24.37,31.07,8.99,9.02
36081016600,Queens County,New York,True,30.28,76.57,20.16,65.12,1022,87.93,11.35,10.81,78108,18.41,17.24,2.89,7.35,29.12,17.78,13.78,4.74
36081016800,Queens County,New York,True,30.79,37.79,26.34,30.53,945,87.68,11.36,12.22,108173,14.2,13.89,0.99,13.55,31.34,26.21,21.39,6.72
36081016900,Queens County,New York,True,62.49,49.91,17.69,7.37,3682,93.55,6.79,6.59,89679,10.8,19.34,54.98,2.34,28.57,22.9,38.39,6.76
36081017000,Queens County,New York,True,22.42,65.07,49.32,19.08,498,93.89,5.99,12.39,108229,12.42,19.72,2.41,43.28,28.63,8.62,10.32,1.72
36081017101,Queens County,New York,False,,,,,0,,,,,,,,,,,,
36081017102,Queens County,New York,True,100.0,70.86,0.0,0.0,321,4.11,6.41,0.0,184083,0.0,0.0,0.0,3.2,93.31,3.2,23.43,0.0
36081017200,Queens County,New York,True,31.74,86.93,55.28,8.54,533,91.79,15.89,14.35,74760,13.84,25.27,1.74,40.59,33.25,8.87,27.11,6.2
36081017400,Queens County,New York,True,37.91,56.72,3.36,17.03,877,87.85,4.78,10.58,121759,12.94,19.54,2.92,17.93,39.43,21.07,6.46,5.5
36081017600,Queens County,New York,True,30.95,42.36,42.36,31.16,530,91.4,19.85,15.55,83906,22.76,25.02,1.91,41.14,23.15,22.72,13.06,4.13
36081017800,Queens County,New York,True,31.84,63.1,47.02,18.92,638,83.44,6.09,9.81,90096,9.01,16.2,2.3,21.48,41.61,15.72,10.33,0.85
36081017901,Queens County,New York,True,94.9,44.82,11.33,19.86,957,90.79,2.22,7.32,81319,3.35,17.8,24.88,1.44,27.75,35.69,37.69,6.68
36081017902,Queens County,New York,False,,,,,0,,100.0,,,20.29,20.29,21.74,56.52,0.0,84.06,,52.73
36081018000,Queens County,New York,True,36.22,57.75,19.72,33.8,647,79.59,15.7,11.73,80147,14.1,30.39,7.57,23.0,23.85,13.44,3.57,8.76
36081018101,Queens County,New York,True,89.98,54.4,22.77,11.63,3207,94.15,14.28,19.82,78864,10.39,9.8,40.4,4.16,14.1,39.52,39.48,13.61
36081018102,Queens County,New York,True,82.6,52.97,22.87,12.45,3115,96.32,5.79,14.17,83750,11.85,18.59,40.79,1.68,35.19,22.61,42.75,8.12
36081018200,Queens County,New York,True,33.42,77.82,56.85,0.0,633,60.65,12.1,12.97,93043,16.46,19.33,4.48,55.8,4.55,13.43,14.57,4.22
36081018300,Queens County,New York,True,82.67,63.48,18.49,18.99,4163,89.15,18.69,21.36,71891,14.93,20.01,48.95,1.42,25.72,30.64,52.85,16.19
36081018401,Queens County,New York,True,36.93,53.44,42.91,0.0,709,77.3,20.34,31.12,57679,14.03,16.47,0.0,55.0,5.12,13.69,21.16,6.02
36081018402,Queens County,New York,True,31.52,64.36,54.46,27.44,817,96.48,11.24,14.52,89766,10.93,23.5,0.49,62.07,4.94,20.56,17.89,1.62
36081018501,Queens County,New York,True,55.26,45.28,23.65,8.33,2338,97.92,10.04,16.26,88027,14.58,13.45,49.92,0.73,22.59,34.28,36.78,10.23
36081018502,Queens County,New York,True,83.39,37.47,16.91,4.41,2472,85.76,10.78,11.54,112260,15.24,13.68,51.03,1.14,21.0,24.58,38.93,7.32
36081018600,Queens County,New York,True,35.7,41.76,37.06,17.41,609,74.29,13.41,13.32,94840,10.71,21.31,0.05,52.07,6.68,11.19,14.56,5.64
36081018700,Queens County,New York,True,64.2,50.65,28.25,18.33,1475,87.9,14.69,16.23,89479,13.48,20.11,21.85,11.92,33.66,41.74,26.17,10.55
36081018800,Queens County,New York,True,32.32,57.03,31.25,14.06,342,85.62,9.29,21.72,84688,15.12,25.44,0.15,67.85,7.15,11.43,22.98,5.45
36081018900,Queens County,New York,True,69.29,40.09,18.85,19.43,2148,98.28,9.12,15.94,93333,17.39,13.2,22.7,7.15,41.02,27.72,27.37,14.89
36081019000,Queens County,New York,True,25.18,55.5,21.05,19.72,561,99.08,10.75,11.11,87051,13.38,21.24,5.01,53.76,8.59,14.99,9.1,6.03
36081019200,Queens County,New York,True,25.33,53.76,25.43,6.94,481,94.4,8.08,6.88,93403,13.6,18.93,1.9,54.2,22.81,8.63,13.47,6.05
36081019400,Queens County,New York,True,17.36,46.26,27.21,12.34,485,94.76,8.47,11.95,100938,13.44,20.12,1.01,44.54,15.02,27.71,11.61,12.35
36081019600,Queens County,New York,True,52.32,66.74,43.54,22.36,1530,73.58,25.98,23.73,72000,10.11,31.46,0.0,66.14,10.71,9.8,15.56,5.7
36081019800,Queens County,New York,True,66.07,58.53,33.65,6.01,2011,82.69,8.94,11.41,68828,5.39,25.18,1.6,33.43,36.31,21.32,13.49,20.43
36081019901,Queens County,New York,True,59.65,82.35,42.65,48.53,140,82.56,42.69,17.54,,10.02,4.58,20.04,47.06,3.27,42.92,49.12,8.06
36081019902,Queens County,New York,True,100.0,0.0,0.0,0.0,8,100.0,69.7,0.0,,0.0,8.84,11.05,71.82,0.0,42.54,100.0,25.41
36081019903,Queens County,New York,False,,,,,0,,,,,,,,,,,,
36081020200,Queens County,New York,True,28.4,87.72,63.16,27.27,414,93.9,12.05,17.37,,16.82,23.46,0.0,49.35,15.52,16.23,4.46,2.88
36081020400,Queens County,New York,True,66.72,51.64,16.41,12.25,1240,74.84,17.18,24.53,63750,17.67,16.52,1.26,20.54,16.16,42.65,38.69,24.61
36081020500,Queens County,New York,True,41.4,71.91,25.28,10.67,527,88.49,5.44,5.58,76786,13.07,19.49,20.85,1.51,10.95,75.83,17.91,21.43
36081020600,Queens County,New York,True,64.5,91.27,41.09,8.39,1013,77.8,14.01,16.02,56667,11.36,23.03,4.73,12.62,14.95,40.38,8.23,20.31
36081020800,Queens County,New York,True,84.08,59.64,37.36,18.08,3291,33.77,14.72,18.44,60486,7.64,29.36,16.32,34.99,15.75,24.94,22.77,19.22
36081021200,Queens County,New York,True,77.3,66.74,31.87,16.7,1577,93.36,23.05,21.07,70776,17.4,24.51,6.32,8.7,14.74,57.21,12.31,28.25
36081021400,Queens County,New York,True,64.3,52.68,28.88,12.21,3615,100.0,17.82,14.04,87356,14.54,21.81,11.39,22.97,29.37,26.92,41.23,32.57
36081021601,Queens County,New York,True,37.18,29.14,16.57,4.76,852,91.16,3.06,3.9,92609,16.56,8.52,50.88,10.39,21.97,13.5,44.69,5.43
36081021602,Queens County,New York,True,60.19,71.64,47.64,6.21,724,79.9,11.49,11.03,73446,25.9,24.54,12.31,3.58,14.74,69.64,25.79,13.33
36081021603,Queens County,New York,False,,,,,0,,,,,,,,,,,,
36081021900,Queens County,New York,False,,,,,0,100.0,,,,,,,,,,,
36081022001,Queens County,New York,True,72.33,43.91,14.55,10.71,4480,87.79,16.62,18.08,86915,15.73,21.12,22.21,16.28,20.1,37.54,34.02,9.1
36081022002,Queens County,New York,True,44.3,52.77,11.44,11.19,2718,79.99,15.47,15.99,89600,19.53,13.81,39.8,14.28,22.22,19.22,40.67,11.77
36081022900,Queens County,New York,False,,,,,0,,,,,,,,,,,,
36081023000,Queens County,New York,True,31.35,55.84,51.95,2.79,382,93.35,3.46,8.23,118494,17.53,21.1,35.01,8.28,42.75,8.66,15.59,14.38
36081023200,Queens County,New York,True,62.38,44.66,6.85,11.79,2350,75.63,12.55,21.6,102386,27.14,16.36,13.79,17.71,43.5,15.69,46.19,17.68
36081023501,Queens County,New York,True,95.05,50.54,23.65,16.9,3358,95.17,18.93,20.51,60044,16.74,20.89,13.14,1.36,27.48,60.9,48.57,34.08
36081023502,Queens County,New York,True,98.98,56.63,36.1,13.43,2708,91.23,15.52,21.59,82676,10.62,10.3,30.96,2.08,23.73,56.66,38.19,23.88
36081023600,Queens County,New York,True,81.84,51.89,23.35,12.8,2341,50.43,16.7,21.11,81557,15.58,17.75,10.96,20.34,34.31,34.84,26.35,21.78
36081023800,Queens County,New York,True,93.54,58.97,37.8,23.75,3965,89.98,23.23,28.87,59938,13.82,20.64,1.69,10.42,36.25,45.29,21.09,40.06
36081024000,Queens County,New York,True,96.61,69.17,39.17,24.67,6327,50.39,12.25,28.67,59421,15.29,21.21,4.1,13.88,21.94,51.51,31.78,30.36
36081024300,Queens County,New York,True,40.53,57.34,15.76,10.63,2631,76.98,8.14,19.71,60880,25.99,20.21,20.56,0.54,35.38,45.0,32.81,20.2
36081024500,Queens County,New York,True,63.88,36.21,7.95,3.49,2736,72.89,4.31,17.74,62647,27.26,16.56,27.64,2.39,35.95,31.58,43.99,15.44
36081024600,Queens County,New York,False,,,,,0,,,,,,,,,,,,
36081024700,Queens County,New York,True,79.17,76.32,47.89,24.74,1132,87.37,24.9,33.96,57143,18.26,14.81,13.28,6.04,58.9,20.25,22.08,18.83
36081024900,Queens County,New York,True,88.1,65.88,23.85,13.88,4451,83.9,5.17,19.69,76987,20.47,15.26,27.03,1.19,36.78,33.24,33.76,15.26
36081025100,Queens County,New York,True,57.75,37.46,17.87,9.22,3414,90.7,12.25,17.36,90996,19.69,15.26,37.38,0.86,24.22,37.86,45.56,23.8
36081025301,Queens County,New York,True,87.41,61.3,25.14,5.68,3222,93.88,13.47,15.36,70664,20.25,11.89,42.9,2.16,24.64,33.11,44.49,15.74
36081025302,Queens County,New York,True,89.9,56.41,43.31,22.65,2840,92.62,17.28,27.31,66393,11.6,22.37,21.84,0.2,26.4,52.25,41.44,26.72
36081025401,Queens County,New York,True,74.52,59.77,18.98,24.23,2418,46.68,3.9,12.74,76434,7.71,20.13,0.61,53.28,32.21,9.55,5.72,15.26
36081025402,Queens County,New York,True,76.88,64.25,36.17,1.39,3803,54.83,21.87,42.85,41822,16.56,26.01,0.77,32.43,30.58,21.7,32.08,28.17
36081025500,Queens County,New York,True,68.62,56.25,4.17,3.83,983,93.42,6.76,8.5,92260,13.31,22.52,26.98,0.0,47.05,26.26,30.97,21.66
36081025700,Queens County,New York,True,63.03,34.13,20.0,16.27,904,88.92,14.63,15.97,95139,19.13,18.72,24.23,1.17,43.43,35.44,28.57,25.61
36081025800,Queens County,New York,True,33.96,63.48,28.09,13.57,846,68.8,10.14,7.17,107442,13.26,21.95,0.45,49.42,31.64,12.92,4.78,16.17
36081025900,Queens County,New York,True,75.67,66.34,19.77,7.77,2229,90.75,8.1,12.06,61289,20.16,9.05,24.18,0.75,33.99,47.84,30.36,32.7
36081026000,Queens County,New York,True,66.98,72.89,26.91,6.01,1583,63.08,17.93,28.86,63565,11.51,26.19,0.0,64.55,28.75,4.94,18.12,17.59
36081026100,Queens County,New York,True,88.06,39.75,17.75,17.48,6297,89.94,6.05,10.93,79419,12.29,15.86,14.75,0.0,47.12,42.06,26.05,27.04
36081026200,Queens County,New York,True,39.05,85.99,72.61,43.31,497,64.44,18.22,13.43,83667,14.67,28.51,0.0,46.91,27.93,18.85,13.93,18.58
36081026300,Queens County,New York,True,76.05,45.24,26.45,15.49,3143,76.78,13.56,23.52,87232,12.09,13.09,8.53,1.89,69.75,19.08,32.37,17.67
36081026400,Queens County,New York,True,42.13,58.08,42.81,6.46,824,74.29,9.78,27.34,86411,19.85,22.95,0.65,59.02,8.07,21.9,29.94,8.99
36081026501,Queens County,New York,True,90.79,47.87,24.95,24.4,2742,79.75,15.67,8.51,73641,8.48,17.19,22.01,3.76,46.98,26.1,35.36,17.53
36081026502,Queens County,New York,True,83.81,57.67,22.44,30.97,1207,43.51,6.0,13.33,74643,5.74,30.8,26.42,0.65,33.67,62.96,23.81,43.11
36081026600,Queens County,New York,True,62.85,46.78,25.3,7.25,848,63.75,22.13,42.96,55441,28.13,15.1,0.67,71.25,13.45,8.24,37.29,8.0
36081026700,Queens County,New York,True,88.4,58.74,48.93,26.11,4644,84.14,12.83,29.79,58274,18.45,11.86,14.91,1.26,45.1,45.81,36.01,31.88
36081026901,Queens County,New York,True,86.47,58.66,43.47,37.16,4102,92.32,20.87,24.57,58163,11.74,27.34,5.1,0.22,30.49,64.94,25.36,28.65
36081026902,Queens County,New York,True,74.38,60.2,26.56,32.37,3463,95.82,12.71,15.17,53694,12.71,18.98,4.92,0.31,52.48,40.59,12.74,22.31
36081027000,Queens County,New York,True,27.7,33.09,19.12,0.0,405,67.34,5.16,10.18,110938,6.71,25.55,22.87,42.64,14.04,11.2,8.35,9.42
36081027101,Queens County,New York,True,69.22,68.5,36.48,25.42,4262,90.82,15.85,12.8,54568,14.75,23.53,3.51,0.0,61.08,35.9,32.93,24.4
36081027102,Queens County,New York,True,91.98,62.54,40.84,36.31,2414,100.0,21.14,23.95,65786,17.25,23.19,3.22,0.0,15.17,82.29,27.03,34.78
36081027200,Queens County,New York,True,33.81,30.05,10.38,22.63,743,90.03,9.32,9.07,97357,13.95,16.71,3.49,54.55,14.58,16.29,6.05,7.54
36081027301,Queens County,New York,True,78.05,63.27,38.05,37.41,2357,86.26,32.8,30.19,69631,6.04,32.5,21.89,0.71,17.3,80.63,2.96,37.19
36081027302,Queens County,New York,True,71.78,65.72,26.67,28.59,2861,88.23,19.33,20.89,81532,15.95,23.66,20.88,3.04,15.08,72.46,17.33,30.27
36081027400,Queens County,New York,True,16.89,48.21,38.39,0.0,313,95.36,18.49,28.81,65234,15.29,24.32,0.0,62.43,18.6,13.47,28.51,4.66
36081027500,Queens County,New York,True,61.37,48.63,35.3,30.98,4056,97.78,24.16,24.75,66971,16.08,15.35,10.51,1.27,28.15,63.08,22.78,29.86
36081027600,Queens County,New York,True,32.21,71.77,48.39,15.32,507,61.74,10.24,21.3,111250,14.51,25.02,0.45,58.93,9.09,28.24,15.58,11.88
36081027701,Queens County,New York,True,83.88,51.45,20.46,33.33,2924,90.66,9.32,14.8,67602,9.29,17.03,5.69,0.9,9.32,83.93,25.74,32.32
36081027702,Queens County,New York,True,43.46,56.03,21.98,26.71,1691,96.98,15.98,21.08,69521,22.58,17.31,20.16,1.94,25.23,61.79,35.27,22.36
36081027800,Queens County,New York,True,63.92,49.26,28.7,8.78,1477,85.04,28.51,33.1,51992,15.82,24.67,0.32,74.97,0.0,20.78,24.86,3.77
36081027900,Queens County,New York,True,71.8,53.25,27.1,29.08,6713,96.78,8.09,15.85,81417,14.12,20.48,16.04,1.04,7.73,72.81,8.49,32.7
36081028000,Queens County,New York,True,45.86,47.47,22.73,8.63,498,100.0,13.22,19.78,80286,12.35,26.97,1.75,48.63,16.42,21.2,28.06,5.92
36081028100,Queens County,New York,True,52.59,57.0,37.38,15.09,3597,94.76,10.41,18.68,86631,18.97,17.29,40.8,1.02,5.68,59.36,28.34,16.0
36081028200,Queens County,New York,True,39.5,67.61,51.17,4.05,775,75.86,4.53,5.34,92368,7.05,32.0,2.76,76.48,7.84,10.6,8.36,7.96
36081028300,Queens County,New York,True,65.01,47.95,30.75,22.81,5166,95.98,11.72,20.43,79340,18.26,15.64,29.82,6.72,12.07,57.6,32.22,17.51
36081028400,Queens County,New York,True,44.01,61.09,43.1,3.83,1194,69.68,5.08,11.8,72633,23.03,17.35,0.54,86.9,0.42,8.26,25.47,2.27
36081028500,Queens County,New York,True,35.44,48.72,35.94,19.92,1659,94.7,8.44,14.26,126991,21.82,20.1,44.63,2.72,14.16,36.29,38.54,10.06
36081028700,Queens County,New York,True,67.54,40.07,23.28,22.33,4615,91.67,23.0,15.68,83108,24.43,17.38,35.1,1.98,33.43,31.28,37.24,19.41
36081028801,Queens County,New York,True,41.5,40.19,16.08,18.9,952,87.93,7.36,15.56,120234,10.63,27.84,3.02,74.83,0.82,7.29,14.96,4.54
36081028802,Queens County,New York,True,34.52,64.32,29.11,46.95,1096,57.82,13.07,7.78,89653,15.75,28.25,10.29,71.15,7.43,20.74,23.18,5.6
36081028803,Queens County,New York,False,,,,,0,,,,,,,,,,,,
36081028900,Queens County,New York,True,73.63,44.15,35.27,20.57,3561,98.79,9.03,15.92,83870,20.77,20.19,45.3,0.0,27.56,21.59,38.85,7.92
36081029100,Queens County,New York,True,67.75,77.84,55.56,29.06,4154,89.21,10.9,22.66,53384,25.36,12.09,20.43,0.96,53.11,29.17,27.32,20.0
36081029300,Queens County,New York,True,66.43,80.33,11.72,20.73,740,73.41,5.6,9.42,70556,12.85,22.08,14.83,0.33,65.32,14.91,25.12,28.06
36081029400,Queens County,New York,True,47.98,60.91,23.86,14.98,3256,75.27,14.17,17.41,102984,14.28,26.43,0.3,77.01,0.35,14.02,23.61,2.13
36081029500,Queens County,New York,True,34.47,67.92,35.32,2.02,1310,95.23,10.43,20.36,81051,20.81,15.54,41.57,5.27,31.58,18.85,50.4,9.49
36081029700,Queens County,New York,True,60.17,50.49,24.39,22.22,1491,72.31,14.06,6.96,101538,11.46,26.14,37.43,0.21,25.81,42.99,16.57,18.33
36081029900,Queens County,New York,False,,,,,0,,,,,,,,,,,,
36081030600,Queens County,New York,True,35.91,44.56,18.15,7.87,1467,77.97,11.73,7.65,111458,10.53,23.21,1.49,74.15,9.12,13.09,19.64,6.09
36081030903,Queens County,New York,True,51.44,36.17,16.91,15.01,2498,91.15,2.69,14.4,75728,13.37,20.44,20.23,3.4,37.94,28.83,25.69,15.63
36081030904,Queens County,New York,True,54.25,78.82,53.66,11.52,1178,68.64,12.09,22.25,58726,27.45,10.07,24.0,2.21,39.47,39.43,30.08,13.48
36081030905,Queens County,New York,True,67.43,52.06,34.62,6.9,2449,97.24,10.99,11.27,74339,6.67,25.71,14.55,4.74,44.63,38.15,19.84,21.41
36081030906,Queens County,New York,True,70.97,64.59,27.77,14.55,2976,95.38,7.3,8.88,84907,18.15,19.56,12.22,0.12,44.58,44.44,14.51,18.31
36081031700,Queens County,New York,True,44.95,51.34,29.97,3.24,2722,82.59,21.32,23.35,75591,15.17,20.85,77.12,5.45,6.37,21.61,24.94,13.77
36081032000,Queens County,New York,True,33.86,67.0,45.91,8.04,1373,46.0,23.67,12.62,100417,11.07,18.16,7.04,66.95,3.13,17.63,17.46,5.42
36081032700,Queens County,New York,True,65.73,49.78,19.3,30.06,2495,91.73,4.7,15.73,88167,10.18,27.58,7.86,0.27,23.14,67.82,16.67,24.1
36081032800,Queens County,New York,True,34.51,53.87,37.42,0.0,984,71.13,9.98,7.47,94398,18.29,28.24,0.07,82.2,0.14,13.91,22.75,1.37
36081032900,Queens County,New York,True,41.48,77.16,40.79,0.21,1551,87.16,14.63,16.35,66573,18.03,20.97,7.75,14.19,24.74,53.22,5.45,18.69
36081033000,Queens County,New York,True,27.54,54.13,27.07,0.34,1675,83.99,8.27,11.53,105013,13.25,21.81,1.4,78.83,3.08,10.46,17.43,3.63
36081033100,Queens County,New York,False,,,,,0,,,,,,,,,,,,
36081033401,Queens County,New York,True,57.94,75.2,26.72,10.94,2042,32.98,16.73,20.57,63892,14.69,25.81,1.22,91.88,1.45,15.17,32.14,2.69
36081033403,Queens County,New York,True,86.73,50.27,27.19,0.86,3884,92.22,22.0,36.51,53013,23.82,15.16,2.4,89.9,2.5,4.62,49.25,2.04
36081033404,Queens County,New York,True,92.03,43.51,33.63,1.98,5694,97.96,16.32,24.92,52574,18.86,18.29,1.44,89.07,1.17,2.73,37.21,0.3
36081033405,Queens County,New York,True,57.93,23.99,19.19,0.0,1702,94.78,6.55,15.56,86065,19.08,21.63,2.11,91.19,0.0,4.56,34.71,3.65
36081033700,Queens County,New York,True,38.85,75.24,10.66,20.71,1188,98.61,9.89,6.78,107750,10.93,19.53,15.66,4.73,21.14,63.85,19.31,21.01
36081033900,Queens County,New York,True,24.03,68.46,37.58,3.69,910,99.11,24.89,20.48,69755,22.96,21.92,20.09,6.57,16.46,51.23,22.98,14.33
36081034700,Queens County,New York,True,61.46,71.86,25.12,20.79,2454,74.15,20.86,9.95,77025,10.06,30.06,8.27,11.75,13.0,68.16,7.02,16.29
36081035100,Queens County,New York,True,42.28,63.95,40.78,13.87,1842,99.06,14.9,12.55,85284,17.59,19.4,10.67,3.84,14.04,70.73,25.38,17.4
36081035200,Queens County,New York,True,22.07,48.15,1.48,10.98,631,93.76,9.69,13.14,105139,16.63,16.45,1.24,70.88,1.06,11.75,12.12,4.88
36081035300,Queens County,New York,True,51.83,51.28,16.67,14.86,1182,92.79,4.48,9.14,104107,22.59,15.21,8.21,14.98,8.4,63.88,11.23,11.35
36081035700,Queens County,New York,True,50.29,34.8,8.6,0.0,1739,81.98,18.86,10.92,93153,25.9,11.29,12.12,31.36,14.61,44.47,22.25,16.2
36081035800,Queens County,New York,True,41.22,55.26,19.84,0.0,1374,72.48,6.13,7.3,97128,13.33,19.62,2.66,86.67,1.03,1.03,14.6,2.97
36081036100,Queens County,New York,True,60.55,55.27,28.17,10.32,1330,94.43,12.18,22.92,92500,12.69,17.64,5.71,24.81,12.15,57.06,18.23,12.35
36081036300,Queens County,New York,True,69.72,58.88,34.11,10.91,1336,91.9,11.81,18.17,76613,9.69,18.35,7.03,27.74,6.79,60.9,17.86,15.47
36081036500,Queens County,New York,True,58.93,44.64,17.14,29.43,2116,90.23,17.88,8.99,72031,7.75,22.5,4.71,18.36,8.12,72.61,19.02,31.71
36081036600,Queens County,New York,True,38.4,75.85,50.48,0.0,1006,78.38,11.9,30.61,75395,22.23,17.66,0.19,83.01,4.09,12.52,26.07,6.5
36081036700,Queens County,New York,True,67.16,62.5,15.07,11.58,1902,89.7,14.46,11.11,78200,8.11,21.12,4.02,19.11,11.65,66.47,3.21,24.6
36081036800,Queens County,New York,True,20.27,72.39,38.65,0.0,515,97.84,5.97,4.1,125882,10.04,21.66,0.82,86.5,0.0,3.15,16.04,0.0
36081037100,Queens County,New York,True,31.63,53.8,44.02,3.12,477,87.76,11.6,11.7,81607,21.36,7.8,3.54,43.97,7.93,44.36,36.08,9.03
36081037300,Queens County,New York,True,57.06,66.58,40.56,13.01,1465,83.76,12.49,17.47,59821,10.58,27.56,2.73,17.02,7.07,71.45,27.37,20.94
36081037501,Queens County,New York,True,83.82,40.34,17.59,27.59,1342,93.56,16.61,6.07,92647,10.15,31.67,12.71,0.0,7.6,90.72,3.18,41.89
36081037502,Queens County,New York,True,86.89,68.78,31.05,30.35,2412,84.08,16.22,29.54,70625,11.58,29.41,4.16,17.01,5.81,76.47,24.21,39.02
36081037600,Queens County,New York,True,31.06,55.85,26.52,4.94,1853,86.39,4.47,5.17,112955,11.55,28.69,0.46,90.72,1.18,4.61,19.6,4.34
36081037700,Queens County,New York,True,88.91,62.22,30.62,26.9,3142,97.29,16.84,14.94,81797,3.11,33.95,10.23,7.04,2.38,90.47,15.64,44.5
36081037900,Queens County,New York,True,80.72,55.59,26.81,21.52,4384,66.55,10.61,13.96,80927,5.68,23.1,6.92,11.15,6.33,82.45,6.68,37.95
36081038100,Queens County,New York,True,63.51,69.97,26.01,35.84,5230,92.4,19.91,12.83,83654,8.86,27.63,7.32,9.62,8.04,78.43,13.28,33.53
36081038301,Queens County,New York,False,,,,,0,,,,,,,,,,,,
36081038302,Queens County,New York,False,,,,,0,,,,,,,,,,,,
36081038400,Queens County,New York,True,15.7,68.84,16.67,0.0,337,97.86,8.48,8.19,100337,21.75,15.68,3.64,84.7,0.0,4.4,21.96,2.29
36081039400,Queens County,New York,True,47.58,51.42,30.23,7.3,1309,82.98,22.72,18.63,100833,18.15,21.5,1.37,76.86,1.28,10.7,13.05,9.62
36081039800,Queens County,New York,True,21.75,22.32,0.0,0.0,182,83.94,9.64,12.04,86948,18.52,18.25,1.08,89.23,3.64,7.88,27.18,0.61
36081039901,Queens County,New York,True,66.54,38.79,35.34,39.08,1689,75.46,16.97,20.65,118319,10.74,33.31,7.11,0.56,14.58,76.88,8.03,35.59
36081039902,Queens County,New York,True,87.47,78.93,37.08,50.84,1317,69.09,32.5,18.43,58640,9.49,24.77,11.6,9.03,15.39,69.22,13.76,48.59
36081040000,Queens County,New York,True,23.77,40.54,40.54,19.82,252,94.98,4.11,11.78,112560,13.48,14.26,3.9,80.64,1.7,4.33,22.27,4.1
36081040101,Queens County,New York,True,68.84,62.24,37.3,22.96,1409,77.36,15.77,14.44,60338,14.26,18.44,3.95,1.11,11.91,85.21,14.74,39.01
36081040102,Queens County,New York,True,93.47,48.44,17.99,33.88,3420,81.31,22.64,13.16,75660,7.24,22.44,12.58,1.21,11.95,86.06,5.17,41.54
36081040200,Queens County,New York,True,21.91,87.27,51.82,0.0,278,95.42,7.71,10.16,103214,15.09,19.4,0.0,76.17,2.12,7.64,11.95,2.12
36081040301,Queens County,New York,True,83.65,89.42,53.9,29.99,2200,80.65,21.85,22.02,37018,9.3,23.97,3.3,3.88,26.62,73.38,14.3,43.99
36081040302,Queens County,New York,True,73.25,49.59,31.49,49.56,3506,58.08,21.79,20.96,70179,8.05,31.0,14.7,0.0,11.79,86.55,15.44,52.79
36081040400,Queens County,New York,True,34.27,81.29,18.49,0.0,971,96.27,8.72,16.8,87917,23.97,10.32,3.19,67.99,12.31,12.56,29.4,9.82
36081040501,Queens County,New York,True,89.6,32.59,25.45,15.62,845,75.2,14.75,6.8,102682,2.39,22.61,8.09,1.35,9.44,86.93,6.0,58.78
36081040502,Queens County,New York,True,84.19,48.22,25.38,18.31,1411,90.42,13.82,20.16,74091,12.04,22.3,6.76,1.01,2.97,93.3,25.3,35.45
36081040701,Queens County,New York,True,90.6,54.56,32.88,39.77,3004,92.15,36.73,29.6,77944,4.94,35.74,6.7,0.0,5.56,93.71,19.18,32.16
36081040702,Queens County,New York,True,75.05,46.65,19.73,17.12,3407,88.16,13.57,8.38,99722,14.99,27.45,3.91,1.08,6.95,91.96,9.87,53.2
36081040901,Queens County,New York,True,63.37,53.9,31.56,56.74,1261,88.89,10.01,8.54,83320,10.73,23.27,21.78,0.0,8.97,88.39,7.42,41.08
36081040902,Queens County,New York,True,78.46,48.42,25.87,28.76,2350,74.84,9.49,20.51,84091,5.75,26.45,6.29,2.32,2.12,90.41,17.05,44.88
36081041100,Queens County,New York,True,44.49,60.05,19.03,15.96,1807,85.96,18.12,23.67,73899,9.53,14.75,19.98,0.19,13.51,79.22,14.45,41.35
36081041300,Queens County,New York,True,70.92,54.73,38.62,36.35,3557,63.67,33.71,21.81,72519,11.34,24.76,9.18,1.72,18.45,77.52,6.8,46.49
36081041400,Queens County,New York,True,48.2,47.78,28.5,0.15,1791,85.29,17.76,21.94,92939,12.34,25.89,1.38,66.06,10.06,6.36,10.79,10.28
36081041500,Queens County,New York,True,67.68,46.78,37.36,34.94,2813,79.7,23.45,25.4,63411,9.3,24.43,8.25,6.53,15.08,85.77,11.86,39.29
36081042400,Queens County,New York,True,17.48,8.61,4.64,43.05,544,88.96,1.74,0.93,95855,15.01,15.42,1.4,81.52,0.0,9.46,11.11,0.0
36081042600,Queens County,New York,False,,,,,0,,66.45,,,66.29,0.0,36.18,35.73,4.72,25.62,,6.74
36081042700,Queens County,New York,True,71.63,46.52,31.56,25.07,2832,70.05,17.99,37.05,70921,14.41,21.97,5.26,10.38,11.92,78.62,15.82,36.26
36081043200,Queens County,New York,True,21.76,72.15,36.71,0.0,211,80.0,10.63,12.4,92750,21.92,20.33,0.33,83.08,1.5,2.0,14.6,0.0
36081043400,Queens County,New York,True,12.7,59.15,0.0,0.0,235,98.03,14.48,15.74,95057,14.88,31.91,0.76,66.77,6.17,11.98,23.61,5.77
36081043701,Queens County,New York,True,76.45,55.38,42.05,24.49,2347,79.56,23.27,22.71,60188,17.73,21.31,24.86,13.61,5.02,75.06,19.81,29.26
36081043702,Queens County,New York,True,35.71,73.57,41.55,29.16,2964,91.58,18.29,23.09,66731,30.78,17.9,10.67,9.23,31.49,52.77,23.92,26.56
36081043900,Queens County,New York,True,84.11,60.92,29.31,32.87,3817,72.52,18.78,8.8,68922,6.7,32.02,9.4,7.59,5.04,88.72,12.48,36.08
36081044000,Queens County,New York,True,46.04,84.28,42.14,5.14,1782,71.17,5.78,10.28,67463,9.02,29.47,0.5,42.78,18.65,29.45,14.65,12.53
36081044301,Queens County,New York,True,94.41,56.39,32.78,25.38,4079,41.98,21.22,43.5,36467,21.29,29.45,7.37,13.66,17.45,72.23,30.79,39.62
36081044302,Queens County,New York,True,66.6,48.01,35.43,14.37,3578,86.1,22.88,32.11,62731,20.19,15.87,8.2,7.89,40.85,36.82,26.41,30.32
36081044400,Queens County,New York,True,76.67,58.27,28.35,12.26,2767,57.11,21.31,32.73,46434,13.02,19.63,1.12,35.14,23.26,23.19,31.89,15.63
36081044601,Queens County,New York,True,84.48,57.92,38.48,24.39,2953,59.87,21.45,21.43,57614,15.61,22.78,2.96,28.13,23.34,44.91,39.0,27.55
36081044602,Queens County,New York,True,85.95,66.95,39.01,16.96,3305,65.87,31.01,27.59,45688,9.07,20.88,11.08,18.77,37.22,31.94,25.97,27.52
36081044800,Queens County,New York,True,65.81,57.57,40.46,14.33,1346,85.31,9.16,27.22,72371,20.52,21.0,8.71,9.51,49.91,25.11,37.08,20.5
36081045000,Queens County,New York,True,59.03,11.31,10.18,0.0,904,60.48,7.85,14.07,148424,12.12,23.23,22.56,6.23,62.12,4.98,15.07,16.54
36081045200,Queens County,New York,True,52.87,40.22,33.7,48.91,291,85.63,12.54,14.37,76071,37.43,15.92,15.26,21.62,52.91,8.34,17.24,20.42
36081045400,Queens County,New York,True,53.14,35.22,26.2,19.66,3059,85.68,17.53,12.84,84100,16.77,13.9,5.23,16.67,55.86,8.95,20.72,18.94
36081045500,Queens County,New York,True,100.0,52.63,25.88,10.71,12741,93.14,16.29,21.48,80100,13.3,22.82,17.2,48.18,8.76,30.56,24.06,17.42
36081045600,Queens County,New York,True,17.4,22.54,15.49,0.0,257,94.27,5.41,7.84,75357,26.2,24.68,2.79,0.0,67.03,14.54,4.9,16.68
36081045700,Queens County,New York,True,67.95,61.48,19.82,11.42,2239,89.39,9.23,7.76,82176,15.13,24.52,15.04,0.41,43.55,46.75,9.29,34.23
36081045800,Queens County,New York,True,57.23,70.41,33.16,45.41,1357,96.4,7.24,15.62,79236,15.64,23.78,5.88,11.21,63.44,9.71,12.99,19.34
36081045900,Queens County,New York,True,59.21,70.49,23.93,7.89,2123,80.93,11.7,24.84,72279,11.75,25.34,0.66,3.07,50.86,41.26,24.93,20.36
36081046000,Queens County,New York,True,80.6,66.11,41.44,42.9,4832,90.55,22.3,29.02,57184,15.63,31.51,3.4,15.75,32.4,34.99,22.34,27.62
36081046100,Queens County,New York,True,76.96,51.46,22.81,21.28,2032,92.81,12.5,13.33,77000,14.06,24.5,8.76,0.26,36.0,56.7,17.1,39.9
36081046200,Queens County,New York,True,75.87,78.67,30.59,25.68,4296,77.2,10.78,17.62,60647,16.22,19.49,3.11,20.63,50.54,16.22,26.14,21.51
36081046300,Queens County,New York,True,81.61,77.12,28.03,24.94,3272,80.1,12.42,17.74,75539,8.38,29.73,2.64,3.81,27.74,66.0,14.1,38.27
36081046400,Queens County,New York,True,39.81,41.53,19.67,17.7,571,87.46,10.51,13.14,118472,10.16,22.67,31.33,14.76,21.07,25.68,17.52,8.18
36081046500,Queens County,New York,True,80.99,49.18,33.29,43.2,3059,87.73,29.6,6.17,94125,5.26,29.35,3.81,0.17,4.82,93.66,25.08,43.02
36081046600,Queens County,New York,True,74.6,55.85,43.39,34.33,3232,81.78,18.32,23.45,76885,16.77,20.22,9.96,23.27,49.21,12.42,35.45,21.07
36081046700,Queens County,New York,True,92.94,60.32,23.35,24.25,6386,90.62,9.09,8.27,77246,7.2,27.24,8.7,1.99,20.96,73.31,19.7,27.24
36081046800,Queens County,New York,True,59.58,37.5,31.61,33.16,2444,89.43,12.15,16.75,83388,17.46,31.33,0.98,18.04,56.28,13.37,16.15,18.22
36081046901,Queens County,New York,True,78.54,54.91,22.12,26.37,3331,95.79,14.03,17.82,73538,15.22,14.41,3.73,1.09,47.15,40.67,20.86,25.17
36081046902,Queens County,New York,True,84.51,59.4,26.55,43.8,2760,95.85,19.52,23.1,68353,13.13,24.55,4.15,0.98,21.91,74.1,12.06,39.83
36081047000,Queens County,New York,True,47.78,77.65,67.04,41.23,1048,96.57,16.82,11.21,72955,25.35,14.81,2.32,4.2,47.94,28.58,9.9,11.49
36081047100,Queens County,New York,True,84.7,70.3,39.33,17.1,3578,85.86,13.75,30.86,60616,18.71,21.82,4.38,0.78,72.36,23.35,20.55,23.67
36081047200,Queens County,New York,True,47.1,38.87,20.76,10.49,1396,82.82,6.95,7.57,128274,31.3,12.39,27.74,22.22,28.73,15.05,21.93,10.52
36081047300,Queens County,New York,True,61.97,59.38,33.57,25.75,2879,67.64,11.24,21.68,72441,16.43,17.04,6.39,0.35,68.15,23.81,31.69,18.36
36081047500,Queens County,New York,True,75.41,54.17,18.86,21.59,3497,70.89,11.5,13.17,86271,17.1,20.34,11.09,1.8,51.24,36.34,17.3,26.2
36081047600,Queens County,New York,True,14.67,71.43,7.79,6.49,154,84.1,3.8,8.95,115335,20.07,28.24,42.83,14.9,27.06,1.93,19.43,0.0
36081047801,Queens County,New York,True,28.52,45.41,40.2,20.49,1444,95.86,15.71,27.17,56848,23.63,10.11,20.52,25.06,13.47,36.64,43.81,12.39
36081047802,Queens County,New York,True,42.28,44.29,37.14,15.38,592,73.81,11.81,17.07,116198,20.39,19.9,3.02,37.55,27.99,24.05,4.88,8.94
36081047900,Queens County,New York,True,68.62,60.47,31.28,28.09,3549,80.75,21.11,19.85,87515,15.25,18.62,8.84,7.08,70.57,14.42,18.17,16.52
36081048000,Queens County,New York,True,34.9,85.38,57.31,22.69,735,83.14,16.76,23.62,86250,26.5,12.74,4.05,7.0,53.92,12.24,8.46,15.37
36081048100,Queens County,New York,True,76.86,56.68,36.73,28.52,4860,90.25,18.91,30.31,73983,19.95,16.78,10.04,3.14,49.4,39.69,15.13,37.48
36081048200,Queens County,New York,True,42.86,45.07,19.72,22.6,469,96.1,7.09,6.05,110729,18.84,9.23,12.36,28.07,44.55,6.41,14.53,4.19
36081048301,Queens County,New York,True,53.32,51.35,13.51,34.63,1422,78.75,14.9,17.56,60568,14.12,17.03,12.18,0.53,71.18,16.01,18.34,29.27
36081048302,Queens County,New York,True,81.65,68.54,15.36,15.92,1340,69.29,4.07,5.96,85724,12.39,19.08,22.92,1.28,49.1,37.11,42.97,24.8
36081048400,Queens County,New York,True,39.21,68.46,43.98,3.81,1627,93.65,9.42,11.35,86726,16.33,23.65,3.97,14.06,52.53,18.49,12.99,9.79
36081048500,Queens County,New York,True,47.95,60.99,25.03,17.08,2732,71.9,13.99,18.4,77614,12.35,20.29,2.9,0.48,70.09,25.51,20.3,19.05
36081048900,Queens County,New York,True,55.67,64.51,34.57,20.99,1148,63.62,16.92,16.67,61552,10.83,22.47,12.3,0.38,51.74,44.56,13.75,32.81
36081049201,Queens County,New York,True,91.19,47.0,24.5,11.58,2332,89.15,16.47,25.91,60797,19.8,17.92,1.45,70.96,6.68,16.39,45.36,10.49
36081049202,Queens County,New York,True,25.3,57.53,7.53,0.0,644,94.39,19.76,5.2,107063,15.18,24.38,2.57,22.84,24.55,19.93,11.79,5.97
36081049301,Queens County,New York,True,45.08,33.12,30.91,10.06,1162,84.84,19.01,20.47,86429,19.77,22.2,28.97,1.04,36.86,29.23,19.82,28.68
36081049302,Queens County,New York,True,49.31,59.88,34.88,16.33,1861,77.1,22.72,25.05,59940,16.57,25.09,27.44,3.01,25.0,39.82,34.48,14.12
36081049500,Queens County,New York,True,62.36,32.32,15.85,5.49,775,98.61,15.49,15.59,92800,17.77,14.47,55.42,1.42,10.38,34.83,30.23,14.41
36081049600,Queens County,New York,True,13.26,92.86,41.43,18.26,441,99.32,7.8,9.8,91991,16.68,17.01,1.22,35.1,41.91,11.15,11.3,6.5
36081049700,Queens County,New York,True,52.71,54.83,43.28,11.34,1431,79.44,8.32,11.3,86031,15.93,24.17,29.93,0.11,34.27,32.16,14.73,16.22
36081049900,Queens County,New York,True,53.8,48.77,25.81,25.86,2670,85.83,11.76,15.22,85045,8.65,19.16,14.68,0.66,69.01,16.97,12.06,39.95
36081050000,Queens County,New York,True,91.32,50.84,27.07,19.01,3472,79.15,10.65,20.84,68850,13.92,21.85,4.06,64.73,12.02,13.55,36.33,7.26
36081050201,Queens County,New York,True,39.86,48.48,20.61,8.57,646,100.0,7.07,14.35,90972,16.64,16.57,0.0,74.96,2.65,15.02,20.73,3.97
36081050202,Queens County,New York,True,39.96,73.41,36.99,0.0,488,87.94,18.53,22.54,85147,18.03,23.25,0.93,67.02,20.46,5.44,18.97,7.28
36081050400,Queens County,New York,True,35.78,41.03,34.87,46.15,589,85.91,8.33,8.81,131168,12.87,20.95,0.23,68.55,3.46,5.37,16.33,10.54
36081050500,Queens County,New York,True,53.92,56.43,30.36,23.94,759,82.56,3.26,10.62,113438,14.47,14.92,51.69,0.0,27.39,19.1,20.42,9.07
36081050600,Queens County,New York,True,25.34,55.91,43.01,28.32,331,94.69,12.97,11.88,93000,26.13,13.63,0.0,71.61,16.62,5.72,7.85,4.63
36081050700,Queens County,New York,True,46.71,52.91,34.74,1.32,1326,74.64,11.47,17.63,84476,28.5,11.53,54.77,0.0,30.23,23.09,21.5,13.91
36081050800,Queens County,New York,True,34.63,40.0,22.56,20.35,613,100.0,10.57,14.84,77040,17.84,17.89,0.2,81.28,12.19,5.95,25.34,3.34
36081051000,Queens County,New York,True,28.57,32.79,24.59,0.0,315,95.48,23.09,15.69,85179,13.76,26.85,2.35,71.88,20.81,6.04,18.27,4.28
36081051100,Queens County,New York,True,25.36,57.75,23.47,4.69,659,91.69,10.91,16.31,92647,15.96,13.47,67.2,1.08,9.78,28.91,19.76,9.55
36081051200,Queens County,New York,True,21.02,64.13,32.61,4.49,504,100.0,12.6,14.02,122778,17.29,15.8,3.13,58.29,14.95,13.6,12.13,9.98
36081051300,Queens County,New York,True,34.53,55.69,35.29,17.86,962,81.69,14.57,21.45,83618,11.71,20.41,39.95,0.0,33.84,23.16,27.62,14.63
36081051500,Queens County,New York,True,18.62,67.72,27.22,0.0,473,96.12,4.67,10.07,102833,18.65,22.5,61.53,0.0,15.38,20.8,23.07,12.11
36081051600,Queens County,New York,True,29.54,77.48,57.62,0.0,486,97.42,9.3,13.7,107500,16.29,18.14,11.2,62.29,1.25,21.89,7.92,4.72
36081051700,Queens County,New York,True,50.31,24.06,12.03,4.13,1032,81.81,9.96,8.18,113125,13.83,16.39,74.32,0.58,7.93,25.15,16.36,9.58
36081051800,Queens County,New York,True,13.56,67.47,42.17,0.0,277,96.83,6.4,15.69,124423,11.89,19.67,0.32,71.91,0.0,13.31,15.2,4.0
36081052000,Queens County,New York,True,14.48,43.24,0.0,0.0,261,100.0,4.58,13.11,105163,15.69,26.35,1.6,78.09,9.41,7.82,18.59,1.04
36081052100,Queens County,New York,True,45.14,51.39,25.0,4.64,816,96.91,17.33,15.55,84009,15.26,20.15,55.78,0.54,16.19,30.36,24.07,15.64
36081052200,Queens County,New York,True,22.36,81.51,57.14,0.0,352,100.0,17.15,18.0,86818,14.87,17.2,0.0,73.04,5.02,14.69,16.0,4.62
36081052400,Queens County,New York,True,25.99,28.57,19.05,0.0,461,96.34,10.28,6.5,112838,12.28,27.35,0.0,69.16,11.81,10.93,16.06,3.98
36081052500,Queens County,New York,True,45.16,54.35,30.33,2.14,872,87.53,6.97,12.11,77037,16.5,15.38,55.62,0.0,12.27,30.44,27.85,14.09
36081052600,Queens County,New York,True,33.16,33.2,28.28,17.2,585,85.5,10.89,11.67,96695,13.69,19.69,0.0,75.77,5.1,10.08,38.33,7.08
36081052800,Queens County,New York,True,42.64,50.75,39.2,6.99,534,86.39,11.29,18.62,79542,18.39,25.55,0.89,72.61,0.0,7.67,32.96,0.35
36081053000,Queens County,New York,True,22.8,72.46,18.84,0.0,316,99.28,8.76,12.46,102381,14.1,20.68,0.56,84.42,0.36,8.76,20.82,1.54
36081053100,Queens County,New York,True,47.15,72.32,28.5,4.44,1212,94.47,10.08,16.39,73938,18.13,17.17,70.78,0.0,1.48,30.15,26.5,13.13
36081053200,Queens County,New York,True,17.58,54.74,38.95,12.84,333,100.0,11.37,9.84,97419,15.81,23.44,0.28,82.29,4.9,15.4,12.26,3.45
36081053401,Queens County,New York,True,20.87,29.91,20.51,9.6,463,97.72,3.76,10.85,103594,21.24,18.5,0.51,91.62,4.62,5.95,19.03,1.36
36081053501,Queens County,New York,True,66.08,73.09,33.22,11.8,802,98.1,21.74,16.96,73042,4.73,16.95,27.97,0.0,14.89,48.8,23.78,11.05
36081053502,Queens County,New York,False,,,,,0,,,,,,,,,,,,
36081053601,Queens County,New York,True,36.83,100.0,0.0,0.0,304,97.02,16.7,43.28,,36.74,15.11,2.04,45.94,22.66,29.13,47.2,7.94
36081053800,Queens County,New York,True,21.46,58.54,50.0,8.79,352,97.0,5.24,5.66,121034,18.32,20.42,1.11,78.24,7.64,5.43,6.37,4.38
36081053901,Queens County,New York,True,64.92,55.28,14.14,3.7,2336,76.59,11.89,13.78,91027,9.88,11.67,41.17,9.52,16.83,36.13,21.42,13.49
36081053902,Queens County,New York,True,50.0,0.0,0.0,0.0,9,50.0,0.0,0.0,,0.0,37.04,85.19,0.0,0.0,14.81,0.0,0.0
36081054000,Queens County,New York,True,37.53,35.99,25.68,8.49,1760,96.55,12.39,22.3,102174,23.86,9.57,1.27,63.82,10.38,15.17,19.67,14.82
36081054200,Queens County,New York,True,15.3,79.15,43.83,8.64,970,98.6,7.93,7.49,94125,23.19,21.39,5.0,22.66,26.52,31.52,3.84,14.63
36081054500,Queens County,New York,True,76.75,61.02,25.12,13.14,2899,90.96,9.22,6.01,66076,12.79,15.07,36.52,0.38,7.56,62.29,21.03,22.4
36081054700,Queens County,New York,True,83.92,37.28,13.28,23.69,4603,85.22,8.4,5.5,119732,9.33,25.18,21.88,8.1,14.32,59.48,10.58,18.11
36081054800,Queens County,New York,True,21.14,67.63,41.73,24.14,478,94.27,10.62,9.77,84601,22.63,18.89,4.28,15.91,56.13,8.86,4.96,9.27
36081054900,Queens County,New York,True,96.14,34.51,15.66,7.69,5126,80.71,10.01,4.63,104821,6.39,24.44,27.99,4.9,5.09,65.58,11.32,20.04
36081055100,Queens County,New York,True,92.96,37.66,20.73,7.71,4071,96.39,17.0,17.45,80268,10.5,19.8,46.09,6.35,6.6,38.16,31.84,17.06
36081055200,Queens County,New York,True,49.44,66.95,40.42,2.88,1073,99.0,9.57,17.19,71213,19.98,15.93,9.54,22.11,45.93,15.41,33.57,21.85
36081055300,Queens County,New York,True,94.67,47.35,27.92,8.34,2762,79.01,9.96,9.87,90114,7.04,14.29,23.39,1.92,18.45,61.01,8.79,21.59
36081055400,Queens County,New York,True,43.33,49.84,25.87,28.15,1257,93.27,15.93,20.08,89375,16.54,15.08,12.58,13.77,39.71,23.93,19.82,15.87
36081055500,Queens County,New York,True,74.49,45.03,17.26,9.88,1596,93.63,11.46,21.07,86667,12.94,14.07,15.38,4.05,8.1,69.28,28.81,31.35
36081055600,Queens County,New York,True,16.44,83.64,17.27,0.0,236,99.86,2.96,5.53,135052,20.56,17.29,3.58,8.96,45.59,28.57,9.57,9.34
36081055700,Queens County,New York,True,79.26,39.36,12.51,6.15,2737,89.99,9.54,16.53,101636,18.46,11.05,51.3,4.49,5.23,48.76,27.01,12.43
36081055800,Queens County,New York,True,28.06,54.21,54.21,25.26,379,99.11,6.25,11.52,78672,22.92,13.83,12.01,5.82,41.9,35.48,32.05,4.55
36081055900,Queens County,New York,True,81.44,60.44,31.65,18.99,944,44.55,16.12,25.77,70481,19.49,14.35,20.46,12.49,10.54,58.55,18.3,22.75
36081056000,Queens County,New York,True,18.22,93.51,79.22,1.22,237,83.33,6.8,16.22,139615,20.29,18.23,9.2,5.25,65.9,14.34,6.67,13.87
36081056100,Queens County,New York,True,0.0,,,,0,100.0,0.0,0.0,,0.0,0.0,100.0,0.0,0.0,0.0,0.0,0.0
36081056200,Queens County,New York,True,14.29,76.12,31.34,23.29,187,94.24,0.43,0.0,102125,30.38,17.01,24.95,17.16,30.74,32.88,36.59,7.69
36081056400,Queens County,New York,True,43.39,71.71,57.07,3.59,509,93.72,13.29,28.79,95000,19.68,15.82,22.22,6.46,17.78,32.47,26.65,6.44
36081056500,Queens County,New York,True,54.28,24.1,7.17,2.73,974,75.91,3.14,8.88,129647,9.19,29.3,37.89,2.65,3.08,79.08,13.98,10.94
36081056600,Queens County,New York,True,46.12,90.19,63.55,2.8,590,100.0,24.39,27.59,71974,34.41,11.97,2.01,30.66,16.49,15.91,3.45,2.39
36081056700,Queens County,New York,True,32.68,36.6,28.68,3.17,1609,90.46,4.41,5.98,111477,14.19,16.3,47.53,2.98,0.7,56.36,13.48,18.3
36081056800,Queens County,New York,True,37.76,59.45,35.22,17.68,1278,96.6,9.61,10.3,101321,20.74,13.45,8.55,63.0,6.81,16.37,9.47,8.65
36081057700,Queens County,New York,True,76.55,50.05,24.89,3.73,2969,90.41,13.25,17.12,75750,9.7,20.25,53.34,0.0,3.64,48.8,24.5,15.67
36081057900,Queens County,New York,True,74.44,50.21,16.18,4.44,1191,91.9,9.4,22.56,76023,15.5,18.67,50.99,4.07,2.09,52.78,29.47,11.17
36081058000,Queens County,New York,True,10.73,39.33,20.22,0.0,496,92.95,3.57,3.58,139342,22.79,15.02,2.75,67.13,2.4,10.8,6.69,7.52
36081058100,Queens County,New York,True,68.58,29.2,18.67,23.21,1725,96.3,8.13,17.23,78950,15.22,17.78,40.12,0.47,6.23,46.56,26.91,9.42
36081058200,Queens County,New York,True,22.46,61.06,33.02,12.35,922,97.26,5.6,15.7,123583,19.14,19.32,5.14,61.84,5.33,18.63,9.68,4.16
36081058300,Queens County,New York,True,67.64,43.4,20.55,4.97,2543,96.43,11.79,11.95,109327,14.68,18.8,59.37,3.78,5.78,21.52,21.76,6.37
36081058500,Queens County,New York,True,73.75,37.09,17.04,3.09,2816,97.96,6.03,7.33,101157,9.78,10.15,60.92,3.34,8.43,25.34,24.4,8.97
36081058700,Queens County,New York,True,83.4,44.11,16.68,8.33,2811,88.66,9.78,9.57,100385,11.39,19.16,54.53,3.21,6.43,30.92,28.94,15.96
36081058900,Queens County,New York,True,88.71,56.41,30.83,13.96,4198,91.67,28.27,25.83,60224,9.22,21.29,57.17,2.53,3.44,43.05,35.49,15.61
36081059000,Queens County,New York,True,20.72,69.14,34.57,0.0,178,93.43,8.82,27.88,93750,18.92,24.88,13.67,73.93,3.5,9.46,25.32,3.68
36081059100,Queens County,New York,True,86.92,78.64,45.93,0.54,4021,100.0,26.09,40.69,53832,12.63,15.02,37.9,1.88,6.83,53.39,29.96,28.87
36081059200,Queens County,New York,True,6.53,72.73,72.73,0.0,39,100.0,22.34,25.9,77857,21.94,11.94,0.48,90.97,4.76,0.48,26.8,1.79
36081059300,Queens County,New York,True,65.43,36.69,25.0,6.69,2734,82.32,20.07,17.86,90975,13.96,17.08,63.39,1.16,6.09,30.97,34.2,9.62
36081059400,Queens County,New York,True,6.94,76.0,0.0,0.0,63,100.0,1.02,4.32,134297,23.88,14.76,1.44,87.76,0.0,7.68,14.45,2.07
36081059501,Queens County,New York,True,70.92,53.24,27.48,5.19,1459,78.39,11.67,20.53,80515,19.18,13.61,61.22,2.36,5.57,34.26,25.0,14.96
36081059502,Queens County,New York,True,63.99,73.49,40.45,11.88,1643,88.96,22.74,20.81,75833,14.13,28.14,45.37,4.22,8.07,50.07,19.05,3.85
36081059600,Queens County,New York,True,13.73,55.13,55.13,0.0,315,81.68,14.34,10.21,92162,21.62,26.16,2.81,71.45,0.72,25.57,23.06,11.07
36081059800,Queens County,New York,True,39.42,47.25,27.06,6.42,783,93.58,5.51,1.63,96250,20.7,22.18,4.08,73.68,5.97,10.29,13.56,4.63
36081059900,Queens County,New York,True,26.83,84.31,39.22,7.44,495,93.95,9.45,17.29,120979,13.53,20.5,60.75,0.0,14.4,25.32,9.76,9.06
36081060000,Queens County,New York,True,19.96,52.31,0.0,0.0,192,94.79,6.45,12.2,129519,31.71,16.7,0.97,82.86,0.0,6.63,18.18,0.0
36081060100,Queens County,New York,True,50.18,64.88,25.2,0.0,1221,91.66,4.65,13.49,75811,19.63,18.04,61.32,0.29,7.58,35.03,24.73,14.29
36081060300,Queens County,New York,True,45.8,37.17,13.75,2.01,808,88.48,9.15,17.45,95909,19.02,15.18,62.89,0.0,5.61,39.97,17.85,14.66
36081060600,Queens County,New York,True,14.97,100.0,52.0,0.0,102,89.58,5.02,4.19,131250,18.03,13.27,0.0,88.52,3.83,8.84,29.54,3.16
36081060701,Queens County,New York,False,,,,,0,,,,,,,,,,,,
36081060800,Queens County,New York,True,17.19,51.72,42.53,13.79,182,95.96,7.38,15.81,115000,15.83,25.44,0.5,89.7,8.79,2.45,16.01,0.2
36081061000,Queens County,New York,True,5.3,63.64,0.0,36.36,77,88.45,8.88,13.01,97788,34.67,14.49,1.97,83.61,0.0,12.06,14.22,0.0
36081061200,Queens County,New York,True,4.71,100.0,0.0,0.0,73,100.0,3.97,7.25,133214,30.45,9.3,0.38,85.92,2.39,2.12,3.73,0.0
36081061301,Queens County,New York,True,73.15,55.02,29.71,7.48,3453,91.54,11.64,11.93,93669,8.18,17.37,36.77,6.97,8.78,54.41,27.18,17.42
36081061302,Queens County,New York,False,,,,,0,,,,,,,,,,,,
36081061400,Queens County,New York,True,11.69,84.85,84.85,0.0,78,92.86,6.63,12.65,132159,23.95,23.88,2.51,86.15,3.1,4.2,21.0,0.15
36081061601,Queens County,New York,True,8.68,35.29,35.29,0.0,191,100.0,4.21,15.92,107838,21.49,19.23,0.71,88.48,1.77,3.81,29.08,0.41
36081061602,Queens County,New York,True,5.73,0.0,0.0,0.0,22,92.89,3.0,3.65,127857,20.56,7.54,4.96,59.92,0.0,31.4,25.52,3.68
36081061800,Queens County,New York,True,20.11,41.26,35.66,5.59,291,94.74,6.92,11.25,112868,21.16,17.08,5.3,80.66,2.95,9.82,29.96,2.41
36081061900,Queens County,New York,True,63.38,56.7,36.86,0.0,1904,95.7,17.79,26.67,62083,18.06,16.94,67.53,0.0,6.73,20.52,35.62,10.05
36081062000,Queens County,New York,True,1.91,50.0,0.0,0.0,33,93.85,1.49,5.34,129457,26.99,9.71,1.55,95.86,0.0,2.78,10.88,0.33
36081062100,Queens County,New York,True,45.94,63.79,36.45,6.62,1280,90.33,13.95,14.5,77011,22.16,22.5,59.58,9.04,1.99,31.01,21.6,13.75
36081062200,Queens County,New York,True,6.5,59.09,40.91,0.0,72,98.98,8.31,12.26,122938,29.0,13.48,5.36,88.11,0.0,4.64,21.27,1.8
36081062300,Queens County,New York,True,61.16,38.23,13.88,0.0,1264,89.01,17.72,18.46,77563,16.15,15.4,74.47,0.81,0.28,28.66,28.88,5.38
36081062400,Queens County,New York,False,,,,,0,,,,,,,,,,,,
36081062500,Queens County,New York,True,41.29,43.44,21.31,5.3,1077,87.45,4.59,6.88,83631,22.98,18.54,54.38,2.84,3.3,39.4,19.71,9.07
36081062600,Queens County,New York,True,12.59,17.8,15.25,13.56,479,97.0,3.09,5.02,139602,10.52,22.16,3.03,85.17,3.12,12.73,9.61,2.71
36081062700,Queens County,New York,True,44.07,40.99,13.66,5.8,1457,94.7,7.7,18.8,76439,16.0,17.24,61.64,10.31,7.31,43.24,32.85,8.8
36081062900,Queens County,New York,True,68.84,64.7,15.5,24.29,2197,93.64,10.0,15.17,101097,16.81,26.27,53.75,2.61,9.43,42.23,18.92,9.43
36081063000,Queens County,New York,True,13.8,69.33,29.33,0.0,124,98.84,3.28,8.01,120821,20.01,12.52,0.37,94.8,0.0,4.15,24.02,0.51
36081063200,Queens County,New York,True,15.0,44.0,28.0,0.0,232,95.74,4.79,12.36,107672,14.09,23.13,2.0,87.27,0.0,7.0,19.44,2.07
36081063301,Queens County,New York,True,37.43,29.69,13.54,8.59,625,91.6,2.88,7.56,142768,9.97,30.93,57.64,4.92,7.95,41.16,19.28,11.46
36081063302,Queens County,New York,True,37.1,44.84,31.39,0.0,698,95.42,9.02,20.3,102292,18.42,26.85,61.98,0.32,3.6,36.14,20.97,7.6
36081063500,Queens County,New York,True,37.94,64.12,19.49,20.62,1041,98.54,8.71,12.86,86219,16.23,29.19,79.4,0.75,4.56,29.23,19.19,3.55
36081063700,Queens County,New York,True,32.2,37.33,17.55,0.0,1053,99.27,18.45,11.4,91488,27.79,23.07,69.26,4.98,9.78,16.21,11.95,9.79
36081063800,Queens County,New York,True,8.8,42.11,11.58,0.0,322,97.1,10.45,4.45,164604,19.52,17.65,2.03,82.76,1.98,11.89,13.81,6.51
36081063900,Queens County,New York,True,46.15,26.5,13.03,13.03,1354,90.75,5.59,7.4,102083,17.03,15.93,44.78,7.48,5.36,60.39,32.45,9.52
36081064101,Queens County,New York,True,5.71,21.74,21.74,22.03,135,98.6,4.86,15.49,99393,22.68,17.44,71.22,0.0,15.68,11.3,34.27,10.3
36081064102,Queens County,New York,False,,,,,0,,,,,,,,,,,,
36081064500,Queens County,New York,True,42.75,58.82,41.49,0.0,732,88.1,15.72,28.38,81250,18.35,14.58,43.01,0.45,21.48,35.42,31.79,8.82
36081064600,Queens County,New York,True,17.0,53.69,28.86,0.0,554,94.1,4.78,8.31,125875,21.16,16.25,0.55,89.37,1.98,7.28,17.47,1.45
36081065000,Queens County,New York,True,13.85,14.71,6.86,18.55,333,97.12,5.77,10.84,133482,25.75,20.09,0.0,88.05,0.0,8.98,17.65,2.08
36081065401,Queens County,New York,True,31.95,37.41,8.74,0.0,918,89.17,12.77,12.51,104622,18.66,21.24,2.84,68.08,2.0,12.07,18.61,4.75
36081065402,Queens County,New York,False,,,,,0,,,,,,,,,,,,
36081065501,Queens County,New York,False,,,,,0,,,,,,,,,,,,
36081065600,Queens County,New York,True,38.19,44.11,34.38,0.0,1751,68.15,6.68,7.91,117800,19.01,19.86,7.31,82.53,0.62,5.68,16.85,0.76
36081065702,Queens County,New York,True,43.4,57.45,53.62,4.03,572,79.58,3.56,20.51,74821,25.95,14.56,73.73,0.47,2.45,16.53,34.98,2.75
36081065703,Queens County,New York,True,23.96,55.12,38.58,16.54,701,91.22,2.76,10.66,122434,34.81,22.3,62.77,3.41,2.54,15.45,17.83,5.34
36081065900,Queens County,New York,True,18.39,27.55,27.55,7.32,263,85.31,6.74,9.57,112917,15.2,21.43,71.07,0.0,17.12,13.22,16.14,2.79
36081066000,Queens County,New York,True,43.3,53.32,32.57,0.0,1341,87.15,1.13,3.03,137843,18.29,16.5,8.73,74.52,1.15,8.08,25.41,2.16
36081066100,Queens County,New York,True,14.76,25.97,18.18,0.0,185,94.93,5.21,12.24,116806,27.65,17.16,87.48,0.0,5.66,9.85,16.64,10.78
36081066301,Queens County,New York,True,15.62,47.86,32.48,0.0,529,98.67,2.99,10.55,92318,25.55,20.17,65.6,0.48,20.98,11.5,23.28,13.68
36081066302,Queens County,New York,False,,,,,0,,,,,,,,,,,,
36081066401,Queens County,New York,True,48.91,64.89,22.67,35.11,1136,92.39,11.38,11.09,110000,11.11,30.3,5.44,83.76,0.0,8.39,18.04,7.33
36081066402,Queens County,New York,True,32.02,71.99,7.83,20.48,1346,89.7,6.02,7.81,111494,19.52,20.17,9.36,87.18,1.11,3.8,23.05,9.78
36081066403,Queens County,New York,True,39.99,74.66,42.23,4.22,2576,94.54,21.68,12.67,100441,11.62,25.55,9.04,79.33,1.95,13.02,7.48,4.74
36081066404,Queens County,New York,False,,,,,0,,,,,,,,,,,,
36081066501,Queens County,New York,True,43.22,36.31,20.94,10.98,1768,92.46,4.14,13.05,100391,25.48,18.36,64.05,0.05,4.87,28.53,33.67,6.33
36081066701,Queens County,New York,True,40.14,30.99,14.06,8.05,1036,81.02,9.67,9.57,103594,26.2,18.36,48.14,0.5,20.81,32.03,28.72,10.56
36081066900,Queens County,New York,True,48.83,68.08,36.54,11.54,846,97.44,15.25,8.92,96484,18.74,23.76,62.12,0.0,6.09,32.15,19.41,11.62
36081067100,Queens County,New York,True,7.44,0.0,0.0,0.0,177,100.0,7.33,13.02,121266,23.64,20.78,68.23,0.0,20.74,14.28,28.12,10.32
36081067700,Queens County,New York,True,19.4,42.74,17.74,11.11,430,96.96,3.49,11.35,100313,23.3,21.29,73.59,0.42,5.76,20.34,21.12,7.46
36081067900,Queens County,New York,True,79.74,50.41,25.57,14.72,3113,91.9,15.18,20.14,78538,23.45,16.94,35.56,5.23,14.71,47.52,21.75,14.1
36081068000,Queens County,New York,True,20.87,47.35,27.94,4.49,1002,86.92,5.17,4.04,133510,14.75,15.93,0.86,84.07,2.18,15.02,11.78,1.74
36081068200,Queens County,New York,True,26.68,73.74,54.55,0.0,226,76.49,12.65,17.52,89732,20.9,23.01,0.82,83.23,1.92,10.17,16.17,0.0
36081068300,Queens County,New York,True,54.11,41.95,19.71,26.24,2262,94.38,11.61,15.79,85771,22.39,15.74,13.99,6.38,58.36,27.12,31.51,18.73
36081068700,Queens County,New York,True,67.64,60.25,35.65,9.54,2665,98.2,7.56,28.42,86193,20.39,19.8,33.08,1.54,40.0,22.68,31.49,10.52
36081069000,Queens County,New York,True,48.38,47.71,11.01,11.23,1788,70.3,4.74,2.98,111464,13.47,22.15,2.96,84.69,0.83,7.11,7.54,0.32
36081069300,Queens County,New York,True,76.28,72.01,44.88,27.52,2269,81.58,10.13,17.63,57099,15.3,17.75,24.22,1.41,20.74,49.72,37.82,19.31
36081069400,Queens County,New York,True,51.59,35.39,4.84,13.59,2139,73.77,4.03,2.92,117692,14.47,24.3,6.62,79.76,1.93,5.11,14.36,0.64
36081069500,Queens County,New York,True,50.0,41.8,19.84,4.09,1016,82.95,19.3,20.0,91591,24.33,13.12,39.53,4.15,38.89,12.06,25.68,21.0
36081069701,Queens County,New York,True,80.49,46.54,20.92,12.86,3099,76.02,4.14,15.21,102500,13.37,23.66,34.48,3.55,32.36,20.37,41.91,9.41
36081069702,Queens County,New York,True,22.04,57.57,41.45,5.93,854,86.51,11.41,17.99,92489,23.05,26.24,40.36,3.16,38.7,15.44,24.0,11.71
36081070300,Queens County,New York,True,36.75,26.2,11.82,23.15,772,94.78,7.96,13.96,106250,29.56,15.53,33.26,0.3,26.46,28.66,27.04,18.44
36081070700,Queens County,New York,True,18.17,48.77,22.84,0.0,456,98.26,2.52,7.61,138237,26.0,22.84,56.91,0.76,31.47,10.14,21.02,4.99
36081070900,Queens County,New York,True,48.95,56.26,22.43,5.88,1258,96.53,12.8,16.58,117375,16.2,28.61,40.65,1.59,32.84,17.69,26.53,5.96
36081071100,Queens County,New York,True,32.6,38.62,17.58,10.13,1879,97.8,5.95,10.89,100149,25.16,12.94,46.12,3.19,36.07,13.6,52.09,6.13
36081071303,Queens County,New York,True,60.84,61.33,39.24,1.32,3065,98.33,9.54,19.56,97563,17.73,15.48,54.01,2.81,23.65,21.57,40.55,2.92
36081071304,Queens County,New York,True,53.1,41.37,20.53,1.88,3589,94.71,12.59,20.23,100238,27.83,12.96,53.98,1.24,29.36,12.8,37.1,9.92
36081071305,Queens County,New York,True,82.08,44.96,24.19,16.19,4985,96.95,12.93,10.26,118409,14.08,25.5,55.07,1.83,18.48,25.62,28.31,9.69
36081071306,Queens County,New York,True,77.7,55.11,27.47,12.14,5580,91.8,17.07,20.98,88329,18.08,21.43,30.48,16.3,20.49,25.14,34.68,10.81
36081071600,Queens County,New York,False,,,,,0,,,,,,,,,,,,
36081071701,Queens County,New York,True,51.6,65.51,43.96,17.57,2385,83.26,17.01,29.73,67566,31.17,19.5,52.9,3.19,25.89,13.38,51.14,20.9
36081071702,Queens County,New York,True,42.9,58.28,41.47,16.97,1709,78.25,14.14,18.43,87958,20.19,14.95,33.07,7.58,39.48,12.19,31.85,9.0
36081071900,Queens County,New York,True,74.19,71.54,36.79,23.32,2616,70.6,22.95,23.96,62408,14.28,29.19,35.95,3.49,28.04,33.13,20.26,14.11
36081072100,Queens County,New York,True,28.42,43.8,38.18,15.68,1394,99.3,3.54,17.68,100976,23.18,23.47,46.29,1.13,41.3,12.42,28.19,22.96
36081072300,Queens County,New York,True,12.3,29.69,10.94,0.0,377,84.97,2.76,9.45,181250,23.48,19.16,43.48,3.39,30.26,15.59,24.03,5.44
36081072900,Queens County,New York,True,22.5,28.38,22.97,0.0,250,97.73,11.81,19.38,104767,19.2,21.83,44.1,1.71,38.76,10.74,27.29,5.51
36081073100,Queens County,New York,True,26.34,56.58,34.87,13.16,389,90.03,4.96,6.76,170913,13.92,26.04,56.96,0.0,23.78,12.65,14.21,6.03
36081073700,Queens County,New York,True,61.21,22.14,19.86,9.76,1110,86.85,0.43,9.38,151731,24.38,12.64,60.49,2.25,19.3,14.99,37.96,9.24
36081073900,Queens County,New York,True,58.07,42.56,22.69,1.25,3017,97.97,2.58,17.33,116815,16.9,17.34,46.14,1.27,30.89,10.42,34.58,4.24
36081074100,Queens County,New York,True,38.52,52.17,23.65,5.45,1346,99.22,10.9,16.85,96894,21.05,14.02,41.81,8.96,23.92,27.47,50.43,9.8
36081074300,Queens County,New York,True,55.83,78.13,31.01,4.18,2195,86.58,15.8,19.78,66972,21.96,15.2,45.61,9.11,34.58,9.97,31.68,9.57
36081074500,Queens County,New York,True,82.93,43.87,32.67,5.98,3261,90.09,18.02,34.73,63268,23.84,19.79,36.16,19.7,17.36,21.52,33.73,20.66
36081074700,Queens County,New York,True,46.54,45.91,28.38,11.22,1449,86.45,11.93,12.57,99769,26.08,16.27,19.42,2.44,38.06,29.34,28.46,16.46
36081074900,Queens County,New York,True,16.81,13.92,13.92,0.0,313,90.03,2.72,4.73,224313,16.98,26.6,44.57,0.99,37.59,13.02,13.49,1.24
36081075701,Queens County,New York,True,51.78,40.63,19.12,9.65,2497,81.92,8.59,12.61,117361,22.24,18.45,46.97,4.37,31.05,20.27,43.77,8.19
36081075702,Queens County,New York,True,37.29,41.15,20.88,14.06,1635,95.01,5.75,13.06,125316,28.24,13.19,53.68,3.04,28.43,12.87,38.45,8.43
36081076901,Queens County,New York,True,44.34,30.48,16.41,3.86,2630,97.37,4.55,10.88,111389,20.74,22.4,61.65,2.33,22.01,17.5,36.15,6.66
36081076902,Queens County,New York,True,77.07,34.77,12.1,6.61,1017,92.74,4.52,6.21,134545,9.49,23.44,36.69,0.06,23.82,21.02,32.8,8.83
36081077300,Queens County,New York,True,33.76,59.9,38.83,10.66,800,94.91,6.04,15.0,106964,19.11,12.35,52.07,4.68,22.06,22.02,48.5,0.74
36081077500,Queens County,New York,True,72.79,57.29,26.54,11.4,1444,94.97,8.68,16.41,84427,26.77,11.29,57.7,5.32,13.39,14.04,43.26,5.59
36081077902,Queens County,New York,True,37.07,85.24,70.33,38.64,1981,92.73,15.86,13.4,102363,18.54,34.1,73.05,3.14,13.13,10.19,15.91,8.96
36081077903,Queens County,New York,True,40.6,40.0,23.91,5.94,1080,90.52,7.57,21.03,96944,13.61,23.75,43.43,3.61,28.83,22.05,23.02,10.77
36081077904,Queens County,New York,True,59.63,41.18,32.31,10.72,2893,96.86,8.8,16.53,107279,18.47,18.96,43.25,0.92,20.25,19.92,40.03,17.42
36081077905,Queens County,New York,True,34.18,47.8,26.91,3.17,848,91.71,11.26,16.47,94000,22.11,15.59,29.32,17.66,22.66,19.12,34.68,6.97
36081077906,Queens County,New York,True,41.36,58.8,18.35,11.04,1754,93.57,10.24,15.63,86324,20.6,25.75,57.32,4.94,22.76,10.57,21.51,11.85
36081077907,Queens County,New York,True,74.82,66.29,19.15,14.7,2175,68.42,8.69,11.82,68226,22.71,28.78,63.36,5.34,8.59,19.95,20.73,14.46
36081077908,Queens County,New York,True,93.22,59.54,33.2,10.06,2581,53.92,16.85,24.79,79265,11.63,21.53,27.51,28.94,13.85,38.48,36.43,8.11
36081078800,Queens County,New York,True,33.33,80.3,61.08,0.0,612,90.35,3.66,17.24,105529,16.58,22.9,0.0,51.21,2.75,8.2,18.56,1.71
36081079000,Queens County,New York,True,47.25,65.97,54.81,5.83,1495,68.57,17.88,24.31,97500,13.64,20.5,2.3,52.79,7.4,12.91,9.98,4.33
36081079200,Queens County,New York,True,46.42,49.45,27.6,5.21,1217,83.32,17.29,25.08,71510,15.96,21.27,0.0,64.13,7.61,21.41,31.79,8.19
36081079300,Queens County,New York,False,,,,,0,,,,,,,,,,,,
36081079701,Queens County,New York,True,72.59,46.69,20.53,22.97,4731,82.07,16.76,18.91,62173,24.75,14.65,3.72,3.05,90.33,1.36,27.84,43.67
36081079702,Queens County,New York,True,80.63,61.43,39.79,8.7,2797,77.12,34.16,36.9,48147,23.71,19.41,2.4,0.94,86.32,7.66,31.02,53.82
36081079900,Queens County,New York,True,59.15,84.02,44.55,19.08,2074,71.22,41.71,40.17,48980,16.57,23.96,16.44,0.03,62.87,21.01,27.69,37.97
36081080301,Queens County,New York,True,67.73,67.17,43.78,10.6,2347,70.55,14.66,19.36,59817,8.45,28.38,11.71,0.86,59.96,26.14,20.09,33.57
36081080302,Queens County,New York,True,21.54,10.55,0.0,0.0,1018,79.75,15.4,22.49,82358,26.33,19.39,25.36,1.13,57.77,15.18,13.75,37.79
36081080900,Queens County,New York,True,22.88,68.31,32.71,26.32,2101,97.68,8.83,26.7,55716,17.47,27.47,54.32,3.79,26.06,18.64,30.98,9.66
36081081400,Queens County,New York,True,15.67,70.62,30.0,21.88,569,77.52,18.21,11.85,105179,15.06,19.54,5.73,34.1,21.87,22.77,6.07,4.8
36081081800,Queens County,New York,True,28.75,31.33,22.49,14.68,1332,68.36,10.95,12.27,130457,19.52,16.31,2.65,37.18,31.43,11.45,5.59,10.62
36081083700,Queens County,New York,True,37.06,73.42,53.6,7.1,1647,85.82,10.99,16.7,70028,23.72,15.25,16.86,0.57,73.96,11.1,16.21,31.63
36081083800,Queens County,New York,True,35.02,63.54,32.85,23.44,1907,90.0,7.11,10.21,100354,16.27,13.21,11.96,11.17,29.26,22.38,9.67,6.71
36081084000,Queens County,New York,True,14.43,67.05,58.14,10.53,1245,77.14,14.0,11.87,87614,20.35,14.51,10.96,8.27,37.31,24.56,9.07,7.03
36081084500,Queens County,New York,True,88.01,68.13,39.64,17.23,3605,66.47,24.15,52.6,29552,36.82,10.45,7.85,6.61,55.85,29.75,51.27,43.39
36081084601,Queens County,New York,True,18.64,22.52,3.97,11.92,421,92.94,3.77,10.0,102692,18.05,17.34,12.54,10.16,29.55,26.5,11.73,4.73
36081084602,Queens County,New York,True,28.94,89.71,66.18,0.0,379,73.4,28.14,1.7,91953,6.75,26.25,17.69,28.31,14.94,45.12,3.83,17.77
36081084901,Queens County,New York,True,85.3,47.17,33.48,14.45,2697,61.07,34.23,26.94,95551,17.68,12.48,2.4,1.25,81.93,13.56,23.84,56.26
36081084902,Queens County,New York,True,74.42,65.72,39.77,19.68,3030,56.5,40.57,45.58,40901,17.46,12.59,6.23,3.26,84.29,9.46,26.47,55.55
36081085300,Queens County,New York,True,47.85,73.72,25.34,6.48,2178,77.34,17.83,45.19,35985,27.07,10.54,5.24,1.78,74.36,17.46,34.13,46.29
36081085500,Queens County,New York,True,88.31,70.81,41.78,25.43,5319,81.71,16.12,33.11,42611,27.19,13.02,6.42,3.44,73.46,17.36,39.67,38.85
36081085700,Queens County,New York,True,74.08,64.48,38.32,36.11,4149,78.23,14.7,29.95,54914,24.48,12.92,8.08,2.43,67.39,17.68,30.0,33.44
36081085900,Queens County,New York,True,50.31,61.13,27.38,13.81,2622,82.04,21.81,30.51,60460,26.23,12.35,12.93,0.41,75.65,12.76,27.17,43.07
36081086100,Queens County,New York,True,50.39,71.14,35.28,33.51,998,78.44,26.41,32.72,42026,31.89,14.1,4.38,4.33,76.48,14.8,29.19,48.81
36081086300,Queens County,New York,True,68.6,71.66,32.73,26.69,5108,75.99,23.09,27.72,53839,18.57,12.65,7.51,0.12,70.16,21.89,13.13,43.45
36081086400,Queens County,New York,True,40.22,41.01,31.86,18.73,1186,85.3,13.35,12.39,128398,15.5,15.01,14.18,10.61,17.96,48.89,8.87,4.47
36081086500,Queens County,New York,True,72.71,69.89,48.47,15.69,3381,72.58,14.39,26.78,65433,27.74,6.45,10.39,0.47,73.61,11.69,43.42,36.67
36081086900,Queens County,New York,True,76.32,55.39,40.57,10.82,1298,42.33,14.34,27.09,95469,16.52,10.81,9.8,1.26,76.77,16.92,38.99,32.11
36081087100,Queens County,New York,True,75.34,68.95,36.41,8.3,4012,16.11,24.42,31.75,52250,22.24,13.35,4.44,11.11,72.0,11.94,31.59,26.94
36081088400,Queens County,New York,True,30.38,60.46,34.73,12.91,2472,87.14,10.22,16.03,96806,26.5,21.67,72.68,6.3,2.23,19.49,22.02,6.92
36081088902,Queens County,New York,True,59.18,59.87,26.63,16.8,3812,73.66,23.44,32.79,59200,20.84,10.52,20.47,4.47,52.29,26.08,25.16,28.83
36081088903,Queens County,New York,True,20.41,82.1,51.09,0.0,748,94.23,22.81,33.74,53393,32.04,11.39,11.81,1.51,73.93,8.6,22.07,38.24
36081089201,Queens County,New York,True,12.39,66.06,41.24,0.0,1000,87.23,2.67,10.49,155291,21.54,28.35,83.34,1.61,1.24,10.36,15.03,4.32
36081089202,Queens County,New York,False,,,,,0,,,,,,,,,,,,
36081090700,Queens County,New York,True,24.2,70.59,63.97,5.88,358,90.67,7.44,9.96,101023,22.11,19.5,31.25,0.59,42.4,23.94,14.06,20.18
36081091602,Queens County,New York,True,100.0,0.0,0.0,0.0,16,0.0,0.0,0.0,,0.0,0.0,0.0,100.0,0.0,0.0,0.0,0.0
36081091603,Queens County,New York,True,0.54,100.0,100.0,0.0,10,52.86,6.66,15.23,122443,26.58,17.27,97.3,0.0,0.59,0.02,36.51,0.71
36081091604,Queens County,New York,False,,,,,0,,,,,,,,,,,,
36081091800,Queens County,New York,True,0.0,,,,0,100.0,0.0,0.0,,100.0,0.0,100.0,0.0,0.0,0.0,0.0,0.0
36081091900,Queens County,New York,True,40.21,72.81,40.27,5.87,2048,69.55,14.53,17.5,106612,30.51,19.16,23.57,4.64,42.43,32.38,29.73,21.98
36081092200,Queens County,New York,True,9.18,35.53,25.0,0.0,235,86.05,3.64,8.7,175682,14.84,26.56,90.29,0.0,0.26,5.6,27.17,0.93
36081092500,Queens County,New York,True,61.05,74.72,41.3,19.75,2516,82.83,17.22,20.66,64107,16.21,26.66,16.87,0.18,41.43,42.33,16.78,18.14
36081092800,Queens County,New York,True,9.08,24.76,2.86,0.0,289,94.25,4.43,8.39,162798,29.66,20.08,95.21,0.39,1.74,3.17,13.75,2.56
36081092900,Queens County,New York,True,48.77,53.09,33.75,15.83,3333,81.95,7.95,5.87,112324,19.83,19.69,20.42,0.03,33.64,44.92,13.73,24.92
36081093401,Queens County,New York,True,35.64,26.79,22.32,8.94,1117,88.24,12.69,18.43,131471,23.78,27.39,87.52,1.91,1.58,14.02,34.82,3.13
36081093402,Queens County,New York,True,52.52,41.03,25.11,3.61,1609,76.65,9.82,13.46,107371,18.3,25.57,79.14,4.63,0.62,20.48,42.38,1.34
36081093800,Queens County,New York,True,83.61,42.26,23.84,9.95,3513,90.65,10.96,17.42,81573,24.68,16.88,68.59,7.14,3.08,25.89,37.7,3.69
36081093900,Queens County,New York,True,61.65,52.43,39.11,13.58,3532,40.72,5.37,9.56,79471,16.0,24.95,17.2,3.01,42.45,37.91,17.65,22.83
36081094201,Queens County,New York,True,66.54,54.17,16.9,3.93,1977,23.56,21.27,12.62,75966,19.67,23.04,39.32,28.56,9.43,20.75,42.72,3.31
36081094202,Queens County,New York,True,64.86,55.95,37.91,5.69,3627,55.32,31.14,34.44,56800,8.34,31.28,23.58,44.96,2.45,26.78,28.04,7.65
36081094203,Queens County,New York,True,53.03,57.4,42.05,7.41,2911,84.08,12.27,29.35,48482,32.36,16.46,59.86,16.25,0.92,23.33,47.14,8.32
36081094500,Queens County,New York,True,21.82,67.52,46.58,12.33,1019,71.31,14.27,14.33,79406,33.63,17.76,41.56,0.03,36.15,23.07,20.58,19.4
36081094700,Queens County,New York,True,55.56,42.16,42.16,10.82,1668,91.0,12.67,15.56,85819,12.15,19.94,20.23,3.71,29.46,49.62,10.46,21.43
36081095400,Queens County,New York,True,47.26,81.03,39.08,14.26,2960,53.38,20.71,24.29,82053,9.87,31.07,13.61,54.68,1.85,28.06,26.51,3.0
36081096400,Queens County,New York,True,44.81,61.64,28.31,8.45,2839,27.75,22.36,24.41,89432,13.62,24.76,9.42,54.89,13.97,20.41,23.47,8.93
36081097202,Queens County,New York,True,100.0,65.84,46.77,16.62,3479,87.92,45.36,57.62,22500,9.03,37.6,1.44,85.43,0.75,12.7,40.54,3.75
36081097204,Queens County,New York,True,80.99,35.71,14.67,6.95,2563,76.6,14.07,15.59,73180,24.42,24.57,5.57,60.41,3.86,28.44,42.36,11.26
36081097205,Queens County,New York,True,100.0,49.18,26.57,18.08,3318,83.08,58.05,61.36,21295,10.19,29.48,15.07,60.49,8.23,37.13,38.18,7.1
36081097206,Queens County,New York,True,81.74,51.0,16.97,5.01,2229,69.4,28.73,40.24,34679,20.46,14.61,2.96,68.2,3.0,14.5,33.68,5.22
36081097207,Queens County,New York,False,,,,,0,,,,,,,,,,,,
36081097300,Queens County,New York,True,15.82,94.49,47.24,0.0,265,90.56,5.67,13.95,86008,28.45,14.13,74.91,0.8,13.28,16.02,21.05,9.41
36081098100,Queens County,New York,True,25.7,23.53,0.0,6.99,522,80.13,6.84,8.75,129250,15.93,13.96,65.41,0.0,19.39,16.89,16.95,7.49
36081098700,Queens County,New York,True,34.36,40.14,27.21,0.0,877,77.76,8.26,13.56,105313,23.08,17.33,77.69,2.05,13.74,8.07,30.0,3.74
36081099100,Queens County,New York,True,9.97,60.14,30.07,6.29,740,91.07,4.32,11.23,110250,32.97,20.18,67.75,0.0,13.12,18.6,32.98,8.64
36081099200,Queens County,New York,True,82.84,64.64,36.82,14.53,3512,48.51,42.63,43.89,36736,16.36,29.69,25.35,42.95,4.27,35.72,27.68,3.55
36081099701,Queens County,New York,True,8.26,40.43,15.96,0.0,201,91.92,9.47,9.05,93368,29.72,18.87,60.23,0.0,26.96,6.46,33.3,8.77
36081099703,Queens County,New York,True,31.19,35.05,13.71,0.0,1431,83.65,9.51,13.45,122188,29.03,19.38,55.28,3.21,30.45,11.55,39.25,8.0
36081099704,Queens County,New York,True,28.51,57.5,31.9,5.4,1726,72.16,11.13,22.62,87323,36.71,12.19,61.39,2.01,22.72,12.24,51.8,9.52
36081099705,Queens County,New York,True,20.7,55.71,37.44,0.0,903,37.37,13.15,22.35,117283,26.88,7.96,34.73,1.39,42.66,24.32,23.01,15.01
36081099801,Queens County,New York,True,72.55,53.89,39.19,22.06,5791,93.79,16.54,23.01,70278,17.59,17.72,3.87,55.0,4.42,26.38,21.63,7.58
36081099802,Queens County,New York,True,90.82,53.57,31.02,5.23,4641,57.74,27.4,37.74,41654,28.71,16.13,13.36,57.56,5.93,24.58,52.59,13.8
36081099900,Queens County,New York,False,,,,,0,,,,,,,,,,,,
36081100801,Queens County,New York,True,30.03,47.62,0.0,24.06,795,88.39,4.91,9.49,136800,18.83,24.01,28.62,43.15,3.37,16.21,15.44,8.3
36081100803,Queens County,New York,True,52.62,60.95,51.3,15.27,2242,63.73,20.92,36.92,46534,17.62,28.99,6.8,44.25,0.87,41.84,21.0,17.88
36081100804,Queens County,New York,True,47.49,47.14,15.4,5.2,1836,52.97,8.94,12.9,106235,12.38,32.05,33.67,54.94,0.45,9.51,15.79,1.96
36081101002,Queens County,New York,True,51.07,62.11,22.27,10.45,1852,79.94,14.17,32.5,77188,15.64,46.27,74.67,6.9,12.99,8.05,33.03,4.52
36081101003,Queens County,New York,True,79.72,40.64,26.03,11.93,2561,86.06,19.27,36.36,72254,18.57,34.59,51.97,14.93,4.08,24.86,42.52,5.48
36081101004,Queens County,New York,True,77.74,60.77,31.91,10.26,3928,78.33,28.64,42.08,48236,27.04,20.41,38.01,38.17,5.21,22.73,39.02,8.43
36081101700,Queens County,New York,True,7.66,28.5,28.5,11.4,579,93.52,8.48,17.39,110572,25.99,18.03,51.26,0.06,27.94,11.88,32.99,11.03
36081102900,Queens County,New York,True,51.75,52.96,38.08,11.29,1698,75.2,6.8,17.27,102972,15.65,15.23,55.85,0.76,23.47,17.54,36.0,9.35
36081103201,Queens County,New York,True,86.84,62.84,33.19,18.08,5543,93.74,35.26,41.81,50123,6.88,33.89,2.29,36.05,2.49,50.03,26.42,16.7
36081103202,Queens County,New York,True,68.23,60.11,21.88,19.98,5230,75.53,15.33,18.19,77069,13.52,32.45,42.66,29.15,0.22,30.42,16.93,13.39
36081103300,Queens County,New York,True,29.02,53.62,29.93,7.14,1170,84.66,9.92,13.6,123810,25.62,17.96,46.36,0.21,39.84,7.45,15.61,10.37
36081103900,Queens County,New York,True,33.98,68.06,51.56,5.59,2113,92.44,8.43,5.61,76587,23.78,18.81,32.94,0.0,38.46,23.18,19.6,17.27
36081104700,Queens County,New York,True,37.63,75.77,33.6,4.23,2232,83.31,15.77,18.94,66683,25.15,10.99,32.39,0.36,51.91,16.13,33.73,27.5
36081105900,Queens County,New York,True,5.51,100.0,78.43,0.0,145,94.19,8.52,14.93,109000,20.13,23.15,51.28,0.22,38.67,6.87,14.63,15.78
36081107201,Queens County,New York,True,22.31,49.48,17.53,0.0,363,87.3,2.57,7.07,111354,20.36,14.65,91.76,2.09,1.31,7.5,32.1,0.28
36081107202,Queens County,New York,False,,,,,0,,,,,,,,,,,,
36081108500,Queens County,New York,True,23.35,44.64,20.09,3.23,762,93.67,8.95,9.6,71111,27.37,18.07,49.48,0.5,36.28,13.06,15.73,17.92
36081109300,Queens County,New York,True,5.42,83.33,70.37,0.0,90,82.75,6.2,23.07,125536,30.36,16.83,50.33,1.28,39.77,7.69,30.89,13.89
36081109700,Queens County,New York,True,37.14,31.82,20.2,3.24,603,84.56,3.84,13.53,134145,22.21,16.95,50.47,0.63,40.47,8.63,16.99,5.76
36081109900,Queens County,New York,True,26.33,61.59,20.95,11.35,784,82.56,11.51,8.4,96250,16.66,28.16,38.73,0.24,32.31,17.19,14.14,6.3
36081111300,Queens County,New York,True,36.97,46.64,28.73,3.25,867,77.68,10.69,14.05,143917,20.34,26.46,32.24,3.65,42.82,19.49,7.8,14.09
36081112300,Queens County,New York,True,70.85,41.13,26.33,22.57,1508,79.24,19.56,17.71,93194,18.33,22.94,40.37,2.01,36.78,28.96,16.36,17.08
36081112900,Queens County,New York,True,35.53,50.53,27.13,3.78,890,81.99,6.03,16.97,104688,21.78,18.51,38.48,0.73,36.84,23.82,20.63,16.54
36081113300,Queens County,New York,True,20.0,56.73,23.08,4.58,332,94.01,11.41,20.15,111094,20.31,15.62,46.92,0.0,44.33,12.11,32.06,11.83
36081113900,Queens County,New York,True,54.25,39.78,27.01,16.27,2001,90.15,14.1,13.37,85485,19.43,21.57,38.81,1.43,39.89,15.35,28.75,19.58
36081114100,Queens County,New York,True,19.0,66.91,66.91,26.38,487,92.87,4.64,8.39,121579,24.78,22.9,58.1,0.0,35.19,10.58,12.94,12.02
36081114700,Queens County,New York,True,33.71,62.28,21.56,0.0,593,92.45,10.84,8.75,102135,19.8,19.63,47.25,0.0,43.2,6.69,11.99,16.98
36081115100,Queens County,New York,True,16.09,45.24,45.24,21.31,143,88.18,5.3,17.41,108542,30.35,15.68,25.25,0.0,53.05,21.18,25.86,22.4
36081115500,Queens County,New York,True,54.43,35.53,15.26,33.58,1431,90.53,14.21,18.96,109063,19.32,18.59,24.62,0.32,34.31,32.25,19.51,20.3
36081115700,Queens County,New York,True,50.21,69.95,33.51,24.54,1647,88.62,24.2,30.38,64153,19.29,19.83,21.88,4.53,63.17,11.32,23.38,29.0
36081115900,Queens County,New York,True,58.17,67.11,36.4,20.19,2363,80.91,11.59,22.94,61776,21.22,14.99,15.61,4.73,67.54,8.0,27.34,24.17
36081116100,Queens County,New York,True,56.74,51.1,44.49,11.42,1539,64.38,20.43,31.17,43417,30.41,9.82,7.2,4.61,76.79,13.19,34.16,37.03
36081116301,Queens County,New York,True,79.75,69.15,45.07,13.51,2799,63.61,28.51,25.43,65526,28.28,8.8,9.19,5.63,65.74,17.78,21.78,31.72
36081116302,Queens County,New York,True,71.62,58.94,45.38,18.42,2602,89.07,50.96,36.35,53631,25.2,25.79,7.46,4.67,64.55,24.84,34.27,38.2
36081116700,Queens County,New York,True,82.76,61.73,35.99,24.95,1588,73.44,18.18,29.66,62857,17.34,20.35,7.82,1.96,68.5,22.25,28.73,38.72
36081117100,Queens County,New York,True,64.1,59.6,45.7,0.33,1192,75.0,11.72,19.11,78856,20.08,12.83,16.87,1.58,66.89,14.34,22.6,23.85
36081117500,Queens County,New York,True,53.91,66.7,30.66,6.87,2062,78.86,16.69,18.76,78098,11.29,22.2,17.29,1.39,59.39,18.32,31.15,15.67
36081118100,Queens County,New York,True,64.44,49.72,31.07,10.36,1133,67.7,8.71,6.39,100536,17.26,17.11,36.73,1.84,43.75,21.31,14.51,12.63
36081118500,Queens County,New York,True,71.17,67.64,36.63,7.56,1362,59.07,15.71,18.9,67277,15.16,11.31,14.06,2.1,50.18,38.12,11.03,30.12
36081118700,Queens County,New York,True,58.74,55.76,33.74,32.77,1211,66.31,17.3,23.12,71657,23.69,18.35,11.17,0.16,71.6,15.04,24.78,41.53
36081118900,Queens County,New York,True,61.58,81.45,21.27,0.0,825,53.85,5.76,15.69,56446,20.33,10.95,9.86,0.0,74.05,16.0,42.53,32.42
36081119100,Queens County,New York,True,53.41,72.66,59.35,4.2,1428,68.57,22.69,25.12,68355,20.11,13.81,15.86,0.0,68.56,16.05,15.22,36.88
36081119300,Queens County,New York,True,44.07,73.61,46.18,19.27,1056,90.73,15.35,23.99,54273,29.28,20.64,11.13,0.0,46.29,31.81,25.47,27.21
36081119500,Queens County,New York,True,38.59,51.83,46.34,8.54,406,91.28,9.32,16.47,94010,14.53,19.74,17.02,0.15,54.29,28.69,16.24,30.43
36081119900,Queens County,New York,True,6.03,0.0,0.0,0.0,109,95.61,6.68,6.03,123519,25.4,15.94,25.22,0.36,68.83,3.03,6.42,23.44
36081120100,Queens County,New York,True,44.09,61.82,13.64,0.91,555,84.2,16.32,2.61,86125,29.88,13.45,16.75,0.45,69.6,14.55,19.04,35.7
36081120300,Queens County,New York,True,45.95,47.78,47.78,13.79,543,89.03,11.48,21.48,61000,25.47,15.8,10.32,0.06,80.46,8.7,21.83,43.65
36081120500,Queens County,New York,True,71.52,67.74,46.88,12.01,1441,67.12,22.68,52.57,26563,32.78,19.0,4.61,2.59,86.47,1.84,43.46,41.62
36081120701,Queens County,New York,True,11.24,46.43,13.1,21.43,319,84.8,7.41,10.55,115750,23.05,14.11,26.28,0.89,53.86,16.89,6.65,28.58
36081120702,Queens County,New York,False,,,,,0,,,,,,,,,,,,
36081121100,Queens County,New York,False,,,,,0,,,,,,,,,,,,
36081121500,Queens County,New York,True,49.09,66.61,10.38,31.75,2075,87.6,9.77,10.27,92412,14.48,26.31,12.78,3.17,56.99,17.26,12.09,26.42
36081122300,Queens County,New York,True,21.41,52.71,31.77,11.55,668,84.24,8.09,8.27,96313,21.42,17.4,32.66,3.1,59.57,7.01,14.68,30.4
36081122702,Queens County,New York,True,87.23,50.59,13.18,8.0,5402,81.94,31.12,52.71,26161,18.89,22.23,19.38,28.99,16.93,31.21,37.52,16.44
36081122703,Queens County,New York,True,62.26,45.27,18.24,3.5,3902,93.69,12.5,19.83,68089,18.84,16.66,24.08,16.16,18.06,36.01,42.55,12.32
36081122704,Queens County,New York,True,57.23,56.28,35.36,5.07,2106,49.64,11.19,27.32,82292,17.41,15.71,30.61,4.23,28.04,33.58,35.87,15.82
36081124100,Queens County,New York,True,25.61,54.29,8.89,5.34,1102,86.03,4.03,2.88,96560,27.34,16.8,32.73,8.32,46.15,11.22,20.29,11.72
36081124700,Queens County,New York,True,12.73,13.38,0.0,0.0,644,95.73,4.17,6.44,118813,18.49,28.41,42.85,0.31,50.27,0.23,7.8,17.3
36081125700,Queens County,New York,True,36.11,54.49,31.01,12.87,963,74.26,11.24,16.84,107125,25.93,13.38,7.18,7.02,32.45,44.4,31.85,20.4
36081126500,Queens County,New York,True,38.81,49.62,43.51,11.45,615,89.09,14.28,14.67,146250,21.39,13.14,24.56,3.12,51.18,18.99,19.41,13.8
36081126700,Queens County,New York,True,34.09,35.0,23.5,2.67,665,97.4,8.5,8.48,98000,7.2,15.35,36.91,21.75,17.5,29.09,16.36,5.1
36081127700,Queens County,New York,True,11.04,75.21,75.21,0.0,427,91.96,8.34,8.21,119591,32.72,16.11,57.82,6.38,15.91,7.08,14.81,6.07
36081128300,Queens County,New York,False,,,,,0,,,,,,,,,,,,
36081129102,Queens County,New York,True,3.15,62.5,62.5,0.0,102,96.55,7.49,14.9,150263,26.14,26.11,54.77,0.47,31.28,8.2,19.12,6.7
36081129103,Queens County,New York,True,33.37,49.49,35.85,2.9,1407,93.17,12.97,17.7,79367,27.37,23.93,54.82,0.98,23.02,18.81,41.05,9.77
36081129104,Queens County,New York,True,20.14,30.42,26.76,0.0,865,95.0,8.25,13.67,127303,23.81,18.87,32.47,5.15,41.36,15.72,32.79,11.65
36081130100,Queens County,New York,True,14.27,60.27,47.77,5.96,513,95.18,6.05,19.67,94854,33.8,10.29,12.93,25.07,31.45,24.85,25.68,4.79
36081133300,Queens County,New York,True,33.45,9.79,5.92,1.43,920,89.15,10.27,9.64,138602,20.23,17.76,43.77,1.24,40.27,14.62,19.9,4.27
36081133900,Queens County,New York,True,0.62,0.0,0.0,100.0,48,100.0,6.58,4.55,129934,31.56,23.09,50.38,0.35,37.72,8.4,10.56,9.99
36081134100,Queens County,New York,True,41.73,55.19,29.36,1.68,910,87.38,8.89,31.76,59033,24.47,15.96,28.88,0.0,66.19,7.32,26.33,20.76
36081134701,Queens County,New York,True,93.64,50.68,30.02,5.87,4420,79.23,7.61,14.82,92125,18.07,21.75,15.28,15.68,43.58,27.84,29.99,11.45
36081134702,Queens County,New York,True,72.67,46.1,24.47,11.23,3647,97.19,9.51,14.38,84031,14.76,24.51,14.01,16.92,56.6,12.8,33.13,17.18
36081136700,Queens County,New York,True,31.73,70.45,26.87,11.38,2333,88.93,6.15,16.48,82139,25.78,16.75,20.92,2.13,65.95,9.42,34.03,14.94
36081137700,Queens County,New York,True,39.8,65.6,46.04,0.0,2282,77.61,4.66,14.47,99140,18.69,22.19,29.15,5.06,53.59,14.94,29.26,14.64
36081138501,Queens County,New York,True,49.9,63.78,42.2,20.85,2091,82.59,11.82,16.91,92132,18.98,27.36,25.78,0.0,54.69,17.04,20.12,14.39
36081138502,Queens County,New York,False,,,,,0,,42.25,,,35.87,1.09,81.52,3.26,5.43,11.96,,3.26
36081139900,Queens County,New York,True,8.83,100.0,85.37,0.0,85,98.66,9.05,14.85,128000,21.4,17.07,20.81,0.0,62.77,20.94,17.48,12.45
36081140300,Queens County,New York,True,11.77,66.07,41.07,0.0,270,93.58,10.66,20.38,71842,25.38,18.07,20.82,0.0,74.25,3.66,20.13,29.2
36081140901,Queens County,New York,True,31.99,0.0,0.0,0.0,320,98.76,5.39,7.45,130281,24.09,22.15,19.46,0.11,45.91,33.55,7.14,18.19
36081140902,Queens County,New York,True,28.64,38.89,27.22,0.0,545,85.87,8.46,9.58,120208,19.84,18.8,25.55,0.12,69.82,5.79,23.79,18.13
36081141700,Queens County,New York,True,19.35,93.26,69.43,6.35,813,86.66,15.58,13.92,76275,21.35,18.14,19.49,2.53,59.6,16.37,18.71,16.08
36081142900,Queens County,New York,True,23.91,30.65,11.88,12.12,964,87.83,6.06,22.9,100864,22.73,18.19,34.31,0.0,50.92,14.87,30.8,18.85
36081143500,Queens County,New York,True,12.12,16.3,3.26,0.0,280,79.08,4.23,9.49,121875,17.5,16.69,27.96,0.81,51.34,5.12,14.1,16.37
36081144100,Queens County,New York,True,22.18,38.26,25.22,14.18,612,95.17,5.9,12.74,111410,16.82,19.02,40.31,0.0,54.63,4.46,24.04,19.85
36081144700,Queens County,New York,True,40.31,62.18,35.29,7.42,1560,65.95,21.0,11.96,94766,16.51,23.31,17.06,12.28,56.4,21.15,16.01,20.36
36081145101,Queens County,New York,True,36.08,46.62,33.78,0.0,213,70.16,9.36,13.21,71154,22.57,15.5,30.64,0.54,65.55,1.54,30.9,23.83
36081145102,Queens County,New York,True,24.15,67.45,44.81,2.71,522,80.65,5.72,21.86,93523,32.91,12.03,37.82,0.47,39.31,22.41,19.56,19.61
36081145900,Queens County,New York,True,24.27,53.47,21.29,5.15,564,94.31,9.32,11.88,125962,17.91,15.21,34.92,0.0,45.24,25.39,20.62,16.78
36081146300,Queens County,New York,True,52.9,53.28,26.28,2.44,1266,92.13,7.3,7.93,87244,27.54,19.46,33.95,7.09,36.13,18.51,37.51,14.62
36081146700,Queens County,New York,True,73.79,41.74,15.38,4.44,2067,81.08,9.63,10.9,106538,19.48,9.99,51.34,3.69,33.38,9.74,38.32,14.29
36081147100,Queens County,New York,True,30.19,52.84,44.44,0.0,1139,87.22,17.64,22.48,106615,18.32,19.71,44.36,1.81,32.02,20.76,34.76,9.25
36081147900,Queens County,New York,True,39.15,70.57,36.31,6.14,1466,85.79,10.21,14.6,92045,21.51,16.59,41.12,1.55,36.36,17.49,32.38,18.67
36081148300,Queens County,New York,True,6.41,29.17,29.17,0.0,190,98.19,4.91,8.17,178509,36.92,19.33,71.15,0.0,22.93,2.96,13.0,7.25
36081150701,Queens County,New York,True,31.08,61.59,7.93,2.26,927,87.9,4.32,5.79,158875,26.35,17.96,51.97,0.54,33.78,15.75,12.82,7.82
36081150702,Queens County,New York,True,23.89,62.61,42.61,0.0,569,85.28,6.01,10.63,107375,32.0,19.81,49.62,2.3,40.65,6.25,34.06,8.31
36081152901,Queens County,New York,True,26.83,21.57,10.78,0.0,1660,78.93,8.68,10.78,100909,26.21,14.52,31.82,13.74,43.74,10.55,31.52,17.96
36081152902,Queens County,New York,True,20.88,39.54,12.28,0.0,1533,87.07,1.73,5.69,129832,24.21,12.11,30.93,0.7,57.11,8.55,17.35,8.56
36081155101,Queens County,New York,True,5.48,73.81,32.14,0.0,133,92.8,7.64,14.87,89931,87.95,0.6,96.14,0.55,2.25,0.55,62.3,0.0
36081155103,Queens County,New York,True,44.04,33.51,10.38,1.03,2034,91.97,8.39,7.8,114526,25.37,14.72,48.89,12.25,19.62,14.51,35.65,2.59
36081155104,Queens County,New York,True,50.04,31.81,22.67,0.0,1481,96.72,11.1,15.54,88882,33.78,14.73,36.83,10.53,44.15,9.42,37.66,9.68
36081156700,Queens County,New York,True,75.17,51.54,39.21,10.57,583,3.54,30.61,26.16,59722,18.39,11.65,21.82,26.33,36.95,16.22,22.19,9.32
36081157101,Queens County,New York,True,29.52,63.24,21.81,13.48,2368,90.95,9.01,9.85,90575,31.09,11.69,19.91,3.63,59.56,14.86,20.22,8.84
36081157102,Queens County,New York,True,37.25,29.22,8.22,12.28,565,84.53,3.64,3.27,118250,27.23,15.92,13.48,1.9,50.98,31.41,15.52,5.05
36081157901,Queens County,New York,True,11.17,31.82,20.13,20.11,481,92.38,14.06,11.61,133542,34.06,12.38,14.42,0.0,66.69,12.88,25.22,13.94
36081157902,Queens County,New York,True,4.24,35.19,20.37,0.0,147,99.07,4.1,9.73,107153,40.23,15.1,18.01,0.6,68.79,13.83,11.15,9.7
36081157903,Queens County,New York,True,24.85,34.06,9.42,3.83,610,95.43,4.22,11.43,127533,19.97,22.42,19.69,3.87,66.14,8.72,21.21,11.46
36081161700,Queens County,New York,True,19.86,62.28,30.8,18.91,925,89.88,5.95,8.59,119688,16.15,21.06,30.35,7.87,30.56,25.34,11.2,5.55
36081162100,Queens County,New York,True,42.98,30.81,5.38,4.19,2224,92.52,2.75,7.1,121101,20.47,17.07,14.12,8.34,61.44,15.47,18.33,9.12
36081990100,Queens County,New York,False,,,,,0,,,,,,,,,,,,
36083040100,Rensselaer County,New York,True,53.75,61.26,26.17,3.17,2436,96.34,32.9,42.51,39819,11.47,28.05,50.01,24.87,0.26,14.86,41.15,0.0
36083040200,Rensselaer County,New York,True,60.74,66.79,22.54,0.0,2737,92.19,28.07,39.94,41685,16.88,28.57,50.42,16.88,0.0,4.96,44.44,0.22
36083040300,Rensselaer County,New York,True,63.79,42.52,23.8,0.0,2026,89.67,12.48,18.64,73636,11.59,25.65,52.56,20.72,0.28,21.19,24.88,0.42
36083040400,Rensselaer County,New York,True,90.82,70.79,42.62,1.8,2050,94.17,32.54,42.23,35016,7.92,16.56,29.6,48.68,0.25,20.08,54.68,1.2
36083040500,Rensselaer County,New York,True,76.1,63.73,38.43,0.0,1457,70.12,44.31,45.15,38889,11.84,24.74,54.21,26.16,1.75,18.31,38.45,3.24
36083040600,Rensselaer County,New York,True,69.97,58.81,28.76,5.28,1085,75.45,39.02,30.37,45044,6.39,6.08,60.64,11.9,9.56,14.77,38.93,2.08
36083040701,Rensselaer County,New York,True,89.19,49.04,16.7,2.6,2491,93.73,26.28,32.69,43078,15.27,3.93,71.71,10.36,10.44,5.97,76.74,8.06
36083040702,Rensselaer County,New York,True,58.44,43.0,31.06,0.0,531,82.03,22.9,24.86,73581,5.08,11.58,57.17,8.0,22.35,3.21,43.07,0.0
36083040800,Rensselaer County,New York,True,72.54,45.33,32.15,2.91,1289,95.93,21.38,23.23,68664,11.14,5.52,77.32,9.9,0.6,9.55,42.87,3.03
36083040900,Rensselaer County,New York,True,62.98,51.58,28.7,10.16,2167,93.46,30.58,28.22,62175,12.09,23.05,59.91,14.33,0.27,14.03,35.85,1.5
36083041000,Rensselaer County,New York,True,66.37,42.09,18.2,4.86,2393,81.83,15.17,23.34,68040,11.35,19.63,53.06,32.13,2.74,10.35,34.11,0.57
36083041101,Rensselaer County,New York,True,36.73,31.4,15.43,0.0,1098,52.28,8.47,10.58,93208,19.29,13.76,80.39,12.97,3.89,6.01,41.73,1.57
36083041102,Rensselaer County,New York,True,62.47,47.96,30.02,1.37,1363,73.32,34.0,41.58,42727,13.33,26.8,58.3,28.18,0.65,15.68,27.4,2.52
36083041200,Rensselaer County,New York,True,44.73,21.07,10.36,0.0,1528,93.17,7.32,7.26,92050,12.62,15.17,81.91,5.18,1.12,8.21,36.36,0.0
36083041300,Rensselaer County,New York,True,54.46,62.2,43.38,0.0,1331,85.34,29.5,27.51,61875,9.11,8.95,71.36,6.47,10.86,5.93,34.54,0.22
36083041400,Rensselaer County,New York,True,51.69,57.43,25.36,4.08,1666,46.99,10.27,20.28,68160,27.63,10.84,86.5,2.44,5.65,2.31,48.8,0.03
36083051500,Rensselaer County,New York,True,73.56,33.93,15.55,2.5,1680,69.97,25.37,17.32,73618,4.91,23.33,75.53,5.62,2.91,11.31,59.77,0.76
36083051601,Rensselaer County,New York,True,62.85,48.96,22.72,3.58,1842,84.19,28.27,33.33,46399,13.14,26.19,63.54,4.17,22.33,5.6,51.99,7.4
36083051602,Rensselaer County,New York,True,38.33,28.48,9.77,1.59,1256,47.17,4.78,10.66,107420,21.46,16.26,69.36,12.64,5.98,7.53,27.91,1.57
36083051701,Rensselaer County,New York,True,14.19,18.18,0.0,0.0,477,53.05,9.79,12.02,95387,17.17,21.89,93.9,0.0,0.29,3.69,22.82,0.0
36083051702,Rensselaer County,New York,True,36.3,52.22,27.7,26.88,1086,83.85,16.1,26.76,48214,28.67,22.44,90.02,0.98,0.0,6.2,34.15,1.42
36083051800,Rensselaer County,New York,True,6.78,49.52,4.76,0.0,262,45.0,13.15,10.14,92098,20.64,21.68,95.1,0.62,0.0,0.8,17.8,0.31
36083051901,Rensselaer County,New York,True,11.7,36.32,27.89,0.0,470,63.6,3.82,9.75,116677,23.64,17.65,96.51,0.05,0.12,0.41,16.27,0.25
36083051902,Rensselaer County,New York,True,6.27,0.0,0.0,0.0,101,69.35,2.92,6.96,99450,20.06,16.37,94.13,4.09,0.0,0.03,22.49,0.0
36083052002,Rensselaer County,New York,True,2.85,20.0,20.0,20.0,61,59.5,2.8,3.0,119539,16.81,25.58,93.46,0.13,2.85,4.23,12.7,1.04
36083052003,Rensselaer County,New York,True,19.71,26.22,7.93,5.92,633,54.5,3.86,11.55,101146,25.23,15.04,81.81,3.81,7.04,3.05,26.26,2.7
36083052004,Rensselaer County,New York,True,26.49,27.22,7.22,2.69,1278,62.85,2.09,5.35,112415,17.12,22.45,90.38,1.38,2.15,3.1,26.63,0.89
36083052101,Rensselaer County,New York,True,6.45,7.55,7.55,0.0,124,44.81,7.96,15.09,100809,20.01,17.81,89.67,0.65,0.75,4.03,32.48,0.0
36083052102,Rensselaer County,New York,True,9.08,43.18,13.64,0.0,105,54.3,4.96,17.47,77692,23.82,15.95,93.05,0.76,0.23,0.76,26.37,0.24
36083052103,Rensselaer County,New York,True,20.03,19.69,13.39,0.0,329,71.53,6.63,12.25,80313,17.09,21.48,95.87,0.66,0.2,2.7,33.86,0.54
36083052201,Rensselaer County,New York,True,14.48,43.13,2.37,0.0,545,59.45,5.32,10.6,126250,17.49,22.12,88.98,1.71,0.83,2.45,13.14,0.23
36083052203,Rensselaer County,New York,True,15.98,26.33,21.85,0.0,737,54.03,5.72,6.08,117071,22.68,22.5,97.39,0.05,0.21,1.98,17.27,0.19
36083052204,Rensselaer County,New York,True,11.61,12.35,4.94,0.0,195,56.54,3.52,6.97,132019,21.79,21.17,91.73,0.13,0.0,6.47,18.12,0.0
36083052301,Rensselaer County,New York,True,42.03,30.68,14.79,3.19,1964,40.47,4.7,10.63,130361,15.38,22.21,78.18,6.57,4.61,7.43,17.69,0.17
36083052303,Rensselaer County,New York,True,16.63,65.31,65.31,0.0,184,57.77,5.35,4.87,104766,13.71,16.71,94.81,0.0,1.54,0.0,17.85,0.83
36083052305,Rensselaer County,New York,True,22.11,52.86,37.62,12.99,528,73.58,6.15,13.59,92730,24.26,13.02,89.7,0.94,0.89,1.11,20.1,0.61
36083052306,Rensselaer County,New York,True,10.11,64.23,24.82,0.0,268,41.93,4.81,12.65,119554,28.23,19.24,89.9,1.41,2.4,1.93,32.02,0.34
36083052402,Rensselaer County,New York,True,13.46,43.48,15.65,0.0,170,36.15,4.74,13.24,109479,26.47,23.17,85.49,2.42,9.62,1.99,20.69,0.31
36083052405,Rensselaer County,New York,True,17.1,33.33,17.95,0.0,354,79.55,6.8,10.77,74879,14.57,17.08,92.89,2.96,2.65,0.94,33.88,0.39
36083052406,Rensselaer County,New York,True,29.35,50.96,9.6,0.0,939,45.41,6.41,8.15,99615,23.32,15.48,78.14,3.78,12.87,3.01,45.44,1.31
36083052407,Rensselaer County,New York,True,32.89,68.17,32.92,1.34,1174,46.2,2.31,7.51,127464,18.13,23.11,79.1,7.63,1.09,12.5,27.15,1.0
36083052408,Rensselaer County,New York,True,20.47,62.7,9.73,0.0,320,58.16,6.71,7.34,102333,16.7,14.15,80.26,1.61,5.55,4.25,35.51,0.37
36083052501,Rensselaer County,New York,True,6.08,35.86,23.45,0.0,181,75.75,4.32,12.53,125208,22.62,19.16,89.83,1.1,0.0,7.36,28.75,1.48
36083052502,Rensselaer County,New York,True,14.83,47.29,17.77,0.0,643,53.62,5.81,13.66,101007,30.35,20.64,94.82,0.0,1.89,4.38,33.8,0.74
36083052503,Rensselaer County,New York,True,35.66,76.57,38.91,1.22,444,87.02,14.13,21.4,52056,18.79,20.05,86.74,1.89,0.57,9.49,31.59,0.2
36083052601,Rensselaer County,New York,True,19.8,38.02,20.91,0.0,706,56.64,7.84,15.31,93438,18.75,20.33,91.41,0.49,2.58,2.63,28.85,0.43
36083052602,Rensselaer County,New York,True,38.04,34.57,17.9,0.0,308,90.55,4.63,14.12,84781,16.07,18.71,88.85,2.74,0.0,1.98,35.99,0.49
36083052603,Rensselaer County,New York,True,16.24,36.26,5.26,0.0,353,47.26,3.72,8.0,88617,24.04,11.36,94.3,0.97,0.0,5.44,29.12,0.07
36085000300,Richmond County,New York,True,68.57,58.6,24.19,19.08,1231,64.81,21.02,12.66,77981,17.15,12.18,36.95,16.46,26.79,17.89,53.27,6.86
36085000600,Richmond County,New York,True,57.24,50.0,31.79,3.83,1017,44.19,17.95,47.38,34492,31.07,14.02,58.64,7.55,12.23,30.53,56.15,14.23
36085000700,Richmond County,New York,True,80.74,55.61,35.14,12.44,4450,89.91,39.97,33.16,52813,15.72,29.84,19.68,48.6,4.01,30.97,26.62,3.66
36085000800,Richmond County,New York,True,25.3,44.04,25.74,3.62,1217,56.07,12.21,16.95,91438,11.97,19.93,38.32,9.17,37.74,14.93,12.76,10.58
36085000900,Richmond County,New York,True,67.71,53.42,42.14,4.79,1434,86.65,20.37,12.38,66208,12.13,27.12,24.94,53.51,3.58,19.19,26.97,0.65
36085001100,Richmond County,New York,True,54.65,80.86,54.22,13.69,2320,87.4,34.11,25.2,57368,6.86,26.9,15.89,31.62,6.41,45.51,16.22,9.17
36085001700,Richmond County,New York,True,41.18,77.96,62.86,0.0,416,81.16,9.28,25.21,64006,17.7,16.54,46.89,28.69,11.42,10.5,39.83,5.53
36085001800,Richmond County,New York,True,100.0,24.29,17.14,0.0,427,80.91,6.32,8.9,67273,2.0,36.3,47.88,20.94,5.57,19.6,29.45,2.68
36085002001,Richmond County,New York,True,28.04,53.11,33.97,6.81,791,61.4,3.72,13.56,69620,30.61,7.51,79.27,0.55,10.09,11.64,45.89,7.57
36085002002,Richmond County,New York,True,40.98,85.71,47.8,0.0,712,80.52,3.14,16.34,66641,21.27,12.06,66.7,3.23,17.79,9.72,43.53,3.44
36085002100,Richmond County,New York,True,80.05,60.46,39.42,21.98,4283,36.41,23.94,20.28,46667,10.12,19.15,38.96,29.24,3.72,45.95,33.33,11.25
36085002700,Richmond County,New York,True,77.22,75.74,55.41,36.72,1380,76.15,63.66,23.8,45848,19.64,24.86,17.47,24.51,4.38,52.0,14.43,16.79
36085002900,Richmond County,New York,True,68.1,48.14,26.94,7.22,3538,73.36,33.21,43.58,50189,9.03,24.79,12.17,50.83,12.74,31.92,27.53,9.69
36085003300,Richmond County,New York,True,43.18,64.27,30.18,4.54,1281,78.35,13.16,16.52,95317,15.28,26.33,45.64,28.42,10.44,15.99,34.92,4.64
36085003600,Richmond County,New York,True,33.22,37.37,23.88,9.34,802,55.54,13.23,11.61,88929,14.38,21.95,41.45,3.63,29.87,26.88,11.84,18.61
36085003900,Richmond County,New York,True,75.77,44.11,17.67,9.58,1605,84.24,10.31,11.25,103702,15.62,14.9,52.28,13.54,11.65,26.41,37.3,0.55
36085004001,Richmond County,New York,True,34.85,54.79,36.44,11.2,1250,63.64,5.37,10.62,59962,23.21,18.41,39.76,28.63,15.93,11.98,28.58,13.94
36085004002,Richmond County,New York,True,17.91,85.47,85.47,0.0,253,18.27,8.54,22.04,74759,16.01,13.27,13.89,20.66,54.25,16.38,21.91,17.32
36085004003,Richmond County,New York,True,92.76,40.96,23.22,10.25,3240,96.53,40.74,51.53,24896,9.13,24.88,5.29,73.02,2.39,25.45,37.05,9.94
36085004004,Richmond County,New York,True,44.55,48.77,42.42,10.1,1190,78.71,14.47,29.25,120497,7.33,16.93,12.57,30.73,27.31,38.99,17.01,18.97
36085004700,Richmond County,New York,True,41.59,68.21,14.2,18.91,899,69.89,7.51,13.47,108750,14.11,18.06,46.31,25.64,15.13,12.75,34.59,4.2
36085005000,Richmond County,New York,True,27.2,77.26,27.91,21.08,828,43.22,10.65,14.2,74890,19.49,22.96,51.42,5.2,27.78,22.64,18.4,17.1
36085005901,Richmond County,New York,True,43.8,40.62,14.23,2.21,1247,94.02,3.92,9.06,95863,14.08,15.77,70.02,7.18,1.47,22.5,29.99,0.74
36085005902,Richmond County,New York,False,,,,,0,,,,,,,,,,,,
36085006400,Richmond County,New York,True,47.01,58.89,41.99,0.0,1076,76.51,19.8,28.09,67946,23.12,16.29,58.57,6.48,19.5,20.03,25.96,12.12
36085006700,Richmond County,New York,True,37.16,43.11,12.03,19.41,1070,94.24,6.23,11.49,97432,18.54,16.81,59.92,7.85,5.15,29.06,27.52,3.31
36085007001,Richmond County,New York,True,22.22,71.86,17.09,11.21,648,76.75,5.87,10.15,78558,24.02,16.68,69.15,1.2,19.5,8.29,10.82,12.64
36085007002,Richmond County,New York,True,27.91,70.35,32.31,20.56,1338,48.05,14.62,18.18,98574,14.31,19.99,66.25,2.27,22.88,10.31,18.18,10.61
36085007400,Richmond County,New York,True,30.49,60.69,40.6,17.77,1337,47.65,17.47,23.23,78701,21.01,18.48,52.64,3.81,27.5,15.04,30.82,15.47
36085007500,Richmond County,New York,True,51.95,57.23,9.5,9.11,1182,83.36,9.6,11.83,81200,17.71,25.27,48.25,13.43,3.94,29.33,31.07,6.29
36085007700,Richmond County,New York,True,56.79,68.9,42.4,23.23,1025,55.04,31.95,26.96,89961,11.54,26.16,10.04,53.82,7.81,35.69,21.03,7.91
36085008100,Richmond County,New York,True,44.62,52.97,17.66,10.24,1514,71.02,13.35,25.01,91274,24.62,15.09,40.55,28.55,7.73,35.95,34.71,5.41
36085009601,Richmond County,New York,True,45.97,35.02,8.97,11.0,1272,76.76,3.53,7.17,105670,22.77,18.01,76.42,0.67,11.21,7.17,27.78,3.89
36085009602,Richmond County,New York,True,47.58,50.76,23.63,3.49,1485,74.24,4.48,6.09,89392,15.87,15.32,63.34,0.82,20.76,9.18,28.25,14.43
36085009701,Richmond County,New York,True,46.92,51.86,32.54,8.97,1871,72.66,8.49,12.39,100996,11.08,29.89,38.38,29.49,4.69,32.83,18.97,10.39
36085009702,Richmond County,New York,True,19.05,100.0,0.0,0.0,4,100.0,0.0,0.0,,42.5,0.0,100.0,0.0,0.0,0.0,19.05,0.0
36085010500,Richmond County,New York,True,48.47,58.57,44.36,1.05,2780,74.63,17.44,21.04,96607,14.69,26.65,38.64,17.74,3.16,36.81,24.6,12.17
36085011201,Richmond County,New York,True,40.94,49.26,36.09,6.41,1969,56.54,3.53,8.2,92387,17.72,22.31,65.18,0.0,21.64,12.86,20.36,12.22
36085011203,Richmond County,New York,True,26.78,72.63,50.26,12.48,1803,50.0,16.67,10.92,72935,15.66,22.02,41.95,1.15,41.83,17.39,13.64,20.86
36085011204,Richmond County,New York,True,100.0,40.74,40.74,59.26,75,100.0,14.67,40.74,,0.0,0.0,14.67,0.0,0.0,85.33,40.74,0.0
36085011401,Richmond County,New York,True,59.3,72.95,19.71,0.0,1621,89.05,15.28,36.72,50878,21.11,18.4,47.02,25.74,17.48,22.48,35.37,9.53
36085011402,Richmond County,New York,True,30.89,23.68,23.68,4.58,714,76.37,1.41,6.16,111058,22.99,20.14,70.58,1.1,19.17,6.89,25.48,7.11
36085012100,Richmond County,New York,True,2.11,100.0,100.0,0.0,23,93.17,1.15,5.41,202699,16.78,21.86,87.4,1.98,1.05,7.69,16.68,0.18
36085012200,Richmond County,New York,True,26.68,47.94,12.65,7.32,1198,93.92,7.9,13.59,127824,11.85,33.22,77.15,1.07,9.41,29.48,14.75,3.39
36085012500,Richmond County,New York,True,25.17,50.19,16.73,7.96,693,89.51,5.39,13.94,138000,11.92,19.23,55.34,22.39,3.31,34.81,24.65,4.8
36085012804,Richmond County,New York,True,27.15,57.0,38.89,0.97,1001,57.09,4.35,12.33,97624,14.19,18.73,62.63,0.98,23.15,14.23,16.72,17.92
36085012805,Richmond County,New York,True,21.66,84.77,18.54,4.19,300,64.76,4.03,7.91,134512,13.3,15.06,81.42,1.8,9.61,4.57,22.44,3.13
36085012806,Richmond County,New York,True,64.0,68.22,41.02,11.24,3806,75.78,12.64,21.23,67857,17.7,20.03,73.38,3.06,8.95,22.19,33.53,9.43
36085013201,Richmond County,New York,True,3.66,35.0,35.0,0.0,37,88.97,21.18,12.07,117083,24.62,22.39,85.15,2.41,4.89,6.64,25.59,1.63
36085013203,Richmond County,New York,True,24.21,53.93,0.0,15.56,1266,74.94,3.67,7.45,102750,17.56,17.1,78.02,0.15,9.1,13.84,11.95,4.95
36085013204,Richmond County,New York,True,37.0,54.36,41.35,0.0,1637,94.44,11.38,20.68,108447,20.61,22.19,68.98,0.36,14.73,16.45,24.76,5.99
36085013301,Richmond County,New York,True,96.99,36.61,23.64,6.4,1121,100.0,37.76,45.69,33705,19.39,25.17,20.66,51.7,0.0,49.74,46.29,6.41
36085013302,Richmond County,New York,True,60.0,55.49,38.45,14.51,1906,66.12,31.59,27.88,92070,6.41,31.62,10.39,41.51,8.96,63.99,21.24,14.12
36085013400,Richmond County,New York,True,36.3,54.17,40.74,5.62,1443,74.84,16.71,24.2,93145,18.82,25.52,50.7,15.1,18.46,11.63,31.34,4.63
36085013800,Richmond County,New York,True,10.54,7.62,7.62,21.46,699,71.09,2.33,5.37,146975,29.72,17.34,82.41,0.11,8.39,5.06,22.61,1.74
36085014100,Richmond County,New York,True,48.48,53.91,25.31,8.41,972,62.34,13.9,10.25,92500,18.95,20.13,38.57,23.65,8.46,35.24,29.51,6.45
36085014604,Richmond County,New York,True,22.54,68.15,44.96,0.0,1541,62.0,4.38,7.89,126950,19.65,23.17,77.89,0.4,9.58,13.37,13.73,5.18
36085014605,Richmond County,New York,True,17.22,50.83,29.83,0.0,612,80.04,2.69,9.51,148065,19.58,14.34,89.88,0.05,4.08,6.07,12.8,2.48
36085014606,Richmond County,New York,True,14.24,64.82,29.15,0.0,585,17.5,6.7,17.39,97247,19.46,14.82,74.19,0.06,9.55,19.41,24.71,6.24
36085014607,Richmond County,New York,True,9.31,43.16,22.11,0.0,340,72.89,8.19,10.56,130294,14.81,26.19,74.0,0.08,12.71,12.79,18.56,5.16
36085014608,Richmond County,New York,True,8.29,48.57,44.76,0.0,251,55.81,4.68,9.32,105625,23.19,18.01,85.41,0.67,3.34,11.39,20.06,5.33
36085014700,Richmond County,New York,True,26.04,59.25,5.2,5.72,610,95.42,5.41,9.39,123015,37.33,9.83,79.3,0.59,4.46,14.88,38.15,2.4
36085015100,Richmond County,New York,True,22.57,53.25,29.0,10.25,728,79.23,5.73,16.31,115769,17.18,22.52,75.62,0.81,11.24,11.52,21.44,1.42
36085015400,Richmond County,New York,False,,,,,0,,,,,,,,,,,,
36085015601,Richmond County,New York,True,29.57,43.61,9.42,23.27,1436,76.83,7.52,12.24,112076,18.67,19.12,71.5,1.93,9.88,18.46,23.61,4.54
36085015602,Richmond County,New York,True,10.27,70.91,0.0,0.0,248,87.08,10.44,13.43,145682,15.64,23.12,86.27,2.71,2.58,11.62,15.32,4.17
36085015603,Richmond County,New York,True,15.6,60.78,17.25,4.98,858,53.48,12.39,11.77,102792,15.84,22.32,72.42,1.62,14.73,17.04,14.77,6.4
36085016901,Richmond County,New York,True,33.72,58.93,19.64,2.27,1132,68.74,0.87,4.68,129583,13.83,25.49,61.63,0.53,12.6,26.74,10.98,9.67
36085017005,Richmond County,New York,True,24.95,53.58,41.34,6.36,886,34.56,2.92,13.57,100965,16.84,24.61,85.53,0.22,11.05,4.6,32.39,2.78
36085017007,Richmond County,New York,True,10.73,77.25,49.21,0.0,464,7.27,10.87,12.96,107003,10.87,28.63,58.87,0.68,18.06,24.22,15.99,7.92
36085017009,Richmond County,New York,True,20.97,77.74,69.51,2.69,777,44.78,2.96,7.91,124196,17.81,25.41,76.68,3.85,10.41,10.98,20.53,4.17
36085017011,Richmond County,New York,True,14.41,41.98,41.98,6.01,733,61.0,13.21,19.91,128933,16.23,19.47,76.84,0.32,12.46,9.23,19.6,6.67
36085017012,Richmond County,New York,True,18.34,66.56,49.01,10.06,670,48.24,7.31,12.75,126250,16.58,23.33,80.33,0.0,7.18,17.94,13.7,5.6
36085017013,Richmond County,New York,True,16.81,86.81,3.4,2.13,548,40.23,2.75,5.15,99914,20.4,20.84,56.08,4.66,25.73,13.88,17.81,8.29
36085017014,Richmond County,New York,True,21.12,38.3,30.64,0.0,574,31.16,4.9,9.69,112567,21.3,17.17,76.24,0.22,5.75,17.87,27.52,2.8
36085017015,Richmond County,New York,True,17.45,33.88,6.61,0.0,254,29.45,0.25,6.18,116923,18.41,17.75,89.07,0.0,0.0,4.89,24.36,0.45
36085017016,Richmond County,New York,True,19.34,39.93,13.43,0.0,604,69.02,2.53,3.23,104313,13.61,14.41,69.87,0.4,15.71,14.62,20.63,4.07
36085017300,Richmond County,New York,True,64.31,44.25,32.44,3.29,1400,82.87,11.63,33.47,55114,18.24,21.21,29.42,14.98,18.99,38.41,27.12,13.18
36085017600,Richmond County,New York,True,6.69,62.63,18.18,0.0,321,20.46,1.37,4.57,111786,18.96,24.9,88.68,3.44,6.5,1.41,9.07,4.15
36085017701,Richmond County,New York,True,9.7,61.16,36.36,6.38,217,64.82,8.9,8.94,131719,19.12,22.4,64.08,0.07,20.56,8.24,19.53,3.09
36085017702,Richmond County,New York,True,21.62,84.52,52.9,4.57,415,93.15,13.65,16.36,118743,28.91,12.23,84.6,0.05,6.33,6.71,21.62,1.59
36085018100,Richmond County,New York,True,38.6,57.75,45.16,4.22,812,55.17,18.51,37.54,98807,42.35,14.84,73.96,5.14,9.61,14.64,35.48,10.37
36085018701,Richmond County,New York,True,27.27,47.31,28.14,24.87,481,75.93,9.52,14.29,100903,10.55,25.59,63.03,2.98,17.28,11.85,25.4,6.75
36085018703,Richmond County,New York,True,27.1,53.47,13.53,13.53,842,64.75,10.1,8.94,96642,24.3,26.65,53.66,4.38,30.14,10.85,18.6,3.38
36085018704,Richmond County,New York,True,14.69,10.77,0.0,0.0,283,76.24,2.11,6.49,145432,20.26,26.98,70.94,1.78,21.53,2.9,21.09,4.25
36085018901,Richmond County,New York,True,22.04,46.94,42.27,18.45,1570,72.28,12.5,8.6,136370,13.88,23.82,58.51,6.07,12.61,22.93,14.26,9.18
36085018902,Richmond County,New York,True,12.42,79.57,35.48,20.6,592,60.03,17.79,10.92,101700,14.97,28.46,74.66,1.42,15.31,4.98,26.34,7.98
36085019700,Richmond County,New York,True,11.24,60.0,22.22,0.0,230,89.59,1.42,6.83,111250,16.05,19.8,70.53,0.81,13.01,15.19,19.91,1.63
36085019800,Richmond County,New York,True,32.92,92.49,56.23,0.0,2083,37.27,9.3,15.12,131496,15.35,23.93,86.1,0.72,7.18,8.57,13.01,1.36
36085020100,Richmond County,New York,True,32.39,76.08,67.2,14.25,879,83.86,10.49,16.43,116591,9.77,25.09,55.04,1.37,5.54,38.29,27.86,1.84
36085020701,Richmond County,New York,True,61.49,88.4,46.25,9.62,1502,68.32,20.04,26.67,58495,6.99,26.49,22.47,22.29,4.76,50.15,24.35,8.9
36085020702,Richmond County,New York,True,48.57,88.67,79.29,5.45,1250,49.68,30.49,36.72,46638,13.76,24.01,5.5,37.74,6.56,50.92,33.54,6.23
36085020803,Richmond County,New York,True,23.43,52.68,38.86,18.91,1527,27.6,7.58,10.78,108076,17.33,26.37,95.4,0.46,1.63,3.07,20.44,1.36
36085020804,Richmond County,New York,True,18.97,50.14,21.08,0.0,1073,53.31,4.8,15.03,104049,22.4,17.64,84.52,0.49,4.47,11.14,19.39,1.68
36085020805,Richmond County,New York,True,13.23,53.54,47.47,0.0,894,7.81,4.6,13.11,129939,21.97,23.08,81.99,0.06,6.71,11.21,20.89,2.41
36085020806,Richmond County,New York,True,13.96,84.4,34.86,0.0,208,7.67,10.86,13.84,98683,10.78,17.33,76.71,0.08,15.71,7.7,16.25,3.44
36085021300,Richmond County,New York,True,38.7,48.42,32.34,27.69,2263,79.96,14.43,17.01,103992,10.65,24.4,19.72,15.02,6.5,59.28,25.22,4.86
36085022300,Richmond County,New York,True,17.65,77.71,64.46,30.85,590,75.94,17.13,19.25,64964,17.04,25.8,16.55,42.29,5.52,31.47,37.09,4.41
36085022601,Richmond County,New York,True,28.93,59.01,41.29,8.78,1806,6.2,4.35,10.56,104385,13.95,25.38,78.12,2.03,0.95,15.01,17.55,5.05
36085022602,Richmond County,New York,True,52.44,84.84,10.37,0.0,522,70.08,26.44,45.75,,24.62,4.3,92.86,0.36,2.84,2.84,46.16,1.84
36085022801,Richmond County,New York,True,60.0,0.0,0.0,0.0,17,40.0,0.0,0.0,,0.0,0.0,83.78,0.0,0.0,0.0,0.0,32.43
36085022802,Richmond County,New York,False,,,,,0,,,,,,,,,,,,
36085023100,Richmond County,New York,True,33.36,75.73,22.41,14.71,1807,42.27,16.03,12.03,86589,11.73,26.35,19.04,30.01,13.87,45.96,16.42,11.47
36085023900,Richmond County,New York,True,27.49,77.35,71.78,9.41,718,65.38,10.94,11.59,66833,17.73,20.98,27.09,27.73,13.87,31.98,31.61,3.24
36085024401,Richmond County,New York,True,11.27,22.38,22.38,0.0,392,27.27,1.87,4.35,176363,11.32,25.25,93.73,0.0,5.26,4.8,12.35,4.37
36085024402,Richmond County,New York,True,13.12,58.14,7.56,0.0,490,11.31,5.48,13.73,131042,18.61,18.47,90.52,0.02,1.3,6.0,27.47,3.33
36085024700,Richmond County,New York,True,33.26,63.8,40.27,6.85,791,83.54,10.45,13.67,79833,13.72,23.03,34.74,29.28,10.12,25.4,21.64,5.24
36085024800,Richmond County,New York,True,21.31,48.24,19.72,22.22,989,63.99,12.18,9.86,131745,11.85,25.37,71.88,0.08,0.19,27.53,24.01,7.15
36085025100,Richmond County,New York,True,26.91,69.3,4.13,0.0,1223,78.44,8.33,5.36,109494,18.45,21.32,70.17,1.15,12.34,18.04,12.42,2.08
36085027301,Richmond County,New York,True,18.07,22.38,12.64,19.13,513,38.85,9.45,16.44,116181,18.71,15.71,58.63,7.12,20.78,16.82,30.27,3.16
36085027302,Richmond County,New York,True,25.32,46.26,37.37,31.85,1658,74.47,11.32,5.48,106979,18.8,41.58,77.98,3.18,9.98,1.27,12.26,2.25
36085027702,Richmond County,New York,True,29.94,46.76,26.48,8.52,2162,24.76,14.19,22.01,88295,21.33,15.52,60.28,0.78,18.42,13.41,43.19,4.18
36085027704,Richmond County,New York,True,23.13,61.64,35.08,11.27,948,50.92,19.33,21.3,82315,19.62,25.88,57.46,3.17,33.01,10.92,9.97,15.72
36085027705,Richmond County,New York,True,20.84,62.5,22.78,16.95,1258,41.91,6.85,10.45,99803,18.63,17.88,57.33,1.21,26.31,16.24,13.52,11.06
36085027706,Richmond County,New York,True,28.72,65.47,43.88,9.26,799,44.75,29.22,32.54,60781,16.06,18.18,62.6,0.0,23.53,10.56,18.88,7.15
36085027900,Richmond County,New York,True,18.04,92.04,64.6,0.0,170,58.78,6.33,15.86,167934,31.52,22.25,80.03,3.03,7.17,8.24,29.08,2.18
36085029102,Richmond County,New York,True,18.37,57.79,23.12,0.0,520,35.13,4.8,5.17,123393,10.34,24.8,52.82,3.31,21.46,29.12,23.73,4.03
36085029104,Richmond County,New York,True,31.14,47.95,43.38,0.0,2014,63.13,13.9,18.4,97412,23.14,15.83,62.48,5.07,17.92,17.74,15.66,10.3
36085029105,Richmond County,New York,True,32.49,29.51,10.68,9.32,1408,73.23,6.92,7.51,118597,17.26,18.98,71.08,3.2,13.21,9.56,22.02,5.29
36085029106,Richmond County,New York,True,33.93,58.78,39.78,0.0,579,83.38,13.74,22.65,75347,20.88,24.89,74.55,9.88,12.41,12.09,28.24,2.28
36085030301,Richmond County,New York,True,37.77,41.97,19.86,0.0,1658,47.4,5.28,14.0,118913,21.86,13.69,45.62,10.12,23.77,26.5,15.41,5.87
36085030302,Richmond County,New York,True,17.98,51.06,40.96,9.84,878,17.64,9.88,13.25,89917,15.04,17.9,36.39,22.82,15.29,33.82,21.62,8.75
36085031901,Richmond County,New York,True,79.9,34.69,16.76,6.6,3080,64.5,37.44,44.98,51743,6.99,28.01,13.75,39.99,7.62,47.26,13.18,4.4
36085031902,Richmond County,New York,True,44.49,72.73,62.7,0.0,1601,59.72,20.48,35.52,92083,12.35,26.22,23.62,42.19,0.97,41.98,22.28,7.76
36085032300,Richmond County,New York,True,28.15,95.33,63.55,4.07,195,18.88,11.26,24.49,79688,13.79,14.37,10.97,33.88,7.67,28.25,27.69,4.08
36085990100,Richmond County,New York,False,,,,,0,,,,,,,,,,,,
36087010101,Rockland County,New York,True,14.69,49.59,18.6,0.0,781,50.45,3.67,10.16,153293,17.92,17.98,75.8,9.22,2.45,16.61,20.81,0.8
36087010102,Rockland County,New York,True,12.43,85.34,39.79,22.17,758,68.36,4.65,14.45,132740,15.16,24.46,64.29,12.49,2.16,29.12,16.78,1.89
36087010200,Rockland County,New York,True,17.37,87.3,53.17,12.69,534,74.65,7.53,14.58,101863,22.62,20.5,67.39,10.03,1.0,20.77,26.9,2.64
36087010501,Rockland County,New York,True,6.19,87.5,21.59,0.0,238,67.16,3.28,2.39,133623,22.03,22.8,67.98,3.01,2.13,28.5,14.85,0.91
36087010503,Rockland County,New York,True,7.56,48.53,48.53,0.0,220,44.55,2.51,5.78,147083,16.56,31.22,54.64,12.87,16.53,12.06,21.67,0.0
36087010504,Rockland County,New York,True,29.77,53.64,31.54,4.27,2410,58.15,17.94,15.67,83778,17.4,23.32,42.54,17.88,3.98,38.22,26.09,9.83
36087010601,Rockland County,New York,True,20.71,21.72,14.75,9.43,1137,71.56,12.67,3.74,120500,16.65,26.03,30.59,13.79,0.52,61.82,19.35,16.78
36087010602,Rockland County,New York,True,55.91,54.11,38.36,13.22,3216,73.94,21.14,22.07,66541,13.2,27.81,24.18,20.97,4.11,59.72,25.38,15.24
36087010701,Rockland County,New York,True,27.32,71.17,58.26,9.12,815,81.69,16.02,28.45,81628,21.9,21.86,27.43,23.52,3.66,51.35,29.06,17.54
36087010702,Rockland County,New York,True,66.52,70.57,46.25,19.05,2991,90.58,18.69,16.01,63929,7.06,29.03,5.79,6.15,0.05,90.31,16.78,26.59
36087010703,Rockland County,New York,True,59.9,66.43,34.56,17.27,2302,53.21,14.35,22.69,77708,17.53,23.91,36.19,12.22,4.31,49.21,18.68,24.51
36087010801,Rockland County,New York,True,1.34,50.0,50.0,0.0,18,77.53,1.48,4.63,242708,19.4,24.17,79.75,2.89,5.51,13.03,15.01,2.4
36087010802,Rockland County,New York,True,1.61,100.0,100.0,0.0,142,72.16,5.24,1.83,189211,18.79,22.93,55.49,1.42,10.96,32.57,8.26,4.54
36087010803,Rockland County,New York,True,16.03,83.27,75.09,13.88,598,73.55,6.22,12.72,113155,28.93,21.26,53.33,5.39,20.54,19.84,23.45,6.53
36087010804,Rockland County,New York,True,13.31,86.09,3.31,0.0,344,85.88,3.95,5.0,165147,18.57,25.91,65.85,2.05,9.39,25.18,20.88,1.66
36087010901,Rockland County,New York,True,10.42,41.83,41.83,24.84,572,75.93,7.38,6.44,184063,18.5,22.41,68.04,0.64,9.92,20.78,9.56,3.7
36087010902,Rockland County,New York,True,8.94,40.48,11.11,0.0,196,43.48,3.37,7.02,129135,19.73,25.13,61.34,0.0,21.1,17.5,25.46,2.17
36087011000,Rockland County,New York,True,5.99,50.0,18.18,0.0,119,79.92,10.39,16.62,188125,23.66,23.05,74.18,11.75,2.66,10.6,22.48,0.94
36087011101,Rockland County,New York,True,5.5,33.01,15.53,0.0,157,69.65,1.94,6.84,125705,23.33,20.37,49.03,12.17,12.2,22.6,23.72,1.64
36087011102,Rockland County,New York,True,35.19,54.94,25.68,0.0,1777,77.3,3.48,7.56,129219,20.61,19.08,55.38,25.3,6.71,13.5,19.33,2.53
36087011200,Rockland County,New York,True,6.97,48.11,16.04,19.11,560,79.54,2.55,3.37,136818,26.66,19.11,64.7,6.62,11.87,19.26,23.6,1.76
36087011302,Rockland County,New York,True,16.26,44.8,13.87,3.38,793,75.84,6.84,6.5,131406,22.88,22.85,49.07,12.31,16.39,23.15,16.95,3.11
36087011303,Rockland County,New York,True,34.04,57.21,41.46,7.62,1431,69.92,8.12,14.38,116019,21.64,16.99,60.75,7.69,19.49,19.06,32.76,3.47
36087011304,Rockland County,New York,True,83.72,67.84,42.01,11.42,3967,71.62,24.96,18.6,57031,8.79,25.1,3.54,21.91,1.78,69.38,35.1,30.75
36087011305,Rockland County,New York,True,67.54,51.29,31.06,1.89,2700,32.94,14.2,14.5,106458,20.42,19.26,42.03,26.49,5.07,22.72,24.03,8.83
36087011401,Rockland County,New York,True,0.0,,,,0,79.8,2.07,4.63,191435,18.63,20.84,50.49,13.42,10.03,21.24,9.02,4.61
36087011403,Rockland County,New York,True,9.77,64.97,23.73,0.0,292,81.18,5.55,14.57,152500,19.56,22.18,76.49,1.83,9.28,11.95,18.98,3.01
36087011404,Rockland County,New York,True,10.07,53.85,40.0,0.0,435,44.19,4.88,5.14,126726,18.68,19.62,48.44,10.89,19.19,21.46,32.09,2.85
36087011405,Rockland County,New York,True,14.18,44.58,44.58,0.0,656,85.59,7.55,9.65,158259,19.92,20.8,25.23,24.85,20.3,21.0,5.98,6.95
36087011505,Rockland County,New York,True,90.36,82.41,54.89,36.56,3443,24.12,62.39,47.43,30568,7.17,48.27,86.13,0.48,0.69,11.69,3.08,32.25
36087011506,Rockland County,New York,True,77.58,71.84,58.42,30.64,4681,12.1,53.68,38.83,34767,4.2,56.34,94.41,0.45,2.12,2.09,1.44,34.23
36087011507,Rockland County,New York,True,4.17,100.0,0.0,55.26,262,57.0,5.51,5.15,165263,10.6,33.41,75.82,5.25,4.8,12.0,9.43,2.4
36087011508,Rockland County,New York,True,13.92,88.03,0.0,0.0,794,62.75,8.76,7.08,164609,10.17,29.17,96.63,0.55,0.37,1.9,6.84,1.63
36087011509,Rockland County,New York,True,13.82,42.55,29.08,24.11,545,63.43,18.71,6.08,113902,17.4,32.8,45.24,11.57,1.92,28.5,18.33,6.63
36087011510,Rockland County,New York,True,9.74,100.0,85.0,0.0,173,78.75,1.87,3.12,125565,15.15,35.98,73.72,9.23,6.7,1.23,8.18,0.0
36087011511,Rockland County,New York,True,32.27,69.44,34.22,9.21,2196,69.75,18.27,14.33,127016,14.11,28.47,28.47,24.25,5.1,51.89,7.64,16.5
36087011512,Rockland County,New York,True,23.28,37.84,3.15,62.85,1455,72.85,10.38,5.34,151790,10.87,20.96,13.29,41.18,3.38,41.0,7.27,18.21
36087011601,Rockland County,New York,True,20.08,25.18,0.0,0.0,591,61.53,2.13,13.83,172841,16.84,23.05,71.44,4.79,10.42,12.87,22.97,3.03
36087011602,Rockland County,New York,True,44.22,75.77,72.7,0.0,1985,36.83,16.9,29.29,64315,19.97,37.9,89.11,4.49,1.97,4.42,40.21,3.92
36087011603,Rockland County,New York,True,19.34,71.6,14.5,4.4,1045,77.24,15.59,12.2,104537,15.51,31.37,76.02,8.29,2.19,14.37,16.22,3.22
36087011700,Rockland County,New York,True,12.52,57.25,38.17,15.44,453,86.4,5.38,6.54,108043,14.81,24.03,62.34,9.64,6.81,20.21,32.14,1.68
36087011800,Rockland County,New York,True,48.33,63.75,13.12,11.17,693,89.19,4.03,8.23,90917,11.25,33.28,27.0,17.61,0.78,40.88,19.02,4.36
36087011901,Rockland County,New York,True,35.22,78.61,48.08,6.25,1246,99.17,7.19,10.67,111958,10.66,25.85,55.83,17.1,3.57,33.15,24.89,8.31
36087011902,Rockland County,New York,True,60.36,39.5,13.01,9.38,2058,53.88,10.28,18.72,112357,23.06,23.94,50.94,19.73,2.53,19.93,43.1,6.12
36087012000,Rockland County,New York,True,9.18,2.88,2.88,6.82,448,91.76,1.71,10.38,95625,23.79,21.19,68.92,12.52,10.51,7.88,38.69,6.39
36087012107,Rockland County,New York,True,72.93,78.47,68.22,28.75,4219,36.33,53.6,18.6,44284,6.79,60.33,99.38,0.03,0.0,0.58,2.19,15.54
36087012108,Rockland County,New York,True,90.44,67.54,44.32,21.74,5959,21.51,59.87,51.88,27368,5.42,52.95,98.31,0.02,0.5,1.17,4.64,26.88
36087012109,Rockland County,New York,True,68.59,89.11,79.49,16.58,1424,25.21,30.25,48.9,38977,15.68,43.93,91.53,2.28,0.22,0.6,2.72,11.46
36087012110,Rockland County,New York,True,66.37,89.72,67.1,46.59,2656,19.24,69.14,52.04,28702,1.95,58.9,93.43,0.65,0.0,6.04,4.37,23.28
36087012111,Rockland County,New York,True,40.82,42.51,42.51,21.54,1633,29.3,35.17,21.66,91080,5.74,53.23,97.54,0.24,0.0,1.37,14.44,6.94
36087012112,Rockland County,New York,True,42.91,78.38,51.69,34.23,2055,35.92,42.12,16.48,84656,13.62,47.68,98.37,0.55,0.79,0.11,6.13,18.33
36087012113,Rockland County,New York,True,56.92,64.56,51.58,18.01,2660,32.26,49.03,42.29,52147,5.98,50.22,99.76,0.02,0.0,0.02,2.29,14.77
36087012114,Rockland County,New York,True,61.47,90.91,87.5,16.16,1590,49.07,46.98,31.34,41792,5.02,43.96,90.07,0.46,0.0,1.11,7.02,16.23
36087012115,Rockland County,New York,True,50.15,57.76,39.13,26.32,1176,69.13,31.16,13.2,107375,5.54,44.14,51.01,10.89,1.34,36.42,14.96,21.26
36087012116,Rockland County,New York,True,57.76,83.29,61.64,50.85,2553,26.37,46.69,32.17,53052,3.82,62.38,92.2,0.52,1.96,3.42,1.96,16.21
36087012203,Rockland County,New York,True,70.91,61.43,35.01,14.82,1996,77.73,26.56,21.97,60877,6.09,45.08,89.96,4.56,0.0,5.19,17.3,10.45
36087012204,Rockland County,New York,True,55.8,70.85,38.44,35.4,1941,58.53,30.33,30.39,63409,2.85,56.8,93.22,2.75,1.78,1.39,3.87,27.72
36087012205,Rockland County,New York,True,81.23,68.51,45.73,20.57,1550,87.11,35.78,37.81,50214,11.35,33.6,31.22,41.51,8.93,17.87,23.84,16.39
36087012206,Rockland County,New York,True,54.46,65.35,61.19,18.29,1822,65.21,21.34,24.38,62955,13.0,36.66,6.39,55.57,5.22,27.62,29.7,10.58
36087012301,Rockland County,New York,True,79.44,61.04,33.98,42.24,2805,34.6,33.98,24.67,63382,1.56,52.15,66.69,20.49,0.75,12.08,2.3,17.94
36087012302,Rockland County,New York,True,78.52,62.71,39.09,16.3,2722,40.67,33.91,21.26,56250,6.37,28.36,19.04,27.27,0.53,57.25,15.29,35.23
36087012401,Rockland County,New York,True,80.43,70.92,23.42,31.95,5505,77.15,17.43,25.12,65541,14.78,26.05,18.05,52.88,13.37,14.44,27.41,15.34
36087012403,Rockland County,New York,True,81.26,66.82,32.0,10.59,1597,83.49,28.32,26.0,56365,5.22,26.9,14.47,25.93,0.0,65.03,17.4,39.48
36087012404,Rockland County,New York,True,67.14,59.18,50.26,26.7,1341,70.4,29.65,16.19,58750,13.66,36.61,39.54,19.12,8.93,28.22,33.49,18.3
36087012503,Rockland County,New York,True,36.76,35.59,17.08,2.02,525,72.74,8.97,23.27,102717,14.6,43.91,68.43,16.37,1.95,7.02,33.91,4.71
36087012504,Rockland County,New York,True,14.39,9.42,9.42,6.13,563,83.89,5.35,4.06,132798,14.43,40.83,78.04,6.93,2.7,7.72,13.95,5.11
36087012505,Rockland County,New York,True,19.56,46.03,0.0,23.36,622,51.6,11.47,5.67,94951,10.0,45.31,88.85,1.92,0.0,8.29,10.79,2.82
36087012506,Rockland County,New York,True,19.84,54.64,0.0,0.0,396,81.58,0.54,1.52,104884,14.08,38.72,88.89,3.06,0.0,3.22,12.25,6.04
36087012600,Rockland County,New York,True,13.71,100.0,44.96,38.13,1118,76.98,12.38,4.79,134750,16.13,26.19,73.26,0.45,0.82,20.23,23.68,4.23
36087012700,Rockland County,New York,True,38.29,51.52,18.69,3.14,1442,89.82,4.64,12.34,111555,18.21,23.91,72.15,0.87,4.62,18.79,38.12,7.89
36087012800,Rockland County,New York,True,14.79,92.8,77.56,0.0,605,68.87,3.95,6.07,180536,23.05,18.22,87.1,0.44,7.16,7.13,23.39,2.56
36087013001,Rockland County,New York,True,2.32,5.88,0.0,0.0,76,98.79,9.33,10.91,174725,25.52,16.13,65.09,0.61,14.87,17.78,13.51,1.05
36087013002,Rockland County,New York,True,12.21,66.27,24.7,0.0,312,81.82,8.44,11.36,109007,18.92,17.25,69.9,2.29,10.64,17.46,23.63,1.74
36087013003,Rockland County,New York,True,20.77,66.51,33.94,0.0,310,61.87,10.8,19.91,177879,24.34,17.71,73.64,5.78,6.57,10.81,24.44,2.23
36087013101,Rockland County,New York,True,63.48,42.34,28.83,4.55,1901,60.24,5.9,4.17,120893,14.65,19.44,51.75,19.35,1.16,28.51,28.41,8.86
36087013102,Rockland County,New York,True,62.55,39.13,19.47,3.89,1936,66.16,9.68,9.29,127434,24.59,11.25,65.2,5.8,8.79,14.5,33.88,2.93
36087013200,Rockland County,New York,True,32.42,59.03,13.21,3.07,833,86.77,3.39,7.3,121667,18.83,12.96,59.84,18.92,3.59,18.77,21.81,2.85
36087013300,Rockland County,New York,True,33.8,46.75,27.53,0.0,663,57.67,1.11,5.44,140450,23.95,15.27,75.82,1.91,12.85,6.32,42.67,4.86
36087013401,Rockland County,New York,True,10.19,60.76,12.66,0.0,437,80.77,3.7,5.87,151296,21.32,19.35,71.8,4.56,10.03,13.49,17.81,2.82
36087013402,Rockland County,New York,True,0.73,100.0,100.0,0.0,19,69.24,1.83,2.9,192875,16.84,20.19,67.66,2.2,13.09,17.33,21.51,6.71
36089490100,St. Lawrence County,New York,True,50.94,62.6,35.22,0.0,1392,87.08,28.71,42.2,50930,19.24,17.27,92.48,0.03,0.03,2.81,39.87,0.54
36089490200,St. Lawrence County,New York,True,25.38,40.25,19.75,5.02,973,83.45,18.72,22.65,71857,23.74,16.73,93.53,1.36,0.0,1.17,39.63,0.0
36089490300,St. Lawrence County,New York,True,41.2,57.6,29.29,2.18,1808,89.13,22.76,33.39,46415,23.55,15.04,95.3,0.97,0.0,0.79,41.65,0.84
36089490400,St. Lawrence County,New York,True,16.23,40.11,18.72,0.0,295,40.6,10.09,16.89,91429,20.68,21.41,95.35,0.0,2.32,3.92,21.52,0.0
36089490500,St. Lawrence County,New York,True,15.0,55.07,35.27,14.03,589,51.22,18.37,18.81,71563,20.22,26.43,94.38,0.21,0.29,3.43,25.12,0.57
36089490600,St. Lawrence County,New York,True,23.93,57.83,14.38,12.41,869,61.02,13.43,22.25,67500,17.47,18.65,94.55,0.07,0.0,0.8,22.25,0.0
36089490700,St. Lawrence County,New York,True,22.78,49.32,19.81,7.27,1063,51.85,16.66,24.15,63929,20.24,26.0,95.11,0.37,0.2,1.03,25.48,0.73
36089490800,St. Lawrence County,New York,True,53.57,57.25,40.27,0.0,1493,71.39,30.73,35.21,55139,14.49,14.34,93.03,0.57,4.34,0.71,38.6,0.0
36089490900,St. Lawrence County,New York,True,58.59,75.25,25.08,0.62,1486,66.44,17.71,42.31,38797,21.47,20.15,83.96,0.43,8.18,4.26,51.3,2.14
36089491000,St. Lawrence County,New York,True,22.52,48.59,27.97,0.0,751,58.29,14.88,27.19,60813,21.53,20.77,92.61,0.4,3.48,1.88,29.99,0.44
36089491100,St. Lawrence County,New York,True,100.0,100.0,100.0,0.0,3,4.35,0.0,100.0,,0.0,1.14,80.97,9.01,4.6,6.69,100.0,2.09
36089491200,St. Lawrence County,New York,False,,,,,0,,,,,0.0,3.13,78.63,12.32,2.35,4.91,,0.0
36089491300,St. Lawrence County,New York,True,8.24,35.61,27.27,0.0,284,49.95,7.95,11.83,73963,26.23,19.32,96.69,0.0,0.0,0.76,29.48,0.68
36089491400,St. Lawrence County,New York,True,34.63,29.57,19.84,0.0,756,84.65,11.03,29.16,62188,19.84,12.28,77.97,14.7,0.91,3.32,39.83,0.92
36089491500,St. Lawrence County,New York,True,34.6,44.15,34.91,1.26,1070,95.2,22.68,32.98,63808,14.02,20.19,94.04,1.17,0.0,1.44,28.48,0.41
36089491600,St. Lawrence County,New York,True,29.48,45.63,26.24,1.9,511,94.21,12.7,20.63,58088,13.97,21.65,96.57,0.19,1.64,2.13,28.92,0.0
36089491700,St. Lawrence County,New York,True,12.61,23.36,15.33,0.0,481,55.36,13.75,17.23,85263,21.22,22.93,96.27,0.3,0.0,0.67,20.17,0.36
36089491800,St. Lawrence County,New York,True,13.46,39.86,22.46,4.66,405,62.54,10.58,22.38,65086,16.46,30.81,92.68,0.34,0.05,1.44,25.45,2.64
36089491900,St. Lawrence County,New York,False,,,,,0,,,,,0.0,1.01,80.23,9.55,4.08,3.07,,1.01
36089492000,St. Lawrence County,New York,True,30.73,30.71,17.68,0.0,1346,62.41,10.76,13.7,80833,14.69,17.48,92.08,1.15,2.23,3.53,35.38,0.0
36089492100,St. Lawrence County,New York,True,53.17,36.8,26.03,0.0,1093,67.07,18.13,40.01,47991,18.17,12.59,88.17,4.6,1.69,4.65,51.33,0.42
36089492301,St. Lawrence County,New York,True,11.97,47.01,29.91,0.0,304,61.2,14.12,17.91,71444,25.33,18.87,97.87,0.0,0.0,0.56,27.34,0.0
36089492302,St. Lawrence County,New York,True,8.33,13.89,0.0,7.32,138,58.18,4.84,8.23,92500,23.28,22.97,94.96,0.52,0.24,1.47,17.28,0.17
36089492401,St. Lawrence County,New York,True,12.56,50.0,28.05,0.0,200,53.08,11.55,20.47,62778,20.42,23.7,95.13,0.58,0.0,1.21,20.47,1.61
36089492501,St. Lawrence County,New York,True,15.61,38.89,36.67,0.0,306,72.25,18.8,29.52,52391,27.36,18.9,90.51,1.36,0.05,4.3,27.71,0.0
36089492600,St. Lawrence County,New York,True,17.11,35.83,20.28,7.86,1101,54.96,15.35,14.1,60444,19.63,24.17,95.31,0.34,0.16,1.18,26.98,0.63
36089492700,St. Lawrence County,New York,True,43.26,63.75,38.93,3.65,2138,84.06,21.44,34.12,44411,18.21,21.91,80.34,6.31,0.19,8.91,40.35,0.86
36089492800,St. Lawrence County,New York,True,18.88,66.23,47.02,8.78,617,63.95,26.54,29.28,67614,16.06,32.72,95.21,0.3,0.33,1.93,29.47,5.42
36089492900,St. Lawrence County,New York,True,19.75,47.48,21.58,4.05,444,59.22,27.58,20.66,72885,15.8,28.2,95.34,0.61,0.0,2.07,19.18,4.14
36089493000,St. Lawrence County,New York,True,7.52,50.0,50.0,0.0,71,74.73,11.76,25.0,68553,31.43,18.14,98.29,0.0,0.28,1.14,28.66,0.59
36091060102,Saratoga County,New York,True,31.6,31.35,7.39,0.67,1946,50.07,12.41,13.0,95861,19.43,20.09,94.32,0.29,1.26,2.14,24.53,0.32
36091060103,Saratoga County,New York,True,5.27,52.78,0.0,0.0,95,29.04,6.83,4.69,117132,17.59,20.54,93.81,0.0,1.27,0.0,20.35,0.0
36091060104,Saratoga County,New York,True,21.61,62.29,58.57,2.51,774,30.27,16.23,24.0,65761,24.88,21.31,91.14,1.12,0.0,1.05,29.26,0.97
36091060200,Saratoga County,New York,True,50.36,51.47,21.68,1.2,1657,69.04,12.4,25.36,58542,17.42,17.63,90.79,2.06,0.0,2.68,32.99,0.0
36091060301,Saratoga County,New York,True,10.86,46.48,16.9,0.0,233,37.56,8.84,23.99,84606,26.73,13.63,96.94,0.79,0.0,0.38,29.31,0.0
36091060400,Saratoga County,New York,True,34.25,34.66,30.67,0.0,849,77.37,13.95,15.65,76071,19.37,23.34,95.72,0.08,0.27,3.94,27.72,1.19
36091060501,Saratoga County,New York,True,16.31,44.34,23.58,0.0,323,58.23,11.48,15.96,73750,26.08,14.37,92.86,0.0,0.39,1.11,22.54,0.35
36091060504,Saratoga County,New York,True,9.51,70.0,53.33,0.0,94,59.66,19.8,19.59,74063,35.2,12.28,90.56,0.0,0.55,5.5,27.99,0.0
36091060505,Saratoga County,New York,True,13.78,70.0,53.33,0.0,108,63.63,11.48,18.25,58083,36.0,13.04,90.54,0.46,1.01,1.29,33.89,0.29
36091060506,Saratoga County,New York,True,3.14,19.05,0.0,0.0,55,30.84,12.67,19.13,88188,17.74,16.75,96.35,0.0,0.0,3.83,17.64,0.0
36091060507,Saratoga County,New York,True,15.94,36.36,36.36,0.0,43,40.0,3.97,14.49,107500,19.26,11.05,84.99,0.0,3.12,0.0,18.12,0.0
36091060601,Saratoga County,New York,True,31.09,56.36,27.43,2.49,709,28.08,16.88,18.06,86833,24.22,20.02,87.27,0.54,3.06,5.76,27.05,0.96
36091060602,Saratoga County,New York,True,13.6,63.33,33.33,0.0,607,39.62,14.63,14.5,85375,16.57,17.74,94.18,0.91,0.91,1.87,20.09,0.0
36091060703,Saratoga County,New York,True,13.77,19.51,19.51,0.0,322,31.61,3.98,7.12,108952,14.59,21.03,87.6,3.71,0.47,5.49,23.24,0.76
36091060704,Saratoga County,New York,True,37.34,56.51,24.83,0.0,1029,10.75,6.23,5.97,82250,22.66,14.74,93.15,0.02,0.0,6.55,29.8,0.0
36091060705,Saratoga County,New York,True,55.12,45.62,29.36,0.0,1988,31.28,4.29,14.8,90313,20.43,21.55,89.36,1.56,4.5,3.09,45.04,2.0
36091060706,Saratoga County,New York,True,5.66,87.18,59.83,0.0,130,20.9,3.63,9.82,135368,18.78,23.66,97.49,0.02,0.0,0.0,22.11,0.0
36091060800,Saratoga County,New York,True,8.9,41.38,24.83,0.0,445,21.72,7.7,10.42,91178,18.95,19.08,91.44,0.5,0.77,4.02,21.02,0.46
36091060901,Saratoga County,New York,True,15.0,43.53,0.0,0.0,391,41.3,2.63,4.57,114840,20.87,16.3,86.53,0.18,1.12,7.46,22.09,0.0
36091060902,Saratoga County,New York,True,34.01,57.94,22.22,2.22,588,79.48,14.33,21.79,69423,13.98,22.02,94.86,0.25,0.55,3.59,28.97,0.16
36091061001,Saratoga County,New York,True,60.77,35.22,21.77,0.0,1277,82.54,9.2,10.38,100192,24.01,7.33,89.23,5.35,0.0,2.09,44.03,0.0
36091061002,Saratoga County,New York,True,70.79,28.8,9.55,11.44,1097,54.12,17.09,32.39,65530,22.09,6.68,79.79,10.16,0.51,9.08,56.78,0.0
36091061101,Saratoga County,New York,True,42.94,46.33,20.0,0.0,784,68.61,16.16,18.95,108299,16.86,17.74,71.14,5.47,0.65,17.92,34.65,0.76
36091061102,Saratoga County,New York,True,29.5,40.7,3.49,0.0,786,72.82,1.97,4.66,116324,22.64,14.72,84.6,2.79,5.32,1.14,33.5,0.0
36091061201,Saratoga County,New York,True,66.88,31.35,17.28,0.0,1193,62.87,14.74,19.5,95878,29.97,12.51,84.1,1.07,1.3,12.06,49.03,0.92
36091061202,Saratoga County,New York,True,52.41,42.11,27.56,0.0,1326,62.22,15.47,18.11,118646,18.56,11.02,83.51,0.22,5.34,5.37,39.41,2.04
36091061301,Saratoga County,New York,True,24.75,45.48,28.99,0.0,657,11.2,10.24,10.07,166382,20.94,22.25,93.32,1.52,1.26,1.23,19.62,0.0
36091061303,Saratoga County,New York,True,0.0,,,,0,100.0,0.0,0.0,,0.32,0.83,70.99,4.94,8.72,10.15,0.0,0.92
36091061304,Saratoga County,New York,True,1.76,0.0,0.0,0.0,89,92.41,4.3,8.57,120079,18.88,17.06,90.49,0.03,2.99,1.11,20.96,1.45
36091061305,Saratoga County,New York,True,40.51,62.0,30.82,4.29,1432,29.3,6.52,23.96,77347,33.43,18.71,88.23,1.1,3.88,4.3,39.21,1.59
36091061401,Saratoga County,New York,True,12.54,43.75,21.63,0.0,567,36.58,10.11,17.06,79141,16.37,24.85,91.37,3.0,0.0,2.44,21.06,0.2
36091061403,Saratoga County,New York,True,30.52,36.46,13.66,1.47,1897,34.9,3.87,6.62,98203,20.73,17.88,88.82,3.87,0.0,3.61,26.72,0.3
36091061404,Saratoga County,New York,True,9.05,0.0,0.0,0.0,338,22.91,1.14,3.19,163050,12.23,22.35,92.13,1.52,3.07,2.69,13.75,0.1
36091061500,Saratoga County,New York,True,9.54,44.9,40.82,0.0,275,49.61,8.9,11.44,110149,23.66,17.5,88.07,0.0,0.42,4.32,22.53,0.0
36091061600,Saratoga County,New York,True,3.64,18.03,18.03,0.0,144,68.78,5.04,11.51,106801,23.52,23.22,90.62,0.9,0.23,7.06,23.61,0.14
36091061701,Saratoga County,New York,True,25.53,40.93,17.03,2.75,1518,26.39,3.25,6.03,118162,17.5,23.13,87.82,2.67,2.87,2.94,25.22,0.18
36091061702,Saratoga County,New York,True,16.78,22.79,8.16,0.0,532,65.66,6.33,8.22,115893,17.46,21.88,91.87,0.24,2.38,1.14,16.34,0.2
36091061800,Saratoga County,New York,True,33.58,37.94,12.97,0.0,1385,76.33,8.36,10.84,102104,14.38,20.88,88.25,1.25,0.0,3.95,30.82,1.44
36091061904,Saratoga County,New York,True,36.29,33.33,17.76,0.0,1324,33.6,4.07,6.54,110353,24.54,15.8,90.21,2.34,1.15,3.04,36.29,0.0
36091061905,Saratoga County,New York,True,29.86,60.87,33.09,0.0,679,26.28,8.37,19.86,103405,33.28,13.26,93.66,0.07,1.48,2.56,33.26,0.0
36091061906,Saratoga County,New York,True,55.37,27.49,9.88,10.64,1845,25.42,16.81,9.19,101375,16.18,19.6,87.84,1.67,7.26,1.0,33.57,0.0
36091061907,Saratoga County,New York,True,27.31,27.02,13.24,3.29,1065,23.93,1.61,3.79,118859,16.93,16.81,84.14,2.07,5.26,7.63,24.94,1.8
36091062001,Saratoga County,New York,True,18.27,54.73,46.15,0.57,687,32.93,7.13,12.32,105903,16.16,20.1,96.63,0.0,0.61,1.31,22.18,0.09
36091062002,Saratoga County,New York,True,15.23,0.0,0.0,0.0,226,36.02,5.08,8.31,121806,28.14,13.19,94.41,0.04,0.5,8.14,31.77,0.0
36091062100,Saratoga County,New York,True,36.29,18.6,2.11,0.0,584,55.01,8.0,5.54,90060,11.69,18.25,89.59,4.7,0.0,7.31,24.97,0.62
36091062200,Saratoga County,New York,True,58.76,52.59,25.94,0.0,1548,86.13,19.22,25.7,48658,17.18,19.1,89.81,1.43,0.24,8.42,46.92,0.2
36091062300,Saratoga County,New York,True,61.17,52.37,27.08,0.0,1061,89.58,16.03,24.27,53462,17.66,20.26,84.99,0.7,0.43,4.71,41.2,0.64
36091062404,Saratoga County,New York,True,24.4,42.25,17.75,0.0,494,18.13,2.43,8.04,98854,35.26,12.89,95.54,0.0,1.34,2.06,33.4,0.0
36091062406,Saratoga County,New York,True,34.75,42.99,30.13,0.0,985,13.99,6.44,14.49,100552,13.19,25.33,85.25,0.19,7.48,4.61,22.78,0.95
36091062407,Saratoga County,New York,True,35.58,26.68,11.77,6.86,1327,29.38,3.89,4.72,119478,16.16,17.87,86.66,1.87,3.92,4.44,26.78,0.5
36091062408,Saratoga County,New York,True,12.89,37.8,13.41,0.0,267,23.02,4.38,15.46,103560,24.99,15.17,87.16,1.98,0.0,8.85,41.39,0.0
36091062409,Saratoga County,New York,True,40.92,48.81,20.35,0.0,919,18.77,8.04,14.37,80218,25.07,15.12,89.36,0.0,2.6,6.49,38.68,0.0
36091062410,Saratoga County,New York,True,73.0,36.33,14.65,5.66,2656,41.84,3.46,10.75,84529,8.24,21.0,70.76,6.28,5.66,11.59,33.51,3.7
36091062501,Saratoga County,New York,True,2.82,0.0,0.0,0.0,105,46.26,1.7,4.87,146544,19.96,24.84,93.43,0.84,0.66,1.6,22.87,0.19
36091062503,Saratoga County,New York,True,14.68,35.48,19.03,8.54,639,73.91,1.09,5.55,115759,15.87,21.69,77.07,0.76,15.56,1.6,20.18,0.78
36091062505,Saratoga County,New York,True,0.78,,,0.0,14,17.76,2.27,6.42,150995,17.85,25.41,84.72,0.96,8.44,3.57,20.27,0.36
36091062506,Saratoga County,New York,True,7.87,40.35,28.07,0.0,274,44.85,2.05,9.61,124878,21.73,20.84,77.85,3.09,10.37,1.4,27.83,0.53
36091062507,Saratoga County,New York,True,25.85,52.54,28.26,2.8,930,40.91,4.45,6.8,112986,17.14,23.01,74.95,6.78,7.96,5.42,27.58,2.04
36091062508,Saratoga County,New York,True,38.6,53.47,27.5,0.68,1181,44.6,3.71,10.22,111352,20.71,21.37,85.39,3.68,2.95,3.79,35.65,1.4
36091062509,Saratoga County,New York,True,28.67,30.22,0.0,0.0,867,40.58,1.99,5.03,137091,19.92,24.6,88.08,1.56,3.72,1.73,24.12,1.33
36091062601,Saratoga County,New York,True,4.89,100.0,100.0,0.0,144,40.25,2.42,3.88,162396,17.22,20.92,91.99,1.01,3.2,0.27,13.08,0.17
36091062602,Saratoga County,New York,True,13.33,76.6,35.26,0.0,399,31.15,1.88,7.45,167389,20.13,22.06,77.29,0.02,13.26,1.67,20.86,0.43
36091062700,Saratoga County,New York,True,25.75,14.99,6.18,0.0,1320,65.26,7.45,16.23,93214,21.36,18.62,80.95,6.35,0.31,9.46,32.98,0.0
36091062800,Saratoga County,New York,True,46.23,26.46,13.75,1.03,791,93.0,10.6,13.94,72938,25.66,16.83,86.52,0.1,7.53,1.63,45.56,1.92
36091062900,Saratoga County,New York,True,23.92,47.95,0.0,0.0,147,58.32,0.0,6.62,92604,26.88,7.27,89.77,0.0,0.0,5.18,33.33,0.62
36093020101,Schenectady County,New York,True,47.65,20.06,2.42,1.51,1098,81.53,3.52,0.85,96207,16.93,18.56,61.77,20.4,4.07,11.82,45.1,0.0
36093020102,Schenectady County,New York,True,49.1,72.15,51.42,0.0,990,82.45,26.09,29.91,54089,8.37,26.31,67.81,14.29,1.24,18.76,25.36,1.28
36093020200,Schenectady County,New York,True,66.03,37.72,28.29,7.2,1819,53.41,26.97,23.19,58304,16.5,19.84,57.84,13.68,6.45,16.46,54.11,2.1
36093020300,Schenectady County,New York,True,76.38,53.77,35.15,0.0,936,83.69,29.16,17.94,47969,7.84,4.68,72.24,10.16,4.9,10.29,55.16,0.28
36093020500,Schenectady County,New York,True,24.13,58.09,33.19,13.5,1216,96.73,16.34,15.43,74697,19.5,25.31,66.55,8.59,7.9,20.36,20.88,0.0
36093020600,Schenectady County,New York,True,30.97,47.99,27.64,0.0,881,99.39,7.19,17.04,84525,14.23,24.83,57.3,16.38,0.2,2.99,34.63,0.49
36093020700,Schenectady County,New York,True,33.28,74.12,51.96,9.45,1950,99.32,27.04,30.84,64073,14.9,29.11,30.18,27.89,13.93,7.0,16.87,0.4
36093020800,Schenectady County,New York,True,80.41,69.96,49.73,1.08,2963,83.52,30.75,44.83,31902,10.9,18.34,38.95,31.92,6.0,18.09,42.73,0.59
36093020900,Schenectady County,New York,True,76.15,95.74,53.73,2.28,2928,86.41,42.53,46.46,32336,16.33,23.76,21.3,25.73,6.2,15.89,35.78,3.94
36093021001,Schenectady County,New York,True,98.28,53.86,31.0,2.04,817,77.23,19.78,47.78,38125,5.0,4.14,38.83,26.8,1.33,18.67,69.24,3.16
36093021002,Schenectady County,New York,True,81.49,58.95,40.49,14.88,1997,68.55,57.42,63.7,14329,21.01,23.92,23.56,38.68,0.0,28.69,50.28,3.11
36093021200,Schenectady County,New York,True,42.4,58.51,6.46,7.13,1009,85.29,11.35,14.89,58705,15.7,11.99,76.33,5.23,2.89,7.24,45.65,0.61
36093021400,Schenectady County,New York,True,56.59,70.05,47.67,1.09,1954,99.49,41.11,36.6,55012,8.8,28.61,20.58,35.05,7.18,6.5,24.58,0.5
36093021500,Schenectady County,New York,True,68.48,89.88,72.05,4.94,1908,99.03,48.96,47.52,33889,11.63,24.15,28.4,27.47,2.02,26.72,29.79,6.03
36093021600,Schenectady County,New York,True,33.38,63.05,51.11,0.0,790,96.17,16.44,25.79,67813,21.11,11.89,47.12,8.28,13.15,6.99,30.64,2.52
36093021700,Schenectady County,New York,True,64.22,48.26,32.33,0.0,2510,88.32,29.69,36.11,54472,11.23,26.59,24.47,35.13,9.38,10.62,31.89,4.27
36093021801,Schenectady County,New York,True,15.72,77.54,44.2,1.32,299,93.67,15.67,15.72,94154,16.35,22.01,57.17,11.72,7.66,11.5,26.58,1.03
36093021802,Schenectady County,New York,True,54.71,51.06,42.18,7.75,2014,59.32,17.75,24.78,69025,28.16,12.02,66.21,13.14,10.59,2.94,51.21,0.0
36093031901,Schenectady County,New York,True,7.85,11.19,11.19,20.9,338,59.35,4.34,2.99,136582,18.47,30.71,75.98,6.13,10.69,4.67,14.23,0.21
36093031902,Schenectady County,New York,True,30.58,44.5,13.14,0.0,513,49.56,6.63,6.56,119688,31.22,19.58,84.73,2.86,4.87,3.88,30.42,0.68
36093032000,Schenectady County,New York,True,28.31,38.64,6.56,4.44,1693,76.63,5.93,9.64,107233,16.55,27.91,66.52,9.74,9.58,8.14,24.97,0.34
36093032101,Schenectady County,New York,True,8.67,52.67,0.0,0.0,398,50.58,1.26,2.6,185464,17.27,28.09,78.04,0.87,15.72,4.39,20.92,0.0
36093032102,Schenectady County,New York,True,2.42,0.0,0.0,0.0,45,52.55,1.42,0.54,180761,19.22,24.39,77.02,2.98,6.59,4.54,22.31,0.0
36093032200,Schenectady County,New York,True,24.61,74.07,44.01,0.0,714,80.79,5.88,20.79,79390,21.01,22.16,90.17,0.15,0.75,4.81,43.62,0.4
36093032300,Schenectady County,New York,True,27.13,24.48,0.0,0.0,479,71.77,3.06,28.91,71906,16.56,18.99,89.13,1.78,0.54,1.93,28.02,0.0
36093032402,Schenectady County,New York,True,55.97,35.01,20.06,0.78,1363,42.9,3.25,6.52,83644,25.99,17.38,85.9,3.79,3.02,4.97,49.51,0.46
36093032403,Schenectady County,New York,True,19.52,47.78,25.56,0.0,365,79.9,1.83,7.7,100417,17.04,23.91,90.78,0.7,1.13,3.83,28.09,0.0
36093032404,Schenectady County,New York,True,21.4,40.89,22.51,0.0,905,67.64,5.45,14.64,106134,28.3,18.42,89.26,2.08,3.89,1.94,23.28,1.05
36093032502,Schenectady County,New York,True,3.75,85.0,67.5,0.0,52,86.9,2.72,6.93,109444,25.77,23.94,91.35,0.99,0.61,1.53,25.09,0.22
36093032503,Schenectady County,New York,True,10.04,66.25,0.0,0.0,293,82.42,7.16,4.52,116622,19.96,20.02,95.36,1.08,0.0,1.74,16.25,0.41
36093032504,Schenectady County,New York,True,2.25,21.05,21.05,0.0,79,71.59,2.99,8.75,109750,21.85,23.77,95.49,0.0,1.12,3.75,15.96,0.34
36093032601,Schenectady County,New York,True,27.26,36.0,12.89,2.77,477,33.92,3.36,9.05,105139,19.35,18.13,88.24,5.1,0.44,3.18,28.66,1.55
36093032602,Schenectady County,New York,True,51.47,46.49,23.43,0.0,1852,50.46,8.33,19.09,78654,19.8,19.34,89.06,3.34,0.0,12.18,40.93,0.0
36093032700,Schenectady County,New York,True,30.08,44.66,16.79,2.67,1074,86.36,12.46,13.72,72667,13.63,22.84,78.8,8.74,0.0,6.71,34.85,0.48
36093032901,Schenectady County,New York,True,7.63,53.49,23.26,0.0,204,88.47,5.69,9.0,90602,19.22,26.19,88.14,1.94,1.81,6.19,30.1,0.59
36093032902,Schenectady County,New York,True,8.86,27.33,17.33,3.77,360,85.14,5.76,12.26,88065,18.61,24.43,84.43,0.67,2.33,8.91,33.05,2.19
36093033002,Schenectady County,New York,True,10.79,92.0,62.0,0.0,228,40.55,6.74,11.22,113850,16.56,28.6,85.81,0.62,1.44,3.62,19.09,0.0
36093033003,Schenectady County,New York,True,28.16,49.36,30.64,0.0,693,59.2,2.66,16.49,90547,23.58,15.35,85.95,2.97,6.11,4.33,42.96,0.0
36093033004,Schenectady County,New York,True,34.26,43.1,9.61,3.71,1158,80.17,13.15,9.35,94375,16.91,21.44,80.21,3.3,2.74,2.48,27.23,0.94
36093033101,Schenectady County,New York,True,8.28,67.65,0.0,0.0,141,58.22,4.25,7.67,98438,23.6,15.7,88.23,1.08,0.0,0.86,28.5,0.29
36093033102,Schenectady County,New York,True,12.88,74.51,63.73,0.0,710,58.73,9.77,11.91,95378,14.61,18.79,89.1,0.72,0.62,4.7,20.2,0.21
36093033200,Schenectady County,New York,True,36.25,37.42,14.14,3.8,1309,97.12,12.88,11.3,69258,12.38,23.71,59.48,11.95,1.89,20.58,29.43,0.5
36093033300,Schenectady County,New York,True,15.01,28.93,19.5,0.0,262,84.79,2.54,4.63,75344,16.44,26.8,72.95,6.93,6.25,7.66,33.62,1.41
36093033400,Schenectady County,New York,True,50.16,42.38,9.71,3.27,825,95.03,5.66,6.78,69176,8.84,8.21,74.92,6.28,4.36,7.95,43.17,1.07
36093033500,Schenectady County,New York,True,79.08,45.14,37.96,0.0,1808,76.85,8.19,24.57,60286,18.11,7.32,63.2,21.09,3.62,7.21,59.78,0.88
36095740100,Schoharie County,New York,True,26.73,53.44,27.08,6.39,1114,68.07,10.93,22.13,71957,21.22,21.04,88.97,2.16,1.33,2.59,34.85,0.0
36095740200,Schoharie County,New York,True,46.85,46.44,22.62,2.1,1974,67.41,15.05,24.41,54706,28.68,14.49,88.76,1.47,1.0,3.14,38.45,0.0
36095740300,Schoharie County,New York,False,,,,,0,57.14,,,,0.0,0.56,73.71,7.39,5.52,12.35,,0.0
36095740400,Schoharie County,New York,True,19.06,33.23,27.08,5.22,880,59.65,14.38,17.32,79432,18.23,23.15,91.63,0.6,0.29,4.88,25.98,0.43
36095740500,Schoharie County,New York,True,21.77,54.36,21.25,10.64,628,51.41,9.67,18.2,59236,26.84,20.66,87.94,1.29,0.09,8.79,38.19,0.17
36095740600,Schoharie County,New York,True,7.23,46.67,15.0,2.22,207,51.09,10.76,15.18,71949,28.83,11.94,91.11,0.81,0.95,2.24,29.16,0.15
36095740700,Schoharie County,New York,True,19.27,51.13,30.33,0.71,709,54.91,10.51,18.31,57238,24.4,16.72,94.21,0.47,0.53,2.11,31.67,0.63
36095740800,Schoharie County,New York,True,5.02,28.57,28.57,0.0,105,55.67,7.59,16.39,82917,30.13,13.41,86.97,1.36,0.77,3.07,23.37,0.07
36097950100,Schuyler County,New York,True,8.57,81.71,26.22,0.0,395,51.15,15.65,17.19,79904,24.97,17.98,94.45,0.1,0.23,3.07,25.18,0.11
36097950200,Schuyler County,New York,True,18.6,33.94,12.84,0.0,253,69.37,5.56,12.31,86131,21.5,17.17,89.8,3.85,0.86,3.24,36.64,2.59
36097950300,Schuyler County,New York,True,15.28,45.99,31.39,0.0,461,57.12,17.73,16.94,64702,22.23,22.43,94.1,0.44,0.0,0.58,33.71,0.59
36097950400,Schuyler County,New York,True,33.88,44.55,17.29,4.69,864,75.17,12.25,20.98,53668,27.9,13.72,93.58,2.6,0.66,2.46,39.82,0.03
36097950500,Schuyler County,New York,True,27.43,50.11,33.11,8.1,963,72.29,17.61,26.21,65240,18.03,22.0,91.67,1.1,0.81,1.28,30.59,0.0
36099950100,Seneca County,New York,True,15.09,57.28,40.78,0.0,293,57.62,11.2,25.11,70769,18.44,24.71,89.56,4.04,0.0,5.56,27.2,0.0
36099950200,Seneca County,New York,True,40.12,41.79,22.17,3.4,696,84.71,22.52,21.81,61071,25.01,16.29,90.43,1.85,0.96,6.91,36.8,1.2
36099950300,Seneca County,New York,True,25.21,56.28,34.43,0.0,1062,75.33,12.32,16.12,71324,18.73,15.15,87.52,3.46,0.76,1.86,41.76,0.31
36099950400,Seneca County,New York,True,45.81,36.41,17.79,0.0,969,69.6,14.15,25.28,59268,18.98,18.17,89.89,0.77,3.03,2.22,44.15,0.78
36099950500,Seneca County,New York,True,38.85,65.27,20.19,4.77,1014,80.45,16.91,28.63,49527,27.4,16.86,81.82,2.68,0.2,9.87,47.34,0.93
36099950600,Seneca County,New York,True,29.87,22.73,7.05,0.0,953,60.25,4.94,21.21,69279,24.54,18.67,91.29,0.03,0.08,5.22,36.43,0.3
36099950700,Seneca County,New York,True,17.91,35.86,35.86,0.0,618,64.06,9.8,13.89,77875,21.74,24.2,96.37,1.52,0.22,1.3,32.39,0.0
36099950801,Seneca County,New York,False,,,,,0,,,,,4.39,0.0,34.69,55.49,0.0,14.94,,2.3
36099950802,Seneca County,New York,True,23.92,57.51,49.82,4.26,874,65.97,18.12,18.27,74292,18.39,25.9,84.89,6.29,0.41,4.13,23.29,0.88
36099950900,Seneca County,New York,True,29.0,35.23,24.09,4.52,1011,58.31,16.6,17.45,74231,22.79,25.18,96.56,0.26,0.0,1.63,26.97,1.63
36099951000,Seneca County,New York,True,16.61,42.86,7.14,0.0,213,75.0,7.6,13.19,75688,25.25,24.1,92.37,0.7,1.45,2.1,31.92,1.47
36101960100,Steuben County,New York,True,11.43,23.08,2.56,0.0,172,59.23,6.81,16.9,68906,25.75,22.76,92.72,0.19,0.65,4.85,22.62,0.98
36101960200,Steuben County,New York,True,12.55,38.26,7.83,31.06,632,36.54,18.64,14.92,69107,17.55,28.96,95.91,0.03,0.76,0.93,26.52,3.94
36101960300,Steuben County,New York,True,11.44,29.91,11.21,15.32,267,71.09,15.03,29.59,65286,18.74,22.23,93.85,0.59,0.17,3.07,21.34,0.0
36101960400,Steuben County,New York,True,23.03,46.26,23.49,0.9,829,74.67,19.98,20.33,65385,17.74,28.2,91.59,0.27,0.0,3.11,22.89,0.0
36101960500,Steuben County,New York,True,8.76,44.44,29.63,6.06,336,52.37,10.61,16.28,69194,16.95,20.02,89.19,0.78,0.0,6.51,29.12,1.39
36101960600,Steuben County,New York,True,17.43,41.46,12.89,0.0,654,71.05,8.41,20.21,73014,26.93,19.69,96.85,0.23,0.35,2.52,31.86,0.0
36101960700,Steuben County,New York,True,58.26,23.65,12.93,0.0,1169,85.14,14.28,21.9,47188,24.4,14.18,91.83,3.33,1.61,0.11,49.33,2.07
36101960800,Steuben County,New York,True,54.57,51.94,26.91,2.81,1392,88.17,27.15,31.08,47969,24.79,19.27,86.7,3.2,6.19,2.1,38.07,2.57
36101960900,Steuben County,New York,True,38.22,47.67,21.62,0.0,979,91.88,28.72,36.03,46989,17.5,23.9,92.15,4.21,0.0,0.61,31.3,0.34
36101961000,Steuben County,New York,True,17.66,36.41,34.87,5.31,507,55.8,13.16,15.14,69668,21.04,19.39,94.24,0.53,0.03,4.03,25.45,0.38
36101961100,Steuben County,New York,True,26.76,50.8,32.47,3.33,887,71.99,15.66,29.24,49271,18.89,19.43,92.97,3.64,0.0,2.22,37.91,0.0
36101961200,Steuben County,New York,True,40.05,39.06,23.22,0.0,1071,69.45,20.35,32.45,48936,30.05,14.03,94.42,2.01,0.37,0.37,50.16,0.0
36101961300,Steuben County,New York,True,18.19,41.43,12.86,8.43,664,49.55,17.57,23.62,51420,26.58,18.78,93.62,2.84,0.17,1.98,28.08,0.0
36101961400,Steuben County,New York,True,17.7,37.96,15.33,0.0,337,63.94,8.42,13.88,76845,38.85,13.99,88.88,1.33,0.05,1.28,39.78,0.21
36101961500,Steuben County,New York,True,7.42,41.67,22.22,13.79,168,56.57,7.88,12.28,81250,32.99,14.81,94.33,0.0,0.41,0.81,25.32,0.18
36101961600,Steuben County,New York,True,9.48,66.67,29.82,6.67,179,63.82,6.24,13.43,88281,17.07,24.03,92.53,1.07,0.45,4.77,13.74,0.31
36101961700,Steuben County,New York,True,16.11,54.97,50.29,43.62,592,72.16,21.9,21.42,74508,20.73,24.0,92.81,0.64,0.29,1.6,22.28,0.44
36101961800,Steuben County,New York,True,11.77,51.19,41.67,2.16,398,52.53,20.99,16.34,65398,14.77,29.33,95.03,0.33,0.0,1.27,21.68,0.46
36101961900,Steuben County,New York,True,24.94,59.78,24.72,0.0,644,70.12,10.69,22.12,62660,23.37,24.3,92.48,0.06,4.75,0.4,30.49,3.07
36101962000,Steuben County,New York,True,15.37,23.66,12.98,1.73,540,57.71,11.21,16.43,73521,19.15,25.22,95.91,0.0,0.99,1.18,22.16,2.69
36101962100,Steuben County,New York,True,15.27,36.52,14.78,1.26,430,50.48,14.16,17.87,64450,19.11,27.06,94.22,0.0,0.3,0.3,20.56,0.55
36101962200,Steuben County,New York,True,26.54,52.04,23.98,3.88,609,73.71,14.86,25.51,57105,15.35,25.83,97.0,0.72,0.0,0.4,30.35,0.64
36101962301,Steuben County,New York,True,34.98,52.27,22.8,8.09,1308,38.43,7.28,10.91,104706,16.92,19.39,77.59,3.53,11.99,1.08,26.67,0.19
36101962302,Steuben County,New York,True,28.9,67.49,35.29,0.0,549,80.67,12.71,26.85,70100,18.13,23.04,89.98,2.14,1.42,4.8,34.73,0.0
36101962400,Steuben County,New York,True,36.19,38.24,22.18,2.04,900,81.84,10.12,17.69,66908,15.14,15.34,93.34,0.65,2.25,0.75,37.0,0.0
36101962500,Steuben County,New York,True,49.54,42.51,12.73,0.0,963,91.2,13.55,29.52,49605,17.58,21.57,92.36,1.92,1.78,2.25,41.14,0.0
36101962600,Steuben County,New York,True,51.14,49.4,15.09,0.0,921,91.18,9.7,28.33,59773,17.27,18.16,85.45,1.16,5.7,1.29,47.11,0.0
36101962700,Steuben County,New York,True,58.04,42.46,21.55,0.0,1468,83.19,13.39,24.77,60677,19.72,16.26,85.25,4.72,2.09,5.31,46.21,0.0
36101962800,Steuben County,New York,True,13.46,33.33,23.08,0.0,485,82.41,6.89,17.35,88113,21.04,25.57,90.97,6.26,0.85,0.88,27.14,0.03
36101962900,Steuben County,New York,True,14.76,45.45,31.47,0.0,354,73.08,9.83,13.62,90882,23.47,23.85,91.09,1.66,1.47,3.51,26.48,0.0
36101963000,Steuben County,New York,True,6.62,23.08,11.54,0.0,161,60.48,5.79,12.48,94712,18.47,22.0,95.9,0.24,0.43,0.78,19.74,0.0
36103110101,Suffolk County,New York,True,2.74,36.84,36.84,0.0,46,73.04,2.08,7.11,250001,20.14,27.94,88.3,3.39,1.6,3.34,12.41,0.51
36103110103,Suffolk County,New York,True,7.25,89.47,40.35,0.0,71,87.87,2.76,6.49,163716,28.7,20.82,91.47,0.14,1.15,7.52,22.77,0.7
36103110104,Suffolk County,New York,True,6.64,0.0,0.0,0.0,170,81.04,1.51,2.87,250001,12.9,27.37,88.52,0.41,4.34,1.92,14.77,3.87
36103110200,Suffolk County,New York,True,10.52,74.09,65.45,12.24,682,81.94,4.07,8.45,168000,28.24,13.28,88.37,1.1,4.09,1.97,30.64,0.79
36103110300,Suffolk County,New York,True,11.03,37.39,23.42,0.0,366,78.87,2.56,3.58,225613,24.72,15.58,91.2,0.02,1.95,5.0,20.55,0.51
36103110401,Suffolk County,New York,True,0.0,,,,0,91.72,3.31,4.87,196029,25.27,20.64,88.19,0.39,0.0,9.35,26.44,1.12
36103110402,Suffolk County,New York,True,4.63,35.71,16.07,0.0,148,86.61,1.45,3.08,182250,19.29,21.69,82.4,0.68,0.53,7.51,23.36,0.96
36103110501,Suffolk County,New York,True,2.18,23.08,23.08,0.0,33,79.08,5.37,4.45,229712,19.16,19.11,89.49,0.0,1.1,11.82,13.03,1.04
36103110502,Suffolk County,New York,True,12.92,76.23,44.26,6.87,217,84.34,9.86,15.48,182283,14.92,20.75,84.69,3.49,2.03,5.09,25.54,0.0
36103110601,Suffolk County,New York,True,14.81,39.78,24.45,0.0,601,77.85,7.67,13.78,145423,30.53,15.82,88.09,0.39,0.46,9.9,27.46,0.26
36103110602,Suffolk County,New York,True,13.1,42.77,42.77,0.0,199,88.05,18.91,17.22,161288,22.02,20.35,90.06,0.0,1.09,2.9,31.63,0.17
36103110801,Suffolk County,New York,True,10.48,39.13,15.22,0.0,174,75.44,3.29,4.44,203500,26.08,17.17,88.82,0.86,4.08,2.82,12.9,0.67
36103110803,Suffolk County,New York,True,1.31,0.0,0.0,0.0,51,88.85,2.85,4.6,169896,22.22,19.39,88.25,0.0,0.95,9.0,19.63,0.6
36103110901,Suffolk County,New York,True,33.41,32.49,15.23,15.9,710,81.03,3.71,10.06,158852,17.61,8.64,86.0,1.66,2.56,6.09,37.28,0.0
36103110902,Suffolk County,New York,True,26.96,27.75,20.68,0.0,1130,77.74,11.39,6.84,136885,22.64,11.43,53.46,12.4,1.2,29.09,20.26,7.35
36103111001,Suffolk County,New York,True,25.39,55.56,34.19,14.17,582,72.34,5.11,8.22,136107,20.18,16.2,71.95,3.81,10.36,9.39,33.71,1.03
36103111002,Suffolk County,New York,True,37.0,58.73,34.65,10.14,1716,60.54,8.2,19.33,126375,17.97,17.97,54.1,5.58,3.09,35.84,31.32,6.66
36103111101,Suffolk County,New York,True,18.61,50.85,26.27,47.46,346,86.89,7.7,5.05,130417,13.13,24.15,47.78,15.1,1.81,35.83,16.25,7.18
36103111102,Suffolk County,New York,True,29.66,40.87,35.65,30.19,680,76.05,16.3,10.07,158667,12.51,17.74,31.49,15.89,5.03,52.96,5.78,15.16
36103111103,Suffolk County,New York,True,16.96,81.5,47.98,6.94,402,75.1,9.18,11.86,124091,14.9,19.74,33.22,18.79,1.79,52.91,7.16,16.88
36103111201,Suffolk County,New York,True,22.18,13.08,0.0,35.05,480,84.7,4.55,5.18,146270,15.03,27.24,42.32,15.47,3.2,39.99,20.52,5.42
36103111202,Suffolk County,New York,True,27.6,19.29,19.29,0.56,1108,92.31,2.8,2.87,106451,20.6,10.89,67.32,7.26,1.69,23.49,25.7,5.44
36103111300,Suffolk County,New York,True,7.23,78.02,78.02,0.0,325,71.32,5.71,8.46,189118,23.77,23.83,84.58,3.47,2.28,6.16,9.56,0.0
36103111401,Suffolk County,New York,True,8.95,65.96,59.57,0.0,51,83.3,8.34,12.95,174635,25.91,22.2,76.76,7.88,2.21,14.52,19.81,1.23
36103111402,Suffolk County,New York,True,1.31,47.83,0.0,0.0,76,76.73,2.94,2.9,161681,23.97,16.6,78.09,2.64,6.94,6.92,14.23,1.79
36103111503,Suffolk County,New York,True,25.63,57.49,40.75,0.22,604,75.49,7.35,23.66,131726,24.49,25.02,56.34,16.09,3.21,25.24,35.49,2.31
36103111504,Suffolk County,New York,True,2.41,42.86,42.86,0.0,28,66.58,3.39,8.12,180139,25.86,21.89,77.96,0.53,3.97,12.09,23.35,1.59
36103111506,Suffolk County,New York,True,2.18,100.0,100.0,0.0,60,65.07,2.94,2.4,205526,15.77,23.14,61.47,11.42,9.05,22.45,13.86,1.68
36103111507,Suffolk County,New York,True,12.28,40.91,22.73,18.07,221,85.94,4.26,6.66,191204,5.01,30.4,28.69,20.02,5.13,46.51,5.77,5.41
36103111508,Suffolk County,New York,True,11.39,54.14,54.14,30.22,300,95.57,4.49,12.79,159196,16.88,27.16,53.16,13.86,9.35,20.56,20.08,6.83
36103111601,Suffolk County,New York,True,6.39,31.94,22.22,0.0,117,85.39,4.99,7.28,168056,17.25,21.06,95.52,0.73,0.9,0.9,18.8,0.93
36103111602,Suffolk County,New York,True,8.75,74.11,74.11,0.0,162,93.83,3.37,11.02,117557,20.79,21.41,84.21,3.0,2.26,8.59,34.45,0.65
36103111701,Suffolk County,New York,True,24.71,18.44,14.29,0.0,888,92.39,8.29,11.06,157948,21.57,17.07,74.25,0.06,9.75,16.43,25.87,3.66
36103111703,Suffolk County,New York,True,4.28,48.39,0.0,0.0,130,92.72,12.32,12.55,158646,11.11,24.03,73.14,10.74,1.62,10.86,13.84,0.0
36103111704,Suffolk County,New York,True,3.56,0.0,0.0,0.0,80,86.33,6.66,7.95,161815,17.02,27.31,94.81,0.0,0.0,4.23,19.21,0.0
36103111801,Suffolk County,New York,True,6.93,0.0,0.0,0.0,316,93.51,3.65,5.3,173333,16.13,14.57,80.25,1.69,4.67,7.3,15.27,0.91
36103111802,Suffolk County,New York,True,0.0,,,,0,91.5,7.37,10.66,168125,21.16,21.59,85.14,1.55,1.87,11.04,17.23,0.0
36103111803,Suffolk County,New York,True,4.45,57.58,57.58,36.84,203,94.65,1.46,4.22,194188,16.38,24.74,75.75,2.31,5.15,12.57,9.26,2.37
36103111804,Suffolk County,New York,True,1.01,,,0.0,27,96.26,1.37,2.01,181940,18.33,24.91,84.3,0.36,4.36,7.85,2.73,0.29
36103111900,Suffolk County,New York,True,5.0,36.78,0.0,13.4,352,87.63,3.87,4.69,185745,21.03,15.22,76.87,0.52,14.3,8.25,16.75,1.5
36103112001,Suffolk County,New York,True,18.95,36.69,21.89,0.0,381,88.51,5.16,16.48,142869,20.0,17.41,62.42,3.45,15.48,18.14,37.83,1.77
36103112002,Suffolk County,New York,True,4.2,34.48,0.0,0.0,246,85.37,1.96,5.26,162973,18.23,18.89,82.82,2.13,4.15,9.57,16.68,0.63
36103112102,Suffolk County,New York,True,2.51,0.0,0.0,0.0,86,85.94,2.93,4.28,250001,20.77,17.2,69.94,5.17,13.32,4.58,7.43,2.71
36103112103,Suffolk County,New York,True,9.4,54.39,48.25,0.0,324,83.7,1.15,5.51,146875,23.24,22.21,86.28,0.71,8.16,0.88,15.17,1.14
36103112104,Suffolk County,New York,True,4.61,59.09,22.73,0.0,75,58.81,4.71,8.27,213684,21.45,21.45,59.89,3.63,22.29,13.49,8.67,1.96
36103112204,Suffolk County,New York,True,5.96,72.73,27.27,0.0,152,95.62,10.74,8.98,159671,16.5,21.5,72.01,1.33,5.94,13.71,12.01,1.46
36103112211,Suffolk County,New York,True,0.66,0.0,0.0,0.0,14,80.84,5.67,9.41,196034,19.06,21.38,78.52,4.01,9.37,4.14,9.9,1.85
36103112212,Suffolk County,New York,True,2.48,0.0,0.0,0.0,101,67.25,0.22,0.0,250001,20.18,17.08,52.78,11.14,20.18,7.32,4.13,1.63
36103112213,Suffolk County,New York,True,8.74,14.17,0.0,19.7,381,77.08,4.24,1.85,210469,19.76,20.92,53.16,12.62,23.89,9.97,3.9,3.04
36103112215,Suffolk County,New York,True,33.79,75.33,16.44,3.54,1034,14.58,2.47,5.79,126046,42.41,12.23,71.81,3.79,8.35,11.33,48.71,4.5
36103112216,Suffolk County,New York,True,2.26,100.0,100.0,0.0,43,72.23,5.2,14.38,209663,23.48,18.04,69.2,2.81,15.97,8.93,13.13,1.53
36103112217,Suffolk County,New York,True,6.24,62.22,37.78,0.0,127,63.75,1.27,6.65,250001,17.14,19.71,81.47,3.47,7.35,10.69,34.24,1.95
36103112218,Suffolk County,New York,True,2.49,43.75,0.0,0.0,131,44.56,2.21,8.34,201200,23.28,15.18,82.04,0.48,13.15,1.66,18.34,3.23
36103112219,Suffolk County,New York,True,11.32,69.82,41.42,0.0,341,24.18,5.62,15.19,105047,61.57,4.1,85.62,1.49,5.92,6.38,43.61,0.43
36103112220,Suffolk County,New York,True,2.67,100.0,100.0,0.0,26,87.34,2.6,2.67,250001,9.81,26.38,88.97,1.79,5.15,0.73,7.0,0.5
36103122300,Suffolk County,New York,True,22.37,33.56,26.3,20.76,691,89.34,2.68,10.06,129592,11.05,15.82,83.72,2.35,5.66,14.07,15.09,0.6
36103122405,Suffolk County,New York,True,5.95,72.5,72.5,20.75,172,64.62,5.41,2.92,142625,11.15,23.77,22.57,43.78,15.28,21.09,20.65,4.66
36103122407,Suffolk County,New York,True,20.93,80.0,58.18,0.0,129,90.88,6.67,21.65,87784,19.29,19.01,24.75,51.28,7.23,4.54,37.39,2.23
36103122408,Suffolk County,New York,True,13.19,49.19,26.61,6.77,571,90.13,1.46,4.27,152500,10.72,27.6,57.96,15.74,0.55,24.95,13.29,3.81
36103122502,Suffolk County,New York,True,4.23,100.0,65.22,47.83,188,81.87,4.53,2.21,155931,13.65,22.81,4.05,63.8,2.09,25.37,7.36,3.12
36103122602,Suffolk County,New York,True,7.61,34.23,34.23,0.0,319,94.86,1.27,10.36,151852,17.05,19.28,57.06,12.71,10.02,29.17,19.96,3.06
36103122603,Suffolk County,New York,True,13.55,72.84,21.55,0.0,460,86.79,1.79,4.44,158843,18.31,17.77,58.37,10.0,6.26,22.7,14.4,1.19
36103122604,Suffolk County,New York,True,11.78,68.7,16.03,32.06,556,95.27,4.18,7.73,125714,13.71,26.54,52.66,13.02,10.23,23.03,20.14,10.42
36103122605,Suffolk County,New York,True,27.85,50.7,35.92,0.0,268,78.92,5.06,15.69,132985,7.79,25.0,43.41,24.54,18.86,7.71,19.54,5.58
36103122704,Suffolk County,New York,True,33.33,54.08,38.37,12.06,808,57.79,5.15,14.12,109063,13.47,21.21,40.47,16.23,8.97,26.46,28.14,2.57
36103122705,Suffolk County,New York,True,8.5,89.23,72.31,0.0,153,76.56,4.88,8.5,135426,14.14,14.59,73.33,5.86,10.3,7.99,18.84,7.41
36103122706,Suffolk County,New York,True,18.89,54.03,13.71,1.61,408,96.37,3.05,3.27,117390,13.75,23.2,52.02,5.88,15.83,17.66,21.48,4.32
36103122707,Suffolk County,New York,True,5.83,45.76,20.34,0.0,166,68.22,2.94,6.72,158405,14.77,21.41,59.71,10.26,11.66,15.22,25.2,1.92
36103122801,Suffolk County,New York,True,33.93,55.48,19.4,20.67,1346,74.48,4.51,7.61,134464,15.94,23.11,38.35,27.08,4.24,41.78,32.52,3.28
36103122802,Suffolk County,New York,True,20.79,49.5,30.03,4.89,725,78.25,4.25,12.59,133446,16.53,24.77,47.04,33.56,7.12,14.19,16.91,7.62
36103122901,Suffolk County,New York,True,25.31,43.49,11.2,3.11,1648,92.0,3.7,7.44,142333,12.92,18.77,68.64,6.23,0.05,25.23,15.36,3.39
36103122902,Suffolk County,New York,True,29.94,56.9,45.57,5.94,845,80.98,7.49,18.07,128729,19.68,16.32,81.87,6.09,0.8,12.3,30.37,1.83
36103123001,Suffolk County,New York,True,13.16,28.33,5.15,0.0,634,90.75,5.68,3.9,153785,12.29,20.19,66.57,6.45,5.73,24.09,8.53,3.15
36103123002,Suffolk County,New York,True,17.42,75.31,54.81,33.46,655,86.3,10.15,12.69,123333,17.2,22.1,61.71,10.3,0.91,30.3,15.71,0.72
36103123101,Suffolk County,New York,True,13.78,56.86,16.34,0.0,408,82.68,3.7,5.92,122056,14.91,22.62,74.42,9.7,3.01,13.96,23.5,1.35
36103123102,Suffolk County,New York,True,3.13,44.83,0.0,0.0,96,92.97,3.51,2.44,146806,18.86,12.97,75.15,5.64,0.19,17.11,25.4,0.18
36103123201,Suffolk County,New York,True,54.84,83.38,52.92,5.88,762,39.59,4.84,13.87,87679,23.42,22.29,33.64,28.27,2.86,32.98,32.26,9.08
36103123203,Suffolk County,New York,True,33.26,9.3,3.99,0.0,449,59.52,5.1,3.09,137538,9.06,14.83,4.32,59.9,1.44,30.01,4.75,4.2
36103123204,Suffolk County,New York,True,33.03,87.53,64.42,0.0,1128,55.3,10.54,23.58,130068,17.43,27.0,15.8,35.11,9.64,41.64,24.67,14.82
36103123303,Suffolk County,New York,True,25.18,41.18,25.7,48.61,2212,90.19,2.97,3.43,168125,8.09,24.14,2.61,41.61,0.0,43.32,14.89,10.74
36103123304,Suffolk County,New York,True,49.28,37.64,21.19,10.19,2096,50.23,3.21,7.39,100815,11.44,20.04,12.25,54.76,0.0,29.08,28.85,10.13
36103123401,Suffolk County,New York,True,12.77,31.54,10.74,0.0,422,80.56,3.68,7.88,107574,18.49,17.73,73.06,0.73,0.79,32.86,13.97,9.7
36103123403,Suffolk County,New York,True,26.01,75.56,18.52,0.0,367,91.14,5.68,2.7,111384,12.86,24.01,64.51,1.38,1.16,46.14,18.3,10.63
36103123404,Suffolk County,New York,True,20.37,49.74,46.86,17.28,952,86.12,9.24,18.24,129144,16.72,19.73,70.72,6.06,4.13,20.69,12.21,7.38
36103123500,Suffolk County,New York,True,39.54,62.82,38.47,5.6,1851,65.45,14.7,13.85,89716,32.4,15.61,63.16,4.97,5.92,23.24,34.81,2.39
36103123600,Suffolk County,New York,True,5.18,38.96,38.96,0.0,152,75.3,6.5,12.98,119677,26.0,13.95,89.18,1.1,0.21,10.41,27.34,4.22
36103123701,Suffolk County,New York,True,35.93,55.04,33.18,4.03,2088,63.08,5.99,10.19,125953,8.87,26.6,28.11,12.42,1.15,61.52,14.93,25.42
36103123703,Suffolk County,New York,True,24.25,69.71,47.81,10.95,1215,98.34,4.89,5.22,90592,11.07,24.25,35.56,2.18,0.29,64.58,22.04,8.29
36103123704,Suffolk County,New York,True,12.04,35.29,8.5,0.0,526,80.1,4.94,6.45,144026,11.83,27.59,33.82,10.76,1.13,56.13,13.85,10.39
36103123801,Suffolk County,New York,True,8.31,65.12,46.51,0.0,322,69.59,6.12,8.18,141181,18.95,14.63,81.1,3.18,1.14,14.21,25.45,3.36
36103123802,Suffolk County,New York,True,17.14,84.08,56.05,0.0,470,92.33,6.38,5.71,123047,12.24,20.75,73.39,8.9,8.2,11.0,18.01,0.76
36103123900,Suffolk County,New York,True,13.92,37.33,21.66,0.0,371,88.2,13.3,16.48,108785,14.53,17.03,69.82,9.1,3.94,18.76,19.63,5.7
36103124001,Suffolk County,New York,True,6.71,47.25,25.27,0.0,255,85.85,2.07,4.2,140762,14.78,21.97,75.9,6.75,0.39,18.05,19.9,5.18
36103124002,Suffolk County,New York,True,4.6,57.78,57.78,0.0,137,93.66,2.3,6.13,171250,12.75,18.98,84.06,1.65,0.14,16.84,12.27,3.27
36103124101,Suffolk County,New York,True,16.09,63.64,11.04,9.87,558,92.11,7.44,8.7,135096,11.62,20.58,69.91,2.54,1.98,24.85,9.53,4.41
36103124102,Suffolk County,New York,True,10.04,28.07,9.65,8.77,262,78.81,6.12,5.55,111782,16.57,23.62,75.76,0.48,1.04,23.26,20.97,2.1
36103124200,Suffolk County,New York,True,17.62,78.53,42.63,15.52,1168,81.11,2.93,9.52,126875,15.92,26.44,67.15,9.77,6.23,18.94,27.09,3.79
36103124301,Suffolk County,New York,True,29.68,54.0,42.0,4.05,491,67.35,6.28,9.49,116250,22.06,15.6,76.82,8.41,2.73,9.3,43.45,0.0
36103124302,Suffolk County,New York,True,36.32,72.74,41.4,6.06,1504,76.72,6.38,13.95,116667,22.96,18.72,84.02,1.12,1.0,18.58,31.01,2.24
36103124401,Suffolk County,New York,True,48.54,59.77,15.83,2.86,1851,75.63,9.75,8.92,109500,19.5,23.39,92.93,1.38,0.38,17.53,28.44,1.36
36103124402,Suffolk County,New York,True,12.13,74.47,31.91,0.0,361,86.62,3.63,7.44,98188,22.39,18.04,72.2,1.27,1.64,19.98,30.83,2.73
36103124500,Suffolk County,New York,True,25.39,43.71,23.67,12.58,1054,85.58,3.65,8.34,152188,18.6,19.95,84.06,1.06,1.35,12.24,18.35,2.57
36103124601,Suffolk County,New York,True,8.32,64.29,0.0,0.0,225,96.72,2.82,14.51,111618,21.79,16.23,81.27,5.6,1.35,12.22,22.24,2.61
36103124602,Suffolk County,New York,True,24.87,65.23,38.64,2.5,744,80.38,3.63,7.69,150893,20.92,19.06,87.78,0.45,1.04,7.56,34.48,0.27
36103134702,Suffolk County,New York,True,26.44,73.57,45.35,0.0,904,68.55,3.09,10.83,105987,24.36,19.63,85.74,1.41,4.12,9.36,32.08,2.24
36103134703,Suffolk County,New York,True,0.64,0.0,0.0,0.0,26,70.11,2.74,5.49,203365,16.59,25.85,84.11,0.4,1.93,3.73,12.09,0.29
36103134704,Suffolk County,New York,True,23.19,60.73,33.33,0.0,447,74.48,5.13,10.24,126094,28.53,16.26,86.64,0.57,2.09,13.22,32.37,0.93
36103134902,Suffolk County,New York,True,10.57,25.31,0.0,0.0,364,67.63,1.38,2.55,164327,20.85,16.35,80.49,2.02,9.65,9.78,15.47,0.94
36103134906,Suffolk County,New York,True,15.63,41.49,16.1,4.33,378,86.74,2.67,12.05,116100,28.88,17.49,84.83,0.66,3.34,7.58,37.42,2.12
36103134907,Suffolk County,New York,True,12.86,36.67,18.0,0.0,231,87.3,1.62,3.22,144901,20.37,16.1,83.03,0.6,1.14,18.14,25.14,2.19
36103134908,Suffolk County,New York,True,16.88,77.78,55.56,0.0,224,77.67,5.1,13.52,191806,20.1,16.17,88.29,0.81,4.32,9.84,22.61,0.41
36103134909,Suffolk County,New York,True,11.39,76.03,59.59,31.82,434,79.92,4.42,8.21,144615,15.28,21.61,85.47,1.75,3.09,8.8,20.86,1.27
36103135002,Suffolk County,New York,True,19.37,45.48,33.05,0.0,465,76.54,3.21,2.19,131875,13.31,21.07,78.25,0.08,7.42,14.71,30.03,1.42
36103135003,Suffolk County,New York,True,8.35,95.24,32.54,0.0,456,65.15,3.05,1.69,173125,16.76,24.45,86.68,0.0,5.85,9.07,10.16,2.33
36103135004,Suffolk County,New York,True,8.13,68.35,3.8,0.0,143,54.16,4.29,5.92,207500,14.87,23.8,80.36,0.96,4.36,14.01,14.06,0.76
36103135005,Suffolk County,New York,True,7.91,90.43,11.7,0.0,355,62.24,3.94,19.06,113355,44.42,9.94,84.08,0.74,2.94,11.0,40.47,1.78
36103135101,Suffolk County,New York,True,3.01,100.0,100.0,0.0,92,96.58,4.91,4.4,192045,13.53,23.35,86.58,1.92,6.16,6.38,9.45,2.58
36103135102,Suffolk County,New York,True,12.47,42.44,40.12,2.17,528,71.88,8.74,8.06,177188,9.97,24.62,85.65,1.17,3.76,11.52,13.75,0.38
36103135103,Suffolk County,New York,True,0.82,,,0.0,12,68.85,2.11,4.32,192841,14.17,26.14,76.33,0.0,10.77,13.16,6.37,1.2
36103135104,Suffolk County,New York,True,5.18,100.0,0.0,0.0,228,67.3,2.35,8.64,181650,19.22,23.22,78.44,3.51,5.7,14.56,10.67,0.0
36103135201,Suffolk County,New York,True,8.9,62.9,37.1,0.0,139,91.25,2.65,3.16,208024,17.21,21.59,87.51,6.22,2.83,3.02,11.91,0.0
36103135205,Suffolk County,New York,True,13.04,69.36,49.13,0.0,432,90.55,5.38,5.16,160552,14.12,21.22,77.2,4.54,10.76,13.38,16.09,1.52
36103135208,Suffolk County,New York,True,3.8,100.0,100.0,0.0,52,78.08,5.93,12.01,134531,25.77,18.56,77.53,2.93,9.04,12.23,17.62,1.55
36103135209,Suffolk County,New York,True,10.17,50.85,16.1,0.0,278,88.62,3.47,2.93,172679,14.74,19.68,81.58,0.56,10.68,5.58,17.5,1.36
36103135303,Suffolk County,New York,True,2.32,100.0,58.33,0.0,108,83.26,6.43,13.51,130027,15.84,26.18,84.55,0.41,1.89,11.68,21.64,1.31
36103135305,Suffolk County,New York,True,5.48,100.0,0.0,0.0,86,82.02,2.73,5.65,130588,22.82,24.94,85.41,0.06,11.92,2.97,16.1,2.7
36103135306,Suffolk County,New York,True,6.2,58.82,20.59,0.0,165,79.34,4.76,5.8,154063,17.69,17.43,89.73,0.1,5.1,6.49,22.09,1.29
36103135401,Suffolk County,New York,True,26.37,57.18,14.85,0.69,953,58.09,6.86,14.99,135375,15.34,23.2,77.31,1.3,6.29,11.44,25.5,1.18
36103135402,Suffolk County,New York,True,7.51,91.3,22.36,0.0,482,59.62,2.81,5.8,158269,11.35,16.01,78.93,5.36,8.07,9.82,12.2,3.23
36103135403,Suffolk County,New York,True,16.47,73.42,49.79,1.24,494,78.75,8.18,18.45,113068,16.78,21.99,73.69,4.78,10.33,15.52,21.31,1.59
36103135500,Suffolk County,New York,True,1.09,0.0,0.0,0.0,67,73.24,4.67,4.95,152000,21.39,16.99,81.57,1.69,1.21,15.22,12.26,0.41
36103145701,Suffolk County,New York,True,41.97,57.1,30.0,12.24,1442,71.11,5.45,8.21,121959,17.41,22.03,57.71,3.15,22.59,10.72,21.72,0.68
36103145703,Suffolk County,New York,True,36.83,64.61,40.12,35.25,2173,88.34,7.43,14.0,107250,13.76,29.69,21.69,23.11,2.23,64.34,20.2,17.24
36103145705,Suffolk County,New York,True,39.09,59.16,25.29,5.04,1156,81.69,18.34,20.41,72547,9.25,24.04,41.49,22.29,3.42,35.94,33.81,3.72
36103145706,Suffolk County,New York,True,6.82,52.17,52.17,86.96,574,75.71,4.49,2.17,136685,8.69,30.92,11.38,19.5,2.46,67.98,0.89,7.03
36103145803,Suffolk County,New York,True,3.96,60.0,0.0,0.0,169,67.18,5.68,8.7,138864,21.43,18.45,76.87,2.29,1.87,14.94,18.43,3.69
36103145804,Suffolk County,New York,True,4.03,61.54,17.95,0.0,140,71.74,7.69,4.6,116313,17.31,14.39,33.64,17.86,6.31,32.03,20.62,7.21
36103145807,Suffolk County,New York,True,5.45,40.85,40.85,0.0,259,93.87,0.3,0.69,148299,13.3,18.81,81.19,1.77,4.88,18.33,8.6,2.63
36103145808,Suffolk County,New York,True,11.78,55.83,45.0,0.0,350,88.77,4.2,5.29,116875,18.01,19.25,56.16,8.18,14.44,20.01,24.03,4.01
36103145809,Suffolk County,New York,True,18.93,68.97,48.28,0.0,326,72.62,3.27,12.94,131528,10.68,15.78,58.45,3.77,7.86,37.25,24.43,3.47
36103145810,Suffolk County,New York,True,3.77,100.0,100.0,0.0,64,91.25,7.23,10.25,101420,16.49,18.5,74.22,1.31,3.35,20.73,31.91,0.96
36103145901,Suffolk County,New York,True,22.02,32.8,8.6,3.98,848,83.17,8.71,10.08,122679,10.28,26.24,35.28,19.75,1.08,54.28,13.69,11.51
36103145903,Suffolk County,New York,True,7.17,82.2,50.85,27.78,449,80.79,6.86,5.98,172264,10.19,28.18,64.97,7.87,2.8,37.72,10.3,10.67
36103145904,Suffolk County,New York,True,15.3,66.67,22.03,31.07,418,59.72,10.68,10.89,100693,14.89,22.59,19.21,8.37,7.81,67.39,13.92,11.65
36103145905,Suffolk County,New York,True,28.25,23.0,14.38,13.74,1028,74.96,2.3,3.43,127134,9.28,22.94,12.37,19.41,2.1,60.67,12.18,22.9
36103146002,Suffolk County,New York,True,14.4,41.89,17.57,32.93,850,90.77,9.16,5.69,151250,11.7,19.19,20.54,13.99,4.62,74.22,3.53,20.81
36103146004,Suffolk County,New York,True,17.6,100.0,67.06,20.0,259,65.42,16.96,24.02,79750,11.34,35.58,23.74,7.12,23.36,48.74,36.85,21.21
36103146005,Suffolk County,New York,True,30.7,56.12,37.76,22.79,1478,73.45,3.06,9.77,114983,9.31,36.87,12.88,17.21,20.7,48.93,25.48,13.38
36103146102,Suffolk County,New York,True,6.71,23.26,0.0,27.91,164,84.09,3.92,10.92,118750,10.27,29.76,14.35,3.72,1.7,79.63,18.56,19.5
36103146103,Suffolk County,New York,True,4.19,0.0,0.0,0.0,198,86.21,7.71,7.89,131408,16.36,20.56,67.76,1.99,4.25,31.77,9.23,8.42
36103146202,Suffolk County,New York,True,15.0,91.12,60.95,44.97,854,78.09,8.54,6.65,136813,8.07,23.9,10.1,9.08,0.29,86.0,6.3,29.13
36103146203,Suffolk County,New York,True,20.77,67.86,50.0,10.71,872,53.06,11.53,11.62,102054,10.07,23.37,21.98,24.64,1.84,56.7,12.45,11.34
36103146205,Suffolk County,New York,True,7.48,34.09,34.09,0.0,117,73.44,5.29,7.33,119205,16.95,22.42,83.2,1.77,4.3,12.2,13.89,1.23
36103146206,Suffolk County,New York,True,11.26,50.0,50.0,14.71,211,83.8,3.49,8.11,137870,11.05,21.9,66.38,2.99,7.09,28.75,22.19,5.79
36103146300,Suffolk County,New York,True,25.94,45.69,14.06,0.0,451,13.76,6.26,27.06,104722,28.95,6.02,54.45,27.58,3.12,13.16,46.85,1.49
36103146402,Suffolk County,New York,True,17.23,64.52,41.01,0.0,382,80.37,5.03,10.18,147411,20.82,19.69,59.72,3.7,1.68,28.34,17.46,7.24
36103146403,Suffolk County,New York,True,16.46,77.09,33.92,18.06,837,78.43,12.25,12.98,115089,7.17,32.7,11.11,13.55,1.33,78.31,10.37,28.92
36103146404,Suffolk County,New York,True,2.57,33.33,33.33,0.0,70,87.5,4.42,3.43,131938,17.93,22.33,42.15,12.21,0.59,54.64,28.03,12.09
36103146500,Suffolk County,New York,True,8.02,39.06,32.81,0.0,514,88.59,2.57,2.31,155313,13.7,19.85,79.62,2.11,2.69,19.68,16.44,3.79
36103146607,Suffolk County,New York,True,39.11,69.39,41.11,0.0,855,37.82,15.98,12.09,94948,10.82,21.89,64.54,6.53,9.28,18.35,22.69,1.01
36103146608,Suffolk County,New York,True,43.34,50.93,31.4,0.46,872,52.45,10.33,16.9,147500,15.0,20.29,82.74,5.44,0.58,31.61,29.42,0.42
36103146611,Suffolk County,New York,True,42.8,57.84,22.96,0.87,1116,64.64,5.38,11.61,114968,10.66,23.67,80.54,3.58,4.1,11.08,21.73,1.04
36103146612,Suffolk County,New York,True,6.78,43.1,32.76,18.63,332,81.29,3.4,4.26,140435,18.12,23.57,84.77,6.51,3.66,17.39,12.97,1.79
36103146613,Suffolk County,New York,True,16.99,37.19,28.14,0.0,598,76.77,4.03,2.9,143686,14.61,21.3,81.97,1.94,1.82,19.07,15.2,0.0
36103146614,Suffolk County,New York,True,3.8,52.86,52.86,0.0,133,55.38,1.78,4.29,147971,20.39,20.78,87.92,1.57,1.35,9.55,22.23,2.42
36103146616,Suffolk County,New York,True,2.53,33.33,33.33,0.0,102,90.74,6.94,9.5,163523,22.71,23.7,91.97,0.0,2.34,7.54,17.18,0.31
36103146617,Suffolk County,New York,True,11.16,91.43,20.0,0.0,302,71.75,3.28,3.37,119732,15.81,14.07,86.47,1.67,8.31,4.86,17.42,2.53
36103146618,Suffolk County,New York,True,39.22,50.48,29.69,13.85,1589,74.98,3.04,6.06,121903,11.11,30.24,74.72,9.39,3.82,29.92,14.41,1.76
36103146619,Suffolk County,New York,True,43.23,23.72,11.73,4.64,988,65.61,6.82,9.93,131375,17.41,18.08,69.1,3.96,6.22,26.05,17.35,0.94
36103146620,Suffolk County,New York,True,54.25,37.59,10.12,0.0,709,54.64,1.59,5.62,137250,24.82,15.79,80.98,0.35,14.33,6.36,24.71,0.0
36103146703,Suffolk County,New York,True,7.11,87.5,16.25,0.0,251,97.87,7.21,6.67,118693,9.57,21.43,36.93,14.24,8.09,43.83,22.13,15.96
36103146704,Suffolk County,New York,True,5.2,46.67,46.67,0.0,60,96.34,3.09,3.66,133355,13.75,14.07,83.2,6.46,1.38,6.92,21.38,1.0
36103146705,Suffolk County,New York,True,5.11,0.0,0.0,0.0,197,92.59,1.39,1.6,175700,13.93,19.79,79.16,3.93,0.14,14.71,16.93,0.0
36103146706,Suffolk County,New York,True,7.44,27.42,0.0,0.0,236,89.2,1.24,2.16,160795,13.68,20.18,82.34,1.32,0.28,12.44,18.49,3.54
36103146800,Suffolk County,New York,True,5.9,53.62,0.0,0.0,363,87.87,2.3,6.07,176382,14.03,20.72,84.03,0.1,2.15,11.01,13.47,1.77
36103146901,Suffolk County,New York,True,7.13,28.97,9.35,16.67,300,92.87,2.64,4.81,188056,10.57,24.65,81.86,0.0,1.43,16.61,17.27,1.37
36103146902,Suffolk County,New York,True,0.72,0.0,0.0,0.0,25,76.62,2.29,2.78,223273,19.21,18.04,83.32,1.03,2.37,12.08,9.34,0.5
36103147001,Suffolk County,New York,True,3.31,100.0,40.43,0.0,111,70.87,5.0,5.07,154792,13.47,25.27,88.6,0.74,0.0,14.97,11.96,2.07
36103147003,Suffolk County,New York,True,4.57,20.0,0.0,0.0,122,76.31,4.09,5.68,137083,30.8,18.49,82.65,2.31,2.42,11.83,24.12,1.75
36103147004,Suffolk County,New York,True,14.58,42.86,42.86,0.0,12,78.91,19.5,22.92,41711,14.02,17.68,31.1,13.41,0.0,55.49,12.5,21.95
36103147100,Suffolk County,New York,True,3.61,39.39,0.0,0.0,69,89.09,0.19,2.37,218000,16.55,26.99,86.79,3.02,1.04,6.45,12.33,0.29
36103147201,Suffolk County,New York,True,51.53,57.08,23.03,1.24,1293,55.85,4.91,17.26,110694,22.32,13.37,55.34,15.12,3.02,6.84,44.7,1.98
36103147202,Suffolk County,New York,True,44.07,67.34,37.25,9.8,863,73.63,8.71,12.1,79600,9.57,19.34,28.21,13.85,2.98,55.0,25.31,9.3
36103147301,Suffolk County,New York,True,35.08,46.84,45.15,0.0,1195,56.03,22.86,14.09,46760,8.56,22.7,12.17,37.85,11.7,37.81,30.04,8.95
36103147302,Suffolk County,New York,True,63.4,60.19,43.83,26.71,2954,72.6,23.7,25.87,81094,18.37,24.86,45.79,5.15,6.1,39.59,52.42,14.34
36103147401,Suffolk County,New York,True,30.43,75.86,55.59,11.05,1380,71.78,7.48,16.17,105667,21.02,18.61,62.72,5.34,10.12,20.4,30.47,0.0
36103147402,Suffolk County,New York,True,2.43,66.67,33.33,0.0,56,77.33,1.37,5.91,133977,25.7,18.13,86.96,1.3,0.86,8.33,27.85,0.0
36103147502,Suffolk County,New York,True,0.0,,,,0,92.34,1.47,7.31,167340,23.1,17.58,84.98,1.18,2.1,6.79,23.11,0.88
36103147503,Suffolk County,New York,True,33.14,47.48,22.3,0.0,459,58.06,5.37,15.81,136071,27.91,11.74,89.26,0.0,1.79,10.53,37.94,0.0
36103147504,Suffolk County,New York,True,6.54,100.0,0.0,0.0,62,78.9,3.43,3.15,188036,27.68,17.22,78.91,8.0,3.34,9.75,10.65,1.79
36103147505,Suffolk County,New York,True,20.27,80.8,63.08,0.0,1043,81.11,6.71,13.9,134682,17.18,19.99,78.91,2.62,0.49,19.37,21.56,0.33
36103147601,Suffolk County,New York,True,5.65,67.35,0.0,0.0,91,83.95,1.05,1.84,178431,17.32,12.82,83.89,10.99,0.0,4.41,20.74,0.0
36103147602,Suffolk County,New York,True,24.05,84.22,77.4,2.99,923,71.05,10.16,17.85,90500,25.42,16.84,83.73,0.73,1.75,7.9,36.67,0.94
36103147701,Suffolk County,New York,True,20.05,63.35,26.18,3.49,447,74.21,3.68,11.03,143304,19.03,16.47,88.52,1.06,3.57,4.93,20.75,1.94
36103147702,Suffolk County,New York,True,14.24,39.41,21.19,0.0,505,86.92,2.95,4.96,166671,23.25,18.18,90.59,1.61,0.72,6.63,14.07,0.2
36103147802,Suffolk County,New York,True,20.04,70.63,48.81,3.73,527,85.57,6.03,11.29,134375,25.83,20.16,88.2,0.81,0.03,7.5,25.58,0.68
36103147803,Suffolk County,New York,True,48.05,48.52,41.28,2.11,814,41.84,6.09,14.62,134667,27.6,14.45,90.37,0.93,1.76,7.58,48.63,0.61
36103147804,Suffolk County,New York,True,7.47,72.32,24.11,0.0,201,83.86,4.33,7.47,157738,17.72,27.35,87.2,0.52,1.72,6.27,18.35,0.41
36103147901,Suffolk County,New York,True,34.73,58.76,31.79,1.89,1001,59.91,8.43,11.16,114103,20.62,16.89,83.91,5.03,1.85,10.72,26.43,1.19
36103147902,Suffolk County,New York,True,4.92,42.65,0.0,21.79,160,87.29,4.0,10.91,200446,18.57,21.05,89.37,0.34,0.4,6.14,10.6,0.2
36103158001,Suffolk County,New York,True,16.25,67.07,43.29,0.0,563,70.72,5.78,5.99,205375,24.45,23.85,88.29,0.35,5.06,3.69,17.46,0.21
36103158009,Suffolk County,New York,True,8.45,100.0,55.56,0.0,217,85.51,5.09,5.38,171705,14.93,20.45,83.77,3.87,10.36,2.96,17.67,1.01
36103158010,Suffolk County,New York,True,2.82,0.0,0.0,0.0,40,76.82,3.82,2.35,205030,15.16,25.41,71.13,2.49,9.45,8.35,13.73,2.04
36103158011,Suffolk County,New York,True,9.09,37.68,11.59,0.0,309,56.39,5.08,7.86,152662,20.37,19.37,74.33,3.52,11.48,12.72,27.46,0.48
36103158012,Suffolk County,New York,True,9.83,78.47,0.0,0.0,575,86.28,7.9,11.06,166094,18.56,17.88,69.04,1.71,25.49,4.13,14.06,1.31
36103158013,Suffolk County,New York,True,11.02,36.46,0.0,0.0,426,83.6,8.17,9.07,133977,27.27,20.09,70.33,5.46,15.0,10.81,19.98,4.49
36103158014,Suffolk County,New York,False,,,,,0,,,,,42.81,0.0,61.82,7.26,28.13,7.73,,0.93
36103158015,Suffolk County,New York,False,,,,,0,,,,,0.09,3.29,36.01,10.31,44.4,10.83,,1.79
36103158016,Suffolk County,New York,True,23.34,0.0,0.0,0.0,716,81.56,4.26,6.88,238750,13.34,28.03,78.54,3.7,8.42,7.58,15.11,1.21
36103158017,Suffolk County,New York,True,7.28,59.74,12.99,0.0,315,84.14,5.22,5.14,216481,27.12,19.22,82.27,0.42,6.61,9.73,15.05,1.75
36103158102,Suffolk County,New York,True,21.79,50.83,19.61,0.0,717,61.08,2.52,11.92,116683,18.46,18.71,62.62,2.15,3.89,24.12,19.22,4.48
36103158103,Suffolk County,New York,True,14.9,49.3,10.23,0.0,515,81.09,2.14,6.44,128067,9.83,25.34,78.13,4.57,4.81,12.94,16.35,2.41
36103158107,Suffolk County,New York,True,21.83,36.9,18.65,0.0,626,47.65,6.78,8.49,94229,28.79,15.35,69.99,2.51,19.53,3.76,26.0,2.8
36103158108,Suffolk County,New York,True,16.84,62.14,31.43,0.0,431,62.73,5.8,5.35,156953,13.71,22.17,69.46,3.56,22.14,5.54,12.17,1.52
36103158111,Suffolk County,New York,True,5.89,87.93,34.48,6.9,221,95.21,4.99,6.29,126595,9.67,28.46,59.19,4.57,7.61,31.82,18.27,2.91
36103158112,Suffolk County,New York,True,9.66,65.25,40.68,0.0,293,95.51,9.0,13.18,127304,13.17,18.63,56.31,5.48,8.74,26.08,12.93,3.18
36103158114,Suffolk County,New York,True,27.16,81.6,48.4,0.0,669,62.06,7.66,7.12,107292,13.75,16.88,74.64,7.47,1.81,10.22,17.66,1.52
36103158116,Suffolk County,New York,True,18.55,60.29,41.18,11.03,383,55.15,4.11,5.87,125195,20.79,17.64,72.91,11.24,4.83,14.28,26.88,3.0
36103158117,Suffolk County,New York,True,1.63,0.0,0.0,0.0,44,96.82,5.77,7.77,120605,22.06,18.28,66.49,4.8,7.58,19.41,15.82,4.79
36103158118,Suffolk County,New York,True,21.88,82.9,71.0,0.0,370,68.27,3.81,4.99,117961,22.35,18.6,88.25,0.53,6.27,13.76,26.87,5.29
36103158119,Suffolk County,New York,True,9.55,19.12,19.12,5.78,648,79.63,10.02,4.47,125313,12.52,23.01,66.82,4.96,11.13,17.57,6.73,1.92
36103158120,Suffolk County,New York,True,6.59,37.29,0.0,0.0,200,85.02,1.68,2.57,133750,18.7,25.38,67.84,1.3,7.6,25.96,7.71,2.14
36103158205,Suffolk County,New York,True,6.3,100.0,13.33,0.0,93,59.58,1.16,6.3,147308,17.76,24.65,82.63,1.93,2.83,12.68,9.45,0.88
36103158206,Suffolk County,New York,True,38.77,41.05,24.47,9.36,1401,62.59,8.17,3.37,138818,21.34,15.79,76.74,0.58,6.68,14.5,38.38,5.29
36103158207,Suffolk County,New York,True,15.97,44.63,17.92,9.68,581,57.99,3.51,5.98,166587,25.74,19.8,85.43,0.8,5.49,6.5,24.99,0.83
36103158208,Suffolk County,New York,True,11.77,59.84,50.0,0.0,529,74.92,8.73,9.63,155197,14.83,24.67,76.89,0.69,4.72,20.19,17.19,1.44
36103158209,Suffolk County,New York,True,37.36,76.39,50.36,0.0,725,60.71,10.43,15.95,81042,7.13,21.14,48.24,6.91,5.81,50.44,26.12,6.49
36103158304,Suffolk County,New York,True,19.25,100.0,7.64,2.34,738,65.11,3.86,6.42,149280,20.96,20.41,87.77,0.07,1.97,12.46,28.2,0.45
36103158306,Suffolk County,New York,True,4.92,86.02,86.02,0.0,102,51.69,1.49,1.64,134985,27.71,22.54,82.79,2.65,2.79,13.77,19.46,0.74
36103158309,Suffolk County,New York,True,39.74,80.64,49.02,3.37,1283,60.07,6.39,19.46,93056,21.0,16.82,48.99,25.79,2.4,17.68,32.87,1.77
36103158310,Suffolk County,New York,True,14.21,85.78,49.14,0.0,589,40.19,4.91,9.56,92273,30.39,20.12,81.07,7.35,0.15,14.1,25.05,0.86
36103158315,Suffolk County,New York,True,7.58,57.01,31.78,0.0,559,64.98,1.67,4.4,111824,17.6,22.85,48.93,8.61,2.28,14.22,25.46,1.49
36103158317,Suffolk County,New York,True,15.27,84.55,41.36,0.0,592,86.28,2.39,7.63,131629,10.47,21.53,79.74,4.8,1.08,8.86,30.44,0.87
36103158318,Suffolk County,New York,True,5.88,63.24,50.0,0.0,203,72.2,2.24,9.61,138336,13.74,21.55,89.99,0.91,0.38,21.57,23.86,0.8
36103158319,Suffolk County,New York,True,12.46,35.71,16.96,0.0,314,81.28,4.0,4.2,130500,21.02,20.19,70.65,7.09,3.38,16.86,18.04,2.0
36103158320,Suffolk County,New York,True,12.54,54.77,24.73,1.41,420,46.29,7.98,12.15,83832,17.18,20.21,74.07,12.58,2.46,14.83,31.65,0.14
36103158322,Suffolk County,New York,True,17.62,33.72,24.42,0.0,242,7.12,4.74,10.35,161625,39.43,16.04,83.1,2.57,7.03,5.99,33.61,0.0
36103158324,Suffolk County,New York,True,13.28,100.0,24.26,0.0,312,62.35,7.03,11.91,121447,26.85,17.87,59.81,12.89,4.97,27.3,21.0,10.04
36103158325,Suffolk County,New York,True,66.65,57.33,31.27,4.71,3245,30.01,8.64,13.09,116817,16.55,13.94,58.69,7.3,8.4,19.19,28.98,1.34
36103158326,Suffolk County,New York,True,57.22,79.13,49.84,0.0,434,34.65,6.74,29.77,52250,32.89,21.13,82.1,3.56,5.97,8.37,49.02,2.54
36103158327,Suffolk County,New York,True,18.71,93.98,49.25,0.0,814,79.31,13.32,8.67,120721,12.59,23.4,75.74,3.49,2.28,29.92,21.8,2.6
36103158328,Suffolk County,New York,True,9.62,92.93,73.74,0.0,440,40.28,7.59,7.42,154940,15.71,20.19,79.0,1.05,2.06,17.65,13.71,1.15
36103158329,Suffolk County,New York,True,13.24,56.94,16.67,0.0,117,55.7,0.42,2.21,170893,22.1,22.16,81.08,0.9,11.2,1.08,17.65,0.0
36103158401,Suffolk County,New York,True,5.18,16.0,0.0,0.0,68,59.88,8.54,8.28,96932,12.72,23.14,85.14,0.0,5.55,6.4,39.13,1.42
36103158402,Suffolk County,New York,True,3.58,96.15,23.08,0.0,60,74.57,3.98,1.93,149083,16.66,25.98,87.7,1.5,1.12,11.34,19.27,0.11
36103158403,Suffolk County,New York,True,44.25,59.37,42.66,0.0,852,61.14,11.04,16.52,91961,12.79,24.97,69.29,20.35,0.96,13.37,27.73,1.37
36103158407,Suffolk County,New York,True,13.46,92.89,43.51,0.0,627,85.04,1.5,7.0,127262,14.52,24.17,84.85,0.07,1.05,15.82,23.66,0.02
36103158408,Suffolk County,New York,True,16.71,68.78,57.81,11.34,579,79.44,4.8,7.58,105119,11.82,21.6,80.36,2.67,0.44,9.56,20.65,0.43
36103158409,Suffolk County,New York,True,10.74,26.98,8.73,0.0,231,44.78,3.2,11.39,89474,26.62,19.71,92.94,1.84,1.33,12.53,36.25,0.46
36103158410,Suffolk County,New York,True,4.56,90.36,79.52,0.0,105,52.29,4.3,24.31,49320,68.55,6.11,95.62,1.57,0.0,3.11,67.76,0.98
36103158411,Suffolk County,New York,True,3.71,0.0,0.0,28.12,127,31.76,2.09,4.06,176944,12.21,22.81,82.54,1.72,1.41,13.81,7.08,0.93
36103158412,Suffolk County,New York,True,12.11,0.0,0.0,0.0,382,75.68,2.55,7.83,120826,25.05,19.58,84.82,0.08,2.88,7.24,26.1,0.72
36103158502,Suffolk County,New York,True,46.91,51.17,21.93,2.58,1196,67.82,9.64,22.68,85854,27.34,17.62,75.98,6.91,8.24,13.76,36.11,0.0
36103158505,Suffolk County,New York,True,30.65,83.86,65.78,6.02,746,82.27,12.4,19.79,118571,11.42,26.98,69.16,0.98,8.15,21.49,26.37,0.98
36103158506,Suffolk County,New York,True,14.07,75.48,16.77,6.45,354,87.68,4.24,3.36,127273,13.51,24.61,82.79,0.63,5.65,8.38,11.8,0.26
36103158509,Suffolk County,New York,True,25.78,79.25,41.72,3.5,1070,78.48,9.62,19.95,81429,20.11,20.48,60.78,2.61,9.39,24.39,14.96,4.26
36103158510,Suffolk County,New York,True,27.04,62.74,15.44,13.01,1966,64.57,4.81,7.23,115024,8.85,25.84,61.16,12.15,7.12,21.76,16.34,1.29
36103158511,Suffolk County,New York,True,11.92,84.58,84.58,0.0,480,67.56,6.56,16.81,148482,17.52,23.25,65.66,7.99,4.14,28.07,15.28,3.98
36103158512,Suffolk County,New York,True,4.1,71.05,71.05,0.0,215,89.08,3.99,3.34,109979,14.66,23.08,82.28,3.61,1.55,12.95,14.24,0.8
36103158513,Suffolk County,New York,True,10.28,50.0,15.62,0.0,254,87.64,8.48,9.06,120724,13.6,21.06,66.05,1.43,4.18,26.26,11.14,1.41
36103158514,Suffolk County,New York,True,10.99,80.08,70.12,6.64,657,72.51,4.28,9.44,137760,12.53,28.15,74.91,5.97,8.71,11.4,9.99,0.88
36103158604,Suffolk County,New York,True,10.07,65.45,18.79,26.06,510,87.79,8.54,5.67,157917,13.03,21.07,79.27,5.0,2.7,12.78,18.06,0.93
36103158605,Suffolk County,New York,True,7.61,88.43,66.94,0.0,310,84.77,0.59,5.28,138485,14.56,23.13,70.13,5.04,3.77,21.56,19.5,4.27
36103158606,Suffolk County,New York,True,16.42,39.34,22.54,0.0,841,92.79,8.45,5.67,150674,14.39,23.17,66.99,2.33,1.45,21.98,13.42,2.48
36103158607,Suffolk County,New York,True,18.55,53.27,35.05,3.59,545,61.96,5.49,5.74,104808,10.41,23.7,71.11,0.47,2.7,28.13,30.03,1.91
36103158608,Suffolk County,New York,True,19.77,69.46,12.32,5.41,287,84.15,13.33,15.76,99549,18.03,16.0,69.49,4.22,13.72,11.84,33.21,1.58
36103158609,Suffolk County,New York,True,43.4,65.97,9.46,0.0,1708,65.21,4.25,8.73,107325,15.77,19.09,76.37,0.83,8.23,17.75,39.86,2.59
36103158705,Suffolk County,New York,True,17.92,62.88,58.33,0.0,745,35.35,16.92,13.23,106828,9.31,30.66,9.98,53.05,0.4,26.24,7.17,5.52
36103158707,Suffolk County,New York,True,8.11,69.23,0.0,0.0,90,75.38,5.01,9.67,111211,13.9,18.45,83.66,2.85,0.8,26.03,26.37,1.49
36103158708,Suffolk County,New York,True,41.17,69.45,50.82,0.0,1439,57.66,24.51,27.87,67256,21.44,17.87,66.47,25.03,1.72,6.78,40.81,0.96
36103158709,Suffolk County,New York,True,40.93,77.11,70.65,7.73,1563,20.11,4.11,11.36,90173,16.55,17.62,90.79,1.91,2.1,4.14,35.84,0.31
36103158710,Suffolk County,New York,True,19.24,42.06,28.97,22.37,802,56.26,5.83,8.86,119049,18.79,22.07,81.04,5.18,0.96,10.84,17.05,0.0
36103158711,Suffolk County,New York,True,17.34,69.52,38.79,0.0,697,50.32,5.2,16.11,108698,21.57,16.83,62.32,11.2,6.31,21.47,38.34,3.36
36103158712,Suffolk County,New York,True,5.53,68.47,17.12,0.0,328,81.4,5.23,9.32,128170,15.32,21.98,62.14,2.9,3.14,31.22,11.71,3.23
36103158713,Suffolk County,New York,True,51.08,39.72,22.38,23.99,1415,51.49,13.88,20.29,97517,13.35,15.22,25.82,42.76,3.74,31.35,33.06,5.76
36103158714,Suffolk County,New York,True,69.8,77.35,26.72,16.54,1775,32.85,15.28,16.87,91705,6.16,40.35,45.9,37.07,1.92,39.74,10.66,2.23
36103158715,Suffolk County,New York,True,25.96,46.5,19.23,0.0,1403,48.5,9.08,13.43,96214,18.59,16.32,67.06,8.34,2.23,8.61,42.59,2.16
36103158802,Suffolk County,New York,True,10.47,100.0,59.17,0.0,303,62.95,7.14,11.1,154625,27.05,17.76,92.33,0.13,2.26,3.7,32.8,0.0
36103158803,Suffolk County,New York,True,3.49,52.78,52.78,0.0,288,44.83,6.0,5.47,152260,16.67,14.81,78.78,6.42,1.94,15.01,19.57,0.87
36103158805,Suffolk County,New York,True,10.72,73.45,12.39,0.0,287,75.52,8.69,9.68,107717,15.54,21.03,76.11,0.81,3.12,21.88,15.28,1.33
36103158806,Suffolk County,New York,True,9.36,15.38,15.38,52.99,436,89.86,1.85,3.52,107661,9.37,21.7,72.19,0.08,4.45,24.82,13.36,1.17
36103158901,Suffolk County,New York,True,30.61,55.88,22.62,9.93,714,79.36,7.7,25.68,108750,16.92,16.72,58.46,17.56,0.38,22.87,40.95,1.01
36103158902,Suffolk County,New York,True,64.04,64.54,31.42,13.64,2438,61.23,10.97,17.25,111797,11.78,13.67,66.04,3.43,8.82,24.8,25.61,3.81
36103159000,Suffolk County,New York,True,37.49,48.98,39.24,5.23,1520,81.59,12.48,16.08,104575,13.91,17.35,74.38,2.34,2.43,19.42,38.64,3.1
36103159103,Suffolk County,New York,True,34.69,64.59,22.74,6.33,1946,56.96,5.93,10.47,94022,7.67,28.69,28.75,30.65,1.11,52.05,15.25,5.43
36103159106,Suffolk County,New York,True,33.15,75.44,37.16,8.72,1647,36.61,5.77,6.16,119577,13.13,19.52,70.23,9.44,3.69,17.64,9.8,2.23
36103159107,Suffolk County,New York,True,7.63,100.0,9.26,0.0,379,79.92,14.57,4.38,154183,9.84,23.68,54.57,4.82,2.21,36.05,10.03,14.73
36103159108,Suffolk County,New York,True,13.78,20.96,13.54,0.0,512,76.56,5.03,10.41,124490,19.14,23.83,69.61,9.51,2.12,26.68,15.02,2.56
36103159109,Suffolk County,New York,True,8.18,76.19,0.0,0.0,220,97.66,4.84,21.23,88162,20.08,21.94,72.78,2.85,3.82,27.53,26.78,3.34
36103159110,Suffolk County,New York,True,59.11,68.1,27.58,6.14,1476,51.94,13.22,29.62,74438,25.05,14.03,74.55,6.36,2.24,20.36,46.53,6.65
36103159111,Suffolk County,New York,True,8.75,82.56,30.23,0.0,288,71.21,1.13,3.15,126977,17.99,21.99,76.57,2.78,0.27,22.39,15.36,1.41
36103159112,Suffolk County,New York,True,63.48,77.67,42.68,1.14,2119,68.13,12.78,16.28,67211,15.62,17.37,57.12,11.67,1.81,29.82,33.29,5.26
36103159201,Suffolk County,New York,True,5.99,47.3,0.0,10.81,237,85.58,3.08,4.78,139950,16.55,14.41,81.64,6.48,0.26,23.49,8.83,0.0
36103159203,Suffolk County,New York,True,3.63,0.0,0.0,35.71,279,86.25,1.16,3.01,139322,16.08,14.32,80.91,0.68,5.43,14.25,22.02,3.97
36103159204,Suffolk County,New York,True,10.48,50.86,50.86,0.0,355,75.33,6.05,8.03,108036,25.7,19.75,67.96,12.95,1.25,17.53,21.35,2.74
36103159300,Suffolk County,New York,True,9.94,45.76,8.47,0.0,213,81.76,5.79,7.49,146083,32.29,17.2,83.26,3.64,2.77,4.41,35.75,0.31
36103159406,Suffolk County,New York,True,28.88,54.1,24.78,13.61,987,21.98,3.12,8.27,145379,18.0,26.75,74.16,2.98,1.05,20.17,22.18,3.3
36103159407,Suffolk County,New York,True,2.87,72.73,72.73,0.0,163,70.16,4.27,4.18,143287,12.31,25.03,70.82,7.44,3.4,34.97,13.44,1.91
36103159408,Suffolk County,New York,True,16.3,74.8,61.79,24.07,520,53.52,11.32,14.69,110865,10.03,22.36,61.76,1.69,5.0,33.55,29.68,0.7
36103159410,Suffolk County,New York,True,8.46,72.35,65.9,0.0,660,29.18,2.45,10.29,168905,14.72,21.04,82.71,4.26,3.22,11.8,19.69,2.21
36103159411,Suffolk County,New York,True,6.81,15.94,0.0,0.0,119,64.63,2.65,5.43,101458,13.78,27.56,85.16,3.53,1.91,16.34,15.99,4.14
36103159413,Suffolk County,New York,True,6.81,92.23,59.22,0.0,325,17.23,9.94,11.36,106327,21.49,22.57,81.33,2.93,3.42,13.09,23.85,0.75
36103159414,Suffolk County,New York,True,39.98,36.06,17.4,7.55,865,44.7,9.36,9.3,109519,16.37,20.67,76.2,10.11,6.1,16.63,32.61,2.51
36103159415,Suffolk County,New York,True,80.91,86.29,51.92,8.55,1039,28.77,30.77,34.44,52209,11.84,20.9,80.6,18.52,0.0,7.28,44.12,0.0
36103159416,Suffolk County,New York,True,24.75,76.61,62.1,2.57,1315,56.69,12.73,17.37,74364,8.51,24.49,66.45,3.6,2.38,36.41,11.83,3.89
36103159509,Suffolk County,New York,True,14.8,82.04,72.46,0.0,1204,71.49,38.75,26.06,95952,9.13,30.25,59.48,15.87,6.91,19.99,24.56,3.87
36103159510,Suffolk County,New York,True,18.82,37.5,37.5,0.0,52,85.54,1.3,9.41,153542,28.14,16.02,63.64,21.65,0.0,20.78,36.47,6.73
36103159511,Suffolk County,New York,True,11.68,51.56,26.67,2.43,700,46.23,6.04,6.43,84515,10.97,27.87,55.26,12.17,0.03,27.64,12.43,5.33
36103159512,Suffolk County,New York,True,10.76,78.72,51.06,0.0,219,76.45,14.5,30.32,95875,16.35,23.43,75.46,9.18,5.28,14.54,25.97,0.43
36103159513,Suffolk County,New York,True,4.44,87.84,63.51,24.32,379,76.95,1.99,4.26,94537,14.79,17.24,65.1,9.14,3.51,25.52,9.23,6.3
36103159514,Suffolk County,New York,True,11.6,72.03,72.03,0.0,281,67.35,9.67,16.52,139083,18.68,23.86,69.37,7.45,6.12,17.61,21.34,0.76
36103159515,Suffolk County,New York,True,18.17,52.78,18.75,0.0,430,62.06,11.58,4.69,118920,11.48,28.94,71.38,14.33,1.12,12.7,11.54,0.9
36103159516,Suffolk County,New York,True,24.95,69.51,62.5,3.98,1739,81.87,19.55,17.58,120318,8.38,36.6,80.63,9.2,0.76,17.33,15.88,1.08
36103159517,Suffolk County,New York,True,9.89,34.15,34.15,0.0,369,51.34,8.4,7.22,112372,9.67,23.28,51.0,6.08,6.32,35.15,12.27,7.54
36103159518,Suffolk County,New York,True,9.72,65.41,43.4,0.0,729,65.72,10.72,14.98,92941,12.79,23.65,51.29,18.54,3.3,28.17,22.31,2.7
36103159602,Suffolk County,New York,True,9.82,75.74,66.18,20.69,329,72.03,5.87,11.65,152609,18.98,25.36,88.55,0.02,0.56,12.57,21.82,0.0
36103159603,Suffolk County,New York,True,6.53,14.81,0.0,0.0,55,24.17,14.66,20.0,99167,63.41,1.07,87.72,0.0,0.72,3.81,29.59,6.14
36103159604,Suffolk County,New York,True,5.83,76.53,22.45,12.04,271,71.36,4.86,9.5,170197,12.65,25.42,87.98,1.65,1.62,15.85,19.16,3.61
36103159700,Suffolk County,New York,True,27.8,83.2,71.72,0.0,365,83.6,6.3,25.45,101250,24.28,16.39,81.93,1.25,12.33,2.8,13.68,0.84
36103169701,Suffolk County,New York,True,5.37,47.62,0.0,0.0,676,48.91,3.43,14.36,136549,20.85,15.79,82.21,3.85,1.34,13.64,30.52,3.57
36103169703,Suffolk County,New York,True,4.46,14.71,0.0,0.0,99,46.16,1.44,6.17,100476,41.51,7.62,90.83,0.54,5.0,0.77,24.54,0.0
36103169705,Suffolk County,New York,True,31.35,85.77,32.93,13.01,678,24.75,10.97,11.07,77137,22.57,21.82,61.76,4.14,1.46,33.52,32.63,5.87
36103169706,Suffolk County,New York,True,12.64,73.06,28.96,0.0,511,34.82,15.58,24.31,56994,51.05,8.35,92.31,4.45,0.0,2.26,42.78,0.59
36103169800,Suffolk County,New York,True,51.65,48.52,23.62,17.89,3951,74.08,14.02,14.65,107482,13.26,24.18,32.29,8.19,2.88,39.97,17.29,7.87
36103169903,Suffolk County,New York,True,28.04,58.35,23.85,3.92,1004,19.87,6.05,14.99,63255,41.12,10.47,75.46,11.01,0.13,20.07,31.28,3.45
36103169904,Suffolk County,New York,True,21.76,92.48,12.03,0.0,401,63.17,6.12,24.85,97656,22.83,15.28,49.82,23.25,0.3,26.04,42.59,10.93
36103169905,Suffolk County,New York,True,4.76,0.0,0.0,0.0,119,61.97,4.58,7.13,97005,52.04,10.42,82.74,0.19,11.8,6.65,21.4,0.0
36103169906,Suffolk County,New York,True,13.56,14.4,14.4,30.85,666,38.76,9.14,10.97,118465,23.94,14.18,85.88,1.3,0.0,16.85,20.78,4.9
36103170003,Suffolk County,New York,True,10.76,31.18,31.18,0.0,336,76.17,9.59,12.73,138413,24.42,10.4,90.13,0.72,2.19,7.44,30.09,9.95
36103170004,Suffolk County,New York,True,12.24,50.27,50.27,0.0,668,70.2,4.32,6.55,122575,30.32,17.94,81.91,0.93,0.0,19.41,18.52,7.21
36103170005,Suffolk County,New York,True,4.5,71.43,57.14,0.0,112,69.73,5.89,16.5,136563,38.96,12.75,96.19,0.09,0.09,2.35,25.1,0.27
36103170006,Suffolk County,New York,True,16.19,62.5,7.81,11.11,278,58.17,3.0,6.47,119679,22.34,16.43,88.01,1.7,0.43,13.51,15.47,1.13
36103170101,Suffolk County,New York,True,53.67,66.2,28.23,7.12,1436,82.31,9.3,20.57,81094,23.04,19.66,58.16,1.4,2.41,38.23,30.75,9.91
36103170203,Suffolk County,New York,True,21.28,55.92,13.16,0.0,476,66.64,3.88,6.4,111385,20.33,24.54,81.98,1.64,3.7,17.2,27.02,7.04
36103170204,Suffolk County,New York,True,15.88,42.98,18.42,15.33,776,70.2,3.87,10.14,134250,26.88,22.35,77.74,0.31,2.87,15.83,17.45,5.27
36103170205,Suffolk County,New York,True,26.07,47.03,36.14,0.0,531,56.95,9.54,14.56,93983,31.79,11.77,78.32,7.11,3.49,6.09,36.06,5.06
36103170206,Suffolk County,New York,True,8.61,50.48,20.0,0.0,269,64.8,2.67,9.45,96827,49.48,4.95,92.55,2.54,0.32,4.52,35.36,1.38
36103180300,Suffolk County,New York,True,5.29,100.0,100.0,100.0,456,49.62,5.97,11.3,133967,36.1,17.29,70.43,0.8,0.3,20.39,30.77,6.57
36103190402,Suffolk County,New York,True,16.28,43.38,16.91,0.0,552,28.09,11.59,15.88,77188,29.25,22.0,67.42,10.37,0.86,13.11,22.61,2.45
36103190403,Suffolk County,New York,True,25.76,62.8,21.02,0.0,1003,44.94,11.87,31.12,115372,25.33,15.53,68.18,1.41,2.56,28.45,34.73,14.71
36103190404,Suffolk County,New York,True,29.62,55.1,35.71,25.87,1423,76.41,15.44,22.67,67647,11.88,16.11,50.39,17.15,8.33,24.02,31.67,9.86
36103190405,Suffolk County,New York,True,34.44,81.5,66.39,35.69,2633,60.36,21.86,26.61,88393,18.11,21.46,43.33,7.69,0.0,46.44,25.84,12.12
36103190502,Suffolk County,New York,True,11.89,53.97,32.54,3.66,670,47.12,9.64,13.63,140388,27.48,13.97,81.71,3.04,2.28,8.65,30.53,2.29
36103190503,Suffolk County,New York,True,12.73,88.43,63.64,0.0,214,44.37,2.61,5.67,165313,29.49,22.65,87.18,0.08,0.49,11.87,17.38,0.0
36103190504,Suffolk County,New York,True,5.86,40.0,5.0,0.0,164,39.92,5.76,5.76,166875,31.72,17.96,92.11,0.0,3.7,0.9,13.36,1.65
36103190603,Suffolk County,New York,True,20.23,26.09,11.35,0.0,1428,57.01,5.95,7.6,121847,21.29,23.27,70.26,0.0,7.27,24.34,23.93,6.92
36103190604,Suffolk County,New York,True,10.79,32.76,32.76,15.14,807,65.59,8.2,7.62,153734,21.9,19.42,77.07,0.08,1.03,28.34,23.55,3.75
36103190605,Suffolk County,New York,True,21.21,80.95,80.95,0.0,245,35.55,29.47,20.88,89896,36.71,27.11,83.03,0.0,0.0,19.47,13.13,6.32
36103190606,Suffolk County,New York,True,21.79,58.36,35.41,4.93,819,56.55,14.5,8.65,93460,23.34,14.79,81.77,0.0,1.63,16.04,28.74,4.09
36103190706,Suffolk County,New York,True,18.32,66.67,56.21,0.0,960,44.13,5.11,10.85,138382,25.94,18.22,60.84,13.65,0.36,21.65,34.14,3.55
36103190708,Suffolk County,New York,True,12.62,63.16,53.38,9.02,286,59.91,5.25,5.31,144750,42.43,12.59,93.96,0.05,0.74,2.83,34.06,0.71
36103190709,Suffolk County,New York,True,3.77,56.76,45.95,0.0,75,36.05,3.21,9.18,118983,30.38,22.3,64.51,0.67,1.84,20.8,29.16,0.96
36103190710,Suffolk County,New York,True,17.5,47.2,47.2,0.0,198,38.69,5.88,13.71,178021,22.98,14.25,78.27,1.25,0.92,15.61,33.41,5.38
36103190711,Suffolk County,New York,True,16.14,55.76,0.0,3.85,680,48.39,2.14,1.35,128333,27.23,21.09,71.96,0.31,7.48,19.89,16.82,1.94
36103190712,Suffolk County,New York,True,4.96,21.43,0.0,0.0,49,25.41,7.12,12.21,186906,22.43,10.49,94.41,0.15,2.68,2.6,20.71,0.0
36103190713,Suffolk County,New York,True,10.38,76.4,10.11,0.0,293,19.13,5.79,11.55,250001,24.88,18.86,84.62,0.37,0.93,13.48,29.56,0.0
36103190714,Suffolk County,New York,True,14.77,22.92,11.46,27.61,349,26.42,8.11,7.17,122888,35.79,9.28,80.49,11.29,0.21,15.59,29.33,6.47
36103190801,Suffolk County,New York,True,5.86,77.14,54.29,0.0,75,31.19,1.97,4.88,250001,27.43,14.51,83.73,0.16,10.74,6.59,22.73,1.23
36103190802,Suffolk County,New York,True,23.95,26.48,15.53,1.35,584,58.46,6.81,8.06,149519,28.18,20.04,77.92,11.31,1.42,9.78,23.95,2.17
36103200901,Suffolk County,New York,True,25.9,75.29,20.0,3.47,408,65.49,4.64,14.07,106250,35.85,11.1,71.7,2.08,0.23,25.75,39.52,8.37
36103200903,Suffolk County,New York,True,13.51,63.95,33.72,0.0,183,44.75,6.11,8.3,150179,32.67,20.46,85.54,4.02,0.05,7.15,29.49,0.79
36103200904,Suffolk County,New York,True,17.05,14.53,14.53,22.5,785,48.71,12.74,16.97,108099,15.44,28.96,51.13,0.56,2.02,45.91,19.35,10.44
36103200905,Suffolk County,New York,True,13.32,100.0,50.49,0.0,124,25.96,3.48,4.01,178203,28.55,11.72,69.82,10.68,2.03,11.26,33.64,6.35
36103200906,Suffolk County,New York,True,20.2,100.0,100.0,0.0,831,47.89,29.44,29.0,141321,22.63,22.43,66.63,0.0,0.86,29.64,15.04,11.74
36103201005,Suffolk County,New York,True,36.73,65.99,45.92,3.15,729,47.97,4.75,15.76,123750,16.3,18.12,41.87,3.42,1.56,52.58,22.94,13.66
36103201006,Suffolk County,New York,True,16.15,0.0,0.0,0.0,110,56.09,0.56,13.6,123388,31.09,16.39,90.57,0.11,5.84,3.25,40.23,1.47
36103201007,Suffolk County,New York,True,17.57,42.65,0.0,0.0,527,61.05,5.62,5.68,171307,16.31,24.92,96.11,0.18,0.8,1.9,31.18,0.05
36103201008,Suffolk County,New York,True,24.59,22.49,11.83,3.32,395,45.82,6.63,9.21,122050,24.34,16.53,86.17,2.65,0.41,10.26,33.1,1.09
36103201009,Suffolk County,New York,True,31.06,54.58,39.18,0.93,2099,45.92,11.33,14.56,137072,19.11,15.99,54.96,0.0,1.09,37.96,25.54,6.41
36103201010,Suffolk County,New York,True,13.59,77.42,68.55,13.5,569,52.7,6.51,12.01,178135,35.16,11.91,74.9,0.0,6.82,18.18,24.44,0.0
36103990100,Suffolk County,New York,False,,,,,0,,,,,,,,,,,,
36105950100,Sullivan County,New York,True,17.23,53.67,35.78,0.0,493,54.79,7.99,11.65,80682,19.94,18.17,86.6,4.41,0.44,6.07,42.42,0.0
36105950201,Sullivan County,New York,True,17.53,69.77,66.28,0.0,301,62.63,15.28,30.84,47614,30.67,11.66,86.08,0.0,1.64,5.6,56.51,0.98
36105950202,Sullivan County,New York,True,13.43,73.33,25.56,0.0,255,70.52,13.65,23.73,70438,26.23,12.66,76.62,1.43,2.53,18.05,35.37,4.08
36105950300,Sullivan County,New York,True,23.98,40.18,8.93,19.49,285,58.42,8.28,9.96,67115,26.41,18.59,89.91,1.18,1.6,6.98,26.83,0.0
36105950400,Sullivan County,New York,True,18.43,62.71,26.69,0.0,422,63.81,9.64,16.67,92833,24.09,21.29,93.37,0.63,1.65,6.01,36.86,0.31
36105950500,Sullivan County,New York,True,32.57,37.25,3.08,21.47,980,63.36,11.74,18.94,57357,16.49,19.48,60.38,16.08,1.25,29.71,30.88,11.54
36105950600,Sullivan County,New York,True,16.83,65.67,17.16,7.86,233,47.7,3.43,11.66,85391,20.72,30.35,90.15,1.39,2.89,2.89,49.64,0.65
36105950701,Sullivan County,New York,True,52.72,44.47,12.6,16.98,1741,64.63,13.07,16.5,69487,12.55,36.19,60.96,3.54,0.0,51.32,24.85,16.69
36105950702,Sullivan County,New York,True,54.82,24.2,19.83,26.65,895,57.17,21.63,19.73,62969,21.75,28.22,55.95,5.71,1.52,44.32,22.44,5.47
36105950801,Sullivan County,New York,True,38.66,53.22,37.29,3.91,1057,37.16,28.89,31.61,54703,12.44,27.93,50.32,34.23,1.52,6.62,22.54,0.89
36105950802,Sullivan County,New York,True,41.85,62.36,47.97,0.0,729,40.13,27.8,33.88,60634,21.17,21.34,75.04,6.84,0.0,16.9,26.8,6.74
36105950900,Sullivan County,New York,True,47.28,49.59,34.23,19.29,1717,64.35,38.83,39.3,46607,21.63,26.96,54.71,7.12,2.68,34.42,30.88,10.59
36105951000,Sullivan County,New York,True,55.19,37.52,21.95,6.86,1168,41.0,11.81,18.84,71287,16.41,14.18,54.04,10.86,4.58,30.89,29.84,5.88
36105951100,Sullivan County,New York,True,39.72,45.15,32.09,11.07,856,48.11,10.41,11.64,76719,10.78,15.78,45.16,23.36,2.43,28.5,32.73,1.24
36105951201,Sullivan County,New York,True,14.88,40.09,31.47,0.0,553,37.75,5.03,10.32,98717,14.89,23.97,79.61,4.84,0.57,14.3,24.64,1.94
36105951202,Sullivan County,New York,True,35.69,76.83,36.52,30.44,1629,44.03,25.94,15.23,91306,9.06,33.46,84.9,4.92,0.0,9.38,19.43,5.21
36105951301,Sullivan County,New York,True,17.13,20.16,20.16,0.0,439,74.11,9.02,7.73,92404,21.2,17.76,76.27,7.16,1.47,16.29,28.59,3.0
36105951302,Sullivan County,New York,True,29.61,48.83,28.76,16.01,720,83.62,11.01,23.43,62708,13.79,20.84,71.88,5.44,1.02,30.45,30.23,2.6
36105951500,Sullivan County,New York,True,46.67,68.5,26.94,9.22,1415,51.07,36.39,29.11,52270,22.84,28.51,71.68,6.74,3.14,20.33,50.3,8.05
36105951600,Sullivan County,New York,True,44.19,29.66,17.11,7.19,1537,48.0,12.77,9.96,91199,18.95,20.99,70.29,8.48,7.86,21.56,23.03,2.46
36105951701,Sullivan County,New York,True,14.33,1.44,0.0,20.74,549,56.32,4.35,10.29,109297,21.54,20.84,69.94,8.31,7.77,13.58,24.24,0.57
36105951702,Sullivan County,New York,True,8.09,28.0,0.0,0.0,76,51.36,3.34,9.83,133438,32.83,8.75,84.66,0.76,4.31,3.42,18.79,0.52
36105951801,Sullivan County,New York,True,83.09,53.43,22.78,0.0,1735,60.86,23.99,44.17,50045,25.69,13.12,36.38,14.66,5.9,41.55,47.91,9.44
36105951802,Sullivan County,New York,True,74.93,53.61,35.36,13.09,2752,77.71,31.15,32.66,56591,14.11,26.06,32.43,35.53,2.32,27.49,35.95,6.53
36105951900,Sullivan County,New York,True,23.12,62.79,46.51,0.0,372,56.59,21.2,21.4,86310,19.94,21.68,85.37,4.85,0.45,3.11,30.65,0.56
36105952000,Sullivan County,New York,True,28.41,57.09,32.98,0.0,774,67.55,8.01,17.11,66258,28.1,22.24,81.63,4.38,0.52,9.09,30.65,4.62
36105952100,Sullivan County,New York,True,12.45,25.44,21.05,0.0,227,66.56,14.48,12.94,96146,22.82,12.25,74.75,13.18,0.57,5.88,39.2,1.55
36105952200,Sullivan County,New York,True,19.6,29.03,8.87,10.22,291,61.71,8.19,16.74,72292,25.79,14.04,89.25,3.09,0.34,3.69,34.05,0.35
36105952300,Sullivan County,New York,True,19.34,24.0,4.0,4.76,287,66.78,6.43,14.47,75893,18.52,11.89,83.3,10.01,1.17,6.82,26.84,0.33
36105952400,Sullivan County,New York,True,12.67,24.29,13.57,0.0,300,69.94,7.12,16.47,63846,26.14,12.44,81.56,2.06,0.18,7.88,40.6,1.03
36105952500,Sullivan County,New York,True,3.41,0.0,0.0,0.0,111,45.83,10.02,10.22,102957,19.92,13.1,88.1,0.39,0.87,11.12,29.85,0.59
36107020101,Tioga County,New York,True,11.84,30.59,9.41,6.06,254,57.48,11.37,16.99,70893,20.31,23.86,93.44,0.0,0.34,1.6,27.99,0.25
36107020102,Tioga County,New York,True,13.7,44.19,29.65,6.19,435,66.46,11.89,19.14,80938,23.46,21.41,93.48,0.17,1.71,4.52,25.07,0.09
36107020200,Tioga County,New York,True,25.06,36.72,25.89,0.16,1223,59.9,21.26,15.97,49036,21.46,16.04,93.15,2.0,0.12,0.71,32.1,0.08
36107020300,Tioga County,New York,True,14.59,50.0,24.32,0.0,772,70.93,10.64,17.82,94182,25.45,20.99,93.14,2.29,0.69,2.42,25.69,1.46
36107020401,Tioga County,New York,True,13.92,61.26,42.34,0.0,374,69.32,12.09,19.42,77984,22.85,20.12,96.21,0.91,0.91,0.0,30.64,0.0
36107020402,Tioga County,New York,True,10.8,13.48,7.8,0.0,325,74.85,5.83,10.86,124966,21.82,20.22,86.6,1.87,2.87,6.58,16.29,0.46
36107020500,Tioga County,New York,True,50.87,57.12,23.83,5.26,1902,86.7,29.06,27.71,60139,16.08,27.76,89.19,1.87,2.66,1.0,39.23,0.36
36107020600,Tioga County,New York,True,15.41,32.66,16.2,0.0,1120,60.9,8.85,19.32,75239,21.26,17.94,96.35,0.0,0.0,2.02,23.7,0.0
36107020701,Tioga County,New York,True,23.71,60.73,27.27,0.0,850,52.47,14.44,16.29,63309,17.9,21.84,95.44,1.2,1.2,1.06,34.51,0.67
36107020702,Tioga County,New York,True,15.78,82.26,48.39,0.0,481,40.54,16.76,19.35,61667,18.57,20.21,97.12,0.92,0.0,1.04,22.2,0.0
36107020703,Tioga County,New York,True,37.39,59.26,21.76,0.0,1178,84.72,7.88,21.18,53505,27.34,18.12,92.24,2.51,1.02,5.67,40.05,1.03
36109000100,Tompkins County,New York,True,96.34,65.2,31.61,0.0,2020,43.99,20.05,30.68,40988,14.05,5.18,74.59,8.0,10.32,4.14,69.5,0.82
36109000201,Tompkins County,New York,True,98.14,72.95,46.23,2.75,1855,39.82,65.19,39.24,41245,0.9,1.23,56.38,2.75,24.93,12.92,37.22,1.52
36109000202,Tompkins County,New York,True,81.01,59.58,46.81,8.61,1781,79.96,58.38,41.28,,4.99,0.0,83.38,0.85,8.89,2.07,48.99,7.59
36109000300,Tompkins County,New York,True,48.15,100.0,97.12,0.0,193,55.13,65.17,62.04,,1.84,2.41,40.51,14.41,32.85,13.02,9.72,3.87
36109000400,Tompkins County,New York,True,83.99,49.28,31.29,21.56,781,40.13,9.01,28.87,57875,0.88,6.46,34.82,13.82,35.85,12.94,26.25,2.77
36109000500,Tompkins County,New York,True,51.34,54.78,23.52,0.64,1797,68.08,6.79,10.27,95881,19.11,16.67,67.88,4.24,19.82,7.14,31.84,2.32
36109000600,Tompkins County,New York,True,45.79,69.83,44.35,0.0,1380,57.07,13.65,15.91,132853,24.43,12.38,58.58,2.91,26.62,7.62,36.23,2.51
36109000700,Tompkins County,New York,True,53.27,65.73,41.84,0.59,1658,87.7,18.31,21.67,74750,14.41,9.02,72.47,0.96,9.63,10.39,37.2,1.7
36109000800,Tompkins County,New York,True,68.57,57.97,26.2,0.0,1718,80.99,19.72,23.13,60833,17.77,11.02,71.63,4.81,12.78,4.06,52.53,1.69
36109000900,Tompkins County,New York,True,30.35,66.67,47.05,14.53,1113,56.38,10.26,18.78,89347,32.78,18.2,81.01,6.28,1.71,5.13,30.16,0.3
36109001000,Tompkins County,New York,True,50.47,54.55,29.0,1.71,2020,56.62,15.55,27.73,69569,16.13,18.02,71.41,11.72,8.76,10.85,37.78,1.47
36109001100,Tompkins County,New York,True,55.88,80.24,65.38,0.0,2203,51.95,29.23,33.38,54691,12.92,8.19,74.54,4.84,6.48,8.47,33.54,1.06
36109001200,Tompkins County,New York,True,69.37,38.24,0.0,0.0,127,87.39,44.23,38.74,,0.46,1.81,43.56,9.83,31.95,12.76,42.34,1.81
36109001301,Tompkins County,New York,True,65.89,53.03,40.02,9.87,1883,68.9,27.12,36.84,47252,11.59,9.79,67.41,1.08,12.35,5.35,46.43,1.27
36109001302,Tompkins County,New York,True,34.58,45.53,27.03,0.0,767,59.18,10.25,10.69,115299,23.3,14.38,82.97,0.15,7.34,4.53,40.23,0.0
36109001400,Tompkins County,New York,True,47.66,46.39,24.19,0.0,1308,61.21,12.6,15.54,91620,18.7,14.91,86.99,0.0,2.25,7.44,26.97,0.15
36109001500,Tompkins County,New York,True,55.16,68.24,20.47,2.09,3091,43.16,15.24,13.07,77675,14.05,15.15,79.15,6.32,9.98,1.99,29.21,0.54
36109001600,Tompkins County,New York,True,33.18,23.6,10.03,0.0,1129,65.75,6.5,15.05,70690,23.75,13.98,91.88,1.26,0.66,2.33,37.07,0.38
36109001700,Tompkins County,New York,True,20.02,48.8,11.68,0.0,1018,39.53,13.03,13.88,100347,18.75,25.03,92.13,0.15,0.0,7.41,25.44,0.0
36109001800,Tompkins County,New York,True,20.26,62.22,27.6,0.0,816,46.13,9.28,13.93,68125,27.4,20.11,93.25,0.0,0.0,5.11,24.89,0.0
36109001901,Tompkins County,New York,True,35.11,42.89,9.03,0.0,849,59.59,15.43,11.45,80658,19.56,17.89,86.5,0.06,1.51,6.64,25.14,0.0
36109001902,Tompkins County,New York,True,15.31,33.17,19.02,3.41,381,42.12,6.36,7.62,99886,17.14,20.36,84.95,0.83,0.0,4.7,22.33,0.95
36109002000,Tompkins County,New York,True,33.63,62.56,42.91,1.16,1075,48.05,21.49,25.93,73672,20.7,15.38,84.83,1.84,6.27,5.53,31.07,0.46
36109002100,Tompkins County,New York,True,31.79,31.38,19.66,2.82,1195,46.33,8.69,9.33,82644,15.1,17.83,94.17,1.45,0.34,1.32,19.5,0.28
36109002200,Tompkins County,New York,True,30.6,46.06,36.61,0.0,1299,69.91,6.45,13.89,62132,18.98,23.94,93.31,0.57,0.1,2.03,34.85,0.25
36109002300,Tompkins County,New York,True,17.69,53.87,36.1,0.26,763,52.28,11.54,12.32,90765,19.99,26.24,82.78,3.46,0.37,5.96,24.37,0.0
36111950100,Ulster County,New York,True,7.83,7.33,0.0,0.0,686,68.4,2.27,17.08,89191,21.0,20.83,80.17,0.31,0.55,11.63,25.12,0.0
36111950200,Ulster County,New York,True,63.69,48.63,36.58,9.38,1942,90.86,21.0,31.72,57778,25.85,18.38,81.13,0.7,0.49,13.57,51.23,4.08
36111950300,Ulster County,New York,True,35.78,64.63,47.46,0.0,1399,60.32,12.7,21.26,69125,25.7,15.66,78.11,0.54,0.63,8.61,37.13,0.0
36111950400,Ulster County,New York,True,20.58,29.69,14.33,0.0,583,62.06,5.8,16.97,100375,20.96,12.35,91.59,0.73,0.89,1.59,37.44,0.0
36111950500,Ulster County,New York,True,23.75,90.88,52.28,1.29,517,83.19,8.49,18.62,93860,47.1,11.06,84.14,2.38,2.88,5.89,39.87,1.35
36111950600,Ulster County,New York,True,9.43,48.98,42.18,14.37,216,63.58,10.47,17.33,86133,40.82,7.92,88.85,0.88,2.41,5.45,47.71,0.37
36111950900,Ulster County,New York,True,18.34,67.19,12.5,0.0,205,71.61,21.17,10.73,76667,26.8,10.81,80.11,0.15,8.63,3.53,35.99,3.01
36111951000,Ulster County,New York,True,10.58,58.43,54.22,0.0,446,58.1,7.95,11.15,114018,26.85,12.53,89.21,0.0,2.54,4.25,33.75,0.96
36111951100,Ulster County,New York,True,8.55,62.07,18.39,0.0,153,73.04,5.91,15.42,94844,29.3,14.99,92.94,0.05,1.39,1.78,39.69,0.0
36111951200,Ulster County,New York,True,9.66,19.25,0.0,0.0,478,72.62,12.24,14.37,110369,22.98,18.38,74.74,0.32,2.16,13.43,27.98,0.35
36111951300,Ulster County,New York,True,35.03,37.2,13.0,2.74,1076,62.88,6.84,13.41,68333,26.15,15.17,80.29,2.97,0.96,10.59,34.67,0.18
36111951400,Ulster County,New York,True,49.47,70.69,42.0,0.0,1634,54.12,23.51,28.9,65917,27.23,18.24,77.72,7.29,2.39,6.27,43.14,0.55
36111951500,Ulster County,New York,True,14.11,31.96,14.43,0.0,365,58.35,3.72,5.91,103209,15.2,16.73,79.47,5.73,0.14,14.36,35.28,0.39
36111951600,Ulster County,New York,True,7.1,61.4,61.4,21.21,134,77.31,8.25,22.82,81292,23.09,18.28,82.97,1.29,5.44,5.93,20.67,0.87
36111951700,Ulster County,New York,True,54.71,66.5,25.86,0.0,2639,90.91,22.99,28.24,65579,12.77,20.73,64.36,9.91,3.47,10.84,34.25,1.0
36111951800,Ulster County,New York,True,61.39,66.33,45.41,0.0,850,87.5,32.72,42.09,39643,23.68,24.37,65.23,11.02,0.0,19.51,47.99,0.76
36111951900,Ulster County,New York,True,18.48,67.04,27.37,5.21,640,94.62,8.98,12.8,76458,16.79,33.75,46.79,27.78,1.65,18.68,21.56,6.14
36111952000,Ulster County,New York,True,52.17,69.89,33.33,11.36,1061,96.41,20.6,30.79,52173,8.35,25.17,53.53,11.62,2.71,25.39,34.6,9.54
36111952100,Ulster County,New York,True,71.56,54.82,34.65,8.27,2526,87.14,23.91,29.93,67738,12.65,19.45,52.0,11.99,0.0,30.18,36.8,9.68
36111952200,Ulster County,New York,True,29.27,51.92,43.57,0.0,897,83.89,5.22,11.7,95000,28.55,15.26,84.33,1.49,2.02,9.16,36.94,2.38
36111952300,Ulster County,New York,True,68.85,29.54,15.96,13.64,1235,84.1,5.53,11.62,73250,14.93,12.52,53.97,20.46,16.34,13.46,37.08,0.0
36111952400,Ulster County,New York,True,60.91,70.21,40.83,0.0,1300,94.35,23.79,36.8,51221,18.56,16.09,77.63,13.88,2.47,2.43,55.27,0.49
36111952500,Ulster County,New York,True,12.9,48.09,46.99,0.0,525,58.98,9.23,18.96,79295,24.58,19.99,73.44,4.41,0.0,17.09,35.31,0.06
36111952600,Ulster County,New York,True,18.96,31.31,9.22,10.02,1204,79.02,28.52,18.54,90000,25.13,14.17,84.18,8.57,0.13,4.16,40.5,0.0
36111952700,Ulster County,New York,True,32.77,46.13,36.19,0.0,797,69.23,8.79,19.72,70689,18.48,15.41,86.27,4.47,1.01,1.12,37.44,0.25
36111952800,Ulster County,New York,True,21.1,41.77,31.65,0.0,379,79.39,8.27,16.34,87308,38.58,15.37,80.29,0.38,0.59,5.55,38.89,0.73
36111952901,Ulster County,New York,True,23.26,43.83,13.58,3.67,566,67.63,13.73,12.56,106058,25.8,20.6,84.57,1.15,2.04,5.5,28.29,0.0
36111952902,Ulster County,New York,True,3.65,64.29,64.29,0.0,44,52.08,9.46,12.34,127789,28.08,18.7,74.08,9.5,0.63,4.99,22.95,0.16
36111953000,Ulster County,New York,True,19.59,42.6,37.28,0.0,435,72.18,5.75,17.72,120667,17.63,20.24,77.58,0.26,3.09,16.15,26.67,0.0
36111953300,Ulster County,New York,True,15.89,46.64,10.92,12.5,617,49.1,8.96,11.55,138322,23.67,17.67,76.79,2.93,3.58,14.16,22.78,0.35
36111953400,Ulster County,New York,True,58.76,73.29,50.4,0.0,3068,52.8,30.88,25.57,66181,20.98,10.92,72.11,11.73,1.45,12.08,40.96,0.87
36111953500,Ulster County,New York,True,69.43,70.16,25.99,8.92,1792,77.88,24.43,36.53,71053,5.65,10.33,65.26,7.19,8.11,17.13,45.36,2.76
36111953600,Ulster County,New York,True,41.68,49.95,34.14,0.0,1567,53.64,6.31,15.09,91523,26.38,16.34,69.85,5.6,11.55,3.37,38.47,0.09
36111953700,Ulster County,New York,True,21.39,48.81,21.64,0.0,872,55.57,4.34,11.55,105227,16.18,20.11,77.84,5.85,0.88,7.67,38.04,0.41
36111953800,Ulster County,New York,True,34.76,44.87,17.41,5.4,1166,56.87,11.7,13.98,94659,21.23,23.53,72.55,8.6,0.59,9.6,34.69,0.89
36111953900,Ulster County,New York,True,19.02,82.61,22.9,0.84,1008,34.99,9.78,10.71,114450,18.05,25.44,72.69,10.22,0.71,14.65,25.41,0.22
36111954000,Ulster County,New York,True,31.38,36.82,14.26,0.0,1551,49.59,2.4,8.31,100278,21.07,20.66,68.53,2.36,0.0,24.1,28.64,0.44
36111954100,Ulster County,New York,True,34.93,52.85,34.68,3.24,1412,52.94,6.14,12.91,104136,11.54,23.85,66.92,7.26,0.52,27.89,30.35,0.63
36111954200,Ulster County,New York,True,23.92,57.87,45.79,0.0,1430,54.11,9.15,11.22,115234,16.42,19.1,75.34,0.32,4.85,4.09,33.21,0.83
36111954401,Ulster County,New York,True,8.55,45.76,27.12,8.47,133,49.05,66.05,7.54,146824,11.94,5.62,63.98,14.29,1.56,17.15,12.75,0.0
36111954402,Ulster County,New York,True,16.87,68.12,26.09,0.0,534,57.86,7.89,11.39,96389,14.47,18.88,72.96,1.8,1.62,13.55,14.84,0.16
36111954500,Ulster County,New York,True,31.4,52.1,41.18,5.88,692,72.53,15.27,27.37,62169,16.93,13.92,63.97,21.15,0.0,16.47,34.59,0.47
36111954600,Ulster County,New York,True,9.44,23.4,23.4,0.0,108,63.63,5.71,10.77,97250,27.03,13.06,75.56,0.06,0.39,21.68,25.4,0.59
36111954700,Ulster County,New York,True,18.2,55.96,50.46,0.0,203,63.96,24.04,19.2,92054,25.02,14.19,77.31,6.67,1.04,10.21,30.72,0.93
36111954800,Ulster County,New York,True,48.68,85.86,51.16,0.0,2486,81.65,30.46,37.99,37068,26.63,22.6,66.19,10.01,0.02,36.6,31.48,1.81
36111954900,Ulster County,New York,True,31.72,35.09,24.12,0.0,370,53.9,7.55,10.62,95375,18.4,21.65,81.65,4.43,1.81,5.92,32.11,0.0
36111955001,Ulster County,New York,True,13.04,47.54,22.13,0.0,194,49.44,9.37,13.53,95650,21.97,11.86,84.09,1.74,0.65,8.76,16.91,0.0
36111955002,Ulster County,New York,True,18.49,72.25,72.25,0.0,341,56.51,10.68,16.78,79042,16.56,18.04,81.23,3.64,1.01,12.13,28.42,1.01
36111955300,Ulster County,New York,True,21.05,48.57,25.71,0.0,459,75.17,22.31,32.65,61354,27.22,10.38,81.43,0.0,4.05,10.51,38.06,0.0
36111955400,Ulster County,New York,True,23.15,72.08,21.25,0.4,356,45.08,5.43,9.79,116875,15.41,12.02,70.57,16.0,0.24,9.37,28.91,0.24
36113070100,Warren County,New York,True,33.0,22.39,17.3,11.22,842,60.77,8.44,13.99,89387,16.08,16.22,90.92,4.58,0.0,0.57,33.17,0.0
36113070200,Warren County,New York,True,59.0,43.97,23.93,2.22,1064,73.24,13.65,17.01,57228,11.4,24.66,75.59,8.67,1.55,13.05,41.55,0.0
36113070300,Warren County,New York,True,40.02,42.67,32.72,1.81,1314,94.99,7.32,16.84,76587,16.01,17.56,93.82,1.1,0.91,2.46,36.19,0.39
36113070400,Warren County,New York,True,45.37,58.62,27.59,2.0,1535,94.43,9.84,16.41,67040,15.72,20.75,88.62,1.83,0.21,3.28,34.19,0.0
36113070500,Warren County,New York,True,67.82,63.72,26.86,2.79,1330,80.9,22.04,35.88,43333,20.44,14.97,88.37,5.95,1.33,3.76,48.26,0.41
36113070602,Warren County,New York,True,11.82,11.69,11.69,0.0,127,60.32,4.28,5.76,127692,35.8,14.02,95.73,0.28,0.0,2.35,33.43,0.0
36113070603,Warren County,New York,True,44.92,42.59,17.57,0.0,1638,21.98,6.15,15.83,76287,39.89,11.18,93.53,2.43,0.0,2.89,44.36,0.5
36113070604,Warren County,New York,True,17.67,65.92,39.66,0.0,338,68.35,4.54,15.19,79238,39.24,10.92,92.75,1.34,1.21,4.92,37.63,2.79
36113070701,Warren County,New York,True,52.14,41.12,24.57,1.62,1948,54.61,15.34,19.04,70794,28.56,13.09,94.87,0.22,0.0,2.27,31.5,0.35
36113070702,Warren County,New York,True,20.46,50.34,40.77,0.0,947,44.99,10.69,16.67,89559,25.86,16.21,95.28,0.38,0.0,1.26,26.72,0.0
36113070801,Warren County,New York,True,8.96,72.86,15.71,0.0,249,39.71,9.69,16.31,91855,20.35,23.98,87.23,0.81,2.41,6.04,23.93,0.57
36113070802,Warren County,New York,True,15.54,68.32,31.19,0.0,486,52.95,5.39,10.56,88750,12.51,29.09,93.49,0.12,0.0,0.55,17.3,0.0
36113070900,Warren County,New York,True,4.59,88.16,72.37,0.0,250,30.73,4.57,7.91,123155,18.97,20.33,93.48,0.51,0.02,4.93,18.07,0.15
36113071000,Warren County,New York,True,18.36,56.08,24.32,0.0,440,62.65,33.38,30.65,46633,26.27,16.36,97.92,0.16,0.0,0.13,41.24,0.0
36113072001,Warren County,New York,True,39.01,54.39,23.65,0.0,672,68.57,9.66,20.77,68281,26.86,10.21,93.56,0.83,1.11,8.27,33.37,0.06
36113072002,Warren County,New York,True,6.4,27.59,0.0,0.0,91,57.96,3.7,5.7,126510,24.03,20.13,91.85,0.12,5.14,0.12,14.74,0.0
36113073000,Warren County,New York,True,25.66,48.69,14.85,4.43,879,66.79,14.73,23.7,60907,19.9,18.97,90.67,0.0,4.38,3.36,41.3,0.29
36113073500,Warren County,New York,True,11.85,45.95,22.97,5.21,216,52.92,13.19,26.3,62222,25.96,23.3,91.44,1.33,0.85,3.72,37.65,0.0
36113074000,Warren County,New York,True,17.97,31.54,12.75,0.0,246,51.68,10.53,18.19,60987,29.68,13.44,89.25,1.4,2.41,2.02,35.28,0.0
36113075001,Warren County,New York,True,15.6,32.41,32.41,0.0,215,52.54,8.95,16.41,83917,39.37,9.55,96.04,0.0,2.43,0.05,16.76,0.59
36113075002,Warren County,New York,True,12.5,13.33,0.0,0.0,239,48.37,2.8,9.17,93214,21.2,24.0,92.62,0.08,0.0,1.7,21.46,0.0
36113076000,Warren County,New York,True,14.71,51.09,2.19,0.0,268,59.11,8.31,11.43,81635,32.29,13.4,95.13,0.0,0.67,0.12,26.89,0.0
36113078000,Warren County,New York,True,12.12,23.53,16.67,0.0,263,61.79,7.23,8.02,102898,36.14,11.26,97.35,0.64,0.0,2.8,17.11,0.56
36115080100,Washington County,New York,True,40.81,46.74,35.26,0.0,1657,83.71,13.14,24.74,61522,22.78,21.47,91.34,0.06,0.0,0.06,44.5,3.62
36115080200,Washington County,New York,True,31.24,46.01,9.64,0.0,635,55.52,3.81,7.92,76467,25.42,15.96,96.93,0.65,0.0,0.65,35.46,0.0
36115080301,Washington County,New York,True,50.4,42.88,18.71,0.0,1251,53.72,18.31,21.46,71627,17.15,18.04,87.93,1.86,1.01,3.38,29.08,2.31
36115080302,Washington County,New York,True,12.51,48.53,29.41,0.0,278,41.75,6.98,6.71,97633,20.0,13.15,84.5,0.09,3.94,7.02,13.42,0.0
36115081001,Washington County,New York,True,8.24,47.54,13.11,0.0,115,50.04,4.23,11.24,86894,28.32,16.07,94.77,0.22,0.0,1.83,24.47,1.7
36115081002,Washington County,New York,True,22.41,75.0,14.84,2.76,318,46.74,6.3,18.08,77958,10.44,8.24,55.48,27.63,0.49,14.72,28.44,4.36
36115082001,Washington County,New York,True,27.91,55.24,29.91,13.11,1873,65.3,19.76,22.84,56397,17.84,24.17,88.14,0.54,0.16,4.1,25.46,2.74
36115082002,Washington County,New York,True,8.72,40.0,6.67,2.22,121,63.48,7.25,13.95,80556,31.71,15.22,97.71,0.0,0.0,0.46,26.55,0.19
36115084001,Washington County,New York,True,21.07,49.54,19.91,2.42,402,57.91,8.74,15.55,76250,18.12,20.92,91.62,0.54,0.19,5.36,26.59,0.53
36115084002,Washington County,New York,True,25.8,57.14,44.22,0.0,568,71.34,15.7,31.26,52969,25.4,20.74,87.57,1.53,3.72,3.03,25.28,0.11
36115085000,Washington County,New York,True,19.09,45.0,0.0,6.34,317,53.55,8.44,20.97,65163,19.84,20.11,93.25,0.0,0.0,2.48,22.18,0.0
36115086000,Washington County,New York,True,4.5,38.71,29.03,0.0,68,48.08,17.41,24.39,73205,23.7,15.02,94.17,2.8,0.0,3.66,24.93,0.0
36115087000,Washington County,New York,True,9.92,44.95,40.37,0.0,269,64.77,4.46,13.09,83000,23.35,21.01,97.94,0.88,0.0,0.47,21.69,0.0
36115088001,Washington County,New York,True,24.97,67.39,48.7,0.0,335,76.03,11.59,17.48,59640,25.83,18.72,96.07,1.44,0.57,0.95,31.27,0.25
36115088002,Washington County,New York,True,32.35,54.78,19.11,0.0,918,69.01,15.53,17.5,71979,14.76,25.0,93.4,2.71,0.0,0.36,30.32,0.0
36115089000,Washington County,New York,True,20.32,49.3,23.95,0.0,709,69.86,5.29,12.14,73537,23.4,17.51,95.18,0.16,0.49,1.86,33.95,0.27
36115090000,Washington County,New York,True,22.87,44.15,15.43,0.0,582,73.67,17.6,17.94,83398,22.86,16.24,91.42,0.42,0.0,1.88,29.99,0.0
36115091000,Washington County,New York,True,8.09,77.78,63.49,6.06,124,60.93,7.54,15.93,77375,33.39,14.63,91.03,1.18,2.06,1.89,31.74,0.86
36115092000,Washington County,New York,True,13.66,82.86,25.71,13.74,301,65.59,8.27,20.12,72853,22.08,18.22,94.76,1.13,1.53,2.27,26.2,1.66
36115093000,Washington County,New York,True,24.73,48.69,15.18,2.43,396,69.14,8.68,20.77,87796,23.43,19.14,91.06,1.36,2.41,3.66,31.57,1.07
36115094000,Washington County,New York,True,11.68,12.38,5.71,0.0,223,58.48,2.94,9.26,85625,25.03,14.37,99.05,0.0,0.0,0.04,28.3,0.18
36117020103,Wayne County,New York,True,0.91,0.0,0.0,0.0,74,36.36,5.7,10.87,104635,23.58,26.25,91.14,2.27,0.0,4.33,17.08,0.31
36117020104,Wayne County,New York,True,4.48,0.0,0.0,0.0,106,59.85,4.65,7.24,97355,18.69,25.69,82.45,0.07,0.99,2.31,14.59,0.23
36117020105,Wayne County,New York,True,23.05,48.73,17.45,0.0,413,50.13,5.27,16.51,79917,26.1,18.87,92.2,1.32,0.6,2.37,26.32,0.0
36117020106,Wayne County,New York,True,46.42,53.79,29.46,0.0,719,66.49,7.52,33.9,49219,22.33,19.43,84.94,4.28,0.0,2.85,46.61,0.0
36117020201,Wayne County,New York,True,5.44,0.0,0.0,0.0,199,50.89,4.07,9.7,93913,21.69,17.83,90.39,1.07,3.18,1.57,23.05,1.04
36117020202,Wayne County,New York,True,4.74,82.0,0.0,0.0,100,40.75,4.19,15.51,94839,13.94,27.02,88.89,2.07,2.98,1.05,27.04,0.16
36117020302,Wayne County,New York,True,15.81,56.3,45.66,4.52,638,45.5,7.2,17.33,100600,24.57,18.64,91.28,0.0,0.42,3.77,28.34,0.0
36117020303,Wayne County,New York,True,20.61,52.25,33.99,3.78,787,49.36,9.27,12.7,87950,19.02,16.81,88.26,0.35,1.76,0.91,27.63,1.64
36117020401,Wayne County,New York,True,1.79,31.25,31.25,0.0,40,63.22,8.71,6.4,107279,25.06,15.27,88.57,0.1,0.0,6.17,12.98,2.52
36117020402,Wayne County,New York,True,20.84,24.85,15.95,0.0,547,61.63,9.19,20.2,76518,17.53,22.76,87.56,3.24,0.0,5.29,27.43,1.31
36117020500,Wayne County,New York,True,23.05,43.96,8.48,0.0,674,56.89,5.23,16.92,80469,19.1,16.38,92.15,0.07,0.18,6.77,31.41,0.0
36117020601,Wayne County,New York,True,7.67,0.0,0.0,0.0,128,81.47,7.92,19.43,60662,33.93,18.99,92.62,0.0,6.79,1.19,38.49,2.97
36117020602,Wayne County,New York,True,10.18,33.33,10.42,7.62,231,65.79,4.66,7.27,83850,18.01,23.57,94.4,0.04,0.66,1.73,26.96,0.0
36117020700,Wayne County,New York,True,53.76,39.98,23.57,5.71,1552,86.0,10.78,23.84,63984,20.42,17.92,92.73,1.57,0.0,1.26,39.06,0.0
36117020800,Wayne County,New York,True,9.2,52.54,37.29,10.45,233,75.97,9.18,10.44,97849,32.52,12.06,86.79,2.72,0.09,6.44,25.07,0.94
36117020900,Wayne County,New York,True,24.3,36.11,20.96,0.79,1066,70.24,22.24,29.16,53480,18.06,17.52,77.35,10.51,0.06,6.7,30.12,3.17
36117021000,Wayne County,New York,True,9.38,16.1,8.78,4.55,515,56.58,6.85,13.22,80662,22.77,22.82,86.45,1.55,0.77,9.84,28.23,4.29
36117021100,Wayne County,New York,True,30.96,55.36,30.6,10.09,1443,80.2,17.67,27.29,61135,22.88,21.2,82.19,3.05,0.0,13.87,33.2,0.0
36117021200,Wayne County,New York,True,46.57,45.36,24.5,1.31,1796,82.04,25.21,24.55,57346,17.3,20.33,78.47,5.39,0.95,10.49,42.49,3.26
36117021400,Wayne County,New York,True,28.96,43.41,31.27,2.26,1025,88.51,21.19,27.58,67115,14.98,24.85,82.85,3.75,0.0,11.05,24.53,0.09
36117021501,Wayne County,New York,True,17.0,57.66,45.99,0.0,415,65.9,24.09,16.38,90000,21.12,19.91,81.16,8.88,0.62,8.21,21.59,3.36
36117021502,Wayne County,New York,True,22.83,53.73,23.6,1.54,777,68.25,20.88,30.44,54569,20.27,22.92,92.42,1.49,0.0,3.32,32.44,0.45
36117021600,Wayne County,New York,True,18.86,26.81,13.62,11.42,1003,70.19,10.57,27.68,59669,21.49,23.06,89.01,0.08,0.0,6.23,24.61,2.17
36117021700,Wayne County,New York,True,20.6,66.92,28.46,0.0,711,73.85,10.95,22.73,66063,18.13,30.18,95.71,0.26,0.1,1.19,30.56,0.32
36117021800,Wayne County,New York,True,18.62,37.41,28.57,3.03,345,85.9,21.74,28.89,62407,16.74,23.79,85.11,2.8,0.95,1.35,42.66,0.48
36117990100,Wayne County,New York,False,,,,,0,,,,,,,,,,,,
36119000101,Westchester County,New York,True,94.53,56.91,28.81,8.3,4139,70.09,26.14,40.63,51164,18.8,15.93,8.21,18.6,0.0,74.0,32.56,26.51
36119000103,Westchester County,New York,True,84.88,69.57,43.86,12.72,4474,66.1,31.15,41.21,39000,7.81,26.4,13.69,32.21,0.24,62.41,46.34,6.74
36119000104,Westchester County,New York,True,91.98,32.49,19.34,1.39,1321,22.18,0.0,4.19,,15.84,13.96,24.21,49.83,4.05,6.56,40.23,3.65
36119000202,Westchester County,New York,True,46.82,47.8,32.69,7.98,2435,86.17,10.2,18.31,105795,13.77,17.43,28.75,12.2,2.43,61.14,23.66,11.9
36119000203,Westchester County,New York,True,53.8,74.89,48.31,12.97,1721,88.64,16.23,27.98,68797,21.92,20.03,29.49,12.57,7.31,50.39,50.06,6.61
36119000204,Westchester County,New York,True,85.34,62.33,49.67,15.38,2354,46.45,25.99,43.71,45511,18.85,23.78,15.09,4.25,0.0,84.32,40.47,24.47
36119000205,Westchester County,New York,True,84.57,45.44,29.29,12.16,2495,91.17,14.35,22.84,52729,17.67,19.32,8.58,16.35,3.39,81.39,27.76,23.45
36119000300,Westchester County,New York,True,94.57,63.92,32.56,11.25,4054,64.23,15.95,40.52,45390,18.0,25.95,5.17,41.85,0.46,53.25,34.18,10.84
36119000401,Westchester County,New York,True,96.94,51.32,28.97,21.18,6444,29.33,15.79,22.16,79120,10.32,12.63,22.6,33.9,0.95,41.82,43.24,7.19
36119000403,Westchester County,New York,True,94.01,45.09,26.05,14.5,3700,61.48,21.77,34.17,51923,16.61,22.57,15.59,34.05,1.08,54.79,29.89,7.97
36119000404,Westchester County,New York,True,63.6,59.63,25.46,26.16,2117,98.49,15.72,17.44,60398,11.0,36.83,18.26,26.47,1.16,64.26,46.06,19.43
36119000501,Westchester County,New York,True,73.85,46.09,29.67,16.59,2198,37.32,29.8,36.98,57731,10.65,25.75,5.54,44.52,0.0,48.64,20.49,14.07
36119000502,Westchester County,New York,True,98.58,66.81,38.2,26.86,3367,49.57,72.37,71.47,18732,17.15,39.34,2.69,18.31,4.4,76.95,47.28,30.4
36119000601,Westchester County,New York,True,84.17,69.31,58.7,14.29,1902,85.07,27.84,48.45,40956,27.38,19.41,19.91,19.27,6.56,52.89,29.76,26.38
36119000602,Westchester County,New York,True,68.7,60.04,27.29,33.58,3101,90.18,9.48,22.81,61130,15.64,15.47,12.11,18.87,4.01,60.16,25.6,13.07
36119000701,Westchester County,New York,True,40.85,53.62,41.4,0.0,1208,89.38,8.92,15.14,102235,17.34,16.03,41.58,17.4,4.18,39.39,33.31,2.77
36119000702,Westchester County,New York,True,50.85,48.3,18.62,8.42,2958,75.55,8.76,10.65,86174,15.47,17.27,38.48,20.7,2.27,41.04,42.1,3.35
36119000801,Westchester County,New York,True,18.37,15.11,10.33,0.0,989,95.33,2.04,9.21,108053,33.26,13.6,54.71,15.02,3.74,30.48,26.93,2.26
36119000802,Westchester County,New York,True,38.43,59.53,29.57,2.55,785,85.93,12.95,15.18,95994,13.96,12.91,39.44,17.59,10.23,38.91,26.81,6.77
36119000803,Westchester County,New York,True,51.21,68.12,18.55,16.23,3110,89.72,7.03,11.21,98558,11.85,25.73,27.91,30.92,3.91,46.66,25.25,7.9
36119000900,Westchester County,New York,True,30.19,45.94,32.81,22.19,1102,89.89,3.71,4.62,135781,19.71,15.05,38.78,16.32,16.34,23.09,27.45,7.46
36119001000,Westchester County,New York,True,91.8,80.92,34.06,11.66,1633,79.66,40.63,44.08,31806,21.03,25.68,18.08,35.26,4.42,47.39,52.73,14.15
36119001101,Westchester County,New York,True,88.63,81.67,53.82,27.6,3603,86.45,15.1,29.37,44620,4.2,30.46,5.14,22.32,0.0,89.4,5.94,20.18
36119001102,Westchester County,New York,True,51.82,40.99,18.86,19.42,4303,93.27,5.29,11.47,111438,13.21,26.49,24.77,26.57,1.87,48.67,16.38,5.98
36119001200,Westchester County,New York,True,82.88,59.07,36.01,25.27,4308,76.26,24.95,30.41,52412,7.67,25.16,5.53,15.37,8.34,70.1,18.47,25.68
36119001301,Westchester County,New York,True,31.7,34.9,16.78,16.02,1672,94.12,12.44,13.95,207759,25.02,23.16,27.69,14.05,18.03,48.2,17.75,17.14
36119001302,Westchester County,New York,True,76.01,76.25,38.68,18.79,3415,84.31,16.66,21.86,55647,12.04,28.14,15.08,18.08,6.11,68.82,15.95,10.56
36119001304,Westchester County,New York,True,80.93,33.46,12.58,43.69,1811,80.18,9.81,14.95,56136,18.54,16.24,14.16,8.73,8.96,73.54,23.2,19.04
36119001305,Westchester County,New York,True,79.58,38.25,17.43,38.55,3586,82.39,22.16,22.44,75848,4.85,25.07,12.08,10.49,8.4,78.08,13.67,24.61
36119001401,Westchester County,New York,True,27.88,48.61,47.36,0.0,969,94.74,14.22,11.8,141224,17.87,20.01,36.33,6.96,7.64,47.11,22.96,7.62
36119001402,Westchester County,New York,True,9.55,54.55,1.82,48.33,222,95.52,5.4,14.81,112389,32.06,12.64,73.86,0.46,5.6,23.57,21.5,2.79
36119001403,Westchester County,New York,True,43.81,47.33,28.24,5.42,1184,86.91,17.69,23.24,75658,21.44,18.84,50.27,4.76,5.37,46.49,38.13,1.44
36119001502,Westchester County,New York,True,45.38,48.55,7.9,2.49,1191,86.64,5.64,8.89,106725,13.66,21.2,64.25,6.96,4.93,27.7,31.69,1.94
36119001503,Westchester County,New York,True,56.41,40.39,16.9,3.79,1223,87.11,15.62,16.17,82059,18.72,13.73,75.2,5.03,2.78,18.36,43.12,0.95
36119001504,Westchester County,New York,True,31.55,41.23,11.23,47.03,1722,96.76,11.18,6.27,121774,28.94,18.29,49.35,5.42,5.3,27.12,23.84,3.69
36119001505,Westchester County,New York,True,47.99,46.54,21.59,17.61,832,95.19,11.23,22.13,88598,15.2,12.26,36.57,31.55,8.61,33.41,47.18,0.85
36119001600,Westchester County,New York,True,73.29,73.45,33.68,12.73,3505,80.49,14.93,21.72,63846,13.33,20.23,28.27,4.96,5.84,68.13,15.28,10.5
36119001701,Westchester County,New York,True,55.81,40.53,30.52,9.7,1578,87.42,2.19,11.53,99554,17.4,18.86,50.63,1.92,6.8,45.21,23.58,6.07
36119001702,Westchester County,New York,True,23.22,70.44,27.74,0.0,872,96.19,4.33,7.05,79688,21.89,14.46,62.82,2.03,16.66,18.12,41.07,5.25
36119001800,Westchester County,New York,True,22.11,58.59,0.0,7.03,229,74.3,2.33,5.35,120880,14.1,12.23,19.28,53.39,0.53,23.87,30.92,1.57
36119001900,Westchester County,New York,True,5.44,46.67,46.67,0.0,93,96.03,7.93,13.97,121607,25.36,14.73,49.87,9.64,12.09,29.39,22.14,3.15
36119002000,Westchester County,New York,True,23.31,55.94,53.3,0.0,592,65.38,3.46,7.5,153578,24.11,16.96,39.21,12.17,16.12,33.63,25.22,1.42
36119002101,Westchester County,New York,True,41.94,62.22,16.64,0.0,1723,84.95,3.85,7.33,89862,19.44,23.56,33.13,15.79,12.78,34.46,32.12,4.13
36119002103,Westchester County,New York,True,2.75,100.0,0.0,0.0,54,97.86,2.94,15.72,225521,21.33,13.09,85.99,0.0,0.0,12.27,27.65,1.8
36119002104,Westchester County,New York,True,28.02,69.84,47.62,4.26,916,95.72,22.78,16.18,102674,18.97,22.08,38.44,11.52,6.48,38.29,33.99,1.62
36119002105,Westchester County,New York,True,16.07,45.26,36.84,0.0,115,83.01,7.41,8.63,186058,40.08,7.83,67.54,8.26,14.75,6.07,24.37,2.88
36119002106,Westchester County,New York,True,85.98,48.75,29.17,17.21,2122,71.27,15.95,18.02,95625,9.99,23.88,22.61,41.55,9.12,32.84,28.25,8.19
36119002107,Westchester County,New York,True,43.32,57.21,29.77,0.0,440,81.28,5.74,15.69,109188,18.08,17.08,50.22,17.64,10.27,15.12,30.3,1.0
36119002201,Westchester County,New York,True,13.5,48.76,9.92,0.0,176,97.76,6.05,7.72,160197,25.7,12.48,70.4,4.39,4.89,20.61,16.72,3.28
36119002202,Westchester County,New York,True,22.46,42.86,19.59,15.23,1124,97.0,8.6,14.39,118750,32.64,13.08,70.92,5.82,2.59,19.59,39.85,2.54
36119002203,Westchester County,New York,True,25.86,29.77,5.12,7.0,512,90.94,14.43,30.18,63770,31.5,12.28,42.34,2.93,14.01,44.43,60.56,14.88
36119002204,Westchester County,New York,True,21.71,51.91,20.57,5.66,894,93.2,6.09,7.96,113438,18.7,9.72,61.27,12.49,4.07,23.74,38.11,1.25
36119002300,Westchester County,New York,True,42.47,27.51,16.61,10.56,1630,76.3,1.4,5.21,138587,18.41,12.59,70.16,2.19,3.51,22.4,12.74,2.09
36119002401,Westchester County,New York,True,56.18,31.59,14.77,0.0,1208,91.49,14.56,18.88,105476,14.23,18.6,68.22,10.25,1.61,28.37,34.73,4.25
36119002402,Westchester County,New York,True,33.41,29.45,16.18,3.08,968,82.22,4.78,12.36,93209,23.21,9.28,42.83,21.34,4.04,35.23,42.23,5.2
36119002403,Westchester County,New York,True,40.86,62.03,40.76,0.0,2002,82.68,20.62,23.15,82605,19.75,17.11,46.81,7.79,7.43,38.26,31.61,6.61
36119002404,Westchester County,New York,True,37.5,59.52,29.87,0.0,1237,88.57,4.54,7.39,150400,15.22,21.73,61.75,1.31,7.16,31.55,10.71,4.59
36119002405,Westchester County,New York,True,47.79,36.74,11.48,0.0,1567,88.52,9.67,11.1,116250,12.88,20.99,47.79,9.26,7.13,27.68,26.72,5.35
36119002600,Westchester County,New York,True,32.97,38.59,0.0,0.0,885,91.63,0.2,4.36,85434,22.08,21.93,3.61,65.34,0.6,29.69,28.92,4.75
36119002700,Westchester County,New York,True,65.75,74.87,47.21,6.14,1618,82.9,14.36,23.75,73030,13.8,24.74,2.07,90.1,0.48,17.03,46.12,1.57
36119002800,Westchester County,New York,True,49.84,65.12,34.37,5.68,1218,78.46,21.68,29.92,63594,11.22,23.96,6.58,72.88,2.04,16.42,23.83,2.62
36119002900,Westchester County,New York,True,89.62,70.74,38.84,2.24,3305,83.71,37.05,50.77,,31.76,23.84,2.62,76.64,1.05,23.99,54.69,3.91
36119003000,Westchester County,New York,True,62.22,41.18,28.27,21.82,1707,66.7,5.98,21.61,101899,15.18,20.82,1.01,82.22,0.0,10.68,15.47,6.66
36119003100,Westchester County,New York,True,86.9,71.07,33.59,10.25,2437,46.42,33.02,49.66,30714,17.75,18.79,2.76,91.19,0.0,10.78,33.65,5.48
36119003200,Westchester County,New York,True,63.66,87.36,54.03,37.7,1471,75.6,37.23,44.23,43319,11.29,31.69,1.96,76.63,0.16,15.62,20.34,7.56
36119003300,Westchester County,New York,True,64.86,56.18,41.32,23.47,2900,83.67,28.96,11.17,92569,14.91,30.68,1.89,88.96,0.0,7.74,20.08,1.11
36119003400,Westchester County,New York,True,49.41,31.36,9.12,0.0,2527,93.56,8.88,12.01,98804,12.79,24.24,16.84,59.64,0.21,29.33,23.79,0.44
36119003500,Westchester County,New York,True,91.81,70.36,26.04,16.4,1904,64.32,25.19,20.21,52064,7.71,22.74,8.14,54.0,1.01,34.25,40.03,4.39
36119003600,Westchester County,New York,True,78.14,34.14,14.29,1.87,2832,71.18,10.88,23.01,80639,18.48,17.3,12.06,40.08,2.21,42.22,45.66,8.99
36119003700,Westchester County,New York,True,60.67,41.2,20.27,20.97,2596,76.68,8.96,7.21,104048,14.95,20.35,30.42,38.43,3.0,38.09,24.38,1.61
36119003800,Westchester County,New York,True,52.26,54.13,17.73,1.71,1800,95.33,3.86,12.52,83632,18.03,15.48,32.09,27.62,7.83,11.85,46.7,2.95
36119003900,Westchester County,New York,True,40.56,50.11,11.91,0.0,1145,84.17,7.65,17.54,102008,15.06,12.83,47.12,20.73,2.91,24.71,35.24,6.13
36119004001,Westchester County,New York,True,94.78,47.18,20.98,11.67,3680,76.21,24.51,30.57,61509,12.61,22.13,8.15,68.96,1.3,16.16,48.67,2.61
36119004002,Westchester County,New York,True,65.28,51.36,34.19,12.52,1789,91.54,11.37,13.77,90647,11.52,22.29,9.0,46.91,0.15,27.97,38.1,2.41
36119004100,Westchester County,New York,True,28.2,95.6,51.62,24.31,992,94.55,13.35,19.78,71314,20.41,14.77,14.97,63.32,1.81,12.87,40.4,1.37
36119004200,Westchester County,New York,True,21.29,15.06,15.06,44.9,1300,95.3,6.56,14.73,96299,15.84,14.46,16.07,60.5,3.0,17.1,26.94,10.39
36119004500,Westchester County,New York,True,31.24,41.04,21.27,7.46,486,92.72,7.39,16.32,116552,20.56,11.62,34.8,38.97,2.44,18.41,41.03,1.31
36119004600,Westchester County,New York,True,22.56,37.46,9.36,3.9,681,90.0,8.15,10.7,159707,24.29,22.73,78.14,1.24,7.44,12.03,25.93,3.5
36119004700,Westchester County,New York,True,5.07,20.0,20.0,9.09,190,97.92,1.19,1.27,250001,8.59,39.44,84.63,0.33,4.15,8.35,7.26,1.14
36119004801,Westchester County,New York,True,52.53,52.06,27.25,2.7,1432,69.57,3.75,8.98,103531,22.79,18.55,67.82,6.41,10.56,11.33,43.62,1.93
36119004802,Westchester County,New York,True,61.61,67.22,16.23,8.2,1938,71.7,6.27,10.56,115236,13.45,18.59,62.9,3.26,18.09,18.62,40.81,6.4
36119004900,Westchester County,New York,True,18.78,43.38,22.79,13.96,595,96.85,3.83,11.83,135046,32.44,16.6,68.7,6.58,15.11,9.06,44.94,3.67
36119005001,Westchester County,New York,True,27.79,82.79,58.74,0.0,788,89.61,4.13,16.76,154722,16.04,21.02,71.97,0.0,12.2,12.63,19.84,5.56
36119005002,Westchester County,New York,True,10.45,47.1,35.48,26.45,471,85.56,4.16,8.23,218631,18.23,23.4,76.04,5.85,14.41,3.62,27.17,3.38
36119005100,Westchester County,New York,True,38.61,61.05,21.42,0.0,1497,80.45,5.63,12.87,107337,26.19,23.7,77.62,0.99,11.68,11.84,35.59,4.07
36119005200,Westchester County,New York,True,0.73,90.91,90.91,0.0,57,94.71,5.96,12.79,250001,15.92,25.26,89.37,0.13,3.93,4.36,12.86,0.9
36119005300,Westchester County,New York,True,33.57,40.96,16.15,2.78,1703,88.74,2.62,5.89,178023,13.79,31.03,59.31,9.99,6.3,24.51,12.76,1.71
36119005400,Westchester County,New York,True,30.09,67.83,24.48,1.73,378,93.04,3.55,6.43,250001,9.07,32.4,76.17,1.09,3.66,9.67,17.22,1.22
36119005500,Westchester County,New York,True,7.79,12.21,0.0,14.94,326,96.51,2.46,4.9,250001,15.98,30.05,75.48,3.42,7.8,8.61,23.41,0.67
36119005600,Westchester County,New York,False,,,,,0,,,,,,,,,,,,
36119005702,Westchester County,New York,True,63.23,53.7,37.49,5.14,1937,81.56,15.28,20.59,72846,24.35,21.82,50.36,8.92,3.98,41.0,42.71,7.69
36119005703,Westchester County,New York,True,48.86,67.26,36.16,9.84,1375,79.14,5.95,16.44,76801,30.17,7.92,60.19,9.51,6.6,18.62,39.38,5.74
36119005704,Westchester County,New York,True,59.99,41.36,18.69,0.0,1466,84.96,6.26,11.78,84250,33.5,10.81,43.03,22.83,7.25,28.87,57.86,2.83
36119005800,Westchester County,New York,True,60.51,43.34,17.27,12.55,2694,81.09,12.67,23.81,94107,24.79,14.93,25.67,11.14,6.41,56.45,32.73,18.76
36119005901,Westchester County,New York,True,55.09,48.11,15.28,1.95,1968,77.18,5.82,18.01,72813,25.4,12.91,38.8,32.44,0.82,24.27,42.15,5.89
36119005902,Westchester County,New York,True,44.39,21.38,3.79,3.17,2719,83.43,5.79,9.26,126473,16.44,13.75,47.32,17.97,4.21,35.14,33.35,4.17
36119006000,Westchester County,New York,True,72.49,42.11,22.49,5.75,2852,38.6,3.51,15.5,102672,15.72,9.51,39.17,24.97,9.64,24.49,39.96,7.53
36119006100,Westchester County,New York,True,68.21,42.52,22.11,18.31,3442,35.5,14.62,18.34,106719,11.53,17.58,41.09,6.74,11.17,36.12,29.49,7.08
36119006200,Westchester County,New York,True,59.03,71.79,35.7,12.06,3007,74.02,15.02,33.35,59327,15.3,24.12,28.8,10.17,0.0,70.09,39.64,11.89
36119006301,Westchester County,New York,True,86.04,74.63,46.08,15.86,2609,72.82,37.15,32.1,41711,22.44,20.18,21.05,33.6,3.39,50.16,47.43,9.36
36119006302,Westchester County,New York,True,75.55,51.04,33.43,16.18,1787,76.03,20.99,39.16,,26.31,7.53,19.65,44.78,4.34,29.62,48.54,12.5
36119006400,Westchester County,New York,True,50.44,67.48,44.98,13.66,2013,83.22,9.95,20.77,89129,15.63,27.04,12.92,42.11,7.38,31.38,31.52,5.59
36119006500,Westchester County,New York,True,38.02,59.36,32.26,28.25,2384,85.45,12.32,7.22,155000,12.45,31.18,33.95,19.01,8.29,33.35,15.99,3.95
36119006600,Westchester County,New York,True,9.77,51.52,17.68,0.0,519,86.58,9.85,12.97,169097,15.71,17.98,56.16,19.31,6.04,17.22,23.14,2.88
36119006700,Westchester County,New York,True,1.1,0.0,0.0,0.0,85,94.3,1.55,1.33,250001,22.23,24.85,78.88,10.19,5.99,6.94,7.16,0.46
36119006801,Westchester County,New York,True,4.4,35.59,0.0,0.0,254,86.02,2.27,4.18,250001,19.55,28.36,89.42,0.92,6.23,1.96,10.9,1.6
36119006802,Westchester County,New York,True,7.0,0.0,0.0,3.97,432,88.31,4.55,7.14,215694,23.45,25.92,63.85,17.3,3.02,12.54,20.72,0.98
36119006900,Westchester County,New York,True,22.71,56.29,45.08,4.99,921,88.44,1.95,4.98,250001,12.83,28.08,73.04,4.8,5.63,10.45,19.61,0.45
36119007000,Westchester County,New York,True,13.97,53.78,50.7,0.0,771,85.0,5.52,15.77,227308,16.27,26.63,79.68,3.93,5.74,4.94,22.61,2.21
36119007100,Westchester County,New York,True,27.36,73.17,16.57,0.0,1004,89.74,1.45,3.82,167536,13.63,26.05,88.5,1.4,0.0,6.72,27.83,0.29
36119007200,Westchester County,New York,True,38.94,73.29,59.34,2.91,1732,77.17,13.29,19.43,104615,18.09,21.71,64.46,6.61,4.58,21.12,33.5,5.64
36119007300,Westchester County,New York,True,68.0,43.01,30.56,10.51,3408,66.75,15.89,17.25,115500,12.16,24.93,49.4,6.2,3.06,41.3,21.7,8.18
36119007401,Westchester County,New York,True,34.53,60.95,34.47,15.45,1615,89.68,4.97,12.08,123977,12.68,26.26,57.47,4.2,5.54,32.34,19.46,5.06
36119007402,Westchester County,New York,True,19.57,42.74,13.71,36.87,678,84.16,4.63,2.77,173070,12.11,26.74,73.63,0.63,14.0,7.51,19.17,3.15
36119007500,Westchester County,New York,True,26.5,67.88,64.03,0.0,643,57.23,2.11,10.06,250001,20.84,27.67,74.42,0.47,4.07,6.51,23.59,0.76
36119007600,Westchester County,New York,True,18.64,48.77,43.25,0.0,939,74.72,1.78,2.52,250001,14.22,32.28,81.26,1.95,5.48,8.86,10.37,0.76
36119007700,Westchester County,New York,True,42.06,42.27,13.23,1.27,1923,78.8,4.34,7.12,188909,13.74,26.12,76.3,3.8,11.09,5.21,24.01,2.63
36119007800,Westchester County,New York,True,77.33,54.75,25.31,9.59,3845,80.17,31.07,33.27,60211,9.79,28.2,26.88,14.38,3.07,66.75,26.59,23.75
36119007901,Westchester County,New York,True,47.69,62.22,50.51,39.19,1459,76.78,8.96,16.76,99722,17.77,22.29,35.35,5.29,2.37,63.02,31.31,16.01
36119007902,Westchester County,New York,True,41.16,67.01,32.24,4.48,2140,75.16,6.31,4.19,96858,14.41,15.41,33.1,8.27,1.68,57.89,24.94,8.58
36119008000,Westchester County,New York,True,73.3,56.66,24.71,15.7,3738,80.31,17.93,31.62,70829,10.88,14.54,14.9,12.12,3.51,71.35,28.62,31.21
36119008100,Westchester County,New York,True,56.2,46.56,13.44,11.65,2329,78.9,7.89,13.0,87717,16.69,16.61,38.31,6.76,0.71,53.47,33.8,13.25
36119008200,Westchester County,New York,True,34.32,33.67,9.4,5.15,2801,84.31,6.1,4.82,121250,14.94,19.22,52.63,7.6,2.47,41.82,25.99,16.28
36119008301,Westchester County,New York,True,28.67,50.38,5.38,0.0,752,88.12,9.22,14.33,129750,18.58,23.61,64.19,2.68,4.86,26.45,29.11,6.24
36119008302,Westchester County,New York,True,8.87,87.61,26.15,0.0,542,63.24,4.56,5.41,250001,20.09,23.81,80.23,0.31,13.59,2.02,13.26,0.9
36119008401,Westchester County,New York,True,11.06,70.89,50.63,0.0,223,66.27,2.25,5.04,250001,19.22,25.75,85.67,0.75,4.37,2.91,9.38,2.99
36119008403,Westchester County,New York,True,55.21,58.89,32.28,0.0,1755,78.4,4.65,11.9,136217,14.7,31.01,57.21,0.51,13.85,24.67,23.09,7.66
36119008404,Westchester County,New York,True,61.54,47.91,15.33,0.0,4048,73.28,6.19,9.35,142122,11.83,22.09,64.55,5.06,13.64,15.4,26.68,7.61
36119008500,Westchester County,New York,True,3.3,100.0,77.14,0.0,70,72.76,3.19,3.49,250001,13.05,29.83,83.02,1.4,8.12,5.58,7.26,0.0
36119008602,Westchester County,New York,True,19.96,62.91,31.13,26.82,637,26.96,2.71,2.58,250001,14.95,21.35,73.85,5.53,8.29,11.08,11.63,2.31
36119008700,Westchester County,New York,True,45.66,50.37,31.13,1.75,2541,82.01,4.08,7.16,130183,14.55,24.44,76.69,0.38,0.59,28.98,26.2,4.87
36119008801,Westchester County,New York,True,75.57,35.34,16.05,14.53,1405,54.4,5.7,18.95,108603,7.49,11.56,27.96,20.85,4.18,44.95,44.24,4.85
36119008802,Westchester County,New York,True,32.84,38.26,13.02,11.89,844,95.44,11.58,12.7,95217,19.61,6.77,55.93,13.95,9.06,18.31,58.49,8.22
36119008901,Westchester County,New York,True,45.66,72.1,35.04,11.23,2221,86.86,7.44,21.34,98882,30.04,17.1,41.43,6.84,8.79,40.9,42.97,7.35
36119008902,Westchester County,New York,True,62.87,51.47,22.9,16.27,2407,76.77,9.25,8.74,78889,13.73,28.4,35.7,9.85,4.85,39.04,22.76,9.22
36119009000,Westchester County,New York,True,61.74,50.73,19.98,7.13,2845,59.29,11.1,10.09,99459,12.54,13.81,36.54,18.43,10.7,40.97,33.92,17.85
36119009100,Westchester County,New York,True,66.29,61.04,32.48,15.0,4203,85.78,26.74,23.49,93919,11.31,31.9,13.35,28.58,3.43,53.46,26.51,17.22
36119009201,Westchester County,New York,True,77.8,48.7,19.96,10.2,2615,30.66,6.68,13.41,138938,13.01,16.34,45.28,16.22,18.05,20.6,30.71,5.81
36119009202,Westchester County,New York,True,68.72,72.29,39.63,20.75,1809,86.32,16.9,31.65,71354,19.62,20.7,23.21,8.3,2.73,66.29,46.64,18.04
36119009300,Westchester County,New York,True,77.18,57.08,37.66,7.1,2795,39.36,33.34,30.78,65843,28.97,19.33,29.94,19.52,15.85,36.15,42.92,15.13
36119009400,Westchester County,New York,True,71.34,59.73,25.61,6.55,2715,48.6,16.07,21.22,83773,17.71,8.99,46.56,11.94,8.54,38.54,39.03,14.52
36119009500,Westchester County,New York,True,42.54,41.24,20.62,4.37,2356,80.27,5.64,5.7,115268,24.25,13.5,41.55,15.72,16.14,26.69,37.14,6.91
36119009600,Westchester County,New York,True,8.76,50.62,14.81,0.0,414,93.68,1.8,3.89,182143,21.94,21.63,79.36,1.26,4.01,12.02,21.08,1.39
36119009701,Westchester County,New York,True,9.82,55.67,47.42,0.0,198,73.61,0.9,1.64,207955,27.42,18.69,63.16,17.74,5.97,14.01,16.73,1.5
36119009702,Westchester County,New York,True,26.08,39.38,32.38,0.0,611,75.89,4.76,12.36,123929,23.46,17.67,76.51,5.85,6.83,13.36,43.51,0.88
36119009703,Westchester County,New York,True,3.01,35.56,35.56,0.0,163,61.18,1.86,2.27,235417,31.25,18.06,81.75,1.14,8.27,9.89,12.11,0.48
36119009800,Westchester County,New York,True,4.92,46.81,46.81,0.0,519,73.12,1.78,3.58,250001,18.8,31.33,60.05,0.44,22.77,8.49,8.95,4.24
36119009900,Westchester County,New York,True,3.72,73.91,13.04,0.0,136,65.82,2.23,1.73,250001,12.08,35.16,64.3,1.01,17.88,2.6,2.35,1.99
36119010000,Westchester County,New York,True,6.3,0.0,0.0,12.84,411,87.1,6.1,1.5,250001,13.96,35.19,70.21,4.1,17.27,2.11,9.47,0.61
36119010100,Westchester County,New York,True,14.31,67.65,37.25,0.0,857,88.53,0.71,0.75,250001,12.54,32.11,61.38,0.87,23.18,5.03,6.11,1.54
36119010200,Westchester County,New York,True,5.99,36.96,0.0,0.0,262,93.23,2.8,3.81,242885,18.15,23.55,81.75,1.77,3.69,10.74,10.65,0.46
36119010300,Westchester County,New York,True,35.78,42.61,21.4,0.74,983,87.79,1.52,10.52,138482,33.03,19.14,82.59,2.33,1.9,3.66,43.32,0.72
36119010400,Westchester County,New York,True,50.2,63.85,36.83,0.0,1651,80.32,14.04,13.79,135463,18.22,18.76,68.93,5.01,6.19,21.72,26.77,3.91
36119010500,Westchester County,New York,True,27.75,35.89,20.07,0.0,1407,76.13,2.72,2.57,172929,16.88,25.99,71.43,1.19,15.77,7.09,20.6,1.46
36119010600,Westchester County,New York,True,19.0,48.15,41.08,0.0,624,68.81,4.44,9.23,243000,21.07,26.39,57.72,1.52,23.03,6.78,11.87,1.77
36119010701,Westchester County,New York,True,5.6,24.53,19.81,0.0,194,63.19,2.8,5.91,250001,15.2,26.88,59.61,3.76,26.51,9.46,16.63,2.78
36119010702,Westchester County,New York,True,23.02,62.25,17.11,0.0,1407,83.04,6.17,16.99,134842,21.07,20.06,53.88,5.37,28.27,12.83,32.06,1.21
36119010801,Westchester County,New York,True,8.33,32.69,10.58,0.0,206,89.01,5.8,7.61,176890,20.82,20.21,68.73,3.79,13.77,9.98,7.85,4.13
36119010803,Westchester County,New York,True,8.26,66.0,46.67,16.37,445,83.15,10.83,15.98,115380,35.76,13.41,55.56,20.43,5.71,18.71,44.47,1.4
36119010804,Westchester County,New York,True,15.98,58.97,51.28,0.0,313,92.94,4.4,8.8,107852,31.78,11.83,67.01,4.26,10.53,20.35,32.54,3.81
36119010901,Westchester County,New York,True,31.62,64.54,52.19,22.78,776,70.18,20.42,7.94,127686,22.83,21.63,42.06,27.69,5.28,21.55,37.85,1.84
36119010902,Westchester County,New York,True,15.85,49.85,35.17,0.0,546,77.99,5.89,9.86,152386,16.91,18.85,29.07,30.44,9.94,29.59,22.34,4.05
36119010903,Westchester County,New York,True,31.3,38.42,20.66,0.0,1393,74.66,5.8,10.37,127780,16.61,18.25,22.56,40.57,7.9,24.92,21.22,2.04
36119011000,Westchester County,New York,True,17.32,24.83,1.38,0.0,423,90.61,4.39,7.17,148229,13.7,19.97,28.24,23.92,17.35,30.56,19.12,5.7
36119011101,Westchester County,New York,True,45.93,71.0,31.18,1.71,2141,49.74,4.07,8.84,136726,15.23,22.71,60.46,16.08,10.02,15.56,29.78,1.87
36119011102,Westchester County,New York,True,15.7,60.0,22.86,0.0,293,84.2,1.97,12.98,179302,19.83,27.19,66.81,2.58,15.89,9.91,24.68,0.86
36119011200,Westchester County,New York,True,36.1,43.21,25.61,10.27,1610,75.07,9.0,11.27,128558,8.96,24.95,28.53,10.46,8.26,60.54,9.12,17.21
36119011300,Westchester County,New York,True,18.99,53.5,42.68,0.0,1471,68.95,1.63,2.67,173248,13.92,27.59,73.34,1.65,6.8,13.08,19.7,0.0
36119011401,Westchester County,New York,True,24.53,36.36,23.73,0.0,886,88.17,6.51,15.57,107201,30.25,14.07,72.8,4.97,9.52,8.28,35.31,0.58
36119011402,Westchester County,New York,True,31.82,74.07,41.8,3.57,517,60.25,4.72,5.03,198878,11.11,30.69,64.22,9.28,7.67,15.4,9.09,0.0
36119011500,Westchester County,New York,True,58.81,45.93,18.46,2.21,3080,71.09,10.13,16.25,103258,23.18,16.8,57.62,3.73,4.01,31.56,41.78,2.35
36119011601,Westchester County,New York,True,90.74,46.81,27.97,22.51,3242,71.34,10.67,21.33,74757,15.33,24.8,19.32,4.39,0.0,77.45,25.4,18.54
36119011602,Westchester County,New York,True,77.69,60.62,33.58,11.32,2893,82.54,11.19,16.26,93260,8.9,20.54,26.0,5.73,7.74,65.39,22.45,23.74
36119011700,Westchester County,New York,True,26.47,47.76,13.43,0.0,615,93.16,2.56,7.01,191193,17.25,21.68,90.49,0.26,4.21,4.98,19.81,3.18
36119011800,Westchester County,New York,True,10.99,57.32,22.56,0.0,284,61.29,4.73,5.92,250001,17.33,19.41,72.49,8.78,6.94,9.9,18.56,2.53
36119011902,Westchester County,New York,True,7.42,88.89,25.93,0.0,314,79.49,6.8,7.76,150476,25.61,21.34,75.22,1.4,10.45,15.78,13.05,2.46
36119012000,Westchester County,New York,True,11.0,65.22,40.22,5.43,329,87.8,4.89,7.95,140903,19.31,18.89,81.96,1.51,2.84,12.95,20.02,1.93
36119012101,Westchester County,New York,True,3.49,100.0,28.57,0.0,62,69.38,1.75,5.75,227727,23.63,24.52,85.74,0.66,6.87,3.0,13.92,0.63
36119012102,Westchester County,New York,True,13.26,52.2,22.44,0.0,523,83.18,2.57,4.27,174750,17.36,21.01,82.05,0.86,2.0,10.31,17.79,2.86
36119012201,Westchester County,New York,True,5.86,79.69,59.38,18.57,101,79.13,1.24,11.06,212200,21.89,24.28,84.57,3.68,0.55,10.78,28.39,0.2
36119012202,Westchester County,New York,True,39.08,71.59,42.8,12.96,1491,85.11,8.73,12.04,97905,11.98,26.35,78.08,0.05,1.24,19.58,32.57,2.3
36119012301,Westchester County,New York,True,39.9,75.99,24.62,5.36,806,71.9,3.98,14.96,85900,14.16,21.25,48.42,7.55,8.11,36.82,16.39,9.54
36119012303,Westchester County,New York,True,12.04,29.48,16.76,0.0,504,45.07,6.77,4.66,227578,16.32,25.98,65.91,2.91,7.34,18.08,12.29,1.37
36119012304,Westchester County,New York,True,3.66,0.0,0.0,0.0,209,68.28,0.72,1.2,250001,15.92,28.52,87.91,1.64,3.32,4.8,22.42,0.73
36119012400,Westchester County,New York,True,7.48,37.07,30.17,0.0,302,69.5,4.49,6.97,250001,25.9,19.21,89.58,1.78,2.59,3.01,12.02,0.45
36119012501,Westchester County,New York,True,7.98,21.52,0.0,0.0,361,64.53,3.25,1.82,250001,16.31,22.13,75.12,3.44,6.38,12.44,11.11,1.26
36119012502,Westchester County,New York,True,2.36,69.57,41.3,0.0,115,61.35,0.78,4.06,220388,24.21,21.91,86.36,0.46,4.89,4.76,10.63,0.0
36119012503,Westchester County,New York,True,12.1,56.52,6.83,0.0,259,50.21,2.5,6.09,207589,18.59,20.17,81.11,1.68,8.14,8.79,19.76,1.06
36119012600,Westchester County,New York,True,19.55,44.6,44.6,1.29,713,79.91,12.67,9.21,226600,17.98,27.93,80.71,0.55,2.3,12.29,20.55,0.42
36119012700,Westchester County,New York,True,3.13,12.24,0.0,0.0,69,71.13,6.7,8.06,250001,17.53,23.42,84.79,0.57,4.7,8.33,21.18,0.94
36119012803,Westchester County,New York,True,17.58,59.78,3.35,0.0,230,68.58,1.63,6.29,190985,17.26,22.87,71.56,0.9,1.7,12.84,25.74,0.0
36119012804,Westchester County,New York,True,41.46,55.97,45.99,2.67,1389,73.21,10.53,19.86,106684,21.21,28.45,41.44,1.79,22.09,34.78,20.17,11.07
36119012900,Westchester County,New York,True,28.54,47.96,39.81,25.46,1505,91.12,12.9,16.01,79107,14.78,18.15,55.14,12.95,2.82,32.11,38.44,14.76
36119013000,Westchester County,New York,True,29.21,46.71,20.36,14.56,1463,53.58,4.85,15.28,123284,20.61,20.58,66.81,4.83,4.64,23.73,29.98,4.92
36119013102,Westchester County,New York,True,21.79,47.07,15.99,0.0,1079,70.91,3.0,3.28,250001,16.77,24.33,73.79,2.98,9.81,11.76,8.79,0.34
36119013103,Westchester County,New York,True,13.55,44.69,34.96,0.0,442,65.67,1.2,6.67,241250,13.06,26.45,74.05,1.53,10.91,11.35,13.97,0.15
36119013104,Westchester County,New York,True,5.45,100.0,32.93,0.0,340,68.58,3.29,3.78,250001,16.02,27.45,79.26,0.37,8.0,7.9,5.45,2.07
36119013201,Westchester County,New York,True,15.01,86.15,77.44,0.0,315,50.77,12.55,11.7,250001,27.58,22.44,74.72,1.59,7.98,8.64,14.16,2.14
36119013202,Westchester County,New York,True,22.75,69.66,69.66,3.26,441,58.33,2.72,14.43,188512,25.85,20.77,71.98,1.59,11.68,11.06,28.77,0.3
36119013301,Westchester County,New York,True,86.3,27.91,14.61,21.09,3789,71.21,15.68,14.92,99750,6.67,21.19,19.04,10.19,3.18,72.88,21.7,23.13
36119013304,Westchester County,New York,True,38.14,82.33,42.33,16.43,2041,62.31,2.81,12.66,89832,14.81,27.9,27.15,9.77,2.66,55.2,28.39,16.97
36119013401,Westchester County,New York,True,48.06,67.96,27.08,9.23,1288,91.6,7.23,12.42,76987,12.87,16.7,46.2,7.16,7.23,40.85,31.69,5.53
36119013402,Westchester County,New York,True,50.34,79.49,45.34,5.92,1904,83.61,12.02,16.64,115673,17.69,17.57,53.43,4.05,6.75,39.1,19.43,13.56
36119013500,Westchester County,New York,True,23.91,59.58,32.34,0.0,797,90.1,3.09,8.66,128546,22.17,19.94,52.47,4.18,4.44,34.79,22.26,7.75
36119013600,Westchester County,New York,True,47.31,71.65,23.62,4.27,2189,59.05,9.63,11.02,98750,16.18,20.53,37.57,12.56,2.73,47.48,23.95,14.94
36119013700,Westchester County,New York,True,7.68,27.63,0.0,4.61,426,52.13,10.65,5.56,147847,36.1,15.15,79.56,1.99,5.43,19.89,17.17,1.08
36119013800,Westchester County,New York,True,14.86,6.29,0.0,13.89,580,94.57,2.79,5.2,221821,16.06,21.7,86.93,0.03,2.96,9.69,13.71,0.0
36119013900,Westchester County,New York,True,23.55,54.59,37.24,3.14,886,64.32,4.37,9.5,173269,22.33,22.2,77.47,3.16,3.35,14.35,25.65,1.05
36119014000,Westchester County,New York,True,13.0,33.98,27.18,12.96,292,76.48,5.72,6.5,128218,18.19,23.03,57.24,8.89,5.38,27.12,25.03,3.65
36119014100,Westchester County,New York,True,50.71,67.74,57.17,5.57,3044,84.38,12.36,16.47,70573,14.29,16.55,48.33,9.75,0.11,37.53,34.54,8.67
36119014200,Westchester County,New York,True,47.18,57.81,20.0,12.41,1901,74.39,9.39,13.71,89760,12.44,20.77,30.76,5.89,5.44,62.94,24.1,19.81
36119014300,Westchester County,New York,True,74.14,43.36,20.15,13.15,2822,71.16,12.24,18.55,84221,12.86,20.26,19.27,17.84,4.06,63.08,30.53,23.29
36119014400,Westchester County,New York,True,27.65,68.63,37.09,14.45,1907,63.77,13.83,17.84,89253,18.46,14.76,33.53,16.13,1.46,46.58,24.27,20.9
36119014500,Westchester County,New York,True,16.09,48.81,38.1,7.32,637,52.4,10.34,18.14,100975,29.13,9.06,59.37,18.98,1.51,22.17,47.49,0.48
36119014604,Westchester County,New York,True,22.52,34.53,14.41,0.0,762,89.54,7.19,5.68,122171,15.11,18.3,76.92,3.3,0.23,28.56,19.74,3.15
36119014605,Westchester County,New York,True,69.45,62.84,31.0,0.18,1666,91.51,11.2,20.26,72500,30.16,10.69,67.4,11.84,3.31,23.37,55.77,1.94
36119014606,Westchester County,New York,True,2.33,76.19,76.19,0.0,140,40.37,2.83,0.94,211016,21.04,22.73,75.94,1.98,3.23,11.28,4.1,0.95
36119014607,Westchester County,New York,True,7.19,45.54,11.61,0.0,144,58.57,1.43,2.12,171538,16.65,23.14,61.15,10.25,8.45,20.28,17.84,0.28
36119014701,Westchester County,New York,True,19.64,61.98,46.96,3.03,853,75.67,7.3,12.38,126570,19.88,15.84,59.43,10.31,2.59,27.32,23.39,7.48
36119014703,Westchester County,New York,True,12.59,30.24,0.0,60.08,880,78.66,8.64,10.61,111771,13.71,25.37,63.59,15.56,0.37,21.01,15.58,1.0
36119014704,Westchester County,New York,True,31.03,38.87,26.72,10.93,583,85.62,5.31,13.32,124167,19.14,22.71,58.93,7.33,3.48,37.73,27.64,3.58
36119014805,Westchester County,New York,True,6.54,49.3,49.3,0.0,151,68.2,2.76,5.93,215417,23.82,20.16,83.57,5.52,4.57,7.76,15.57,2.64
36119014806,Westchester County,New York,True,15.45,41.71,30.0,0.0,676,78.71,5.62,6.58,182986,15.86,23.0,71.57,5.68,3.3,15.47,25.96,0.63
36119014808,Westchester County,New York,True,5.55,29.17,0.0,15.52,148,82.97,4.45,2.49,212841,18.17,20.21,80.76,2.69,5.51,12.59,8.61,1.01
36119014809,Westchester County,New York,True,16.45,50.29,18.29,0.0,558,63.21,3.96,13.77,153864,21.72,21.61,59.49,5.51,0.95,28.76,21.23,0.0
36119014810,Westchester County,New York,True,13.81,39.6,11.88,0.0,363,71.39,7.58,26.9,68810,52.63,8.69,85.66,7.12,1.36,6.16,53.97,2.46
36119014811,Westchester County,New York,True,2.03,0.0,0.0,0.0,92,79.02,0.99,2.55,187375,14.67,22.21,77.45,5.46,5.57,12.98,4.82,0.53
36119014812,Westchester County,New York,True,23.51,15.75,6.16,0.0,788,59.83,2.15,4.98,177466,19.02,18.74,81.5,3.57,2.56,12.61,20.0,0.2
36119014813,Westchester County,New York,True,28.69,40.14,3.8,0.0,897,58.71,7.19,8.76,144250,18.53,16.9,64.35,9.55,4.79,21.28,28.82,0.0
36119014901,Westchester County,New York,True,1.39,100.0,100.0,0.0,116,69.31,3.45,3.65,250001,17.3,29.16,69.89,2.08,6.53,22.25,5.72,0.52
36119014903,Westchester County,New York,True,9.92,73.65,64.67,0.0,267,23.17,3.26,11.2,128456,54.36,10.33,86.57,1.39,3.04,6.55,37.8,1.67
36119014907,Westchester County,New York,True,2.53,25.0,25.0,0.0,74,61.81,1.3,8.39,195302,12.06,20.72,78.41,2.32,2.96,16.13,20.82,0.0
36119014908,Westchester County,New York,True,36.04,65.0,24.13,1.56,868,47.44,6.44,11.99,170517,16.2,19.0,85.95,3.73,0.18,4.53,19.0,0.0
36119014909,Westchester County,New York,True,8.79,44.55,26.73,5.79,272,52.93,7.81,12.5,113611,44.83,12.78,88.35,0.18,5.41,3.77,41.86,1.47
36119015000,Westchester County,New York,True,19.52,33.14,25.44,0.0,665,79.33,3.09,7.37,178750,22.38,21.76,82.91,2.23,1.03,10.12,21.88,0.72
36119015100,Westchester County,New York,True,19.85,50.0,46.62,33.23,935,81.87,4.0,11.45,149681,27.66,23.03,39.78,33.9,5.39,18.37,17.61,6.92
36119981000,Westchester County,New York,True,100.0,89.55,76.12,0.0,726,80.74,81.74,83.99,2499,0.29,4.33,22.16,32.89,16.45,19.79,40.39,3.71
36119982000,Westchester County,New York,False,,,,,0,,,,,1.28,0.0,12.64,53.18,0.61,31.49,,3.18
36119983000,Westchester County,New York,True,100.0,100.0,100.0,0.0,7,100.0,56.36,0.0,,4.06,0.0,31.33,49.32,0.0,18.86,100.0,2.32
36119984000,Westchester County,New York,True,80.85,81.58,52.63,0.0,44,50.0,28.29,44.68,35781,74.44,0.94,71.62,17.29,0.56,10.53,76.6,3.76
36119985000,Westchester County,New York,False,,,,,0,,,,,0.0,1.33,53.21,21.43,2.75,22.34,,0.05
36121970100,Wyoming County,New York,True,10.37,53.76,16.13,0.0,230,69.34,6.46,14.11,73958,18.47,25.39,94.1,0.0,0.07,4.55,25.61,1.02
36121970201,Wyoming County,New York,False,,,,,0,,,,,3.9,0.0,36.51,48.17,0.0,14.82,,2.13
36121970202,Wyoming County,New York,True,27.38,42.9,20.89,1.64,759,82.86,8.76,19.22,76554,21.29,19.77,96.47,0.67,0.97,1.22,33.61,0.39
36121970300,Wyoming County,New York,True,9.33,27.37,18.95,22.69,277,67.78,7.98,12.93,89050,22.39,20.53,92.08,0.0,0.0,1.27,21.63,0.0
36121970400,Wyoming County,New York,True,15.35,44.44,20.11,0.0,472,74.75,9.23,19.63,72154,25.65,15.79,96.47,0.37,0.09,0.83,31.07,0.0
36121970500,Wyoming County,New York,True,42.74,40.45,22.79,0.0,2083,75.42,20.04,22.63,56894,26.21,16.75,95.75,0.87,0.3,2.06,30.14,0.0
36121970600,Wyoming County,New York,True,36.13,44.74,16.67,0.0,1510,85.32,9.72,18.58,62615,15.55,24.61,88.71,0.89,0.0,10.36,26.87,0.4
36121970700,Wyoming County,New York,True,15.86,31.52,17.93,4.79,345,74.36,15.95,17.72,65625,26.46,19.82,95.31,0.59,0.18,0.77,31.98,0.0
36121970800,Wyoming County,New York,True,22.07,36.49,12.61,0.0,522,71.34,10.55,16.61,67000,19.93,18.99,93.75,0.0,1.39,3.39,27.36,0.51
36121970900,Wyoming County,New York,True,4.85,2.5,0.0,0.0,68,68.94,3.71,7.76,95129,19.47,20.74,98.24,0.78,0.0,0.93,24.12,0.0
36121971000,Wyoming County,New York,True,26.41,40.38,21.71,0.0,831,53.47,11.38,25.93,62011,21.52,16.29,93.54,0.0,1.76,1.05,35.54,0.15
36121971100,Wyoming County,New York,True,20.96,59.22,31.84,0.0,455,60.29,11.65,22.16,69375,20.06,22.6,89.36,1.19,0.45,2.25,29.46,1.47
36123150101,Yates County,New York,True,26.62,44.98,20.36,2.47,925,64.64,19.64,25.02,55115,12.82,22.54,92.85,1.86,1.18,1.24,36.91,0.03
36123150102,Yates County,New York,True,23.62,37.06,27.06,0.0,404,59.65,7.36,14.15,84205,24.29,20.31,96.32,0.49,0.15,0.49,24.97,0.59
36123150200,Yates County,New York,True,31.77,32.75,12.5,0.15,1314,72.6,14.75,23.75,67566,23.48,26.33,95.6,1.62,0.45,2.12,32.05,2.74
36123150301,Yates County,New York,True,14.91,35.9,14.74,6.59,471,57.51,8.84,15.54,68077,19.53,21.88,93.31,0.62,0.55,5.56,21.96,0.93
36123150302,Yates County,New York,True,13.02,31.65,5.06,6.25,277,54.32,10.38,16.86,61892,23.49,20.06,91.66,0.0,4.12,0.74,26.86,0.05
36123150400,Yates County,New York,True,19.38,60.95,37.14,0.0,444,51.37,11.2,18.37,87370,22.04,15.66,96.71,0.49,0.81,0.41,24.68,0.34
36123150501,Yates County,New York,True,31.83,11.86,7.63,0.0,624,87.15,17.03,16.38,65925,31.52,24.67,88.23,0.0,0.42,11.73,35.93,0.0
36123150502,Yates County,New York,True,11.6,12.33,0.0,12.8,268,59.42,8.64,12.8,76550,28.03,23.55,96.72,0.04,0.33,0.91,22.45,0.74
