NAME,B18101_001E,B18101_004E,B18101_007E,B18101_010E,B18101_013E,B18101_016E,B18101_019E,B18101_023E,B18101_026E,B18101_029E,B18101_032E,B18101_035E,B18101_038E,state,county,tract
Census Tract 1; Bronx County; New York,0,0,0,0,0,0,0,0,0,0,0,0,0,36,005,000100
Census Tract 2; Bronx County; New York,5177,0,3,95,271,17,61,0,0,19,102,23,157,36,005,000200
Census Tract 4; Bronx County; New York,6481,0,30,72,295,21,55,0,26,35,154,64,67,36,005,000400
Census Tract 16; Bronx County; New York,5818,0,120,107,175,93,108,0,20,47,234,193,196,36,005,001600
Census Tract 19.01; Bronx County; New York,2398,16,71,86,101,0,4,0,47,7,98,31,0,36,005,001901
Census Tract 19.02; Bronx County; New York,1968,0,15,40,81,10,7,0,0,0,111,6,9,36,005,001902
Census Tract 19.03; Bronx County; New York,0,0,0,0,0,0,0,0,0,0,0,0,0,36,005,001903
Census Tract 19.04; Bronx County; New York,0,0,0,0,0,0,0,0,0,0,0,0,0,36,005,001904
Census Tract 20.01; Bronx County; New York,4300,0,0,207,136,0,0,0,118,157,282,58,349,36,005,002001
Census Tract 20.02; Bronx County; New York,3689,0,0,0,290,60,119,0,0,0,287,92,295,36,005,002002
Census Tract 23; Bronx County; New York,4527,0,131,69,153,18,43,0,65,136,399,119,196,36,005,002300
Census Tract 24; Bronx County; New York,0,0,0,0,0,0,0,0,0,0,0,0,0,36,005,002400
Census Tract 25; Bronx County; New York,5460,0,13,0,124,31,16,0,18,146,456,129,121,36,005,002500
Census Tract 27.01; Bronx County; New York,2830,0,43,0,37,21,53,0,77,0,123,211,75,36,005,002701
Census Tract 27.02; Bronx County; New York,5156,19,19,79,94,92,0,0,35,95,236,151,77,36,005,002702
Census Tract 28; Bronx County; New York,5420,0,64,53,241,58,76,0,33,151,411,177,238,36,005,002800
Census Tract 31; Bronx County; New York,2641,0,41,45,40,36,14,0,0,22,123,12,0,36,005,003100
Census Tract 33; Bronx County; New York,3407,0,26,11,29,24,66,0,27,95,109,82,18,36,005,003300
Census Tract 35; Bronx County; New York,3529,0,414,7,102,48,10,0,69,21,169,73,65,36,005,003500
Census Tract 37; Bronx County; New York,285,0,0,8,0,0,0,0,0,0,35,25,0,36,005,003700
Census Tract 38; Bronx County; New York,1215,0,0,40,10,1,43,0,0,0,46,55,27,36,005,003800
Census Tract 39; Bronx County; New York,6346,0,120,48,312,98,20,0,69,128,161,34,318,36,005,003900
Census Tract 40.01; Bronx County; New York,1378,0,26,5,17,0,43,0,0,0,18,9,45,36,005,004001
Census Tract 41; Bronx County; New York,6229,0,67,60,277,87,27,0,0,0,672,274,133,36,005,004100
Census Tract 42; Bronx County; New York,7944,0,39,109,44,88,66,0,34,0,407,79,158,36,005,004200
Census Tract 43; Bronx County; New York,5041,0,97,93,248,128,0,0,66,43,509,216,70,36,005,004300
Census Tract 44; Bronx County; New York,4140,0,56,25,119,16,12,0,0,2,138,88,128,36,005,004400
Census Tract 46; Bronx County; New York,1784,0,7,0,37,13,21,0,70,10,241,47,41,36,005,004600
Census Tract 48; Bronx County; New York,4139,0,57,40,95,11,15,0,0,0,231,58,55,36,005,004800
Census Tract 50.01; Bronx County; New York,4597,0,8,25,113,20,10,0,61,50,132,66,16,36,005,005001
Census Tract 50.02; Bronx County; New York,6338,0,29,18,52,27,16,0,22,31,69,99,61,36,005,005002
Census Tract 51; Bronx County; New York,6795,0,119,44,125,11,183,0,23,218,649,318,404,36,005,005100
Census Tract 52; Bronx County; New York,1787,0,49,0,78,11,0,0,15,0,76,11,36,36,005,005200
Census Tract 53; Bronx County; New York,4596,0,0,0,205,105,0,0,47,196,257,61,24,36,005,005300
Census Tract 54; Bronx County; New York,5306,0,56,0,107,54,52,0,0,0,92,76,148,36,005,005400
Census Tract 56; Bronx County; New York,2531,0,23,30,31,48,36,0,10,16,54,33,28,36,005,005600
Census Tract 59.02; Bronx County; New York,3044,0,0,96,168,48,23,0,0,0,85,77,73,36,005,005902
Census Tract 60; Bronx County; New York,1220,0,0,17,20,16,11,0,11,10,27,6,0,36,005,006000
Census Tract 61; Bronx County; New York,3835,0,14,12,93,46,76,0,26,7,316,64,184,36,005,006100
Census Tract 62; Bronx County; New York,6206,0,0,129,83,41,17,0,24,45,345,81,189,36,005,006200
Census Tract 63.01; Bronx County; New York,6244,0,0,40,423,31,48,0,0,51,174,134,58,36,005,006301
Census Tract 63.02; Bronx County; New York,0,0,0,0,0,0,0,0,0,0,0,0,0,36,005,006302
Census Tract 64; Bronx County; New York,3847,0,29,83,64,23,0,0,27,12,56,127,51,36,005,006400
Census Tract 65; Bronx County; New York,5170,0,20,106,101,20,0,0,93,190,39,53,112,36,005,006500
Census Tract 67; Bronx County; New York,5892,0,249,203,370,57,57,0,239,17,481,78,216,36,005,006700
Census Tract 68; Bronx County; New York,2621,0,84,0,38,18,20,0,0,15,32,2,78,36,005,006800
Census Tract 69; Bronx County; New York,6524,0,35,3,266,80,123,0,0,16,207,280,183,36,005,006900
Census Tract 70; Bronx County; New York,4192,0,27,21,128,28,93,0,19,8,123,12,40,36,005,007000
Census Tract 71; Bronx County; New York,2498,0,0,0,66,24,13,0,22,55,88,48,82,36,005,007100
Census Tract 72; Bronx County; New York,5371,0,0,46,27,135,34,0,13,43,118,146,71,36,005,007200
Census Tract 73; Bronx County; New York,4555,0,0,0,87,89,8,0,0,69,100,0,74,36,005,007300
Census Tract 74; Bronx County; New York,3281,0,34,16,63,15,57,0,121,0,71,66,104,36,005,007400
Census Tract 75; Bronx County; New York,6543,0,60,27,27,60,0,0,0,194,368,169,253,36,005,007500
Census Tract 76; Bronx County; New York,5317,0,35,102,93,30,44,0,0,16,109,102,35,36,005,007600
Census Tract 77; Bronx County; New York,1996,0,45,49,42,29,26,0,0,35,141,21,58,36,005,007700
Census Tract 78; Bronx County; New York,5858,0,98,0,207,57,19,0,0,14,179,46,116,36,005,007800
Census Tract 79; Bronx County; New York,6987,0,146,97,168,15,136,0,133,83,341,147,240,36,005,007900
Census Tract 83; Bronx County; New York,6588,0,58,22,74,131,42,0,53,71,317,119,110,36,005,008300
Census Tract 84; Bronx County; New York,2716,0,10,103,110,65,44,0,0,14,95,22,100,36,005,008400
Census Tract 85; Bronx County; New York,5665,0,19,30,112,32,94,0,67,191,287,48,128,36,005,008500
Census Tract 86; Bronx County; New York,4117,0,35,89,138,0,185,0,54,34,331,200,163,36,005,008600
Census Tract 87; Bronx County; New York,6194,9,83,131,147,47,58,0,14,17,317,161,205,36,005,008700
Census Tract 89; Bronx County; New York,2989,0,137,93,201,2,23,0,1,0,78,42,220,36,005,008900
Census Tract 90; Bronx County; New York,3593,0,43,44,124,30,111,0,0,54,200,224,140,36,005,009000
Census Tract 92; Bronx County; New York,5675,0,21,59,57,135,53,0,48,29,140,59,44,36,005,009200
Census Tract 93.01; Bronx County; New York,5547,0,50,205,221,0,27,0,63,12,227,25,130,36,005,009301
Census Tract 93.02; Bronx County; New York,84,0,0,0,42,28,14,0,0,0,0,0,0,36,005,009302
Census Tract 96; Bronx County; New York,2120,0,50,0,23,22,35,0,0,28,55,10,49,36,005,009600
Census Tract 98; Bronx County; New York,4634,0,0,27,2,113,102,0,0,0,158,34,495,36,005,009800
Census Tract 110; Bronx County; New York,0,0,0,0,0,0,0,0,0,0,0,0,0,36,005,011000
Census Tract 115.02; Bronx County; New York,3850,0,18,69,114,29,33,0,38,166,224,84,48,36,005,011502
Census Tract 117.01; Bronx County; New York,1318,0,0,29,39,17,0,0,18,5,35,0,21,36,005,011701
Census Tract 117.02; Bronx County; New York,0,0,0,0,0,0,0,0,0,0,0,0,0,36,005,011702
Census Tract 118; Bronx County; New York,5491,0,72,8,162,51,84,0,35,39,122,75,109,36,005,011800
Census Tract 119; Bronx County; New York,5837,0,117,52,67,104,37,24,129,100,317,135,55,36,005,011900
Census Tract 121.01; Bronx County; New York,3390,0,25,73,122,33,6,0,54,44,149,94,22,36,005,012101
Census Tract 121.02; Bronx County; New York,1495,0,0,44,99,0,0,0,34,11,105,125,33,36,005,012102
Census Tract 123; Bronx County; New York,4092,0,0,9,157,75,46,0,0,78,244,100,64,36,005,012300
Census Tract 125; Bronx County; New York,4146,0,39,32,100,25,53,0,70,0,95,15,0,36,005,012500
Census Tract 127.01; Bronx County; New York,2385,0,51,0,88,9,54,0,53,14,171,8,40,36,005,012701
Census Tract 129.01; Bronx County; New York,5238,0,229,17,295,82,65,0,22,161,486,11,63,36,005,012901
Census Tract 130; Bronx County; New York,1329,0,0,8,42,41,53,0,0,0,57,7,40,36,005,013000
Census Tract 131; Bronx County; New York,5210,0,32,8,136,140,101,0,188,16,464,111,94,36,005,013100
Census Tract 132; Bronx County; New York,7126,0,0,126,395,52,251,0,0,126,409,152,194,36,005,013200
Census Tract 133; Bronx County; New York,5838,0,34,89,91,73,96,0,0,122,316,94,219,36,005,013300
Census Tract 135; Bronx County; New York,3295,0,0,0,94,0,110,0,0,0,64,144,115,36,005,013500
Census Tract 138; Bronx County; New York,2957,0,0,18,109,48,59,0,19,18,171,109,131,36,005,013800
Census Tract 141; Bronx County; New York,6864,0,92,36,235,105,46,25,0,77,398,51,24,36,005,014100
Census Tract 143; Bronx County; New York,1685,0,0,0,132,31,18,0,0,43,153,23,7,36,005,014300
Census Tract 144; Bronx County; New York,6465,0,0,55,142,4,178,0,42,0,418,205,278,36,005,014400
Census Tract 145; Bronx County; New York,6341,0,116,31,323,192,123,0,59,14,488,70,83,36,005,014500
Census Tract 147.01; Bronx County; New York,5151,0,0,0,113,108,32,0,108,303,343,198,230,36,005,014701
Census Tract 147.02; Bronx County; New York,4985,0,77,10,243,53,67,0,0,110,273,57,37,36,005,014702
Census Tract 149; Bronx County; New York,4656,0,72,0,159,31,24,0,0,26,172,168,0,36,005,014900
Census Tract 151; Bronx County; New York,5392,0,17,127,715,36,62,0,43,38,232,212,129,36,005,015100
Census Tract 152; Bronx County; New York,2601,0,8,72,52,9,22,0,24,70,77,38,36,36,005,015200
Census Tract 153; Bronx County; New York,3502,0,85,16,205,0,42,0,44,16,122,208,16,36,005,015300
Census Tract 155; Bronx County; New York,3154,0,33,26,110,39,34,0,28,59,166,34,161,36,005,015500
Census Tract 157; Bronx County; New York,5959,0,34,72,208,57,13,0,50,4,274,48,62,36,005,015700
Census Tract 158; Bronx County; New York,1625,0,27,16,22,0,24,0,19,24,104,8,63,36,005,015800
Census Tract 159; Bronx County; New York,2149,0,0,107,87,24,68,0,78,83,69,47,35,36,005,015900
Census Tract 160; Bronx County; New York,4063,0,0,170,67,35,21,0,134,38,154,51,112,36,005,016000
Census Tract 161; Bronx County; New York,4789,0,15,73,298,5,0,0,61,18,219,209,223,36,005,016100
Census Tract 162; Bronx County; New York,1621,0,0,37,38,9,8,0,0,22,12,40,22,36,005,016200
Census Tract 163; Bronx County; New York,0,0,0,0,0,0,0,0,0,0,0,0,0,36,005,016300
Census Tract 164; Bronx County; New York,1107,0,0,0,7,17,25,0,0,8,30,8,65,36,005,016400
Census Tract 165; Bronx County; New York,1233,0,0,13,36,0,13,0,3,26,24,0,25,36,005,016500
Census Tract 166; Bronx County; New York,2387,0,16,36,73,17,28,0,0,66,123,24,10,36,005,016600
Census Tract 167; Bronx County; New York,3203,0,0,46,84,0,0,0,0,16,215,39,66,36,005,016700
Census Tract 169; Bronx County; New York,1759,7,13,5,25,53,0,0,6,55,150,13,9,36,005,016900
Census Tract 171; Bronx County; New York,0,0,0,0,0,0,0,0,0,0,0,0,0,36,005,017100
Census Tract 173; Bronx County; New York,5254,0,13,11,280,162,61,0,0,200,108,333,477,36,005,017300
Census Tract 175; Bronx County; New York,6413,0,0,97,262,59,53,0,0,413,177,89,188,36,005,017500
Census Tract 177.01; Bronx County; New York,4163,0,25,87,40,61,41,0,0,135,151,0,14,36,005,017701
Census Tract 177.02; Bronx County; New York,5236,82,133,0,174,0,100,0,25,145,237,26,144,36,005,017702
Census Tract 179.01; Bronx County; New York,4993,0,22,86,131,66,0,0,0,92,398,50,92,36,005,017901
Census Tract 179.02; Bronx County; New York,3571,0,33,105,46,53,0,0,0,19,179,12,0,36,005,017902
Census Tract 181.01; Bronx County; New York,3340,0,239,35,99,0,0,0,0,0,126,72,108,36,005,018101
Census Tract 181.02; Bronx County; New York,4689,0,0,8,207,0,13,0,20,42,157,185,208,36,005,018102
Census Tract 183.01; Bronx County; New York,4427,38,0,43,109,56,132,0,29,16,151,102,273,36,005,018301
Census Tract 183.02; Bronx County; New York,3301,0,0,18,45,24,0,0,0,22,168,14,89,36,005,018302
Census Tract 184; Bronx County; New York,3994,0,6,12,133,11,39,0,0,6,116,77,66,36,005,018400
Census Tract 185.01; Bronx County; New York,3154,0,92,0,260,82,0,0,47,35,0,90,59,36,005,018501
Census Tract 185.02; Bronx County; New York,6651,0,0,57,310,35,0,0,157,0,329,101,102,36,005,018502
Census Tract 189; Bronx County; New York,8293,0,86,1,273,28,67,0,0,98,512,166,0,36,005,018900
Census Tract 193; Bronx County; New York,5751,0,0,80,228,102,60,0,79,40,375,177,181,36,005,019300
Census Tract 194; Bronx County; New York,1966,0,13,20,72,37,56,0,19,0,79,16,14,36,005,019400
Census Tract 195; Bronx County; New York,7286,0,201,0,162,34,0,0,44,171,402,362,113,36,005,019500
Census Tract 197; Bronx County; New York,7478,0,0,0,281,0,64,0,96,27,473,102,0,36,005,019700
Census Tract 199; Bronx County; New York,7300,37,76,0,211,132,0,0,0,269,257,94,37,36,005,019900
Census Tract 200; Bronx County; New York,4911,29,66,10,35,60,43,0,8,52,167,32,105,36,005,020000
Census Tract 201; Bronx County; New York,3950,0,14,32,75,34,30,0,0,84,160,29,80,36,005,020100
Census Tract 202; Bronx County; New York,2574,0,16,13,43,11,113,0,0,10,45,79,55,36,005,020200
Census Tract 204; Bronx County; New York,2944,0,17,46,62,29,7,0,0,42,68,12,16,36,005,020400
Census Tract 205.01; Bronx County; New York,7319,27,330,0,163,171,12,0,217,267,288,224,137,36,005,020501
Census Tract 205.02; Bronx County; New York,2393,0,0,19,54,34,49,0,0,68,70,88,39,36,005,020502
Census Tract 206.01; Bronx County; New York,2544,0,6,7,98,21,31,0,30,57,39,67,48,36,005,020601
Census Tract 209; Bronx County; New York,5225,0,15,62,98,0,41,0,0,0,198,87,60,36,005,020900
Census Tract 210.01; Bronx County; New York,7519,0,32,0,227,30,128,0,0,247,254,269,180,36,005,021001
Census Tract 210.02; Bronx County; New York,7453,0,27,0,123,41,98,0,0,74,243,93,193,36,005,021002
Census Tract 211; Bronx County; New York,6286,0,39,48,141,78,55,0,0,63,140,203,96,36,005,021100
Census Tract 212; Bronx County; New York,5227,0,18,0,132,154,171,0,0,84,108,112,85,36,005,021200
Census Tract 213.01; Bronx County; New York,1244,0,32,12,55,0,12,0,0,51,64,0,0,36,005,021301
Census Tract 213.02; Bronx County; New York,5604,0,91,0,211,58,172,0,36,29,317,158,438,36,005,021302
Census Tract 215.01; Bronx County; New York,4612,0,31,0,129,1,49,0,62,20,184,72,20,36,005,021501
Census Tract 215.02; Bronx County; New York,6953,0,116,14,274,91,94,0,0,28,564,0,9,36,005,021502
Census Tract 216.01; Bronx County; New York,4865,0,65,1,51,45,25,0,53,0,154,63,11,36,005,021601
Census Tract 216.02; Bronx County; New York,6344,0,36,40,79,143,59,0,0,90,86,5,51,36,005,021602
Census Tract 217; Bronx County; New York,5100,0,0,44,200,64,0,0,0,172,380,154,21,36,005,021700
Census Tract 218; Bronx County; New York,6041,0,0,0,332,20,31,0,0,125,328,141,31,36,005,021800
Census Tract 219; Bronx County; New York,1022,0,16,10,32,30,19,0,0,0,22,61,7,36,005,021900
Census Tract 220; Bronx County; New York,1901,0,53,10,69,25,22,0,0,21,131,40,23,36,005,022000
Census Tract 221.01; Bronx County; New York,3743,0,0,64,113,120,68,0,23,15,136,18,25,36,005,022101
Census Tract 221.02; Bronx County; New York,5896,0,31,11,226,152,37,0,64,15,398,29,33,36,005,022102
Census Tract 222; Bronx County; New York,3293,0,0,15,93,51,5,0,49,10,190,60,56,36,005,022200
Census Tract 223; Bronx County; New York,5207,0,52,61,284,85,0,70,44,71,160,29,139,36,005,022300
Census Tract 224.01; Bronx County; New York,2528,0,41,38,34,37,24,0,31,94,67,75,71,36,005,022401
Census Tract 224.03; Bronx County; New York,2788,47,24,35,126,0,0,0,42,47,113,26,55,36,005,022403
Census Tract 224.04; Bronx County; New York,4466,0,72,47,189,40,9,0,96,56,143,31,119,36,005,022404
Census Tract 225; Bronx County; New York,9408,0,31,32,512,0,104,0,88,59,367,23,68,36,005,022500
Census Tract 227.01; Bronx County; New York,4991,0,189,45,83,41,14,0,30,53,337,72,0,36,005,022701
Census Tract 227.02; Bronx County; New York,1277,0,0,10,33,15,0,0,0,29,114,18,11,36,005,022702
Census Tract 227.03; Bronx County; New York,1728,0,55,8,40,10,24,0,3,11,108,36,44,36,005,022703
Census Tract 228; Bronx County; New York,5623,0,0,23,121,42,0,0,0,50,207,85,85,36,005,022800
Census Tract 229.01; Bronx County; New York,5517,0,39,19,202,0,0,0,21,73,211,155,0,36,005,022901
Census Tract 229.02; Bronx County; New York,3239,0,8,9,10,77,0,0,51,69,175,36,43,36,005,022902
Census Tract 230; Bronx County; New York,2555,38,22,37,0,0,0,0,67,38,204,46,0,36,005,023000
Census Tract 231; Bronx County; New York,1420,0,71,0,0,19,0,0,55,13,19,55,38,36,005,023100
Census Tract 232; Bronx County; New York,2462,0,4,45,53,34,23,0,0,30,39,56,29,36,005,023200
Census Tract 233.01; Bronx County; New York,3742,0,0,20,62,80,14,0,0,7,182,65,89,36,005,023301
Census Tract 233.02; Bronx County; New York,3665,0,13,77,158,49,6,0,9,49,116,75,4,36,005,023302
Census Tract 235.01; Bronx County; New York,3322,0,58,22,84,71,16,0,0,8,201,20,152,36,005,023501
Census Tract 235.02; Bronx County; New York,4284,0,19,125,117,81,43,0,32,58,217,128,95,36,005,023502
Census Tract 236; Bronx County; New York,1596,0,20,0,34,22,10,0,10,0,39,13,32,36,005,023600
Census Tract 237.02; Bronx County; New York,1119,0,0,49,7,0,6,0,0,6,25,8,0,36,005,023702
Census Tract 237.03; Bronx County; New York,5081,0,79,38,146,69,0,0,0,167,173,42,66,36,005,023703
Census Tract 237.04; Bronx County; New York,3659,0,60,0,177,59,0,0,0,42,174,78,60,36,005,023704
Census Tract 238; Bronx County; New York,2394,0,5,55,34,1,21,0,5,15,128,18,30,36,005,023800
Census Tract 239; Bronx County; New York,9384,0,71,33,337,88,0,29,77,67,409,106,0,36,005,023900
Census Tract 240; Bronx County; New York,4147,0,25,10,90,44,38,21,0,26,225,30,21,36,005,024000
Census Tract 241; Bronx County; New York,6284,0,0,90,106,171,0,0,0,17,286,54,27,36,005,024100
Census Tract 243; Bronx County; New York,4401,0,0,7,194,12,0,0,28,45,407,190,85,36,005,024300
Census Tract 244; Bronx County; New York,2168,0,16,0,53,25,6,0,0,5,49,29,48,36,005,024400
Census Tract 245.01; Bronx County; New York,5043,0,83,43,248,140,16,0,47,88,325,131,90,36,005,024501
Census Tract 245.02; Bronx County; New York,3972,0,0,25,73,26,24,0,48,34,185,52,60,36,005,024502
Census Tract 246; Bronx County; New York,2117,18,31,23,66,26,7,0,0,7,24,11,47,36,005,024600
Census Tract 247; Bronx County; New York,1772,0,16,11,22,11,30,0,38,38,65,9,36,36,005,024700
Census Tract 248; Bronx County; New York,3227,0,0,0,143,0,28,0,29,10,172,49,83,36,005,024800
Census Tract 249; Bronx County; New York,0,0,0,0,0,0,0,0,0,0,0,0,0,36,005,024900
Census Tract 250; Bronx County; New York,2755,0,0,0,20,0,55,0,5,0,21,15,73,36,005,025000
Census Tract 251; Bronx County; New York,6542,0,71,19,125,92,156,0,11,80,302,13,63,36,005,025100
Census Tract 252; Bronx County; New York,2586,0,59,30,51,0,60,0,0,0,49,0,6,36,005,025200
Census Tract 253; Bronx County; New York,5589,0,79,9,111,0,31,0,38,41,123,86,101,36,005,025300
Census Tract 254; Bronx County; New York,1967,0,6,0,25,20,69,0,21,0,63,16,95,36,005,025400
Census Tract 255; Bronx County; New York,6559,57,150,57,156,120,28,0,0,46,294,447,111,36,005,025500
Census Tract 256; Bronx County; New York,1613,0,11,13,46,10,16,0,0,21,59,6,86,36,005,025600
Census Tract 257; Bronx County; New York,1687,0,0,0,39,0,19,0,0,63,48,26,32,36,005,025700
Census Tract 261; Bronx County; New York,2077,0,30,4,60,13,10,0,0,36,66,29,60,36,005,026100
Census Tract 263; Bronx County; New York,6100,0,87,26,59,34,71,0,0,96,239,0,116,36,005,026300
Census Tract 264; Bronx County; New York,5735,0,0,44,94,1,26,0,90,81,45,61,92,36,005,026400
Census Tract 265; Bronx County; New York,7700,0,48,0,310,32,21,0,54,2,292,75,45,36,005,026500
Census Tract 266.01; Bronx County; New York,2864,0,0,46,69,8,43,0,0,21,60,72,123,36,005,026601
Census Tract 266.02; Bronx County; New York,5119,0,42,42,57,104,71,0,47,24,425,203,172,36,005,026602
Census Tract 267.01; Bronx County; New York,3759,0,57,0,61,59,15,0,19,15,92,0,75,36,005,026701
Census Tract 267.02; Bronx County; New York,7677,0,257,79,127,178,0,0,27,30,188,81,138,36,005,026702
Census Tract 269; Bronx County; New York,4185,0,22,0,153,20,100,0,0,27,365,88,39,36,005,026900
Census Tract 273; Bronx County; New York,6913,0,31,0,52,24,27,0,0,27,81,169,120,36,005,027300
Census Tract 274.01; Bronx County; New York,5111,0,0,110,269,86,55,0,20,0,216,38,55,36,005,027401
Census Tract 274.02; Bronx County; New York,3300,0,0,44,84,56,44,0,0,7,21,65,45,36,005,027402
Census Tract 276; Bronx County; New York,57,0,0,0,0,0,0,0,0,0,0,0,0,36,005,027600
Census Tract 277; Bronx County; New York,4188,0,0,106,263,0,7,0,0,79,198,48,20,36,005,027700
Census Tract 279; Bronx County; New York,7764,114,99,102,315,89,25,0,53,63,455,24,64,36,005,027900
Census Tract 281; Bronx County; New York,3307,0,0,9,58,81,23,0,0,0,53,95,166,36,005,028100
Census Tract 283; Bronx County; New York,2486,0,0,0,339,0,0,0,0,12,107,64,12,36,005,028300
Census Tract 284; Bronx County; New York,176,0,0,36,29,0,0,0,0,0,50,0,0,36,005,028400
Census Tract 285; Bronx County; New York,3309,0,0,14,297,0,54,0,19,0,39,27,60,36,005,028500
Census Tract 286; Bronx County; New York,1014,0,0,19,24,0,57,0,0,5,7,4,55,36,005,028600
Census Tract 287; Bronx County; New York,3442,0,46,44,32,0,98,0,0,105,64,14,57,36,005,028700
Census Tract 288; Bronx County; New York,2678,0,98,0,54,0,21,0,0,32,11,58,45,36,005,028800
Census Tract 289; Bronx County; New York,4259,0,91,58,115,0,10,0,0,46,53,13,122,36,005,028900
Census Tract 293.01; Bronx County; New York,1684,0,0,19,7,40,35,0,0,11,9,32,65,36,005,029301
Census Tract 293.02; Bronx County; New York,5304,0,128,0,84,42,201,0,102,0,91,90,173,36,005,029302
Census Tract 295; Bronx County; New York,4639,0,0,62,71,132,57,0,25,9,67,52,67,36,005,029500
Census Tract 296; Bronx County; New York,2280,0,0,18,10,19,36,0,0,42,51,26,15,36,005,029600
Census Tract 297; Bronx County; New York,3920,0,19,60,41,33,116,0,22,15,172,49,330,36,005,029700
Census Tract 300; Bronx County; New York,6764,0,27,70,28,45,88,0,22,25,69,96,180,36,005,030000
Census Tract 301; Bronx County; New York,1226,0,0,1,0,11,8,0,0,0,14,21,50,36,005,030100
Census Tract 302.01; Bronx County; New York,3684,0,0,14,137,24,52,0,0,12,106,40,120,36,005,030201
Census Tract 302.02; Bronx County; New York,6146,0,76,0,32,79,13,0,71,45,153,56,134,36,005,030202
Census Tract 307.01; Bronx County; New York,5492,0,35,76,29,25,171,0,0,0,58,49,161,36,005,030701
Census Tract 309; Bronx County; New York,2908,0,0,19,27,0,111,0,0,29,3,60,342,36,005,030900
Census Tract 310; Bronx County; New York,3529,0,0,42,42,15,64,0,0,17,25,36,77,36,005,031000
Census Tract 312; Bronx County; New York,1594,0,0,1,9,10,13,0,0,9,8,25,48,36,005,031200
Census Tract 314; Bronx County; New York,2007,0,0,7,11,43,33,0,0,2,26,22,59,36,005,031400
Census Tract 316; Bronx County; New York,1842,0,5,8,42,10,74,0,0,5,98,4,55,36,005,031600
Census Tract 318; Bronx County; New York,1885,0,32,15,12,16,15,0,0,0,20,10,41,36,005,031800
Census Tract 319; Bronx County; New York,759,0,0,0,0,0,4,0,0,38,13,0,19,36,005,031900
Census Tract 323; Bronx County; New York,4734,0,52,0,66,69,239,0,0,0,76,92,179,36,005,032300
Census Tract 324; Bronx County; New York,2916,0,53,5,1,56,0,0,34,17,84,70,94,36,005,032400
Census Tract 326; Bronx County; New York,3290,0,10,41,51,11,89,0,0,0,56,27,56,36,005,032600
Census Tract 328; Bronx County; New York,4056,0,42,56,152,13,0,0,21,23,216,88,82,36,005,032800
Census Tract 330; Bronx County; New York,5014,0,0,24,110,66,89,0,0,87,163,142,69,36,005,033000
Census Tract 332.01; Bronx County; New York,4118,0,64,27,214,72,35,0,0,26,121,154,169,36,005,033201
Census Tract 332.02; Bronx County; New York,2987,0,0,0,65,40,27,0,0,0,157,147,156,36,005,033202
Census Tract 334; Bronx County; New York,26,0,0,5,0,0,0,0,0,0,0,0,0,36,005,033400
Census Tract 335; Bronx County; New York,2101,0,0,23,20,11,19,0,0,35,11,0,70,36,005,033500
Census Tract 336.01; Bronx County; New York,5011,0,40,58,126,106,42,0,15,53,261,85,224,36,005,033601
Census Tract 336.02; Bronx County; New York,1155,0,16,9,0,53,0,0,0,0,45,69,47,36,005,033602
Census Tract 337; Bronx County; New York,2847,0,0,0,90,11,95,0,0,0,89,78,160,36,005,033700
Census Tract 338.01; Bronx County; New York,2119,0,17,7,49,0,35,0,0,0,20,55,43,36,005,033801
Census Tract 338.02; Bronx County; New York,1809,0,12,0,30,43,0,0,0,11,52,1,9,36,005,033802
Census Tract 340; Bronx County; New York,5270,0,20,116,174,15,36,0,23,35,99,25,53,36,005,034000
Census Tract 342; Bronx County; New York,1518,0,2,0,61,15,27,0,0,0,37,2,9,36,005,034200
Census Tract 343; Bronx County; New York,1681,0,10,22,17,2,0,0,3,0,52,1,4,36,005,034300
Census Tract 344; Bronx County; New York,1940,0,31,21,8,48,7,0,0,24,62,17,26,36,005,034400
Census Tract 345; Bronx County; New York,4117,0,19,87,113,93,56,0,0,24,132,45,120,36,005,034500
Census Tract 348; Bronx County; New York,6194,0,61,60,85,26,47,0,0,28,213,20,206,36,005,034800
Census Tract 350; Bronx County; New York,2023,0,12,33,26,11,7,0,0,1,53,11,30,36,005,035000
Census Tract 351; Bronx County; New York,3723,0,0,63,25,0,24,0,0,163,56,8,22,36,005,035100
Census Tract 356; Bronx County; New York,2069,0,0,14,55,4,15,0,0,39,36,5,61,36,005,035600
Census Tract 358; Bronx County; New York,7495,0,0,28,73,0,175,0,0,6,166,28,292,36,005,035800
Census Tract 359; Bronx County; New York,3261,0,154,64,57,13,28,0,50,22,137,123,20,36,005,035900
Census Tract 360; Bronx County; New York,2664,0,0,49,29,37,18,0,32,31,26,27,52,36,005,036000
Census Tract 361; Bronx County; New York,5085,0,83,86,12,3,165,0,83,209,409,102,67,36,005,036100
Census Tract 363; Bronx County; New York,6417,0,8,292,159,0,58,0,67,0,511,165,151,36,005,036300
Census Tract 364; Bronx County; New York,2427,0,22,25,82,0,28,0,0,54,60,47,85,36,005,036400
Census Tract 365.01; Bronx County; New York,4721,0,105,139,273,14,0,0,48,68,129,18,116,36,005,036501
Census Tract 365.02; Bronx County; New York,2551,0,50,13,85,14,0,0,0,48,139,41,8,36,005,036502
Census Tract 367; Bronx County; New York,2647,0,6,158,170,12,0,0,20,13,182,19,17,36,005,036700
Census Tract 368; Bronx County; New York,2183,0,26,6,55,35,13,0,23,76,81,126,22,36,005,036800
Census Tract 369.01; Bronx County; New York,1786,0,52,8,124,37,28,0,21,28,135,24,100,36,005,036901
Census Tract 369.02; Bronx County; New York,2316,0,0,0,113,0,49,27,7,15,147,52,63,36,005,036902
Census Tract 370; Bronx County; New York,2228,0,22,5,26,3,19,0,43,0,22,55,68,36,005,037000
Census Tract 371; Bronx County; New York,3948,0,21,98,79,123,59,0,0,103,291,65,203,36,005,037100
Census Tract 372; Bronx County; New York,2069,0,0,0,22,37,0,0,0,7,83,16,5,36,005,037200
Census Tract 373; Bronx County; New York,6505,0,310,206,145,35,20,0,368,406,276,170,195,36,005,037300
Census Tract 374; Bronx County; New York,3707,0,36,186,64,12,61,0,25,0,85,109,30,36,005,037400
Census Tract 375.04; Bronx County; New York,3655,0,52,36,238,63,12,0,47,88,219,61,16,36,005,037504
Census Tract 376; Bronx County; New York,1934,0,9,4,120,14,7,0,0,0,58,17,79,36,005,037600
Census Tract 378; Bronx County; New York,3251,0,90,18,212,27,91,0,0,12,124,25,63,36,005,037800
Census Tract 379; Bronx County; New York,6511,58,68,23,278,95,0,0,21,121,233,87,42,36,005,037900
Census Tract 380; Bronx County; New York,4412,0,0,88,62,17,83,0,0,0,242,8,143,36,005,038000
Census Tract 381; Bronx County; New York,7378,0,35,16,192,116,51,0,122,67,187,175,34,36,005,038100
Census Tract 382; Bronx County; New York,2942,0,0,40,70,15,14,0,12,9,56,47,97,36,005,038200
Census Tract 383.01; Bronx County; New York,4667,0,39,15,75,19,31,0,0,0,258,37,89,36,005,038301
Census Tract 383.03; Bronx County; New York,3621,0,28,38,0,20,65,0,51,35,174,61,71,36,005,038303
Census Tract 383.04; Bronx County; New York,2080,0,9,39,181,57,23,0,0,0,99,63,0,36,005,038304
Census Tract 385; Bronx County; New York,5574,0,29,24,127,185,0,0,0,112,343,46,66,36,005,038500
Census Tract 386; Bronx County; New York,8273,0,64,164,65,35,51,0,96,22,268,47,259,36,005,038600
Census Tract 387; Bronx County; New York,3725,0,36,51,92,74,0,0,0,0,41,0,89,36,005,038700
Census Tract 388; Bronx County; New York,2793,0,0,18,92,20,12,0,0,0,35,32,52,36,005,038800
Census Tract 389; Bronx County; New York,5823,0,62,63,185,0,3,0,6,64,51,10,71,36,005,038900
Census Tract 390; Bronx County; New York,3093,0,25,0,175,0,13,0,0,15,63,14,49,36,005,039000
Census Tract 391; Bronx County; New York,6555,0,9,142,57,32,126,0,190,32,75,310,261,36,005,039100
Census Tract 392; Bronx County; New York,1509,0,17,35,9,0,46,0,0,24,83,40,49,36,005,039200
Census Tract 393; Bronx County; New York,9019,0,137,162,232,19,110,0,44,0,356,96,159,36,005,039300
Census Tract 394; Bronx County; New York,4273,0,0,60,166,19,0,0,17,0,90,83,97,36,005,039400
Census Tract 395; Bronx County; New York,4194,0,314,163,228,14,67,0,56,56,398,129,68,36,005,039500
Census Tract 396; Bronx County; New York,3835,0,16,85,41,0,86,0,54,2,170,51,94,36,005,039600
Census Tract 397; Bronx County; New York,3868,0,6,40,31,30,6,0,0,97,10,23,25,36,005,039700
Census Tract 398; Bronx County; New York,3528,0,30,132,157,34,28,0,0,0,59,25,120,36,005,039800
Census Tract 399.01; Bronx County; New York,4972,0,0,8,90,47,49,0,81,72,51,55,68,36,005,039901
Census Tract 399.02; Bronx County; New York,5116,0,87,66,86,20,27,0,5,28,98,33,36,36,005,039902
Census Tract 401; Bronx County; New York,4543,0,31,50,529,55,58,0,30,53,71,42,239,36,005,040100
Census Tract 403.02; Bronx County; New York,4363,0,10,0,175,64,9,0,0,0,80,250,104,36,005,040302
Census Tract 403.03; Bronx County; New York,4058,0,31,61,27,61,58,0,32,13,100,121,68,36,005,040303
Census Tract 403.04; Bronx County; New York,3570,0,0,0,184,27,0,0,29,0,80,10,95,36,005,040304
Census Tract 404; Bronx County; New York,3499,0,0,0,43,0,31,0,0,0,29,0,49,36,005,040400
Census Tract 405.01; Bronx County; New York,3560,0,20,0,43,45,37,0,0,0,98,75,103,36,005,040501
Census Tract 405.02; Bronx County; New York,6060,0,0,50,193,31,10,0,0,99,283,78,3,36,005,040502
Census Tract 406; Bronx County; New York,3802,0,0,4,22,13,42,0,146,15,126,115,23,36,005,040600
Census Tract 407.01; Bronx County; New York,2779,0,32,26,24,27,28,35,0,32,61,69,15,36,005,040701
Census Tract 407.02; Bronx County; New York,6823,0,47,17,86,41,96,0,109,147,145,98,275,36,005,040702
Census Tract 408; Bronx County; New York,4430,0,0,77,22,61,0,0,0,129,308,74,25,36,005,040800
Census Tract 409; Bronx County; New York,3392,0,0,0,69,96,22,0,0,14,116,23,174,36,005,040900
Census Tract 411; Bronx County; New York,3793,0,0,40,209,10,29,0,43,26,63,43,31,36,005,041100
Census Tract 413; Bronx County; New York,7997,0,158,138,157,16,49,28,0,108,160,47,45,36,005,041300
Census Tract 414; Bronx County; New York,5312,0,0,0,206,167,0,0,7,17,82,100,60,36,005,041400
Census Tract 415; Bronx County; New York,5706,0,32,9,179,28,0,0,0,37,181,83,38,36,005,041500
Census Tract 418; Bronx County; New York,3713,0,41,20,100,32,92,0,157,110,193,109,16,36,005,041800
Census Tract 419; Bronx County; New York,6213,0,0,52,202,34,0,0,114,35,315,22,64,36,005,041900
Census Tract 420; Bronx County; New York,4610,0,103,39,431,0,48,0,58,81,173,85,36,36,005,042000
Census Tract 421; Bronx County; New York,5954,0,0,16,66,18,0,0,0,26,102,72,71,36,005,042100
Census Tract 422; Bronx County; New York,2836,0,0,0,40,32,12,0,0,0,53,102,20,36,005,042200
Census Tract 423; Bronx County; New York,4378,0,95,31,81,52,1,0,51,0,55,32,10,36,005,042300
Census Tract 424; Bronx County; New York,2420,8,73,19,24,0,8,25,4,0,43,9,25,36,005,042400
Census Tract 425; Bronx County; New York,6745,0,0,82,313,79,16,0,62,56,197,34,75,36,005,042500
Census Tract 426; Bronx County; New York,7618,0,195,0,207,0,145,0,0,104,130,68,255,36,005,042600
Census Tract 428; Bronx County; New York,2249,12,0,0,68,157,23,0,17,0,111,0,25,36,005,042800
Census Tract 429.01; Bronx County; New York,3093,0,17,10,79,12,23,0,5,0,61,69,9,36,005,042901
Census Tract 429.02; Bronx County; New York,3807,0,0,34,128,87,33,0,19,8,330,54,44,36,005,042902
Census Tract 430; Bronx County; New York,3287,0,0,0,0,14,16,0,0,0,42,110,0,36,005,043000
Census Tract 431.01; Bronx County; New York,4880,0,32,0,60,448,14,0,18,0,311,45,0,36,005,043101
Census Tract 431.02; Bronx County; New York,3951,0,55,0,81,0,9,0,74,57,143,38,22,36,005,043102
Census Tract 434; Bronx County; New York,3829,0,21,3,68,76,0,0,48,0,60,0,24,36,005,043400
Census Tract 435.01; Bronx County; New York,1035,0,8,7,23,32,0,0,29,3,58,28,20,36,005,043501
Census Tract 435.02; Bronx County; New York,0,0,0,0,0,0,0,0,0,0,0,0,0,36,005,043502
Census Tract 435.03; Bronx County; New York,56,0,0,0,9,0,0,0,0,0,0,0,0,36,005,043503
Census Tract 436; Bronx County; New York,2397,0,9,23,96,26,39,26,0,0,87,0,43,36,005,043600
Census Tract 442; Bronx County; New York,4052,0,0,196,128,32,119,0,0,30,363,32,126,36,005,044200
Census Tract 444; Bronx County; New York,4409,0,107,92,76,0,217,0,0,0,57,16,73,36,005,044400
Census Tract 448; Bronx County; New York,2449,0,0,0,43,11,9,0,16,0,52,65,0,36,005,044800
Census Tract 449.01; Bronx County; New York,1986,0,14,25,87,9,8,0,0,59,22,10,74,36,005,044901
Census Tract 449.02; Bronx County; New York,2291,0,30,0,48,4,0,0,0,36,72,21,93,36,005,044902
Census Tract 451.01; Bronx County; New York,1595,0,0,2,27,0,43,0,0,8,35,0,33,36,005,045101
Census Tract 451.02; Bronx County; New York,1973,0,0,0,19,59,12,0,10,8,43,9,63,36,005,045102
Census Tract 456; Bronx County; New York,3548,0,21,0,22,51,22,0,0,70,239,43,9,36,005,045600
Census Tract 458; Bronx County; New York,5671,0,0,106,122,96,44,0,451,79,418,120,103,36,005,045800
Census Tract 460; Bronx County; New York,2269,0,48,11,84,0,0,0,0,0,50,42,95,36,005,046000
Census Tract 462.03; Bronx County; New York,6452,0,0,92,233,15,429,0,0,13,189,121,243,36,005,046203
Census Tract 462.04; Bronx County; New York,5308,0,0,17,73,28,137,0,0,0,266,151,84,36,005,046204
Census Tract 462.05; Bronx County; New York,3495,0,62,53,78,325,33,0,0,30,107,59,100,36,005,046205
Census Tract 462.06; Bronx County; New York,4365,0,0,0,103,65,0,0,0,65,126,30,292,36,005,046206
Census Tract 462.07; Bronx County; New York,6488,0,0,63,223,27,97,0,123,0,43,227,236,36,005,046207
Census Tract 462.08; Bronx County; New York,4289,0,81,39,42,0,30,0,0,0,15,0,39,36,005,046208
Census Tract 462.09; Bronx County; New York,4309,0,50,107,59,55,6,0,165,21,305,29,42,36,005,046209
Census Tract 484.01; Bronx County; New York,4185,0,25,25,86,0,24,0,37,69,125,34,16,36,005,048401
Census Tract 484.02; Bronx County; New York,0,0,0,0,0,0,0,0,0,0,0,0,0,36,005,048402
Census Tract 504; Bronx County; New York,0,0,0,0,0,0,0,0,0,0,0,0,0,36,005,050400
Census Tract 516.01; Bronx County; New York,4273,0,162,50,241,42,213,0,0,72,41,89,488,36,005,051601
Census Tract 516.02; Bronx County; New York,0,0,0,0,0,0,0,0,0,0,0,0,0,36,005,051602
Census Tract 1; Kings County; New York,4839,0,15,93,11,147,81,0,45,29,28,60,78,36,047,000100
Census Tract 2; Kings County; New York,1203,0,15,8,0,18,0,0,0,0,76,9,5,36,047,000200
Census Tract 3.01; Kings County; New York,4031,0,0,20,101,23,53,0,0,0,39,0,136,36,047,000301
Census Tract 5.01; Kings County; New York,4504,0,0,0,69,39,146,0,0,54,26,105,195,36,047,000501
Census Tract 5.02; Kings County; New York,2787,0,0,16,27,10,11,0,0,0,0,11,20,36,047,000502
Census Tract 7; Kings County; New York,3983,0,0,0,16,45,0,0,0,11,0,16,5,36,047,000700
Census Tract 9; Kings County; New York,4792,0,0,62,10,40,21,0,0,17,54,0,0,36,047,000900
Census Tract 11; Kings County; New York,1585,0,5,12,51,5,0,0,0,9,10,8,0,36,047,001100
Census Tract 13; Kings County; New York,2408,0,0,0,28,12,11,0,0,28,52,0,23,36,047,001300
Census Tract 15.01; Kings County; New York,4925,0,38,88,0,27,113,0,0,55,177,50,5,36,047,001501
Census Tract 15.02; Kings County; New York,5418,0,0,59,54,5,8,0,0,106,82,7,0,36,047,001502
Census Tract 18.01; Kings County; New York,0,0,0,0,0,0,0,0,0,0,0,0,0,36,047,001801
Census Tract 18.02; Kings County; New York,0,0,0,0,0,0,0,0,0,0,0,0,0,36,047,001802
Census Tract 18.03; Kings County; New York,6,0,0,0,4,0,0,0,0,0,0,0,1,36,047,001803
Census Tract 18.04; Kings County; New York,0,0,0,0,0,0,0,0,0,0,0,0,0,36,047,001804
Census Tract 20; Kings County; New York,1795,0,0,0,27,22,14,0,0,0,9,14,21,36,047,002000
Census Tract 21; Kings County; New York,6180,0,0,44,71,0,12,0,0,36,31,0,22,36,047,002100
Census Tract 22; Kings County; New York,4143,0,0,20,79,127,114,0,3,20,94,167,74,36,047,002200
Census Tract 23; Kings County; New York,3642,0,81,90,120,23,38,0,7,2,177,64,397,36,047,002300
Census Tract 29.01; Kings County; New York,3340,0,0,74,25,33,24,0,52,69,110,129,253,36,047,002901
Census Tract 30; Kings County; New York,1818,0,13,16,66,0,0,0,0,8,36,5,24,36,047,003000
Census Tract 31.01; Kings County; New York,3202,0,0,2,4,12,43,0,14,29,59,3,41,36,047,003101
Census Tract 31.02; Kings County; New York,0,0,0,0,0,0,0,0,0,0,0,0,0,36,047,003102
Census Tract 33; Kings County; New York,4203,0,0,70,161,0,15,0,0,94,102,20,38,36,047,003300
Census Tract 34; Kings County; New York,3512,0,0,34,119,113,27,0,0,39,64,18,49,36,047,003400
Census Tract 35; Kings County; New York,2103,0,5,10,36,12,15,0,0,65,56,13,40,36,047,003500
Census Tract 36; Kings County; New York,3698,0,11,20,16,90,37,0,0,0,61,107,119,36,047,003600
Census Tract 37; Kings County; New York,4269,0,0,16,37,0,10,0,0,5,14,20,19,36,047,003700
Census Tract 38; Kings County; New York,1578,0,28,0,15,8,36,0,0,0,31,0,31,36,047,003800
Census Tract 39; Kings County; New York,2557,0,13,0,24,8,20,0,0,7,58,21,44,36,047,003900
Census Tract 41; Kings County; New York,3167,0,17,2,116,21,9,0,0,22,55,45,9,36,047,004100
Census Tract 43; Kings County; New York,3945,0,0,20,87,0,21,0,0,31,32,19,78,36,047,004300
Census Tract 44; Kings County; New York,2289,0,0,21,0,47,74,0,16,0,0,7,43,36,047,004400
Census Tract 45; Kings County; New York,3547,0,0,40,41,13,9,0,0,0,54,5,32,36,047,004500
Census Tract 46; Kings County; New York,1175,0,0,14,16,16,41,0,0,0,0,13,48,36,047,004600
Census Tract 47; Kings County; New York,1998,0,0,0,29,6,27,0,0,6,45,20,16,36,047,004700
Census Tract 49; Kings County; New York,2535,0,0,0,25,10,0,0,0,10,12,8,35,36,047,004900
Census Tract 50; Kings County; New York,2542,0,0,0,86,20,100,0,0,0,2,25,70,36,047,005000
Census Tract 51; Kings County; New York,2421,0,0,0,10,0,19,0,0,28,33,0,21,36,047,005100
Census Tract 52.01; Kings County; New York,1713,0,0,3,25,0,129,0,0,0,3,9,270,36,047,005201
Census Tract 52.02; Kings County; New York,2778,0,0,9,22,34,88,0,0,0,43,19,19,36,047,005202
Census Tract 53.01; Kings County; New York,2262,0,6,1,21,22,7,0,0,0,109,1,3,36,047,005301
Census Tract 53.02; Kings County; New York,111,0,0,0,0,0,0,0,0,0,0,0,0,36,047,005302
Census Tract 53.03; Kings County; New York,52,0,0,0,0,0,0,0,0,0,0,0,0,36,047,005303
Census Tract 54; Kings County; New York,3293,0,0,0,50,32,76,0,0,0,19,84,109,36,047,005400
Census Tract 56.01; Kings County; New York,2846,0,86,1,68,11,46,0,0,8,67,32,36,36,047,005601
Census Tract 56.02; Kings County; New York,1781,0,15,0,43,11,7,0,0,8,28,37,42,36,047,005602
Census Tract 58; Kings County; New York,3064,0,0,21,37,91,24,0,4,34,46,84,57,36,047,005800
Census Tract 59; Kings County; New York,1459,0,44,0,11,20,0,0,0,0,43,9,0,36,047,005900
Census Tract 60; Kings County; New York,2979,0,53,11,12,8,3,0,0,39,0,87,39,36,047,006000
Census Tract 62; Kings County; New York,2712,0,0,0,8,12,61,0,0,16,38,22,27,36,047,006200
Census Tract 63; Kings County; New York,2038,0,48,0,25,7,0,0,0,6,58,6,6,36,047,006300
Census Tract 64; Kings County; New York,3423,0,63,25,12,57,73,0,0,22,41,20,52,36,047,006400
Census Tract 65; Kings County; New York,6193,0,0,18,0,56,0,0,0,0,0,30,20,36,047,006500
Census Tract 66; Kings County; New York,4064,0,34,8,64,61,54,0,53,18,56,20,23,36,047,006600
Census Tract 67; Kings County; New York,3912,0,0,8,128,0,32,0,18,41,0,5,0,36,047,006700
Census Tract 68; Kings County; New York,3903,0,15,9,35,48,131,0,0,8,74,176,24,36,047,006800
Census Tract 69.01; Kings County; New York,1721,0,0,0,21,2,10,0,0,53,21,21,0,36,047,006901
Census Tract 69.02; Kings County; New York,1981,0,12,9,47,11,0,0,0,9,0,7,10,36,047,006902
Census Tract 70; Kings County; New York,2681,0,0,0,78,59,90,0,0,3,70,36,95,36,047,007000
Census Tract 71; Kings County; New York,4379,0,0,48,31,27,42,0,0,52,131,205,151,36,047,007100
Census Tract 72; Kings County; New York,1865,0,10,0,3,20,4,0,41,0,56,8,67,36,047,007200
Census Tract 74; Kings County; New York,5352,0,19,0,37,49,5,0,0,9,50,56,76,36,047,007400
Census Tract 75; Kings County; New York,4707,0,16,2,38,34,44,0,0,0,86,110,19,36,047,007500
Census Tract 76; Kings County; New York,4728,0,0,102,43,58,44,0,19,63,120,10,160,36,047,007600
Census Tract 77; Kings County; New York,6132,0,16,26,72,17,13,0,0,88,30,49,69,36,047,007700
Census Tract 78; Kings County; New York,5120,0,12,42,36,0,81,0,12,0,23,50,85,36,047,007800
Census Tract 80; Kings County; New York,3539,0,0,0,69,52,61,0,18,0,27,65,128,36,047,008000
Census Tract 82; Kings County; New York,3828,0,14,97,23,0,94,0,78,0,168,20,114,36,047,008200
Census Tract 84; Kings County; New York,3154,0,0,0,128,0,38,0,0,53,173,5,70,36,047,008400
Census Tract 85; Kings County; New York,7631,0,14,0,197,12,1,0,0,155,495,110,408,36,047,008500
Census Tract 86; Kings County; New York,0,0,0,0,0,0,0,0,0,0,0,0,0,36,047,008600
Census Tract 88; Kings County; New York,2497,0,32,25,95,28,9,0,29,23,66,0,64,36,047,008800
Census Tract 90.01; Kings County; New York,1300,0,0,8,0,43,11,0,0,0,10,32,13,36,047,009001
Census Tract 90.02; Kings County; New York,1686,0,0,13,14,0,5,0,0,0,14,33,13,36,047,009002
Census Tract 92.01; Kings County; New York,1850,0,0,0,20,19,7,0,0,0,23,44,17,36,047,009201
Census Tract 92.02; Kings County; New York,2866,0,0,16,122,51,0,0,0,29,92,48,16,36,047,009202
Census Tract 94.01; Kings County; New York,1985,0,0,9,9,13,0,0,9,0,59,11,26,36,047,009401
Census Tract 94.02; Kings County; New York,3089,0,1,1,37,14,8,0,13,13,36,49,1,36,047,009402
Census Tract 96; Kings County; New York,5917,0,68,19,70,76,60,0,0,13,100,79,117,36,047,009600
Census Tract 98; Kings County; New York,6759,0,43,9,16,39,39,0,41,0,59,22,131,36,047,009800
Census Tract 100; Kings County; New York,5510,0,21,0,16,48,52,0,40,70,49,116,23,36,047,010000
Census Tract 101; Kings County; New York,4577,0,22,51,24,48,0,0,0,80,169,37,81,36,047,010100
Census Tract 102; Kings County; New York,4561,0,0,0,48,38,79,0,4,0,63,14,68,36,047,010200
Census Tract 104.01; Kings County; New York,2183,0,0,0,0,21,28,0,0,24,0,59,31,36,047,010401
Census Tract 104.02; Kings County; New York,1861,0,0,0,0,13,34,0,0,0,6,3,11,36,047,010402
Census Tract 106.01; Kings County; New York,2230,0,7,0,0,24,41,0,0,0,25,5,6,36,047,010601
Census Tract 106.02; Kings County; New York,2192,0,0,0,17,37,20,0,0,3,13,14,51,36,047,010602
Census Tract 108.01; Kings County; New York,1951,0,0,0,52,36,17,0,8,12,0,1,10,36,047,010801
Census Tract 108.02; Kings County; New York,2585,0,0,0,20,21,20,0,0,0,48,30,12,36,047,010802
Census Tract 110; Kings County; New York,2697,0,0,13,20,59,23,0,0,0,28,6,16,36,047,011000
Census Tract 112; Kings County; New York,6478,0,20,37,46,70,34,0,0,23,17,214,133,36,047,011200
Census Tract 114; Kings County; New York,3590,0,0,13,79,0,12,0,25,0,12,44,35,36,047,011400
Census Tract 116; Kings County; New York,3344,0,0,0,55,35,23,0,27,0,7,22,72,36,047,011600
Census Tract 117; Kings County; New York,3127,0,28,11,147,65,32,0,0,0,14,0,32,36,047,011700
Census Tract 118; Kings County; New York,1930,0,0,7,0,0,0,0,0,10,3,84,27,36,047,011800
Census Tract 119.01; Kings County; New York,1466,0,5,0,33,28,10,0,0,34,12,11,23,36,047,011901
Census Tract 119.02; Kings County; New York,0,0,0,0,0,0,0,0,0,0,0,0,0,36,047,011902
Census Tract 120; Kings County; New York,1291,0,0,15,15,15,0,0,0,8,6,0,12,36,047,012000
Census Tract 121; Kings County; New York,2057,0,20,10,31,6,0,0,0,18,0,6,16,36,047,012100
Census Tract 122; Kings County; New York,4651,0,0,0,96,12,21,0,0,27,81,18,35,36,047,012200
Census Tract 126; Kings County; New York,2778,0,10,13,45,37,44,0,18,0,0,34,62,36,047,012600
Census Tract 127; Kings County; New York,3958,0,115,107,105,37,67,0,0,15,92,40,328,36,047,012700
Census Tract 128.01; Kings County; New York,1932,0,6,113,16,27,31,0,0,0,18,10,39,36,047,012801
Census Tract 129.01; Kings County; New York,2377,0,0,0,63,0,37,0,7,0,0,64,0,36,047,012901
Census Tract 129.02; Kings County; New York,3452,0,36,47,43,2,0,0,0,13,50,19,11,36,047,012902
Census Tract 130; Kings County; New York,5014,0,81,29,78,0,25,0,120,0,43,21,72,36,047,013000
Census Tract 131; Kings County; New York,3434,0,38,24,95,58,0,0,0,0,72,11,47,36,047,013100
Census Tract 132; Kings County; New York,2315,0,68,5,17,68,76,0,0,0,42,59,89,36,047,013200
Census Tract 133; Kings County; New York,4388,0,0,25,43,48,6,0,0,23,40,19,20,36,047,013300
Census Tract 134; Kings County; New York,4225,0,0,1,88,29,31,0,0,0,48,63,36,36,047,013400
Census Tract 135; Kings County; New York,3946,0,16,7,0,84,26,0,9,0,32,13,24,36,047,013500
Census Tract 136; Kings County; New York,3800,0,26,14,44,31,26,0,15,29,66,15,59,36,047,013600
Census Tract 137; Kings County; New York,3212,0,59,0,67,21,0,0,0,0,41,13,9,36,047,013700
Census Tract 138; Kings County; New York,3635,0,66,48,44,50,23,0,0,21,21,37,50,36,047,013800
Census Tract 139; Kings County; New York,3501,0,0,9,30,0,1,0,0,9,45,31,37,36,047,013900
Census Tract 140; Kings County; New York,1907,0,6,17,37,0,74,0,3,2,44,25,73,36,047,014000
Census Tract 141.01; Kings County; New York,1357,0,0,14,19,0,6,0,0,22,21,9,0,36,047,014101
Census Tract 141.02; Kings County; New York,2102,0,24,6,0,0,48,0,0,10,7,17,282,36,047,014102
Census Tract 142; Kings County; New York,3489,0,34,24,56,113,34,0,0,41,72,84,70,36,047,014200
Census Tract 143; Kings County; New York,3625,0,5,0,60,0,21,0,0,30,0,14,68,36,047,014300
Census Tract 145; Kings County; New York,4459,14,0,49,112,16,15,0,0,0,65,67,29,36,047,014500
Census Tract 147; Kings County; New York,2349,0,0,0,0,9,29,0,7,3,6,3,9,36,047,014700
Census Tract 148; Kings County; New York,1320,20,0,5,0,4,0,0,0,1,21,8,45,36,047,014800
Census Tract 149.01; Kings County; New York,1561,0,0,0,18,0,21,0,0,0,17,84,0,36,047,014901
Census Tract 149.02; Kings County; New York,4388,0,104,13,49,23,0,0,13,16,6,0,7,36,047,014902
Census Tract 150; Kings County; New York,1555,0,8,0,37,21,18,0,34,0,27,0,33,36,047,015000
Census Tract 151; Kings County; New York,4042,0,9,48,26,37,0,0,12,9,27,11,47,36,047,015100
Census Tract 152; Kings County; New York,2392,0,0,0,10,28,49,0,0,31,30,5,35,36,047,015200
Census Tract 153; Kings County; New York,2543,0,0,17,22,9,13,0,0,0,27,38,28,36,047,015300
Census Tract 154; Kings County; New York,0,0,0,0,0,0,0,0,0,0,0,0,0,36,047,015400
Census Tract 155; Kings County; New York,3484,0,10,0,2,18,20,0,0,0,71,0,16,36,047,015500
Census Tract 157; Kings County; New York,4777,0,0,0,87,141,0,0,0,0,21,0,18,36,047,015700
Census Tract 159; Kings County; New York,5436,0,0,22,29,54,43,0,0,14,0,120,45,36,047,015900
Census Tract 160; Kings County; New York,4323,0,51,23,45,24,40,0,0,41,112,60,76,36,047,016000
Census Tract 161; Kings County; New York,3562,0,0,43,25,20,17,0,0,20,47,19,42,36,047,016100
Census Tract 162; Kings County; New York,2282,0,0,0,31,10,63,0,0,0,100,36,38,36,047,016200
Census Tract 163; Kings County; New York,4082,0,0,0,118,13,39,0,11,24,0,44,57,36,047,016300
Census Tract 164; Kings County; New York,591,0,0,0,7,0,0,0,8,0,7,0,0,36,047,016400
Census Tract 165; Kings County; New York,6118,0,0,36,2,2,0,0,0,17,34,2,19,36,047,016500
Census Tract 166; Kings County; New York,1958,0,0,0,12,11,45,0,0,0,34,5,20,36,047,016600
Census Tract 167; Kings County; New York,4851,0,0,25,0,0,18,0,0,19,23,51,62,36,047,016700
Census Tract 168; Kings County; New York,1970,0,6,0,33,41,27,0,22,0,55,39,31,36,047,016800
Census Tract 169; Kings County; New York,4726,0,36,0,35,22,0,0,0,0,17,0,87,36,047,016900
Census Tract 170; Kings County; New York,3584,0,68,14,29,10,29,0,18,15,83,64,218,36,047,017000
Census Tract 171; Kings County; New York,4195,0,0,15,14,16,12,0,0,0,15,23,61,36,047,017100
Census Tract 172; Kings County; New York,2830,0,0,3,39,45,0,0,0,1,0,0,23,36,047,017200
Census Tract 174; Kings County; New York,2038,0,0,4,18,13,16,0,0,0,0,25,33,36,047,017400
Census Tract 175; Kings County; New York,0,0,0,0,0,0,0,0,0,0,0,0,0,36,047,017500
Census Tract 176; Kings County; New York,2238,0,0,15,54,24,51,0,6,0,31,29,52,36,047,017600
Census Tract 177; Kings County; New York,0,0,0,0,0,0,0,0,0,0,0,0,0,36,047,017700
Census Tract 178; Kings County; New York,2474,0,5,0,104,7,12,0,0,4,33,0,87,36,047,017800
Census Tract 179; Kings County; New York,3715,0,0,32,24,36,33,0,0,38,30,13,122,36,047,017900
Census Tract 180; Kings County; New York,3027,0,0,0,72,22,0,0,0,18,51,14,11,36,047,018000
Census Tract 181; Kings County; New York,3728,0,0,17,0,51,114,0,0,16,83,15,42,36,047,018100
Census Tract 182; Kings County; New York,3460,0,21,18,34,55,59,0,0,7,48,29,90,36,047,018200
Census Tract 183; Kings County; New York,2879,0,0,11,0,0,32,0,0,0,26,0,0,36,047,018300
Census Tract 184; Kings County; New York,2161,0,6,11,84,1,38,0,14,4,9,102,47,36,047,018400
Census Tract 185.01; Kings County; New York,4334,0,27,43,116,80,47,0,21,20,319,193,160,36,047,018501
Census Tract 186; Kings County; New York,2081,0,0,1,5,44,61,0,0,0,0,20,58,36,047,018600
Census Tract 187; Kings County; New York,1448,0,0,8,21,5,0,0,0,20,11,14,51,36,047,018700
Census Tract 188; Kings County; New York,2875,0,9,8,45,74,50,0,0,25,85,19,83,36,047,018800
Census Tract 190; Kings County; New York,4093,0,0,7,58,83,32,0,0,73,46,48,120,36,047,019000
Census Tract 191; Kings County; New York,2825,0,0,24,11,27,0,0,0,26,13,19,25,36,047,019100
Census Tract 192; Kings County; New York,3092,0,0,35,8,15,14,0,0,0,48,15,7,36,047,019200
Census Tract 193; Kings County; New York,5954,0,0,145,60,25,146,0,0,90,53,93,285,36,047,019300
Census Tract 194; Kings County; New York,3366,0,9,54,14,15,138,0,9,0,9,20,70,36,047,019400
Census Tract 195; Kings County; New York,3782,0,0,0,88,30,136,0,0,40,70,23,21,36,047,019500
Census Tract 196; Kings County; New York,4314,0,2,33,40,39,90,0,8,31,19,57,47,36,047,019600
Census Tract 197; Kings County; New York,4044,0,0,4,25,11,0,15,0,15,49,73,27,36,047,019700
Census Tract 198; Kings County; New York,1812,0,9,2,6,8,29,0,0,0,14,17,86,36,047,019800
Census Tract 199; Kings County; New York,3952,0,0,36,68,0,45,0,11,53,38,98,20,36,047,019900
Census Tract 200; Kings County; New York,2118,0,0,0,36,23,27,0,8,1,42,42,17,36,047,020000
Census Tract 201; Kings County; New York,4133,0,0,11,38,0,65,0,0,10,49,23,0,36,047,020100
Census Tract 202; Kings County; New York,1747,0,35,0,10,24,0,0,0,12,29,17,45,36,047,020200
Census Tract 203; Kings County; New York,1984,0,0,43,40,0,0,0,10,11,15,63,23,36,047,020300
Census Tract 204; Kings County; New York,1754,0,0,0,18,7,14,0,0,0,28,57,80,36,047,020400
Census Tract 205; Kings County; New York,3542,0,0,42,11,31,29,0,0,8,54,29,28,36,047,020500
Census Tract 206; Kings County; New York,2488,0,24,0,0,35,31,0,0,0,31,45,83,36,047,020600
Census Tract 207; Kings County; New York,4681,0,26,0,17,23,19,0,18,0,70,18,0,36,047,020700
Census Tract 208; Kings County; New York,2761,0,0,0,107,28,34,0,0,10,13,56,52,36,047,020800
Census Tract 210; Kings County; New York,3899,0,4,110,65,41,11,0,11,51,67,84,41,36,047,021000
Census Tract 211; Kings County; New York,2753,0,22,38,88,7,0,0,0,29,171,8,39,36,047,021100
Census Tract 212; Kings County; New York,3448,0,0,8,12,95,18,0,0,46,100,54,53,36,047,021200
Census Tract 213; Kings County; New York,4440,0,0,22,75,44,0,0,0,8,102,144,128,36,047,021300
Census Tract 214; Kings County; New York,2510,0,15,5,44,22,5,0,31,9,21,19,11,36,047,021400
Census Tract 215; Kings County; New York,5735,0,0,116,91,28,0,0,0,60,27,150,136,36,047,021500
Census Tract 216; Kings County; New York,3670,0,0,22,16,19,34,0,0,0,37,55,10,36,047,021600
Census Tract 217; Kings County; New York,3958,0,0,90,92,11,41,0,19,48,12,91,90,36,047,021700
Census Tract 218; Kings County; New York,3001,0,0,27,1,0,11,0,0,20,13,27,11,36,047,021800
Census Tract 219; Kings County; New York,4285,0,0,12,23,44,52,0,0,92,22,107,37,36,047,021900
Census Tract 220; Kings County; New York,5525,0,19,0,67,14,13,0,32,15,81,9,26,36,047,022000
Census Tract 221; Kings County; New York,3706,0,0,47,52,174,0,0,0,70,32,173,96,36,047,022100
Census Tract 222; Kings County; New York,4270,0,0,15,16,9,27,0,15,0,52,32,74,36,047,022200
Census Tract 224; Kings County; New York,5335,0,0,44,16,40,41,0,35,12,117,24,62,36,047,022400
Census Tract 226; Kings County; New York,2572,0,55,19,63,19,0,0,0,1,35,19,19,36,047,022600
Census Tract 227; Kings County; New York,4425,0,0,30,188,41,29,0,100,159,77,51,0,36,047,022700
Census Tract 228; Kings County; New York,3671,0,50,85,95,0,0,0,23,40,42,10,0,36,047,022800
Census Tract 229; Kings County; New York,3421,0,0,0,52,24,0,0,0,28,2,28,14,36,047,022900
Census Tract 230; Kings County; New York,4887,0,0,42,0,49,53,0,16,0,0,24,42,36,047,023000
Census Tract 231; Kings County; New York,3546,0,0,0,5,0,27,0,0,8,32,78,73,36,047,023100
Census Tract 232; Kings County; New York,6645,0,39,0,11,64,32,0,13,0,30,1,49,36,047,023200
Census Tract 233; Kings County; New York,6804,0,0,49,54,62,13,0,0,18,213,65,0,36,047,023300
Census Tract 234; Kings County; New York,5558,0,0,0,45,0,21,0,0,0,12,149,94,36,047,023400
Census Tract 235; Kings County; New York,5578,0,60,12,53,0,0,0,12,24,43,0,30,36,047,023500
Census Tract 236; Kings County; New York,5846,0,0,7,0,97,12,0,13,17,9,73,58,36,047,023600
Census Tract 238; Kings County; New York,5200,0,0,0,21,31,30,0,0,18,17,27,55,36,047,023800
Census Tract 240; Kings County; New York,6343,0,40,42,0,97,0,0,0,10,63,18,77,36,047,024000
Census Tract 241; Kings County; New York,2975,0,0,61,57,34,0,0,0,35,79,20,28,36,047,024100
Census Tract 242; Kings County; New York,3026,7,0,13,16,43,53,0,0,0,19,5,37,36,047,024200
Census Tract 243; Kings County; New York,4300,0,57,46,45,0,153,0,0,0,58,129,211,36,047,024300
Census Tract 244; Kings County; New York,3697,0,0,1,13,21,7,0,0,0,6,16,15,36,047,024400
Census Tract 245; Kings County; New York,4437,0,17,16,58,6,39,0,28,96,38,99,14,36,047,024500
Census Tract 246; Kings County; New York,3489,0,0,2,43,11,64,0,0,0,63,18,58,36,047,024600
Census Tract 247; Kings County; New York,2499,0,0,0,109,75,0,0,0,0,26,39,0,36,047,024700
Census Tract 248; Kings County; New York,2476,0,0,12,20,36,54,0,0,6,0,30,98,36,047,024800
Census Tract 249; Kings County; New York,3992,0,0,11,14,31,42,0,0,178,71,34,56,36,047,024900
Census Tract 250; Kings County; New York,1676,0,29,1,24,6,58,0,0,0,52,43,66,36,047,025000
Census Tract 251; Kings County; New York,3687,0,0,34,41,112,0,0,0,40,91,88,222,36,047,025100
Census Tract 252; Kings County; New York,4847,0,12,24,43,52,93,0,11,0,36,49,139,36,047,025200
Census Tract 253; Kings County; New York,3375,0,0,110,0,0,0,0,0,43,50,17,47,36,047,025300
Census Tract 254; Kings County; New York,2992,0,14,0,0,36,38,0,0,0,75,63,27,36,047,025400
Census Tract 255; Kings County; New York,4922,0,0,50,130,22,97,0,16,100,332,87,188,36,047,025500
Census Tract 256; Kings County; New York,3114,0,15,18,57,65,77,0,13,0,27,9,50,36,047,025600
Census Tract 257; Kings County; New York,3279,0,0,28,45,0,21,0,0,34,22,29,25,36,047,025700
Census Tract 258; Kings County; New York,4482,0,0,0,110,26,77,0,0,19,72,57,94,36,047,025800
Census Tract 259.01; Kings County; New York,2163,0,0,14,25,13,7,0,0,2,72,0,0,36,047,025901
Census Tract 259.02; Kings County; New York,3611,0,34,45,15,0,52,0,0,14,282,87,153,36,047,025902
Census Tract 260; Kings County; New York,3076,0,0,10,80,23,17,0,0,30,106,66,57,36,047,026000
Census Tract 261; Kings County; New York,5455,0,0,105,101,0,0,0,63,31,130,83,36,36,047,026100
Census Tract 262; Kings County; New York,2622,0,0,6,93,28,12,0,16,12,37,0,11,36,047,026200
Census Tract 263; Kings County; New York,2270,0,0,0,8,16,0,0,0,0,57,7,25,36,047,026300
Census Tract 264; Kings County; New York,4732,0,8,23,97,11,7,0,0,0,78,52,7,36,047,026400
Census Tract 265; Kings County; New York,4159,0,0,14,0,10,46,0,0,0,56,63,69,36,047,026500
Census Tract 266; Kings County; New York,3390,0,0,34,0,67,0,0,0,0,12,20,36,36,047,026600
Census Tract 267; Kings County; New York,3836,0,26,4,21,56,52,0,0,0,1,23,139,36,047,026700
Census Tract 268; Kings County; New York,4277,0,0,13,35,23,162,0,0,6,19,28,50,36,047,026800
Census Tract 269; Kings County; New York,3124,0,0,34,109,85,0,0,0,17,61,30,0,36,047,026900
Census Tract 270; Kings County; New York,2496,0,28,0,42,48,31,0,0,0,29,60,92,36,047,027000
Census Tract 271; Kings County; New York,3713,0,14,49,67,45,6,0,12,0,57,42,45,36,047,027100
Census Tract 272; Kings County; New York,3993,0,0,0,64,8,173,0,14,0,39,100,117,36,047,027200
Census Tract 273; Kings County; New York,4068,0,0,0,53,0,42,0,25,17,187,145,61,36,047,027300
Census Tract 274; Kings County; New York,3154,0,0,14,10,35,49,0,0,3,81,25,303,36,047,027400
Census Tract 275; Kings County; New York,5290,0,8,0,222,0,0,0,132,11,96,147,131,36,047,027500
Census Tract 276; Kings County; New York,3791,0,0,0,73,15,26,0,0,0,13,62,68,36,047,027600
Census Tract 277; Kings County; New York,4291,0,0,113,61,0,0,0,23,28,211,106,60,36,047,027700
Census Tract 278; Kings County; New York,3086,0,0,0,77,20,0,0,33,0,57,41,94,36,047,027800
Census Tract 279; Kings County; New York,4154,0,54,0,28,1,12,0,16,161,17,7,70,36,047,027900
Census Tract 280; Kings County; New York,1686,0,0,1,11,11,8,0,0,0,0,16,47,36,047,028000
Census Tract 281; Kings County; New York,5090,0,0,31,83,58,0,0,55,25,218,64,57,36,047,028100
Census Tract 282; Kings County; New York,2960,0,0,0,55,79,24,0,0,43,25,4,179,36,047,028200
Census Tract 283; Kings County; New York,4092,0,73,0,236,54,42,0,8,30,207,108,59,36,047,028300
Census Tract 284; Kings County; New York,3686,0,0,74,13,9,16,0,105,0,51,69,110,36,047,028400
Census Tract 285.01; Kings County; New York,410,0,0,1,27,0,0,0,0,7,30,0,0,36,047,028501
Census Tract 285.02; Kings County; New York,3303,0,15,24,188,51,0,0,0,0,206,184,173,36,047,028502
Census Tract 286; Kings County; New York,5171,0,29,20,28,72,134,0,56,84,261,128,222,36,047,028600
Census Tract 287; Kings County; New York,3353,0,0,22,55,0,0,0,0,74,188,0,28,36,047,028700
Census Tract 288; Kings County; New York,3799,0,23,7,12,30,18,0,0,0,10,167,34,36,047,028800
Census Tract 289; Kings County; New York,4261,0,19,0,60,70,42,0,0,0,80,61,143,36,047,028900
Census Tract 290; Kings County; New York,3301,0,63,0,6,27,130,0,0,0,100,61,261,36,047,029000
Census Tract 291; Kings County; New York,3368,0,0,0,123,0,37,0,0,0,123,58,48,36,047,029100
Census Tract 292; Kings County; New York,2668,0,0,10,83,0,70,0,0,0,57,129,107,36,047,029200
Census Tract 293; Kings County; New York,3284,0,26,6,45,58,70,0,0,29,161,53,70,36,047,029300
Census Tract 294; Kings County; New York,1708,0,6,33,72,48,26,0,0,9,43,9,32,36,047,029400
Census Tract 295; Kings County; New York,4011,0,0,23,55,0,24,0,0,114,32,0,52,36,047,029500
Census Tract 296; Kings County; New York,6128,0,0,13,13,38,36,0,0,64,60,59,203,36,047,029600
Census Tract 297; Kings County; New York,4099,0,40,18,129,16,48,0,0,25,182,25,182,36,047,029700
Census Tract 298; Kings County; New York,3997,0,9,0,97,30,28,0,0,0,40,14,18,36,047,029800
Census Tract 299; Kings County; New York,2278,0,11,0,21,7,0,0,0,0,96,41,35,36,047,029900
Census Tract 300; Kings County; New York,4222,0,0,7,91,73,0,0,0,0,64,30,45,36,047,030000
Census Tract 301; Kings County; New York,3181,0,12,32,78,68,0,0,0,29,32,10,44,36,047,030100
Census Tract 302; Kings County; New York,3899,0,0,0,94,19,52,0,0,0,28,108,30,36,047,030200
Census Tract 303; Kings County; New York,5740,0,0,101,133,0,23,0,0,19,223,181,144,36,047,030300
Census Tract 304; Kings County; New York,3924,0,0,55,65,26,175,0,0,2,106,30,180,36,047,030400
Census Tract 305; Kings County; New York,6909,0,0,0,68,67,0,0,0,0,324,0,109,36,047,030500
Census Tract 306; Kings County; New York,1949,0,14,0,89,16,18,0,0,41,67,21,44,36,047,030600
Census Tract 307; Kings County; New York,6571,0,26,50,284,81,82,0,0,26,254,27,229,36,047,030700
Census Tract 308; Kings County; New York,1678,0,15,14,9,38,22,0,0,0,30,35,48,36,047,030800
Census Tract 309; Kings County; New York,2447,0,41,8,12,8,0,0,0,116,93,35,81,36,047,030900
Census Tract 311; Kings County; New York,3389,0,0,13,114,2,4,0,29,15,139,50,57,36,047,031100
Census Tract 313; Kings County; New York,4317,0,0,0,187,0,144,0,0,69,137,228,71,36,047,031300
Census Tract 314.01; Kings County; New York,4934,0,0,8,25,39,47,0,95,2,111,115,375,36,047,031401
Census Tract 314.02; Kings County; New York,0,0,0,0,0,0,0,0,0,0,0,0,0,36,047,031402
Census Tract 315; Kings County; New York,5136,0,0,38,10,0,21,0,30,162,89,0,60,36,047,031500
Census Tract 317.01; Kings County; New York,4150,0,0,6,115,0,0,0,0,68,84,11,64,36,047,031701
Census Tract 317.02; Kings County; New York,3812,0,0,16,12,23,106,0,27,0,127,7,21,36,047,031702
Census Tract 319; Kings County; New York,3356,0,7,0,34,29,5,0,0,0,47,30,36,36,047,031900
Census Tract 321; Kings County; New York,5134,0,0,104,69,0,0,0,92,59,197,123,28,36,047,032100
Census Tract 323; Kings County; New York,3505,0,22,11,76,0,61,0,0,0,93,71,62,36,047,032300
Census Tract 325; Kings County; New York,5982,0,0,111,121,28,105,0,0,123,17,0,193,36,047,032500
Census Tract 326; Kings County; New York,10079,0,302,0,157,21,47,0,0,74,529,98,81,36,047,032600
Census Tract 327; Kings County; New York,2701,0,0,0,5,38,0,0,0,19,42,0,83,36,047,032700
Census Tract 328; Kings County; New York,2749,0,34,6,12,72,44,0,27,0,107,216,27,36,047,032800
Census Tract 329; Kings County; New York,5901,0,52,0,75,0,20,0,0,76,115,157,114,36,047,032900
Census Tract 330; Kings County; New York,4283,0,38,15,178,53,22,0,39,12,197,248,225,36,047,033000
Census Tract 331; Kings County; New York,4171,0,73,0,35,58,39,0,0,0,24,126,103,36,047,033100
Census Tract 333; Kings County; New York,4779,0,31,16,0,48,41,0,0,0,68,30,59,36,047,033300
Census Tract 335; Kings County; New York,3522,0,27,31,27,24,34,0,9,12,7,9,114,36,047,033500
Census Tract 336; Kings County; New York,4727,0,0,15,105,2,64,0,0,23,54,75,114,36,047,033600
Census Tract 337.01; Kings County; New York,2755,0,50,4,34,0,87,0,11,18,9,0,112,36,047,033701
Census Tract 337.02; Kings County; New York,1827,0,0,13,0,0,36,0,0,0,7,59,84,36,047,033702
Census Tract 339; Kings County; New York,4932,0,0,44,157,0,48,0,0,0,46,160,146,36,047,033900
Census Tract 340; Kings County; New York,1554,0,0,49,38,29,54,0,0,0,82,120,57,36,047,034000
Census Tract 341; Kings County; New York,2432,0,0,19,71,0,0,0,0,72,36,92,9,36,047,034100
Census Tract 342; Kings County; New York,6407,0,49,114,34,58,425,0,0,14,119,136,792,36,047,034200
Census Tract 343; Kings County; New York,4489,0,53,15,198,46,53,0,19,177,200,134,62,36,047,034300
Census Tract 345; Kings County; New York,2664,0,0,0,19,31,0,0,19,55,18,17,81,36,047,034500
Census Tract 347; Kings County; New York,3157,0,14,44,22,17,19,0,63,86,176,86,59,36,047,034700
Census Tract 348; Kings County; New York,2852,14,0,12,62,4,0,0,0,0,67,10,14,36,047,034800
Census Tract 349.01; Kings County; New York,2302,0,41,0,0,17,0,0,0,0,0,32,0,36,047,034901
Census Tract 349.02; Kings County; New York,3499,0,0,0,68,17,0,0,0,0,0,9,114,36,047,034902
Census Tract 350; Kings County; New York,3082,0,61,52,193,97,103,0,0,16,77,168,158,36,047,035000
Census Tract 351.01; Kings County; New York,1805,0,0,0,34,5,8,0,0,42,70,29,40,36,047,035101
Census Tract 351.02; Kings County; New York,3253,0,0,39,39,44,53,0,0,5,154,58,121,36,047,035102
Census Tract 352; Kings County; New York,1104,0,0,21,70,0,72,0,21,55,89,43,260,36,047,035200
Census Tract 353.01; Kings County; New York,3002,0,0,0,65,0,0,0,0,13,99,35,26,36,047,035301
Census Tract 353.02; Kings County; New York,3184,0,27,0,127,17,40,0,0,0,83,80,89,36,047,035302
Census Tract 354; Kings County; New York,5366,0,28,26,52,129,358,0,0,45,155,181,515,36,047,035400
Census Tract 355; Kings County; New York,5515,0,0,49,210,19,0,0,38,15,239,105,53,36,047,035500
Census Tract 356.01; Kings County; New York,2640,0,0,0,85,47,148,0,0,0,86,199,213,36,047,035601
Census Tract 356.02; Kings County; New York,6721,0,0,0,10,101,288,0,0,0,123,200,363,36,047,035602
Census Tract 357.01; Kings County; New York,2657,0,24,26,89,0,0,0,26,0,172,23,31,36,047,035701
Census Tract 357.02; Kings County; New York,0,0,0,0,0,0,0,0,0,0,0,0,0,36,047,035702
Census Tract 359; Kings County; New York,6656,0,0,50,225,79,21,0,0,0,188,103,121,36,047,035900
Census Tract 360.01; Kings County; New York,2972,0,0,19,30,61,138,0,33,0,6,69,367,36,047,036001
Census Tract 360.02; Kings County; New York,3772,0,19,0,29,74,207,0,0,41,82,280,749,36,047,036002
Census Tract 361; Kings County; New York,2902,0,0,15,196,102,0,0,0,47,162,81,182,36,047,036100
Census Tract 362; Kings County; New York,3343,0,15,0,90,57,31,0,46,0,42,89,40,36,047,036200
Census Tract 363; Kings County; New York,4909,0,0,37,49,68,27,0,0,97,273,31,23,36,047,036300
Census Tract 364; Kings County; New York,2298,0,0,12,69,6,1,0,0,1,5,29,77,36,047,036400
Census Tract 365.01; Kings County; New York,3467,0,23,47,122,92,33,0,23,29,130,32,130,36,047,036501
Census Tract 365.02; Kings County; New York,2013,0,0,0,107,7,0,0,21,0,22,0,27,36,047,036502
Census Tract 366; Kings County; New York,4145,0,22,18,10,62,20,0,0,0,57,53,60,36,047,036600
Census Tract 367; Kings County; New York,1982,0,0,82,84,37,0,0,0,0,27,0,0,36,047,036700
Census Tract 369; Kings County; New York,5296,0,0,22,233,64,46,0,0,53,178,0,128,36,047,036900
Census Tract 370; Kings County; New York,3987,0,0,0,77,27,88,0,46,14,48,81,56,36,047,037000
Census Tract 371; Kings County; New York,4723,0,12,70,133,0,0,0,0,29,147,0,0,36,047,037100
Census Tract 373; Kings County; New York,5258,0,0,25,151,32,48,0,0,18,126,64,77,36,047,037300
Census Tract 374.01; Kings County; New York,4646,0,42,71,63,53,57,0,0,44,142,141,217,36,047,037401
Census Tract 374.02; Kings County; New York,5449,0,0,0,0,188,81,0,88,0,131,123,258,36,047,037402
Census Tract 375; Kings County; New York,3640,0,22,26,135,76,0,0,49,47,94,24,47,36,047,037500
Census Tract 377; Kings County; New York,4893,0,20,67,70,38,11,0,21,38,26,50,169,36,047,037700
Census Tract 379; Kings County; New York,4834,0,0,48,99,27,56,0,0,30,146,31,57,36,047,037900
Census Tract 381; Kings County; New York,5612,0,10,0,157,68,73,0,44,28,81,181,180,36,047,038100
Census Tract 382; Kings County; New York,5257,0,189,12,55,106,101,0,66,21,261,129,283,36,047,038200
Census Tract 383; Kings County; New York,5456,0,0,0,0,50,72,0,0,45,42,104,153,36,047,038300
Census Tract 385; Kings County; New York,3895,0,0,30,32,72,48,0,0,37,106,62,43,36,047,038500
Census Tract 386; Kings County; New York,3093,0,0,5,92,48,0,0,0,0,28,37,29,36,047,038600
Census Tract 387; Kings County; New York,4827,0,0,53,29,64,62,0,0,37,30,0,51,36,047,038700
Census Tract 388; Kings County; New York,4999,0,45,24,32,16,0,0,31,0,119,7,69,36,047,038800
Census Tract 389; Kings County; New York,2829,0,20,16,49,104,0,0,0,33,34,14,0,36,047,038900
Census Tract 390; Kings County; New York,2672,0,0,31,47,22,21,0,0,5,16,34,43,36,047,039000
Census Tract 391; Kings County; New York,5243,0,0,14,114,65,0,0,0,125,244,51,110,36,047,039100
Census Tract 392; Kings County; New York,3441,0,9,13,4,0,69,0,0,0,38,11,45,36,047,039200
Census Tract 393; Kings County; New York,3868,0,0,46,69,5,0,0,0,74,74,0,37,36,047,039300
Census Tract 394; Kings County; New York,2076,0,0,10,51,13,36,0,0,0,41,42,36,36,047,039400
Census Tract 395; Kings County; New York,3845,0,0,33,126,0,49,0,0,75,11,41,128,36,047,039500
Census Tract 396; Kings County; New York,1987,0,38,44,116,0,10,0,0,0,118,10,31,36,047,039600
Census Tract 397; Kings County; New York,3316,0,0,96,62,0,0,0,0,12,65,25,82,36,047,039700
Census Tract 398; Kings County; New York,2855,0,0,8,30,52,14,0,0,13,27,18,30,36,047,039800
Census Tract 399; Kings County; New York,4164,0,81,20,104,31,13,0,0,29,104,126,125,36,047,039900
Census Tract 400; Kings County; New York,2192,0,9,0,24,20,43,0,0,0,19,48,42,36,047,040000
Census Tract 401; Kings County; New York,3544,0,0,12,31,0,31,0,0,33,52,43,161,36,047,040100
Census Tract 402; Kings County; New York,2570,0,0,13,5,6,21,5,0,0,29,32,6,36,047,040200
Census Tract 403; Kings County; New York,4082,0,0,108,52,18,23,0,0,101,60,64,68,36,047,040300
Census Tract 404; Kings County; New York,2615,0,29,4,20,7,44,0,0,11,27,21,55,36,047,040400
Census Tract 405; Kings County; New York,1391,0,0,22,13,30,9,0,0,0,50,10,47,36,047,040500
Census Tract 406; Kings County; New York,3924,0,0,0,9,36,97,0,0,10,15,58,113,36,047,040600
Census Tract 407; Kings County; New York,0,0,0,0,0,0,0,0,0,0,0,0,0,36,047,040700
Census Tract 408; Kings County; New York,3724,0,0,11,80,0,32,0,0,23,198,65,43,36,047,040800
Census Tract 409; Kings County; New York,3858,0,0,54,40,16,10,0,17,47,80,0,212,36,047,040900
Census Tract 410; Kings County; New York,1650,0,0,0,16,31,24,0,0,20,22,30,48,36,047,041000
Census Tract 411; Kings County; New York,3001,0,0,0,49,98,0,0,0,22,17,11,0,36,047,041100
Census Tract 412; Kings County; New York,3164,0,10,0,61,34,9,0,19,0,21,33,111,36,047,041200
Census Tract 413; Kings County; New York,3620,0,45,23,22,0,71,0,0,20,87,23,93,36,047,041300
Census Tract 414.01; Kings County; New York,1182,0,0,0,6,0,0,0,0,0,0,7,19,36,047,041401
Census Tract 414.02; Kings County; New York,2111,0,34,18,48,0,80,0,68,15,33,50,119,36,047,041402
Census Tract 415; Kings County; New York,4291,0,22,0,25,0,38,0,20,36,73,69,82,36,047,041500
Census Tract 416; Kings County; New York,2105,0,0,25,10,38,18,0,50,16,5,66,63,36,047,041600
Census Tract 417; Kings County; New York,3390,0,0,60,47,0,164,0,0,0,191,40,185,36,047,041700
Census Tract 418; Kings County; New York,2790,0,28,8,18,101,61,0,14,21,9,53,93,36,047,041800
Census Tract 419; Kings County; New York,3417,0,6,26,62,0,35,0,37,95,172,46,143,36,047,041900
Census Tract 420; Kings County; New York,1727,0,20,0,10,10,18,0,0,5,7,46,33,36,047,042000
Census Tract 421; Kings County; New York,4089,0,14,11,193,27,0,0,23,70,99,45,21,36,047,042100
Census Tract 422; Kings County; New York,3102,0,0,33,6,31,66,0,0,0,64,19,17,36,047,042200
Census Tract 423; Kings County; New York,4112,0,0,29,74,5,20,0,0,47,83,27,6,36,047,042300
Census Tract 424; Kings County; New York,3401,0,0,11,25,33,11,0,0,6,70,69,59,36,047,042400
Census Tract 425; Kings County; New York,2903,0,19,74,77,12,0,0,0,27,68,0,22,36,047,042500
Census Tract 426; Kings County; New York,4410,0,0,21,64,36,9,0,8,0,13,68,101,36,047,042600
Census Tract 427; Kings County; New York,4215,0,0,66,18,0,39,0,0,70,0,0,0,36,047,042700
Census Tract 428; Kings County; New York,3852,20,0,0,62,6,110,0,0,0,12,31,105,36,047,042800
Census Tract 429; Kings County; New York,5074,0,14,112,64,120,0,0,0,70,132,31,0,36,047,042900
Census Tract 430; Kings County; New York,3668,0,0,13,63,23,76,0,8,0,36,33,219,36,047,043000
Census Tract 431; Kings County; New York,4023,0,0,39,105,47,0,0,0,69,98,71,0,36,047,043100
Census Tract 432; Kings County; New York,4098,0,0,1,71,29,42,0,0,0,91,64,95,36,047,043200
Census Tract 433; Kings County; New York,3621,0,32,23,101,105,71,0,0,55,174,13,33,36,047,043300
Census Tract 434; Kings County; New York,4061,0,0,0,54,11,57,0,9,32,73,69,67,36,047,043400
Census Tract 435; Kings County; New York,4971,0,19,20,88,0,6,0,0,0,149,56,31,36,047,043500
Census Tract 436; Kings County; New York,4591,0,11,24,63,2,87,0,0,5,75,15,202,36,047,043600
Census Tract 437; Kings County; New York,5228,0,0,46,54,36,49,0,0,61,16,64,18,36,047,043700
Census Tract 438; Kings County; New York,2383,0,0,0,21,28,59,0,0,0,0,43,134,36,047,043800
Census Tract 439; Kings County; New York,4045,0,0,0,11,61,104,0,51,34,48,60,13,36,047,043900
Census Tract 440; Kings County; New York,2646,0,0,42,20,38,23,0,21,18,46,27,27,36,047,044000
Census Tract 441; Kings County; New York,4877,0,0,24,37,8,0,0,27,133,26,0,16,36,047,044100
Census Tract 442; Kings County; New York,2379,0,0,0,33,21,25,0,25,5,26,12,131,36,047,044200
Census Tract 443; Kings County; New York,4272,0,0,30,20,0,55,0,0,33,52,87,48,36,047,044300
Census Tract 444; Kings County; New York,3084,0,0,0,1,64,37,0,0,31,45,38,11,36,047,044400
Census Tract 445; Kings County; New York,3956,0,0,62,96,109,4,0,27,61,129,48,72,36,047,044500
Census Tract 446; Kings County; New York,2034,0,0,5,17,13,35,0,0,0,0,0,15,36,047,044600
Census Tract 447; Kings County; New York,2470,0,7,42,102,27,9,0,0,10,67,0,5,36,047,044700
Census Tract 448; Kings County; New York,1787,0,0,11,27,25,0,0,0,22,36,35,103,36,047,044800
Census Tract 449.01; Kings County; New York,2567,0,0,0,41,0,0,0,0,22,154,50,59,36,047,044901
Census Tract 449.02; Kings County; New York,0,0,0,0,0,0,0,0,0,0,0,0,0,36,047,044902
Census Tract 450; Kings County; New York,863,0,0,0,44,13,15,0,0,0,4,0,38,36,047,045000
Census Tract 452; Kings County; New York,2640,0,0,0,31,13,24,0,0,4,51,8,72,36,047,045200
Census Tract 453; Kings County; New York,1938,0,0,24,52,0,56,0,0,62,5,0,5,36,047,045300
Census Tract 454; Kings County; New York,1951,0,0,81,12,16,54,0,10,0,8,6,18,36,047,045400
Census Tract 456; Kings County; New York,2245,0,0,3,23,81,59,0,28,20,164,74,75,36,047,045600
Census Tract 458; Kings County; New York,1132,0,0,0,21,8,11,0,0,0,9,33,25,36,047,045800
Census Tract 460; Kings County; New York,3335,0,0,0,3,69,10,0,0,14,16,10,148,36,047,046000
Census Tract 462.01; Kings County; New York,2575,0,0,0,26,88,119,0,0,0,11,63,186,36,047,046201
Census Tract 462.02; Kings County; New York,1847,0,0,0,6,0,9,0,21,0,13,0,36,36,047,046202
Census Tract 464; Kings County; New York,2768,0,0,0,42,45,30,0,20,2,7,10,45,36,047,046400
Census Tract 468; Kings County; New York,2215,0,0,13,35,0,9,0,0,0,8,0,7,36,047,046800
Census Tract 470; Kings County; New York,2486,0,0,7,22,15,5,0,10,5,6,27,15,36,047,047000
Census Tract 472; Kings County; New York,2899,0,0,0,7,46,32,5,0,0,2,55,59,36,047,047200
Census Tract 474; Kings County; New York,2974,0,0,31,52,19,15,0,0,0,42,6,68,36,047,047400
Census Tract 476; Kings County; New York,3839,0,0,0,0,0,23,0,0,50,0,19,76,36,047,047600
Census Tract 477; Kings County; New York,4102,0,0,0,50,25,17,0,0,0,3,0,15,36,047,047700
Census Tract 478; Kings County; New York,5164,0,0,0,33,13,34,0,0,4,28,0,133,36,047,047800
Census Tract 480; Kings County; New York,3534,0,0,56,66,11,33,0,0,16,87,130,153,36,047,048000
Census Tract 481; Kings County; New York,2902,0,0,40,9,24,25,0,67,34,50,63,60,36,047,048100
Census Tract 482; Kings County; New York,5455,0,0,46,208,37,58,0,0,0,190,132,228,36,047,048200
Census Tract 484; Kings County; New York,5362,0,0,0,117,32,46,0,0,54,39,12,158,36,047,048400
Census Tract 485; Kings County; New York,2371,0,2,61,43,0,0,0,0,7,69,49,0,36,047,048500
Census Tract 486; Kings County; New York,3200,0,30,13,39,27,0,0,0,0,74,40,62,36,047,048600
Census Tract 488; Kings County; New York,4053,0,72,30,44,7,19,0,19,15,76,82,90,36,047,048800
Census Tract 489; Kings County; New York,3228,0,126,35,66,0,21,0,0,81,147,200,52,36,047,048900
Census Tract 490; Kings County; New York,5261,0,87,0,166,14,44,0,37,4,121,22,226,36,047,049000
Census Tract 491; Kings County; New York,7170,0,0,53,134,255,113,0,27,0,244,106,293,36,047,049100
Census Tract 492; Kings County; New York,2734,0,14,0,251,31,71,0,0,12,127,73,93,36,047,049200
Census Tract 493.01; Kings County; New York,2169,0,17,18,43,0,69,0,235,104,161,41,146,36,047,049301
Census Tract 493.02; Kings County; New York,4691,0,22,0,167,156,0,0,22,21,140,260,103,36,047,049302
Census Tract 494; Kings County; New York,5309,0,1,57,42,6,7,0,0,18,273,31,39,36,047,049400
Census Tract 495; Kings County; New York,2939,0,0,16,28,0,0,0,0,0,139,0,0,36,047,049500
Census Tract 496; Kings County; New York,4006,0,58,55,96,0,70,0,0,14,89,22,61,36,047,049600
Census Tract 497; Kings County; New York,3272,0,24,39,0,26,39,0,0,19,42,23,49,36,047,049700
Census Tract 498; Kings County; New York,4163,0,67,8,14,1,24,0,22,0,71,57,68,36,047,049800
Census Tract 499; Kings County; New York,2285,0,0,0,24,0,0,0,0,11,16,0,20,36,047,049900
Census Tract 500.01; Kings County; New York,2279,0,0,0,44,8,117,0,0,17,88,5,101,36,047,050001
Census Tract 500.02; Kings County; New York,1726,0,40,0,62,0,20,0,5,0,10,16,28,36,047,050002
Census Tract 501; Kings County; New York,3089,0,0,11,0,0,41,0,4,10,28,0,98,36,047,050100
Census Tract 502.02; Kings County; New York,2281,0,0,0,22,173,26,0,22,0,53,42,147,36,047,050202
Census Tract 503; Kings County; New York,3044,0,0,22,81,0,12,0,0,0,86,12,25,36,047,050300
Census Tract 504.01; Kings County; New York,2824,0,0,1,18,20,18,0,0,0,31,76,0,36,047,050401
Census Tract 504.02; Kings County; New York,1935,0,23,14,31,25,8,0,0,0,0,0,66,36,047,050402
Census Tract 505; Kings County; New York,4284,0,10,0,22,36,0,0,0,60,256,41,182,36,047,050500
Census Tract 506; Kings County; New York,5570,0,0,0,60,39,27,0,0,26,92,79,79,36,047,050600
Census Tract 507; Kings County; New York,3869,0,0,0,51,0,2,0,20,0,24,0,3,36,047,050700
Census Tract 508.01; Kings County; New York,3718,0,0,9,17,6,18,0,16,34,125,55,51,36,047,050801
Census Tract 508.03; Kings County; New York,2606,0,0,57,65,30,0,0,0,0,66,51,58,36,047,050803
Census Tract 508.04; Kings County; New York,6765,0,30,63,100,25,68,0,0,55,82,77,18,36,047,050804
Census Tract 509; Kings County; New York,5473,0,18,0,0,43,0,0,40,0,0,0,0,36,047,050900
Census Tract 510.01; Kings County; New York,4652,0,35,18,31,10,13,0,0,80,69,26,45,36,047,051001
Census Tract 510.02; Kings County; New York,4028,0,24,11,66,21,11,0,0,0,72,94,64,36,047,051002
Census Tract 511; Kings County; New York,3922,0,0,55,132,40,19,0,0,0,91,94,23,36,047,051100
Census Tract 512; Kings County; New York,5991,0,0,0,39,0,0,0,32,24,152,87,56,36,047,051200
Census Tract 513; Kings County; New York,5628,0,0,56,4,29,0,0,0,180,202,134,29,36,047,051300
Census Tract 514; Kings County; New York,7214,0,0,46,86,32,59,0,17,31,199,3,54,36,047,051400
Census Tract 515; Kings County; New York,2839,0,0,0,0,0,1,0,0,0,14,0,0,36,047,051500
Census Tract 516.01; Kings County; New York,4824,0,10,19,92,1,123,0,0,71,82,50,62,36,047,051601
Census Tract 516.02; Kings County; New York,3650,0,11,14,0,11,0,0,0,9,36,0,29,36,047,051602
Census Tract 517; Kings County; New York,2853,0,0,31,18,0,1,17,0,21,0,0,13,36,047,051700
Census Tract 518; Kings County; New York,3433,0,26,0,14,36,40,0,0,0,33,46,69,36,047,051800
Census Tract 519; Kings County; New York,5725,0,0,95,51,20,0,0,0,0,45,0,20,36,047,051900
Census Tract 520; Kings County; New York,3544,0,64,7,16,0,20,0,0,0,104,0,8,36,047,052000
Census Tract 523; Kings County; New York,5432,0,47,218,10,0,0,0,0,71,128,100,155,36,047,052300
Census Tract 525; Kings County; New York,3501,0,0,14,67,0,29,0,0,0,148,19,107,36,047,052500
Census Tract 526; Kings County; New York,3839,0,12,12,46,43,64,0,7,32,43,20,13,36,047,052600
Census Tract 527; Kings County; New York,5916,0,82,66,101,98,47,0,0,22,87,80,124,36,047,052700
Census Tract 528; Kings County; New York,1826,0,4,19,7,53,14,0,9,11,26,30,68,36,047,052800
Census Tract 529; Kings County; New York,3109,0,48,17,0,21,35,0,0,0,8,120,0,36,047,052900
Census Tract 530; Kings County; New York,3624,0,0,0,20,138,52,0,13,12,51,83,26,36,047,053000
Census Tract 531.01; Kings County; New York,2629,0,0,37,17,0,0,0,0,0,0,0,0,36,047,053101
Census Tract 531.02; Kings County; New York,6226,0,12,0,43,0,0,0,0,0,104,0,19,36,047,053102
Census Tract 532; Kings County; New York,2296,0,0,20,21,0,36,0,3,18,34,8,87,36,047,053200
Census Tract 533; Kings County; New York,6233,12,25,0,65,22,57,0,37,17,0,22,158,36,047,053300
Census Tract 534; Kings County; New York,4326,0,87,26,121,25,49,0,40,40,79,46,69,36,047,053400
Census Tract 535; Kings County; New York,4275,0,0,18,52,103,22,0,25,0,43,36,14,36,047,053500
Census Tract 537; Kings County; New York,4007,0,45,0,43,28,0,0,0,0,11,14,13,36,047,053700
Census Tract 538; Kings County; New York,5801,0,0,85,123,64,95,0,0,65,171,170,175,36,047,053800
Census Tract 539; Kings County; New York,2552,0,0,60,42,28,118,0,0,15,98,27,21,36,047,053900
Census Tract 542; Kings County; New York,4041,0,58,0,86,94,188,0,0,47,34,116,231,36,047,054200
Census Tract 543; Kings County; New York,0,0,0,0,0,0,0,0,0,0,0,0,0,36,047,054300
Census Tract 544; Kings County; New York,3906,0,0,12,53,158,44,0,18,50,81,155,55,36,047,054400
Census Tract 545; Kings County; New York,7454,0,0,11,145,195,136,0,0,0,19,28,162,36,047,054500
Census Tract 546; Kings County; New York,5207,0,44,152,120,25,64,0,0,128,240,46,96,36,047,054600
Census Tract 547; Kings County; New York,8440,0,89,0,50,57,0,0,46,0,251,79,42,36,047,054700
Census Tract 548; Kings County; New York,2233,0,0,10,24,38,27,0,0,4,1,9,74,36,047,054800
Census Tract 549; Kings County; New York,4617,0,0,28,0,0,26,0,0,30,61,0,35,36,047,054900
Census Tract 550; Kings County; New York,3512,0,70,27,72,11,67,0,0,0,62,50,69,36,047,055000
Census Tract 551; Kings County; New York,6797,0,0,0,151,0,0,0,22,13,108,8,33,36,047,055100
Census Tract 552; Kings County; New York,3745,0,0,13,16,13,6,0,0,0,33,71,158,36,047,055200
Census Tract 553; Kings County; New York,3321,0,0,11,10,96,43,0,0,18,52,70,16,36,047,055300
Census Tract 554; Kings County; New York,4088,0,21,0,25,56,52,0,0,0,69,67,61,36,047,055400
Census Tract 555; Kings County; New York,9183,0,0,24,61,13,0,0,27,47,83,7,15,36,047,055500
Census Tract 556; Kings County; New York,3360,0,0,13,27,21,20,0,0,0,40,20,73,36,047,055600
Census Tract 557; Kings County; New York,1775,0,0,33,32,0,7,0,0,0,50,0,8,36,047,055700
Census Tract 558; Kings County; New York,2291,0,0,0,31,0,14,0,8,0,14,34,162,36,047,055800
Census Tract 560; Kings County; New York,3591,0,0,20,39,31,20,0,0,0,47,97,177,36,047,056000
Census Tract 561; Kings County; New York,3580,0,0,39,57,10,4,0,0,0,22,0,13,36,047,056100
Census Tract 562; Kings County; New York,1865,0,0,0,15,23,5,0,0,0,5,9,41,36,047,056200
Census Tract 563.01; Kings County; New York,4773,0,5,0,7,0,126,0,0,71,28,52,75,36,047,056301
Census Tract 563.02; Kings County; New York,2140,0,33,0,86,6,0,0,0,143,74,14,16,36,047,056302
Census Tract 564; Kings County; New York,2564,0,0,5,20,14,38,0,11,8,0,38,115,36,047,056400
Census Tract 565; Kings County; New York,3340,0,0,41,0,46,23,0,0,7,20,0,125,36,047,056500
Census Tract 566; Kings County; New York,2297,0,3,0,57,21,8,0,11,14,38,15,77,36,047,056600
Census Tract 568; Kings County; New York,1247,0,0,0,45,30,28,0,0,0,9,8,18,36,047,056800
Census Tract 569; Kings County; New York,1744,0,0,0,0,13,68,0,35,0,0,11,89,36,047,056900
Census Tract 570; Kings County; New York,3453,0,0,0,81,28,97,0,0,74,91,80,171,36,047,057000
Census Tract 571; Kings County; New York,4184,0,0,17,0,0,32,0,0,0,34,27,123,36,047,057100
Census Tract 572; Kings County; New York,5499,0,0,35,131,77,120,0,74,0,208,194,359,36,047,057200
Census Tract 573; Kings County; New York,2482,0,0,0,0,39,50,0,0,12,13,12,82,36,047,057300
Census Tract 574; Kings County; New York,2609,0,0,19,20,44,23,0,9,0,27,44,29,36,047,057400
Census Tract 575; Kings County; New York,4883,0,0,0,29,14,0,0,0,41,0,0,31,36,047,057500
Census Tract 576; Kings County; New York,2881,0,0,8,13,0,83,0,0,7,0,25,77,36,047,057600
Census Tract 578; Kings County; New York,2997,0,0,0,64,85,75,0,0,0,51,0,72,36,047,057800
Census Tract 579.01; Kings County; New York,1427,0,19,13,0,10,27,0,0,6,18,36,26,36,047,057901
Census Tract 579.02; Kings County; New York,0,0,0,0,0,0,0,0,0,0,0,0,0,36,047,057902
Census Tract 580; Kings County; New York,3466,0,10,23,97,105,51,0,0,21,37,92,63,36,047,058000
Census Tract 582; Kings County; New York,2435,0,0,0,0,0,36,0,0,26,103,1,28,36,047,058200
Census Tract 584; Kings County; New York,3546,0,0,0,50,0,65,0,10,6,20,9,78,36,047,058400
Census Tract 586; Kings County; New York,2284,0,0,4,34,12,30,0,0,0,26,12,82,36,047,058600
Census Tract 588; Kings County; New York,3639,0,0,14,132,11,28,0,0,8,12,186,108,36,047,058800
Census Tract 589.01; Kings County; New York,1876,0,0,6,53,20,24,0,9,6,23,0,19,36,047,058901
Census Tract 589.02; Kings County; New York,0,0,0,0,0,0,0,0,0,0,0,0,0,36,047,058902
Census Tract 590; Kings County; New York,2013,0,0,6,18,5,15,0,16,0,39,9,64,36,047,059000
Census Tract 591; Kings County; New York,3885,0,0,71,96,14,0,0,0,0,35,16,25,36,047,059100
Census Tract 592; Kings County; New York,3894,0,10,0,52,41,136,0,0,31,70,56,170,36,047,059200
Census Tract 593; Kings County; New York,2603,0,8,19,34,21,32,0,22,6,48,0,7,36,047,059300
Census Tract 594.02; Kings County; New York,5730,0,0,0,139,124,33,0,0,0,30,55,93,36,047,059402
Census Tract 594.03; Kings County; New York,2839,0,0,6,43,44,76,0,0,7,28,66,138,36,047,059403
Census Tract 594.04; Kings County; New York,4244,0,23,0,39,56,42,0,59,64,54,87,91,36,047,059404
Census Tract 596; Kings County; New York,2235,0,0,1,100,51,24,0,0,0,28,29,117,36,047,059600
Census Tract 598; Kings County; New York,3123,0,12,152,26,37,37,0,54,0,70,24,101,36,047,059800
Census Tract 600; Kings County; New York,6451,0,0,0,45,113,89,0,0,0,40,202,138,36,047,060000
Census Tract 606; Kings County; New York,2763,0,0,2,57,50,61,0,10,0,55,10,98,36,047,060600
Census Tract 608; Kings County; New York,3674,0,7,20,35,43,112,0,7,0,102,78,122,36,047,060800
Census Tract 610.02; Kings County; New York,5046,0,31,0,168,87,135,0,0,29,135,168,131,36,047,061002
Census Tract 610.03; Kings County; New York,2032,0,14,19,42,4,38,0,0,11,40,43,20,36,047,061003
Census Tract 610.04; Kings County; New York,5659,0,0,0,172,115,374,0,35,0,65,91,393,36,047,061004
Census Tract 612; Kings County; New York,1094,0,0,0,0,10,39,0,0,14,23,6,36,36,047,061200
Census Tract 616; Kings County; New York,1219,0,0,0,8,0,52,0,0,0,9,26,42,36,047,061600
Census Tract 620; Kings County; New York,1807,0,4,0,24,20,61,0,0,15,19,0,34,36,047,062000
Census Tract 622; Kings County; New York,2748,0,0,0,118,19,74,0,0,26,124,22,37,36,047,062200
Census Tract 626; Kings County; New York,3225,0,0,11,53,33,24,0,26,6,77,33,77,36,047,062600
Census Tract 628; Kings County; New York,4879,0,13,0,127,96,93,0,0,8,112,61,190,36,047,062800
Census Tract 632; Kings County; New York,1468,0,0,7,47,31,38,0,12,4,21,51,20,36,047,063200
Census Tract 636; Kings County; New York,1112,0,0,0,15,16,5,0,0,0,0,10,9,36,047,063600
Census Tract 638; Kings County; New York,1851,0,0,2,28,0,15,0,0,18,25,18,25,36,047,063800
Census Tract 640; Kings County; New York,1567,0,0,0,5,9,10,0,0,6,0,9,27,36,047,064000
Census Tract 642; Kings County; New York,2595,0,0,0,51,85,11,0,0,0,9,37,82,36,047,064200
Census Tract 644; Kings County; New York,2426,0,0,11,21,68,36,0,0,0,62,0,0,36,047,064400
Census Tract 646; Kings County; New York,2187,0,4,3,53,24,3,0,18,0,15,13,23,36,047,064600
Census Tract 648; Kings County; New York,1933,0,0,7,16,19,43,0,0,0,72,44,47,36,047,064800
Census Tract 650; Kings County; New York,1312,0,0,19,115,38,5,0,0,7,52,35,66,36,047,065000
Census Tract 652; Kings County; New York,1180,0,0,0,61,29,39,0,0,0,49,0,33,36,047,065200
Census Tract 654; Kings County; New York,1752,0,0,0,23,7,177,0,0,0,25,17,23,36,047,065400
Census Tract 656; Kings County; New York,1844,0,28,34,30,10,37,0,0,0,22,3,21,36,047,065600
Census Tract 658; Kings County; New York,1792,0,8,0,5,22,32,0,4,2,69,16,37,36,047,065800
Census Tract 660; Kings County; New York,1912,0,0,21,19,31,6,0,0,0,15,6,34,36,047,066000
Census Tract 662; Kings County; New York,1144,0,0,0,43,12,0,0,0,6,30,7,58,36,047,066200
Census Tract 666; Kings County; New York,0,0,0,0,0,0,0,0,0,0,0,0,0,36,047,066600
Census Tract 670; Kings County; New York,2598,0,0,17,180,65,11,0,0,20,78,0,51,36,047,067000
Census Tract 672; Kings County; New York,1559,0,0,0,13,17,15,0,0,0,22,13,25,36,047,067200
Census Tract 674; Kings County; New York,1910,0,0,3,45,58,23,0,0,0,55,32,74,36,047,067400
Census Tract 676; Kings County; New York,1795,0,0,3,17,11,14,0,0,0,41,29,21,36,047,067600
Census Tract 678; Kings County; New York,2675,0,0,0,142,72,8,0,0,0,47,53,99,36,047,067800
Census Tract 680; Kings County; New York,1907,0,0,0,42,16,11,0,23,0,0,5,17,36,047,068000
Census Tract 682; Kings County; New York,2844,0,20,1,30,19,56,0,0,35,96,30,4,36,047,068200
Census Tract 686; Kings County; New York,1724,0,0,39,43,8,5,0,0,37,0,43,30,36,047,068600
Census Tract 688; Kings County; New York,1628,0,0,0,8,53,23,0,16,10,15,113,9,36,047,068800
Census Tract 690; Kings County; New York,1722,0,0,12,87,6,21,0,0,0,7,0,36,36,047,069000
Census Tract 692; Kings County; New York,2288,0,26,28,16,76,17,0,13,26,52,11,57,36,047,069200
Census Tract 696.01; Kings County; New York,3406,0,15,23,133,37,21,0,0,24,59,38,62,36,047,069601
Census Tract 696.02; Kings County; New York,5628,0,74,14,17,39,57,0,0,0,83,64,162,36,047,069602
Census Tract 698; Kings County; New York,1405,0,21,0,24,46,11,0,8,0,19,0,15,36,047,069800
Census Tract 700; Kings County; New York,1402,0,0,11,32,10,17,0,0,2,17,40,40,36,047,070000
Census Tract 702.01; Kings County; New York,6804,0,0,0,152,3,332,0,0,26,72,30,207,36,047,070201
Census Tract 702.02; Kings County; New York,13,0,0,0,0,0,0,0,0,0,0,0,0,36,047,070202
Census Tract 702.03; Kings County; New York,0,0,0,0,0,0,0,0,0,0,0,0,0,36,047,070203
Census Tract 706.01; Kings County; New York,2584,0,0,17,30,6,91,0,0,0,32,31,71,36,047,070601
Census Tract 706.02; Kings County; New York,0,0,0,0,0,0,0,0,0,0,0,0,0,36,047,070602
Census Tract 720; Kings County; New York,1938,0,13,0,16,48,59,0,0,2,76,11,11,36,047,072000
Census Tract 722; Kings County; New York,2159,0,0,2,7,39,9,0,7,0,34,30,73,36,047,072200
Census Tract 724; Kings County; New York,1694,0,0,18,22,25,18,0,0,0,23,40,60,36,047,072400
Census Tract 726; Kings County; New York,2647,0,28,9,40,42,32,0,21,0,119,12,21,36,047,072600
Census Tract 728; Kings County; New York,3594,0,9,0,19,15,12,0,10,0,44,72,93,36,047,072800
Census Tract 730; Kings County; New York,2449,0,9,10,3,27,0,6,0,1,26,23,62,36,047,073000
Census Tract 732; Kings County; New York,1927,0,0,8,24,14,6,0,0,0,23,0,19,36,047,073200
Census Tract 734; Kings County; New York,1479,0,0,10,38,23,23,0,0,0,26,31,98,36,047,073400
Census Tract 736; Kings County; New York,2807,0,0,15,81,47,4,0,0,23,63,9,32,36,047,073600
Census Tract 738; Kings County; New York,3464,0,0,2,125,26,21,0,38,0,59,124,92,36,047,073800
Census Tract 740; Kings County; New York,3816,0,0,55,240,20,17,0,58,0,42,14,16,36,047,074000
Census Tract 742; Kings County; New York,2799,0,11,19,24,50,44,0,0,2,89,43,73,36,047,074200
Census Tract 744; Kings County; New York,3068,0,52,0,45,15,18,0,0,0,73,13,52,36,047,074400
Census Tract 746; Kings County; New York,2143,0,0,5,31,29,14,0,0,15,61,30,11,36,047,074600
Census Tract 748; Kings County; New York,1595,0,0,7,11,23,16,0,0,44,25,0,27,36,047,074800
Census Tract 750; Kings County; New York,2842,0,11,18,63,61,45,0,0,12,0,9,36,36,047,075000
Census Tract 752; Kings County; New York,1151,0,0,0,0,8,8,0,0,0,8,0,0,36,047,075200
Census Tract 754; Kings County; New York,1284,0,33,70,15,9,62,0,0,10,0,0,10,36,047,075400
Census Tract 756; Kings County; New York,1949,0,0,0,23,28,0,0,6,8,15,43,0,36,047,075600
Census Tract 758; Kings County; New York,1460,0,0,0,15,13,20,0,9,39,29,73,153,36,047,075800
Census Tract 760; Kings County; New York,3092,0,0,0,25,38,66,0,23,0,70,45,49,36,047,076000
Census Tract 762; Kings County; New York,4114,0,0,12,50,31,3,0,27,18,71,80,69,36,047,076200
Census Tract 764; Kings County; New York,4189,0,0,31,80,36,16,0,0,19,78,63,52,36,047,076400
Census Tract 766; Kings County; New York,2114,0,0,1,64,18,19,0,0,44,49,41,57,36,047,076600
Census Tract 768; Kings County; New York,3995,0,8,0,66,68,97,0,0,14,17,69,43,36,047,076800
Census Tract 770; Kings County; New York,2726,0,0,0,37,0,0,0,0,36,210,0,59,36,047,077000
Census Tract 772; Kings County; New York,3238,0,0,0,39,88,0,0,0,22,183,142,81,36,047,077200
Census Tract 774; Kings County; New York,3106,0,22,89,23,29,2,0,0,32,0,42,23,36,047,077400
Census Tract 776; Kings County; New York,3438,0,10,0,3,26,199,0,0,16,31,100,211,36,047,077600
Census Tract 780; Kings County; New York,2211,0,0,38,38,0,8,0,31,0,39,69,37,36,047,078000
Census Tract 782; Kings County; New York,4196,0,23,8,113,50,80,0,0,14,147,91,77,36,047,078200
Census Tract 784; Kings County; New York,2334,0,0,7,68,3,5,0,0,16,22,0,33,36,047,078400
Census Tract 786.01; Kings County; New York,2182,0,0,80,26,26,0,0,0,0,64,66,56,36,047,078601
Census Tract 786.02; Kings County; New York,2225,0,24,23,32,0,33,0,13,54,74,0,17,36,047,078602
Census Tract 788.01; Kings County; New York,1862,0,13,11,158,11,0,0,13,31,20,12,0,36,047,078801
Census Tract 788.02; Kings County; New York,1870,0,0,5,21,0,14,0,0,47,2,13,31,36,047,078802
Census Tract 790.01; Kings County; New York,1841,0,0,8,10,12,28,0,0,0,37,8,14,36,047,079001
Census Tract 790.02; Kings County; New York,3148,0,50,0,61,0,0,0,38,14,44,59,37,36,047,079002
Census Tract 792.01; Kings County; New York,1418,0,0,0,0,2,0,0,0,7,156,0,6,36,047,079201
Census Tract 792.02; Kings County; New York,2447,0,53,0,73,12,26,0,0,18,17,15,83,36,047,079202
Census Tract 794; Kings County; New York,2385,0,0,7,24,0,19,0,0,34,28,16,27,36,047,079400
Census Tract 796.01; Kings County; New York,3526,0,0,107,51,77,22,0,35,0,90,17,112,36,047,079601
Census Tract 796.02; Kings County; New York,6012,0,48,41,0,33,0,0,0,26,62,14,47,36,047,079602
Census Tract 798.01; Kings County; New York,3245,0,0,20,14,14,62,0,0,0,53,72,25,36,047,079801
Census Tract 798.02; Kings County; New York,5013,0,0,103,176,28,79,0,0,0,113,112,67,36,047,079802
Census Tract 800; Kings County; New York,3386,0,29,0,0,15,43,0,0,16,107,27,12,36,047,080000
Census Tract 802; Kings County; New York,4088,0,0,0,36,30,71,0,0,8,49,97,117,36,047,080200
Census Tract 804; Kings County; New York,2893,0,0,9,40,43,33,0,0,12,63,0,95,36,047,080400
Census Tract 806; Kings County; New York,3647,0,0,0,52,26,0,0,0,0,89,27,64,36,047,080600
Census Tract 808; Kings County; New York,1313,0,18,0,111,13,34,0,0,14,82,27,57,36,047,080800
Census Tract 810; Kings County; New York,2063,0,0,0,15,53,29,0,0,16,11,27,56,36,047,081000
Census Tract 814; Kings County; New York,2628,0,12,0,39,34,109,0,0,0,59,65,109,36,047,081400
Census Tract 816; Kings County; New York,2988,0,19,9,55,33,24,0,5,62,59,68,67,36,047,081600
Census Tract 818; Kings County; New York,4556,0,85,0,78,32,0,0,85,34,165,54,45,36,047,081800
Census Tract 820; Kings County; New York,4825,0,0,23,99,0,52,0,0,13,110,37,102,36,047,082000
Census Tract 822; Kings County; New York,7539,0,0,97,110,69,78,0,17,0,190,56,93,36,047,082200
Census Tract 824; Kings County; New York,5828,0,27,14,66,32,23,0,0,27,85,71,44,36,047,082400
Census Tract 826; Kings County; New York,4607,0,43,18,38,81,0,0,0,14,49,88,65,36,047,082600
Census Tract 828; Kings County; New York,3750,0,17,16,5,17,5,0,0,0,78,52,26,36,047,082800
Census Tract 830; Kings County; New York,6040,0,118,31,69,65,9,0,60,0,195,62,114,36,047,083000
Census Tract 832; Kings County; New York,2223,0,18,0,16,12,14,5,0,6,6,83,44,36,047,083200
Census Tract 834; Kings County; New York,1567,0,0,13,5,4,20,0,6,13,0,5,24,36,047,083400
Census Tract 836; Kings County; New York,1876,0,0,0,10,12,3,11,0,31,8,26,33,36,047,083600
Census Tract 838; Kings County; New York,1802,0,0,8,64,29,44,0,0,20,29,2,72,36,047,083800
Census Tract 840; Kings County; New York,2378,0,10,23,18,86,73,0,0,31,58,15,59,36,047,084000
Census Tract 846; Kings County; New York,1991,0,24,2,35,13,41,0,0,0,28,47,72,36,047,084600
Census Tract 848; Kings County; New York,1505,0,0,3,0,76,16,0,0,37,53,16,20,36,047,084800
Census Tract 850; Kings County; New York,1486,0,0,10,9,7,28,0,0,23,62,12,50,36,047,085000
Census Tract 852; Kings County; New York,22,0,0,0,0,0,0,0,0,0,0,0,0,36,047,085200
Census Tract 854; Kings County; New York,2147,0,6,8,13,7,123,0,0,6,17,0,107,36,047,085400
Census Tract 856; Kings County; New York,3458,0,34,28,35,15,0,0,0,42,28,12,89,36,047,085600
Census Tract 858; Kings County; New York,1813,0,0,15,20,33,80,16,8,0,9,30,63,36,047,085800
Census Tract 860; Kings County; New York,2707,0,0,31,0,34,14,0,15,0,103,85,38,36,047,086000
Census Tract 862; Kings County; New York,2897,0,31,22,58,43,0,0,0,0,0,18,129,36,047,086200
Census Tract 864; Kings County; New York,2207,0,16,1,29,33,6,0,0,21,84,76,66,36,047,086400
Census Tract 866; Kings County; New York,3252,0,26,16,0,0,39,0,14,0,103,84,112,36,047,086600
Census Tract 868; Kings County; New York,3091,0,0,0,0,33,34,0,0,0,44,11,48,36,047,086800
Census Tract 870; Kings County; New York,3132,0,0,0,28,0,27,0,0,8,33,25,129,36,047,087000
Census Tract 872; Kings County; New York,3149,0,0,26,68,0,20,0,0,0,55,45,62,36,047,087200
Census Tract 874.01; Kings County; New York,3069,0,0,30,97,30,81,0,0,0,84,115,112,36,047,087401
Census Tract 876; Kings County; New York,1917,0,0,35,41,13,17,0,0,25,65,13,89,36,047,087600
Census Tract 878; Kings County; New York,2235,0,7,0,2,10,0,0,7,0,57,142,43,36,047,087800
Census Tract 880.01; Kings County; New York,1881,0,22,0,77,47,0,0,0,65,43,8,105,36,047,088001
Census Tract 880.02; Kings County; New York,1166,0,0,0,7,17,2,0,0,26,7,0,0,36,047,088002
Census Tract 882; Kings County; New York,7031,0,193,3,154,13,12,0,0,20,221,151,139,36,047,088200
Census Tract 884; Kings County; New York,5493,0,16,0,30,67,39,0,0,46,121,111,0,36,047,088400
Census Tract 886; Kings County; New York,3997,0,59,0,58,46,78,0,0,0,59,64,86,36,047,088600
Census Tract 888; Kings County; New York,4118,0,0,0,73,0,0,0,0,0,54,31,55,36,047,088800
Census Tract 890; Kings County; New York,6288,0,0,0,268,20,26,0,0,53,185,42,132,36,047,089000
Census Tract 892; Kings County; New York,3642,0,26,15,173,15,185,0,0,0,417,122,58,36,047,089200
Census Tract 894; Kings County; New York,3717,0,34,0,65,43,0,0,0,7,162,52,150,36,047,089400
Census Tract 896; Kings County; New York,3660,0,47,65,306,0,24,0,45,0,164,78,8,36,047,089600
Census Tract 898; Kings County; New York,2260,0,0,0,10,25,0,0,0,0,35,25,23,36,047,089800
Census Tract 900; Kings County; New York,4556,0,0,75,133,59,28,0,0,0,253,77,23,36,047,090000
Census Tract 902; Kings County; New York,3886,0,80,38,84,66,12,0,27,39,126,0,71,36,047,090200
Census Tract 906; Kings County; New York,4404,0,29,122,167,27,34,0,0,22,249,52,96,36,047,090600
Census Tract 908; Kings County; New York,6456,0,23,143,71,13,0,0,66,17,319,158,0,36,047,090800
Census Tract 910; Kings County; New York,5939,0,117,0,338,229,27,0,34,0,318,90,362,36,047,091000
Census Tract 912; Kings County; New York,6710,0,0,214,105,14,0,0,62,80,637,169,277,36,047,091200
Census Tract 916; Kings County; New York,4650,0,23,46,72,72,27,0,0,216,287,51,142,36,047,091600
Census Tract 918; Kings County; New York,2526,0,0,0,75,23,59,0,43,0,216,55,8,36,047,091800
Census Tract 920; Kings County; New York,2850,0,0,0,29,53,0,0,0,0,40,38,87,36,047,092000
Census Tract 922; Kings County; New York,2990,0,16,0,0,8,84,0,0,120,45,61,81,36,047,092200
Census Tract 924; Kings County; New York,2981,0,38,0,156,0,42,0,0,10,55,24,57,36,047,092400
Census Tract 928; Kings County; New York,2401,0,0,16,50,0,14,0,0,22,24,28,85,36,047,092800
Census Tract 930; Kings County; New York,3011,0,16,0,49,9,7,0,5,0,30,30,92,36,047,093000
Census Tract 932; Kings County; New York,1508,0,0,11,72,9,10,0,0,0,27,16,65,36,047,093200
Census Tract 934; Kings County; New York,2430,0,0,22,20,0,37,0,0,0,38,25,54,36,047,093400
Census Tract 936; Kings County; New York,1565,0,7,14,32,0,16,0,0,4,61,18,67,36,047,093600
Census Tract 938; Kings County; New York,2511,0,0,28,82,0,16,0,0,0,30,9,94,36,047,093800
Census Tract 944.01; Kings County; New York,3056,0,0,0,84,10,58,0,0,0,106,54,84,36,047,094401
Census Tract 944.02; Kings County; New York,3122,0,0,36,14,0,21,0,48,60,213,26,48,36,047,094402
Census Tract 946; Kings County; New York,1985,0,0,2,1,15,46,0,0,0,2,25,5,36,047,094600
Census Tract 950; Kings County; New York,2592,0,15,0,12,50,84,0,0,7,50,40,77,36,047,095000
Census Tract 954; Kings County; New York,4167,0,48,61,29,14,88,0,0,0,50,11,144,36,047,095400
Census Tract 956; Kings County; New York,4054,0,0,0,16,12,27,0,0,0,26,57,31,36,047,095600
Census Tract 958; Kings County; New York,2987,0,0,0,12,6,30,0,0,46,40,5,31,36,047,095800
Census Tract 960; Kings County; New York,0,0,0,0,0,0,0,0,0,0,0,0,0,36,047,096000
Census Tract 962; Kings County; New York,1529,0,0,1,21,12,8,0,0,0,13,17,0,36,047,096200
Census Tract 964; Kings County; New York,2476,0,0,8,47,22,7,0,0,0,15,46,58,36,047,096400
Census Tract 966; Kings County; New York,2124,0,0,0,0,9,29,0,0,40,27,20,31,36,047,096600
Census Tract 968; Kings County; New York,1396,24,16,0,38,3,11,0,0,0,32,13,23,36,047,096800
Census Tract 970; Kings County; New York,2301,0,23,0,45,11,0,0,21,16,117,15,23,36,047,097000
Census Tract 974; Kings County; New York,2206,0,6,0,62,0,10,0,0,32,56,27,40,36,047,097400
Census Tract 982; Kings County; New York,4124,0,44,15,115,72,11,0,36,18,142,97,102,36,047,098200
Census Tract 984; Kings County; New York,1989,0,0,8,18,8,28,0,0,0,68,8,37,36,047,098400
Census Tract 986; Kings County; New York,2486,12,47,0,69,0,12,0,0,0,60,0,26,36,047,098600
Census Tract 988; Kings County; New York,2587,0,0,55,131,0,18,37,0,0,76,0,57,36,047,098800
Census Tract 990; Kings County; New York,1481,0,0,0,15,30,10,17,0,5,18,23,11,36,047,099000
Census Tract 992; Kings County; New York,1805,0,0,1,0,20,30,0,0,10,40,33,56,36,047,099200
Census Tract 994; Kings County; New York,1860,0,14,33,30,0,30,0,0,0,30,2,16,36,047,099400
Census Tract 996; Kings County; New York,3508,0,20,40,17,9,32,0,21,13,34,0,143,36,047,099600
Census Tract 998; Kings County; New York,3834,0,31,18,66,0,7,0,12,16,33,0,78,36,047,099800
Census Tract 1004; Kings County; New York,2797,0,0,13,22,18,9,0,0,34,58,102,54,36,047,100400
Census Tract 1006; Kings County; New York,2533,0,0,15,15,84,19,0,0,0,50,23,22,36,047,100600
Census Tract 1008; Kings County; New York,2175,0,0,29,61,51,5,0,0,5,43,66,63,36,047,100800
Census Tract 1010; Kings County; New York,2860,0,35,12,37,47,40,0,0,0,8,25,46,36,047,101000
Census Tract 1012; Kings County; New York,2176,0,8,0,9,12,20,0,0,0,37,0,43,36,047,101200
Census Tract 1014; Kings County; New York,2057,0,0,15,0,6,25,0,0,0,39,43,9,36,047,101400
Census Tract 1016; Kings County; New York,1765,0,6,8,13,29,2,42,0,0,10,0,12,36,047,101600
Census Tract 1018; Kings County; New York,1667,0,0,0,19,0,8,0,0,8,38,0,38,36,047,101800
Census Tract 1020; Kings County; New York,2137,0,0,13,1,17,59,0,0,11,90,7,45,36,047,102000
Census Tract 1022; Kings County; New York,2234,0,10,22,15,10,15,0,0,9,84,16,9,36,047,102200
Census Tract 1024; Kings County; New York,1873,0,15,9,55,7,31,0,0,4,21,10,24,36,047,102400
Census Tract 1026; Kings County; New York,2957,0,0,0,36,0,0,0,0,0,35,36,34,36,047,102600
Census Tract 1028.01; Kings County; New York,1309,0,0,1,6,8,15,0,13,9,28,7,7,36,047,102801
Census Tract 1028.02; Kings County; New York,0,0,0,0,0,0,0,0,0,0,0,0,0,36,047,102802
Census Tract 1034.01; Kings County; New York,4190,0,31,35,34,0,63,0,0,0,244,81,56,36,047,103401
Census Tract 1034.02; Kings County; New York,0,0,0,0,0,0,0,0,0,0,0,0,0,36,047,103402
Census Tract 1058.01; Kings County; New York,5976,0,0,44,261,217,435,0,0,30,202,199,524,36,047,105801
Census Tract 1058.04; Kings County; New York,6006,0,15,36,98,58,346,0,16,103,228,98,689,36,047,105804
Census Tract 1070.01; Kings County; New York,3852,0,57,20,50,56,0,0,0,6,238,142,53,36,047,107001
Census Tract 1070.02; Kings County; New York,0,0,0,0,0,0,0,0,0,0,0,0,0,36,047,107002
Census Tract 1070.03; Kings County; New York,0,0,0,0,0,0,0,0,0,0,0,0,0,36,047,107003
Census Tract 1078; Kings County; New York,4042,0,19,23,112,46,88,0,34,0,121,98,139,36,047,107800
Census Tract 1098; Kings County; New York,2515,0,0,3,76,0,0,0,12,0,14,41,49,36,047,109800
Census Tract 1104; Kings County; New York,4571,0,131,63,75,0,208,0,0,32,79,84,59,36,047,110400
Census Tract 1106; Kings County; New York,4583,0,208,171,287,32,18,0,0,70,358,67,150,36,047,110600
Census Tract 1110; Kings County; New York,2856,0,23,27,122,39,85,0,6,38,259,74,102,36,047,111000
Census Tract 1116; Kings County; New York,3408,0,0,15,0,0,8,0,0,89,11,0,99,36,047,111600
Census Tract 1118; Kings County; New York,4004,0,72,0,0,0,35,0,0,0,0,0,51,36,047,111800
Census Tract 1120; Kings County; New York,3266,0,0,23,10,55,34,0,0,0,16,0,56,36,047,112000
Census Tract 1122; Kings County; New York,3101,0,0,0,188,0,22,0,0,4,103,0,57,36,047,112200
Census Tract 1124; Kings County; New York,3290,0,0,0,173,55,0,0,0,32,162,4,41,36,047,112400
Census Tract 1126; Kings County; New York,4607,0,5,104,81,47,30,0,0,24,10,146,39,36,047,112600
Census Tract 1128; Kings County; New York,4183,0,72,0,0,23,31,0,0,0,179,2,236,36,047,112800
Census Tract 1130; Kings County; New York,4303,0,19,49,105,0,0,0,0,80,358,50,33,36,047,113000
Census Tract 1132; Kings County; New York,2552,0,0,0,47,0,60,0,0,11,51,37,104,36,047,113200
Census Tract 1134; Kings County; New York,2702,0,27,6,70,0,11,0,0,27,240,45,95,36,047,113400
Census Tract 1142.01; Kings County; New York,1465,0,7,3,6,39,0,0,0,13,13,11,36,36,047,114201
Census Tract 1142.02; Kings County; New York,2521,0,0,39,40,31,27,0,34,9,60,43,60,36,047,114202
Census Tract 1144; Kings County; New York,2637,0,0,32,9,9,0,0,20,39,109,77,31,36,047,114400
Census Tract 1146; Kings County; New York,3052,0,0,29,87,24,11,0,12,0,105,51,51,36,047,114600
Census Tract 1150; Kings County; New York,2937,0,0,19,12,0,10,0,0,0,121,0,48,36,047,115000
Census Tract 1152; Kings County; New York,2877,0,61,0,232,0,20,0,0,0,0,0,162,36,047,115200
Census Tract 1156; Kings County; New York,4102,0,36,0,103,25,48,0,25,29,295,31,66,36,047,115600
Census Tract 1158; Kings County; New York,2528,0,14,0,115,28,56,0,0,64,135,48,64,36,047,115800
Census Tract 1160; Kings County; New York,2566,0,143,71,26,26,0,0,0,7,128,15,15,36,047,116000
Census Tract 1162; Kings County; New York,2538,0,9,6,34,47,14,0,0,6,85,0,37,36,047,116200
Census Tract 1164; Kings County; New York,3745,0,25,27,43,21,57,0,36,0,15,21,101,36,047,116400
Census Tract 1166; Kings County; New York,3172,0,0,0,34,0,32,0,68,0,120,33,94,36,047,116600
Census Tract 1168; Kings County; New York,2603,0,0,5,7,24,0,0,0,0,20,50,0,36,047,116800
Census Tract 1170; Kings County; New York,1878,0,0,0,4,0,0,0,0,0,97,22,0,36,047,117000
Census Tract 1172.01; Kings County; New York,2004,0,0,0,10,21,33,0,0,19,71,25,48,36,047,117201
Census Tract 1172.02; Kings County; New York,4640,0,104,43,74,12,0,0,0,0,97,63,0,36,047,117202
Census Tract 1174; Kings County; New York,3716,0,37,8,3,11,89,0,0,0,0,0,0,36,047,117400
Census Tract 1176.01; Kings County; New York,2810,0,42,3,79,9,22,0,0,3,21,43,61,36,047,117601
Census Tract 1176.02; Kings County; New York,3076,0,0,45,183,13,36,0,0,0,6,5,108,36,047,117602
Census Tract 1178; Kings County; New York,1689,0,0,0,109,1,20,0,0,0,35,41,13,36,047,117800
Census Tract 1180; Kings County; New York,0,0,0,0,0,0,0,0,0,0,0,0,0,36,047,118000
Census Tract 1182.01; Kings County; New York,3561,0,0,0,24,22,15,0,0,0,30,0,34,36,047,118201
Census Tract 1182.02; Kings County; New York,3119,0,0,0,20,0,32,0,0,0,47,44,22,36,047,118202
Census Tract 1184; Kings County; New York,4880,0,0,21,239,34,0,0,0,0,108,39,42,36,047,118400
Census Tract 1186; Kings County; New York,3740,0,66,31,21,29,243,0,0,13,63,11,54,36,047,118600
Census Tract 1188; Kings County; New York,5288,0,0,43,17,13,0,0,0,0,36,21,35,36,047,118800
Census Tract 1190; Kings County; New York,1852,0,0,12,25,0,32,17,0,0,137,0,51,36,047,119000
Census Tract 1192; Kings County; New York,3649,0,0,0,156,24,73,0,0,7,36,31,74,36,047,119200
Census Tract 1194; Kings County; New York,5402,0,0,0,154,0,27,38,0,17,26,14,20,36,047,119400
Census Tract 1196; Kings County; New York,6600,0,0,0,159,60,24,0,0,41,46,11,199,36,047,119600
Census Tract 1198; Kings County; New York,3870,0,0,6,150,0,39,0,0,11,98,41,62,36,047,119800
Census Tract 1200; Kings County; New York,2735,0,0,18,31,0,16,53,34,19,3,0,33,36,047,120000
Census Tract 1202; Kings County; New York,2013,0,0,0,19,89,9,0,44,0,41,0,10,36,047,120200
Census Tract 1208.01; Kings County; New York,4520,0,0,0,37,0,71,0,24,0,179,0,141,36,047,120801
Census Tract 1208.02; Kings County; New York,4569,0,22,0,81,10,5,0,10,44,123,123,59,36,047,120802
Census Tract 1208.03; Kings County; New York,1366,0,0,10,8,9,3,0,6,0,25,38,0,36,047,120803
Census Tract 1210; Kings County; New York,4050,0,19,11,43,32,0,0,0,19,105,87,123,36,047,121000
Census Tract 1214; Kings County; New York,4747,0,93,64,92,0,30,0,0,51,147,59,37,36,047,121400
Census Tract 1220; Kings County; New York,7552,0,0,44,132,127,0,0,0,0,84,102,68,36,047,122000
Census Tract 1237; Kings County; New York,9320,0,41,48,93,0,20,35,0,0,19,0,0,36,047,123700
Census Tract 1502; Kings County; New York,2807,0,22,5,63,10,0,0,6,0,20,11,51,36,047,150200
Census Tract 1522; Kings County; New York,3064,0,0,17,42,0,16,0,0,26,19,38,26,36,047,152200
Census Tract 9901; Kings County; New York,0,0,0,0,0,0,0,0,0,0,0,0,0,36,047,990100
Census Tract 1; New York County; New York,0,0,0,0,0,0,0,0,0,0,0,0,0,36,061,000100
Census Tract 2.01; New York County; New York,2521,0,7,32,68,15,21,0,0,0,17,40,27,36,061,000201
Census Tract 2.02; New York County; New York,6922,0,0,46,300,70,56,0,3,21,215,85,183,36,061,000202
Census Tract 5; New York County; New York,0,0,0,0,0,0,0,0,0,0,0,0,0,36,061,000500
Census Tract 6; New York County; New York,9982,0,0,35,105,39,259,0,0,62,85,66,557,36,061,000600
Census Tract 7; New York County; New York,9008,0,0,29,4,3,0,0,0,25,30,3,0,36,061,000700
Census Tract 8; New York County; New York,8889,0,25,0,278,96,74,0,0,0,37,155,172,36,061,000800
Census Tract 9; New York County; New York,1860,0,0,8,10,15,13,0,23,0,5,0,0,36,061,000900
Census Tract 10.01; New York County; New York,1720,0,0,7,6,5,44,0,0,8,12,13,39,36,061,001001
Census Tract 10.02; New York County; New York,6098,0,100,54,130,26,142,0,25,68,226,82,57,36,061,001002
Census Tract 12; New York County; New York,4315,0,16,0,39,16,185,0,0,6,54,90,164,36,061,001200
Census Tract 13; New York County; New York,5371,0,0,14,0,0,0,0,0,0,57,0,0,36,061,001300
Census Tract 14.01; New York County; New York,3346,0,0,105,22,60,237,0,0,0,73,23,161,36,061,001401
Census Tract 14.02; New York County; New York,3449,0,0,34,15,172,26,0,0,69,53,162,221,36,061,001402
Census Tract 15.01; New York County; New York,7768,0,27,18,50,43,123,0,0,0,68,34,218,36,061,001501
Census Tract 15.02; New York County; New York,8481,0,73,86,5,1,0,0,0,154,0,0,97,36,061,001502
Census Tract 16; New York County; New York,7040,0,14,23,70,69,38,0,0,15,17,106,293,36,061,001600
Census Tract 18; New York County; New York,6612,0,0,45,147,100,148,0,30,15,123,84,93,36,061,001800
Census Tract 20; New York County; New York,4793,0,10,14,413,111,9,0,0,93,212,78,239,36,061,002000
Census Tract 21; New York County; New York,7944,0,0,13,0,21,0,0,0,17,66,16,16,36,061,002100
Census Tract 22.01; New York County; New York,6417,0,52,71,211,48,98,0,0,16,256,117,206,36,061,002201
Census Tract 22.02; New York County; New York,2400,0,0,7,80,31,18,0,0,11,28,10,55,36,061,002202
Census Tract 24; New York County; New York,4019,0,18,37,143,83,310,0,70,61,166,180,263,36,061,002400
Census Tract 25; New York County; New York,5070,0,43,44,132,30,223,0,60,0,178,65,275,36,061,002500
Census Tract 26.01; New York County; New York,4329,0,98,43,482,11,30,0,23,7,135,85,46,36,061,002601
Census Tract 26.02; New York County; New York,3431,0,61,11,137,65,184,0,0,11,126,60,81,36,061,002602
Census Tract 27; New York County; New York,1183,0,0,5,155,0,23,0,0,6,0,17,51,36,061,002700
Census Tract 28; New York County; New York,6223,0,17,159,254,125,117,0,17,73,568,120,72,36,061,002800
Census Tract 29.01; New York County; New York,113,0,0,0,2,0,16,0,0,0,0,15,55,36,061,002901
Census Tract 29.02; New York County; New York,3832,0,0,78,14,0,34,0,0,59,49,117,135,36,061,002902
Census Tract 30.01; New York County; New York,4073,0,0,78,53,11,0,0,26,61,114,19,66,36,061,003001
Census Tract 30.02; New York County; New York,2964,0,9,14,25,21,95,0,0,44,24,108,137,36,061,003002
Census Tract 31; New York County; New York,2770,0,0,22,30,12,8,0,0,4,23,1,10,36,061,003100
Census Tract 32; New York County; New York,7740,0,0,26,174,121,119,0,0,0,62,89,219,36,061,003200
Census Tract 33; New York County; New York,5574,0,0,0,0,63,57,0,0,0,0,0,13,36,061,003300
Census Tract 34; New York County; New York,6474,0,0,61,71,61,63,0,0,44,186,34,54,36,061,003400
Census Tract 36.01; New York County; New York,2905,0,0,18,189,24,29,0,0,20,169,57,122,36,061,003601
Census Tract 36.02; New York County; New York,3438,0,0,28,88,51,58,0,0,0,20,56,27,36,061,003602
Census Tract 37; New York County; New York,3528,0,0,26,0,37,21,0,0,12,17,73,78,36,061,003700
Census Tract 38; New York County; New York,7368,0,0,147,206,0,0,0,0,0,34,78,251,36,061,003800
Census Tract 39; New York County; New York,6180,0,34,0,30,18,326,0,0,0,234,32,74,36,061,003900
Census Tract 40.01; New York County; New York,3536,0,0,0,13,89,0,0,0,90,83,22,0,36,061,004001
Census Tract 40.02; New York County; New York,6250,0,0,23,68,36,0,0,0,82,30,126,13,36,061,004002
Census Tract 41; New York County; New York,6815,0,0,18,42,74,135,0,0,104,34,43,193,36,061,004100
Census Tract 42; New York County; New York,5295,0,0,0,39,0,19,0,0,19,24,0,0,36,061,004200
Census Tract 43; New York County; New York,3590,0,0,37,22,76,1,0,0,0,139,22,81,36,061,004300
Census Tract 44; New York County; New York,16684,0,0,0,333,55,62,0,0,0,248,53,239,36,061,004400
Census Tract 45; New York County; New York,1047,0,0,0,10,0,0,0,0,0,8,18,0,36,061,004500
Census Tract 47; New York County; New York,2619,0,0,0,0,0,12,0,0,0,0,13,0,36,061,004700
Census Tract 48; New York County; New York,6622,0,0,4,42,147,47,0,18,25,16,63,60,36,061,004800
Census Tract 49; New York County; New York,4568,0,41,35,49,41,57,0,0,0,0,78,54,36,061,004900
Census Tract 50; New York County; New York,4780,0,0,0,51,0,60,0,0,0,35,37,56,36,061,005000
Census Tract 52; New York County; New York,3349,0,8,5,15,25,18,0,0,0,0,0,28,36,061,005200
Census Tract 54; New York County; New York,4698,0,0,30,13,31,18,0,0,245,17,115,21,36,061,005400
Census Tract 55.01; New York County; New York,5581,0,0,0,52,66,34,0,0,16,73,17,50,36,061,005501
Census Tract 55.02; New York County; New York,1933,0,0,11,50,92,49,0,7,0,0,0,18,36,061,005502
Census Tract 56; New York County; New York,4071,0,0,0,163,139,34,0,6,15,32,40,0,36,061,005600
Census Tract 57; New York County; New York,2865,0,0,0,28,51,81,0,0,0,0,8,83,36,061,005700
Census Tract 58; New York County; New York,4412,0,0,0,85,37,83,0,0,0,22,0,18,36,061,005800
Census Tract 59; New York County; New York,5098,0,0,16,84,15,148,0,0,26,17,72,0,36,061,005900
Census Tract 60; New York County; New York,5279,0,189,0,0,0,107,0,0,22,37,96,138,36,061,006000
Census Tract 61; New York County; New York,4970,0,14,25,0,0,16,0,0,14,73,0,78,36,061,006100
Census Tract 62; New York County; New York,4142,0,0,90,185,0,69,0,0,53,20,10,61,36,061,006200
Census Tract 63; New York County; New York,5843,0,0,45,55,34,122,0,0,33,0,17,205,36,061,006300
Census Tract 64; New York County; New York,7934,0,0,0,139,0,36,0,27,200,75,41,172,36,061,006400
Census Tract 65; New York County; New York,5205,0,0,29,53,47,0,0,0,15,15,0,16,36,061,006500
Census Tract 66; New York County; New York,11506,0,0,30,51,239,89,0,0,112,0,84,363,36,061,006600
Census Tract 67; New York County; New York,4880,0,0,17,47,18,79,0,0,29,22,0,180,36,061,006700
Census Tract 68; New York County; New York,7144,0,0,0,204,0,27,0,0,81,39,95,93,36,061,006800
Census Tract 69; New York County; New York,2570,0,0,19,4,53,0,0,0,7,11,0,0,36,061,006900
Census Tract 70.01; New York County; New York,4195,0,0,20,107,1,0,0,0,2,0,22,112,36,061,007001
Census Tract 70.02; New York County; New York,3676,0,0,0,27,0,126,0,0,0,51,14,99,36,061,007002
Census Tract 71; New York County; New York,5342,0,5,28,68,0,0,0,0,41,82,27,15,36,061,007100
Census Tract 72; New York County; New York,7214,0,44,32,76,0,15,0,0,15,72,12,53,36,061,007200
Census Tract 73; New York County; New York,5744,0,0,0,0,47,30,0,0,1,0,0,0,36,061,007300
Census Tract 74; New York County; New York,5257,0,0,30,26,17,0,0,0,43,23,38,32,36,061,007400
Census Tract 75; New York County; New York,3814,0,0,33,58,135,18,0,0,28,107,2,189,36,061,007500
Census Tract 76; New York County; New York,2455,0,11,54,55,8,39,0,0,13,59,27,0,36,061,007600
Census Tract 77; New York County; New York,5584,0,13,58,4,60,35,0,19,26,56,100,72,36,061,007700
Census Tract 78; New York County; New York,8409,0,0,25,8,0,0,0,27,0,119,34,257,36,061,007800
Census Tract 79; New York County; New York,4514,0,0,0,0,18,232,0,0,0,0,49,17,36,061,007900
Census Tract 80; New York County; New York,5285,0,44,16,21,0,14,0,18,55,66,0,31,36,061,008000
Census Tract 81; New York County; New York,6308,0,0,18,60,0,84,0,0,20,97,44,0,36,061,008100
Census Tract 82; New York County; New York,3346,0,0,0,43,0,0,0,0,27,0,17,0,36,061,008200
Census Tract 83; New York County; New York,3629,0,0,0,69,115,18,0,51,18,226,8,174,36,061,008300
Census Tract 84; New York County; New York,1660,0,0,6,16,17,114,0,0,12,8,0,0,36,061,008400
Census Tract 86.01; New York County; New York,3197,0,0,16,46,14,1,0,0,39,0,49,3,36,061,008601
Census Tract 86.02; New York County; New York,0,0,0,0,0,0,0,0,0,0,0,0,0,36,061,008602
Census Tract 86.03; New York County; New York,5188,0,0,34,15,0,82,0,0,7,0,50,231,36,061,008603
Census Tract 87; New York County; New York,5712,0,0,0,30,82,35,0,0,20,12,34,0,36,061,008700
Census Tract 88; New York County; New York,7096,0,17,0,359,0,0,0,0,34,30,0,28,36,061,008800
Census Tract 89; New York County; New York,5834,0,0,5,93,52,4,0,0,0,19,135,76,36,061,008900
Census Tract 90; New York County; New York,7308,0,0,25,120,0,120,0,0,40,66,0,157,36,061,009000
Census Tract 91; New York County; New York,6443,0,93,94,394,127,32,0,0,5,108,34,115,36,061,009100
Census Tract 92; New York County; New York,1408,0,0,5,4,0,18,0,0,0,0,0,23,36,061,009200
Census Tract 93; New York County; New York,9652,0,33,23,104,204,202,0,0,83,234,97,464,36,061,009300
Census Tract 94; New York County; New York,77,0,0,0,0,0,0,0,0,0,0,0,0,36,061,009400
Census Tract 95; New York County; New York,3482,0,0,15,38,8,14,0,0,0,12,24,26,36,061,009500
Census Tract 96; New York County; New York,474,0,0,39,0,0,17,0,0,7,11,0,8,36,061,009600
Census Tract 97; New York County; New York,4477,0,0,0,112,98,47,0,21,0,123,126,237,36,061,009700
Census Tract 98; New York County; New York,8389,0,34,0,78,0,41,0,58,465,144,44,81,36,061,009800
Census Tract 99.01; New York County; New York,1884,0,0,0,22,2,0,0,0,0,107,0,7,36,061,009901
Census Tract 99.02; New York County; New York,3890,0,0,29,123,36,0,0,0,0,0,0,0,36,061,009902
Census Tract 99.03; New York County; New York,1061,0,0,0,0,0,14,0,0,0,0,0,7,36,061,009903
Census Tract 100; New York County; New York,1651,0,0,9,1,0,0,0,0,13,14,9,14,36,061,010000
Census Tract 101; New York County; New York,1923,0,0,23,44,0,0,0,0,17,21,0,17,36,061,010100
Census Tract 102; New York County; New York,239,0,0,0,3,1,0,0,0,0,4,0,14,36,061,010200
Census Tract 103; New York County; New York,3083,0,0,8,11,7,0,0,0,0,0,0,12,36,061,010300
Census Tract 104; New York County; New York,960,0,0,0,13,9,34,0,0,0,14,0,5,36,061,010400
Census Tract 106.01; New York County; New York,7562,0,0,0,16,0,199,0,0,0,57,40,214,36,061,010601
Census Tract 106.02; New York County; New York,5006,0,0,0,20,19,24,0,0,14,0,71,67,36,061,010602
Census Tract 108.01; New York County; New York,3475,0,0,11,0,29,53,0,0,33,53,13,85,36,061,010801
Census Tract 108.02; New York County; New York,4094,0,21,0,37,0,0,0,0,68,0,0,145,36,061,010802
Census Tract 108.03; New York County; New York,1840,0,6,0,0,12,64,0,0,0,7,0,88,36,061,010803
Census Tract 109; New York County; New York,200,0,0,0,0,0,0,0,0,19,3,0,0,36,061,010900
Census Tract 110; New York County; New York,6955,0,0,3,109,31,74,0,0,0,85,24,229,36,061,011000
Census Tract 111; New York County; New York,4767,0,0,77,60,34,58,0,15,13,119,113,48,36,061,011100
Census Tract 112.01; New York County; New York,950,0,0,0,39,0,25,0,0,17,27,6,29,36,061,011201
Census Tract 112.02; New York County; New York,520,0,0,0,0,0,23,0,0,0,0,14,6,36,061,011202
Census Tract 112.03; New York County; New York,1053,0,0,0,32,5,0,0,0,0,0,25,25,36,061,011203
Census Tract 113; New York County; New York,122,0,0,0,19,0,0,0,0,0,0,0,0,36,061,011300
Census Tract 114.01; New York County; New York,1138,0,0,2,8,0,27,0,0,0,2,9,36,36,061,011401
Census Tract 114.02; New York County; New York,2283,0,0,9,0,0,66,0,0,17,23,12,72,36,061,011402
Census Tract 115; New York County; New York,3929,0,0,131,88,25,0,0,51,14,142,0,9,36,061,011500
Census Tract 116; New York County; New York,3339,0,0,24,55,0,21,0,0,14,194,11,128,36,061,011600
Census Tract 117; New York County; New York,5051,0,0,0,84,0,35,0,27,21,184,0,21,36,061,011700
Census Tract 118; New York County; New York,9462,0,23,0,304,66,249,0,61,0,142,65,566,36,061,011800
Census Tract 119; New York County; New York,1174,0,0,14,221,173,32,0,0,0,66,47,47,36,061,011900
Census Tract 120; New York County; New York,3199,0,0,0,0,0,19,0,0,0,54,0,190,36,061,012000
Census Tract 121.01; New York County; New York,3103,0,24,24,113,82,90,0,0,17,53,0,0,36,061,012101
Census Tract 121.02; New York County; New York,4850,0,0,85,318,49,161,0,0,141,152,138,476,36,061,012102
Census Tract 122; New York County; New York,3008,0,0,0,25,30,133,0,49,0,6,0,79,36,061,012200
Census Tract 124; New York County; New York,9485,0,37,19,0,0,92,0,81,47,52,0,401,36,061,012400
Census Tract 125; New York County; New York,2589,0,0,2,40,24,66,0,0,8,46,43,73,36,061,012500
Census Tract 126.01; New York County; New York,7288,0,0,0,0,21,140,36,28,0,52,33,55,36,061,012601
Census Tract 126.02; New York County; New York,4550,0,0,0,34,0,0,0,0,0,56,39,106,36,061,012602
Census Tract 127; New York County; New York,6786,0,0,100,115,34,96,0,0,63,39,74,137,36,061,012700
Census Tract 128; New York County; New York,4914,0,0,14,0,29,59,0,14,0,19,62,136,36,061,012800
Census Tract 129.01; New York County; New York,7091,0,74,0,61,0,8,0,0,9,77,0,66,36,061,012901
Census Tract 129.02; New York County; New York,2647,0,0,17,48,72,0,0,0,32,44,20,25,36,061,012902
Census Tract 130; New York County; New York,3272,0,65,3,0,18,77,0,17,0,0,12,104,36,061,013000
Census Tract 131; New York County; New York,3235,0,0,15,14,21,62,0,0,7,14,29,216,36,061,013100
Census Tract 132.01; New York County; New York,2307,0,0,30,29,15,74,0,19,159,0,0,33,36,061,013201
Census Tract 132.02; New York County; New York,3649,0,0,25,49,0,105,0,18,0,0,0,161,36,061,013202
Census Tract 132.03; New York County; New York,4291,0,0,0,0,12,0,0,0,0,0,20,17,36,061,013203
Census Tract 133; New York County; New York,6510,0,0,0,27,119,0,0,0,47,0,0,143,36,061,013300
Census Tract 134; New York County; New York,10647,0,0,82,3,36,119,0,0,24,0,56,326,36,061,013400
Census Tract 135.01; New York County; New York,5154,0,0,68,104,0,90,0,0,14,157,137,0,36,061,013501
Census Tract 135.02; New York County; New York,5828,0,0,57,181,0,95,0,0,79,113,269,200,36,061,013502
Census Tract 136.01; New York County; New York,1711,0,0,0,0,8,122,0,0,0,0,27,232,36,061,013601
Census Tract 136.02; New York County; New York,6244,0,0,0,80,0,144,0,0,91,38,0,200,36,061,013602
Census Tract 136.03; New York County; New York,4426,0,0,0,19,20,139,0,0,0,18,18,120,36,061,013603
Census Tract 136.04; New York County; New York,3488,0,0,0,91,19,18,0,0,9,0,0,88,36,061,013604
Census Tract 137; New York County; New York,6352,0,0,111,81,0,164,0,0,20,129,174,48,36,061,013700
Census Tract 138; New York County; New York,11378,0,0,115,0,0,67,0,0,18,55,56,121,36,061,013800
Census Tract 139; New York County; New York,9316,0,0,230,233,504,386,0,0,97,25,407,61,36,061,013900
Census Tract 140; New York County; New York,7902,0,26,0,102,66,79,0,0,0,91,30,157,36,061,014000
Census Tract 142; New York County; New York,4092,0,0,20,17,20,119,0,0,0,13,0,40,36,061,014200
Census Tract 143; New York County; New York,0,0,0,0,0,0,0,0,0,0,0,0,0,36,061,014300
Census Tract 144.01; New York County; New York,4718,0,0,49,19,26,15,0,0,81,29,0,38,36,061,014401
Census Tract 144.02; New York County; New York,7257,0,0,0,43,44,105,0,36,0,57,121,72,36,061,014402
Census Tract 145; New York County; New York,6813,0,0,0,24,58,95,0,0,29,97,21,34,36,061,014500
Census Tract 146.01; New York County; New York,3607,0,0,12,56,6,0,0,0,40,29,0,42,36,061,014601
Census Tract 146.02; New York County; New York,8543,0,0,135,59,42,473,0,0,0,104,217,198,36,061,014602
Census Tract 147; New York County; New York,3044,0,0,0,0,0,0,0,0,0,193,0,62,36,061,014700
Census Tract 148.01; New York County; New York,2858,0,0,11,109,0,37,0,0,0,11,30,80,36,061,014801
Census Tract 148.02; New York County; New York,6377,0,33,41,0,0,78,0,0,4,15,0,173,36,061,014802
Census Tract 149; New York County; New York,5873,0,47,0,0,71,46,0,0,0,74,61,71,36,061,014900
Census Tract 150.01; New York County; New York,2018,0,31,0,6,54,24,0,0,16,35,12,66,36,061,015001
Census Tract 150.02; New York County; New York,4558,0,0,0,35,32,66,0,0,0,1,57,192,36,061,015002
Census Tract 151.01; New York County; New York,2860,0,0,22,15,48,31,0,0,15,257,34,80,36,061,015101
Census Tract 151.02; New York County; New York,8963,0,0,114,262,96,0,0,24,0,112,55,59,36,061,015102
Census Tract 152; New York County; New York,8240,0,135,85,197,232,30,0,107,14,259,58,189,36,061,015200
Census Tract 153.01; New York County; New York,4698,0,0,8,0,30,0,0,0,14,0,24,166,36,061,015301
Census Tract 153.02; New York County; New York,5570,0,0,0,206,0,159,0,0,0,195,0,73,36,061,015302
Census Tract 154.01; New York County; New York,4962,0,0,0,10,0,80,0,0,35,158,290,184,36,061,015401
Census Tract 154.02; New York County; New York,3841,0,0,0,57,0,0,0,0,31,69,0,45,36,061,015402
Census Tract 154.03; New York County; New York,5015,0,0,59,255,0,181,0,0,0,0,41,191,36,061,015403
Census Tract 155.01; New York County; New York,5057,0,0,0,50,0,54,0,0,10,79,18,93,36,061,015501
Census Tract 155.02; New York County; New York,5475,0,0,0,0,18,68,0,0,176,18,0,194,36,061,015502
Census Tract 156.01; New York County; New York,4935,0,0,25,227,113,31,0,0,21,43,0,46,36,061,015601
Census Tract 156.02; New York County; New York,2139,0,0,0,37,17,0,0,0,18,112,6,156,36,061,015602
Census Tract 157; New York County; New York,10613,0,0,0,225,51,126,0,0,0,153,0,194,36,061,015700
Census Tract 158.01; New York County; New York,5384,0,35,17,44,19,95,0,0,0,17,174,23,36,061,015801
Census Tract 158.02; New York County; New York,4328,0,0,33,12,10,12,0,13,11,113,13,10,36,061,015802
Census Tract 159; New York County; New York,9202,0,42,20,32,163,287,0,0,0,52,74,112,36,061,015900
Census Tract 160.01; New York County; New York,3029,0,0,0,22,18,105,0,0,0,27,8,65,36,061,016001
Census Tract 160.02; New York County; New York,3133,0,0,22,2,64,35,0,10,0,10,105,55,36,061,016002
Census Tract 161; New York County; New York,6177,0,0,0,106,33,19,0,0,31,15,0,169,36,061,016100
Census Tract 162; New York County; New York,8851,0,140,0,397,178,87,0,150,28,253,192,182,36,061,016200
Census Tract 163; New York County; New York,6986,0,0,48,18,34,215,0,20,62,0,67,310,36,061,016300
Census Tract 164; New York County; New York,7850,0,88,143,266,25,229,0,179,198,389,149,204,36,061,016400
Census Tract 165; New York County; New York,7253,0,37,49,20,35,42,0,135,2,54,49,427,36,061,016500
Census Tract 166; New York County; New York,6011,0,33,139,300,0,20,0,94,61,172,105,56,36,061,016600
Census Tract 167; New York County; New York,7504,0,30,0,69,53,201,0,97,20,17,30,99,36,061,016700
Census Tract 168; New York County; New York,4117,0,105,56,96,17,55,0,14,96,141,122,178,36,061,016800
Census Tract 169; New York County; New York,8173,0,0,77,29,116,157,0,0,0,18,0,0,36,061,016900
Census Tract 170; New York County; New York,8746,46,138,50,128,79,87,0,19,22,118,244,253,36,061,017000
Census Tract 171; New York County; New York,8238,0,135,0,297,28,26,0,0,16,102,48,110,36,061,017100
Census Tract 172; New York County; New York,4967,0,118,17,206,0,0,0,0,18,179,182,112,36,061,017200
Census Tract 173; New York County; New York,8764,0,0,140,72,46,119,0,0,9,112,135,412,36,061,017300
Census Tract 174.01; New York County; New York,5171,0,70,0,29,26,139,0,0,73,376,194,197,36,061,017401
Census Tract 174.02; New York County; New York,2529,0,20,14,75,0,18,0,0,48,80,31,108,36,061,017402
Census Tract 175; New York County; New York,9564,0,103,56,170,25,372,0,30,7,3,135,246,36,061,017500
Census Tract 177; New York County; New York,9586,0,0,54,232,92,105,0,0,0,129,84,218,36,061,017700
Census Tract 178; New York County; New York,4050,0,29,19,137,10,38,0,16,42,106,0,35,36,061,017800
Census Tract 179; New York County; New York,9319,0,110,0,162,0,39,0,0,50,6,157,66,36,061,017900
Census Tract 180; New York County; New York,6621,0,27,84,278,0,0,0,0,0,256,82,104,36,061,018000
Census Tract 181; New York County; New York,8339,0,26,79,39,235,169,0,0,51,160,43,430,36,061,018100
Census Tract 182; New York County; New York,7175,0,219,273,362,82,87,0,144,128,362,18,189,36,061,018200
Census Tract 183; New York County; New York,8493,0,16,44,338,19,173,0,0,77,90,87,122,36,061,018300
Census Tract 184; New York County; New York,7789,0,194,26,344,31,74,0,0,86,282,152,288,36,061,018400
Census Tract 185; New York County; New York,4950,0,0,34,26,48,69,0,0,70,49,68,241,36,061,018500
Census Tract 186; New York County; New York,5983,0,23,26,195,58,48,0,0,20,260,246,35,36,061,018600
Census Tract 187; New York County; New York,10321,0,0,73,65,39,95,0,13,75,112,79,152,36,061,018700
Census Tract 188; New York County; New York,5057,0,0,21,191,6,16,0,0,29,245,14,60,36,061,018800
Census Tract 189; New York County; New York,9847,0,0,16,438,32,0,0,0,58,132,328,376,36,061,018900
Census Tract 190; New York County; New York,3849,0,31,0,31,56,47,0,0,0,34,19,131,36,061,019000
Census Tract 191; New York County; New York,8601,0,0,20,288,135,113,0,48,21,110,141,274,36,061,019100
Census Tract 192; New York County; New York,4267,0,41,2,192,0,0,0,30,97,143,171,152,36,061,019200
Census Tract 193; New York County; New York,9611,0,0,101,369,194,181,0,0,25,74,54,530,36,061,019300
Census Tract 194; New York County; New York,6487,0,113,123,247,36,81,0,0,0,180,228,243,36,061,019400
Census Tract 195; New York County; New York,7457,0,36,4,97,75,127,0,0,48,37,40,234,36,061,019500
Census Tract 196; New York County; New York,3800,0,16,0,116,102,108,0,0,11,70,118,164,36,061,019600
Census Tract 197.01; New York County; New York,999,0,0,0,19,0,0,0,0,24,17,1,0,36,061,019701
Census Tract 197.02; New York County; New York,2660,0,0,149,32,0,74,0,0,0,162,0,24,36,061,019702
Census Tract 198; New York County; New York,2385,0,15,0,76,0,14,0,0,0,63,0,44,36,061,019800
Census Tract 199; New York County; New York,8641,0,0,24,71,59,336,0,0,16,95,1,168,36,061,019900
Census Tract 200; New York County; New York,2954,0,0,0,117,46,12,0,0,54,33,55,181,36,061,020000
Census Tract 201.01; New York County; New York,1976,0,0,1,5,13,0,0,0,0,5,0,0,36,061,020101
Census Tract 201.02; New York County; New York,4045,0,0,44,101,43,34,0,15,3,123,10,44,36,061,020102
Census Tract 203; New York County; New York,3930,0,0,10,0,0,1,0,0,36,11,0,48,36,061,020300
Census Tract 205; New York County; New York,5606,0,40,0,54,12,45,0,0,18,0,30,38,36,061,020500
Census Tract 206; New York County; New York,3411,0,0,6,125,44,0,0,0,61,48,45,23,36,061,020600
Census Tract 207.01; New York County; New York,2856,0,0,26,58,0,11,0,0,13,0,0,22,36,061,020701
Census Tract 208; New York County; New York,5573,0,0,0,22,93,0,0,0,0,72,74,43,36,061,020800
Census Tract 209.01; New York County; New York,3382,0,66,5,155,35,45,0,0,0,188,15,68,36,061,020901
Census Tract 210; New York County; New York,6324,0,63,241,241,0,40,0,0,138,247,217,209,36,061,021000
Census Tract 211; New York County; New York,10207,0,0,196,178,264,118,0,0,99,66,231,206,36,061,021100
Census Tract 212; New York County; New York,4710,0,0,0,49,11,154,0,0,0,33,34,138,36,061,021200
Census Tract 213.03; New York County; New York,6381,0,120,182,169,23,17,0,0,6,155,52,178,36,061,021303
Census Tract 214; New York County; New York,2902,0,31,1,26,47,34,0,0,44,138,28,191,36,061,021400
Census Tract 215; New York County; New York,4054,0,12,56,43,32,16,0,0,65,30,24,69,36,061,021500
Census Tract 216; New York County; New York,9151,0,0,89,328,61,9,0,0,45,71,26,91,36,061,021600
Census Tract 217.03; New York County; New York,211,0,0,10,0,0,0,0,0,22,0,0,0,36,061,021703
Census Tract 218; New York County; New York,5931,0,0,41,178,79,0,0,72,25,239,163,74,36,061,021800
Census Tract 219; New York County; New York,5368,0,0,62,242,32,11,0,0,7,168,42,192,36,061,021900
Census Tract 220; New York County; New York,6102,0,0,18,113,5,66,0,49,0,195,35,16,36,061,022000
Census Tract 221.02; New York County; New York,2365,0,0,26,54,9,0,0,0,9,51,0,0,36,061,022102
Census Tract 222; New York County; New York,3501,0,0,42,109,39,25,0,13,39,41,61,53,36,061,022200
Census Tract 223.01; New York County; New York,7270,0,53,51,175,184,136,0,0,100,200,254,93,36,061,022301
Census Tract 223.02; New York County; New York,2998,0,25,9,22,98,39,0,6,0,133,79,97,36,061,022302
Census Tract 224; New York County; New York,6866,0,44,38,221,114,36,0,154,6,290,164,104,36,061,022400
Census Tract 225; New York County; New York,10587,0,31,58,300,92,29,0,49,33,342,181,802,36,061,022500
Census Tract 226; New York County; New York,5048,0,10,34,188,36,20,0,0,10,191,92,150,36,061,022600
Census Tract 227; New York County; New York,5664,0,0,24,315,100,37,0,0,0,128,36,93,36,061,022700
Census Tract 228; New York County; New York,6548,0,201,73,401,34,30,0,81,70,189,174,118,36,061,022800
Census Tract 229; New York County; New York,8471,0,0,39,138,74,114,0,60,31,363,121,26,36,061,022900
Census Tract 230; New York County; New York,9357,0,36,177,146,179,276,0,59,79,418,98,248,36,061,023000
Census Tract 231; New York County; New York,6817,0,0,6,77,101,27,0,78,106,191,49,17,36,061,023100
Census Tract 232; New York County; New York,9279,0,0,19,479,0,40,0,34,228,349,197,221,36,061,023200
Census Tract 233; New York County; New York,7177,0,103,15,181,42,48,0,0,50,139,16,169,36,061,023300
Census Tract 234; New York County; New York,5244,0,28,0,306,8,57,0,15,0,115,38,43,36,061,023400
Census Tract 235.01; New York County; New York,7177,0,0,137,208,0,63,0,0,51,267,104,115,36,061,023501
Census Tract 235.02; New York County; New York,1872,0,0,0,53,84,15,0,10,6,79,51,31,36,061,023502
Census Tract 236; New York County; New York,10061,0,0,70,542,90,100,0,0,42,351,453,205,36,061,023600
Census Tract 237; New York County; New York,6576,0,0,86,154,20,41,0,0,0,260,92,227,36,061,023700
Census Tract 238.02; New York County; New York,4409,0,6,62,56,0,62,0,0,0,0,0,125,36,061,023802
Census Tract 238.03; New York County; New York,3514,0,0,13,61,51,62,0,0,24,17,84,119,36,061,023803
Census Tract 238.04; New York County; New York,3390,0,0,0,0,15,0,0,0,0,0,0,18,36,061,023804
Census Tract 239; New York County; New York,2992,0,30,26,205,32,114,0,64,22,173,46,122,36,061,023900
Census Tract 240; New York County; New York,2184,0,0,83,449,68,7,0,0,2,93,17,0,36,061,024000
Census Tract 241; New York County; New York,8068,0,0,200,334,95,177,0,23,81,425,199,305,36,061,024100
Census Tract 242; New York County; New York,5587,0,31,81,167,102,52,0,28,12,210,50,179,36,061,024200
Census Tract 243.01; New York County; New York,4473,0,70,58,117,109,114,0,86,20,135,102,98,36,061,024301
Census Tract 243.02; New York County; New York,7234,0,132,86,172,48,19,0,31,129,603,244,31,36,061,024302
Census Tract 245; New York County; New York,13985,0,84,261,1349,253,217,0,0,0,623,378,288,36,061,024500
Census Tract 247; New York County; New York,6135,0,0,234,183,58,151,0,0,59,182,566,433,36,061,024700
Census Tract 249; New York County; New York,1061,0,0,11,29,16,0,0,0,20,8,56,45,36,061,024900
Census Tract 251; New York County; New York,2698,0,21,21,136,64,34,0,0,52,76,44,98,36,061,025100
Census Tract 253; New York County; New York,10179,0,50,85,68,62,222,0,52,23,337,419,176,36,061,025300
Census Tract 255; New York County; New York,5385,0,46,1,168,1,65,0,0,36,266,1,207,36,061,025500
Census Tract 257; New York County; New York,4601,0,0,23,38,51,75,0,0,30,75,9,89,36,061,025700
Census Tract 259; New York County; New York,4713,0,10,36,108,0,19,0,13,6,107,39,13,36,061,025900
Census Tract 261; New York County; New York,11613,0,21,206,254,187,75,0,77,115,454,612,328,36,061,026100
Census Tract 263; New York County; New York,7997,0,42,86,153,25,208,0,0,303,178,185,244,36,061,026300
Census Tract 265; New York County; New York,8036,0,1,34,526,78,66,0,0,117,119,58,199,36,061,026500
Census Tract 267; New York County; New York,2053,0,0,0,0,5,0,0,0,18,77,13,12,36,061,026700
Census Tract 269; New York County; New York,7664,0,0,3,176,105,106,0,0,101,258,253,177,36,061,026900
Census Tract 271; New York County; New York,7583,0,21,55,167,27,49,0,0,168,21,100,48,36,061,027100
Census Tract 273; New York County; New York,7317,0,70,0,55,9,43,0,31,0,155,59,47,36,061,027300
Census Tract 275; New York County; New York,3089,0,9,19,390,64,53,0,0,0,37,11,42,36,061,027500
Census Tract 277; New York County; New York,6099,0,105,0,0,86,269,0,24,0,70,146,44,36,061,027700
Census Tract 279; New York County; New York,10035,0,17,216,120,79,97,0,71,159,421,113,79,36,061,027900
Census Tract 281; New York County; New York,3038,0,0,51,0,9,4,0,0,68,16,15,57,36,061,028100
Census Tract 283; New York County; New York,8132,0,19,130,108,191,87,0,66,132,286,163,111,36,061,028300
Census Tract 285; New York County; New York,7712,0,22,49,96,74,81,0,63,18,138,260,318,36,061,028500
Census Tract 287; New York County; New York,4001,0,0,19,65,0,60,0,0,19,72,21,17,36,061,028700
Census Tract 291; New York County; New York,10831,55,91,150,416,134,38,0,0,112,673,98,183,36,061,029100
Census Tract 293; New York County; New York,8677,0,54,0,427,51,133,0,195,0,202,249,304,36,061,029300
Census Tract 295; New York County; New York,7542,0,0,0,165,90,60,0,136,65,195,208,102,36,061,029500
Census Tract 297; New York County; New York,0,0,0,0,0,0,0,0,0,0,0,0,0,36,061,029700
Census Tract 299; New York County; New York,3430,0,0,9,235,74,10,0,0,17,242,144,151,36,061,029900
Census Tract 303; New York County; New York,3823,0,0,1,58,99,54,0,37,0,71,28,117,36,061,030300
Census Tract 307; New York County; New York,3906,0,9,51,53,10,63,0,8,0,73,52,38,36,061,030700
Census Tract 309; New York County; New York,10529,0,369,238,158,188,98,0,90,114,934,326,175,36,061,030900
Census Tract 311; New York County; New York,0,0,0,0,0,0,0,0,0,0,0,0,0,36,061,031100
Census Tract 317.03; New York County; New York,5960,0,35,33,0,74,69,0,0,22,30,35,153,36,061,031703
Census Tract 317.04; New York County; New York,10147,0,31,0,137,18,0,0,0,0,84,102,0,36,061,031704
Census Tract 319; New York County; New York,0,0,0,0,0,0,0,0,0,0,0,0,0,36,061,031900
Census Tract 1.01; Queens County; New York,4600,0,0,36,52,0,22,0,0,17,77,55,188,36,081,000101
Census Tract 1.02; Queens County; New York,6304,0,0,21,65,0,0,0,0,15,15,15,33,36,081,000102
Census Tract 1.03; Queens County; New York,31,0,0,0,0,0,0,0,0,0,0,0,0,36,081,000103
Census Tract 1.04; Queens County; New York,303,0,0,0,13,26,5,0,0,0,0,0,0,36,081,000104
Census Tract 2; Queens County; New York,2344,0,5,23,54,83,13,0,0,29,83,3,15,36,081,000200
Census Tract 4; Queens County; New York,4684,0,0,9,82,94,73,0,0,20,53,38,17,36,081,000400
Census Tract 6; Queens County; New York,3888,0,90,0,47,56,32,0,39,40,43,97,17,36,081,000600
Census Tract 7.01; Queens County; New York,3559,0,17,12,0,0,0,0,0,0,18,15,0,36,081,000701
Census Tract 7.02; Queens County; New York,4131,0,0,0,93,22,17,0,0,58,0,23,64,36,081,000702
Census Tract 8; Queens County; New York,3617,0,8,35,28,16,14,0,0,47,67,88,91,36,081,000800
Census Tract 10; Queens County; New York,4894,0,3,33,38,18,0,0,17,12,45,75,11,36,081,001000
Census Tract 12; Queens County; New York,4596,0,151,0,79,39,28,0,19,0,81,42,41,36,081,001200
Census Tract 14; Queens County; New York,3966,0,0,7,226,93,1,0,87,0,32,25,37,36,081,001400
Census Tract 16; Queens County; New York,2501,0,0,4,11,7,30,0,0,17,73,0,75,36,081,001600
Census Tract 18; Queens County; New York,2856,0,0,2,40,71,11,0,10,25,26,38,108,36,081,001800
Census Tract 19.01; Queens County; New York,1974,0,0,22,0,0,0,0,0,13,16,0,0,36,081,001901
Census Tract 19.02; Queens County; New York,6099,0,0,0,42,0,45,0,0,106,0,34,0,36,081,001902
Census Tract 19.03; Queens County; New York,1409,0,0,0,10,0,0,0,0,1,2,0,0,36,081,001903
Census Tract 20; Queens County; New York,1609,0,0,3,12,12,10,0,0,1,11,46,8,36,081,002000
Census Tract 22; Queens County; New York,2324,0,9,0,12,26,17,0,0,9,21,30,10,36,081,002200
Census Tract 24; Queens County; New York,2185,0,0,12,57,18,18,0,25,27,22,57,26,36,081,002400
Census Tract 25; Queens County; New York,6032,15,45,41,118,32,71,0,0,74,379,286,209,36,081,002500
Census Tract 26; Queens County; New York,2218,0,0,3,52,66,14,0,19,12,16,74,39,36,081,002600
Census Tract 28; Queens County; New York,3160,0,25,16,64,13,119,0,0,0,58,26,0,36,081,002800
Census Tract 30; Queens County; New York,1497,0,4,2,38,9,16,0,0,7,12,51,45,36,081,003000
Census Tract 31; Queens County; New York,1663,0,0,11,17,0,39,0,0,20,25,0,4,36,081,003100
Census Tract 32; Queens County; New York,1835,0,9,0,50,5,0,0,0,15,28,31,46,36,081,003200
Census Tract 33.01; Queens County; New York,3303,0,0,20,27,0,0,0,0,52,22,0,0,36,081,003301
Census Tract 33.02; Queens County; New York,918,0,0,6,106,0,0,0,0,0,14,6,59,36,081,003302
Census Tract 34; Queens County; New York,2600,19,11,0,52,1,10,0,0,0,9,14,40,36,081,003400
Census Tract 36; Queens County; New York,3448,0,21,0,16,22,57,0,0,0,58,138,10,36,081,003600
Census Tract 37; Queens County; New York,0,0,0,0,0,0,0,0,0,0,0,0,0,36,081,003700
Census Tract 38; Queens County; New York,2255,0,0,8,11,11,14,0,0,29,12,21,51,36,081,003800
Census Tract 39; Queens County; New York,1474,0,0,24,22,0,0,0,18,30,38,0,16,36,081,003900
Census Tract 40.01; Queens County; New York,2152,0,22,0,49,15,7,0,0,8,34,0,20,36,081,004001
Census Tract 40.02; Queens County; New York,1654,0,0,0,23,21,0,0,33,0,11,17,17,36,081,004002
Census Tract 42; Queens County; New York,4414,0,0,22,161,19,35,0,0,8,47,30,39,36,081,004200
Census Tract 43; Queens County; New York,1912,0,20,40,51,53,26,0,6,35,112,41,62,36,081,004300
Census Tract 44.01; Queens County; New York,3595,0,1,38,26,0,45,16,0,19,58,30,99,36,081,004401
Census Tract 45; Queens County; New York,2750,0,0,0,52,46,41,0,0,9,59,77,169,36,081,004500
Census Tract 47; Queens County; New York,4254,0,0,42,64,50,24,0,0,41,142,95,110,36,081,004700
Census Tract 50; Queens County; New York,0,0,0,0,0,0,0,0,0,0,0,0,0,36,081,005000
Census Tract 51; Queens County; New York,2262,0,0,22,24,5,0,14,0,9,21,96,39,36,081,005100
Census Tract 52; Queens County; New York,2671,0,0,57,64,0,1,0,0,0,70,33,17,36,081,005200
Census Tract 53; Queens County; New York,5509,0,64,33,0,0,32,0,0,0,25,7,75,36,081,005300
Census Tract 54; Queens County; New York,5363,0,15,124,161,96,86,0,14,14,183,129,126,36,081,005400
Census Tract 55; Queens County; New York,1375,0,0,0,12,12,0,0,0,0,13,0,16,36,081,005500
Census Tract 57; Queens County; New York,4077,0,23,80,34,20,31,0,0,17,10,37,13,36,081,005700
Census Tract 58; Queens County; New York,6012,0,7,66,171,30,152,0,28,0,100,17,101,36,081,005800
Census Tract 59; Queens County; New York,4123,0,0,29,28,9,151,0,0,0,25,41,106,36,081,005900
Census Tract 61; Queens County; New York,5186,0,76,18,212,0,0,0,0,16,45,17,15,36,081,006100
Census Tract 62.01; Queens County; New York,6119,0,98,0,282,60,148,0,16,0,30,112,347,36,081,006201
Census Tract 62.02; Queens County; New York,6830,0,89,21,33,188,81,0,43,0,55,93,428,36,081,006202
Census Tract 63; Queens County; New York,6052,0,0,72,0,47,48,0,20,19,101,0,121,36,081,006300
Census Tract 65.01; Queens County; New York,3059,0,0,10,74,3,0,0,0,30,13,29,29,36,081,006501
Census Tract 65.02; Queens County; New York,3853,0,0,0,56,28,0,0,0,0,38,29,15,36,081,006502
Census Tract 69; Queens County; New York,4285,0,0,57,77,14,54,0,0,38,68,31,58,36,081,006900
Census Tract 71; Queens County; New York,3298,0,0,13,79,0,51,0,0,0,71,52,8,36,081,007100
Census Tract 73; Queens County; New York,3577,0,38,11,52,73,19,0,0,13,35,26,14,36,081,007300
Census Tract 75; Queens County; New York,4596,0,16,50,91,15,1,0,16,0,86,62,139,36,081,007500
Census Tract 77; Queens County; New York,1935,0,0,30,31,79,17,0,0,0,48,0,33,36,081,007700
Census Tract 79; Queens County; New York,2683,0,0,9,23,118,15,0,0,18,60,50,10,36,081,007900
Census Tract 81; Queens County; New York,1298,0,0,12,13,0,0,0,0,11,12,0,2,36,081,008100
Census Tract 83; Queens County; New York,2534,0,19,17,16,2,18,0,0,19,70,27,12,36,081,008300
Census Tract 85; Queens County; New York,1554,0,0,17,53,0,0,0,0,12,54,2,0,36,081,008500
Census Tract 86; Queens County; New York,3068,0,20,0,89,62,24,0,0,0,71,39,20,36,081,008600
Census Tract 87; Queens County; New York,3299,0,9,51,50,87,15,0,71,0,327,85,55,36,081,008700
Census Tract 88; Queens County; New York,3624,0,0,16,113,24,49,0,0,0,132,35,61,36,081,008800
Census Tract 91; Queens County; New York,1790,0,0,11,11,0,8,0,55,37,50,0,31,36,081,009100
Census Tract 94; Queens County; New York,2874,0,0,15,74,97,19,0,0,76,29,8,51,36,081,009400
Census Tract 95; Queens County; New York,2057,0,0,22,16,21,18,0,5,0,24,0,48,36,081,009500
Census Tract 96; Queens County; New York,3308,0,0,39,54,65,35,0,0,45,20,79,82,36,081,009600
Census Tract 97; Queens County; New York,3820,0,0,0,77,9,16,0,21,24,98,42,26,36,081,009700
Census Tract 98; Queens County; New York,2358,0,0,0,35,38,19,0,0,0,43,68,9,36,081,009800
Census Tract 99; Queens County; New York,0,0,0,0,0,0,0,0,0,0,0,0,0,36,081,009900
Census Tract 100; Queens County; New York,3184,0,0,13,60,38,0,0,14,48,72,13,38,36,081,010000
Census Tract 101; Queens County; New York,2611,0,0,0,60,30,52,0,0,0,74,36,86,36,081,010100
Census Tract 102; Queens County; New York,2837,0,6,17,33,22,0,0,0,14,45,18,7,36,081,010200
Census Tract 103; Queens County; New York,4288,0,0,49,79,183,46,0,0,10,60,34,43,36,081,010300
Census Tract 104; Queens County; New York,3455,0,27,5,33,30,33,0,0,0,55,30,91,36,081,010400
Census Tract 105; Queens County; New York,4930,0,0,69,72,0,65,0,0,43,434,44,38,36,081,010500
Census Tract 106; Queens County; New York,2998,0,0,9,56,51,14,0,7,20,45,27,63,36,081,010600
Census Tract 107.01; Queens County; New York,0,0,0,0,0,0,0,0,0,0,0,0,0,36,081,010701
Census Tract 108; Queens County; New York,3255,0,38,71,27,23,22,0,7,0,78,26,36,36,081,010800
Census Tract 110; Queens County; New York,2951,0,0,0,56,0,19,0,0,19,50,27,5,36,081,011000
Census Tract 111; Queens County; New York,2995,0,27,0,92,72,0,0,3,37,113,29,85,36,081,011100
Census Tract 112; Queens County; New York,2488,0,17,6,45,50,198,10,0,0,30,26,26,36,081,011200
Census Tract 113; Queens County; New York,4627,0,0,11,90,90,11,0,0,0,27,8,28,36,081,011300
Census Tract 114; Queens County; New York,2368,0,15,52,13,23,10,0,10,4,13,16,18,36,081,011400
Census Tract 115; Queens County; New York,2369,0,0,102,2,9,18,0,0,13,40,26,38,36,081,011500
Census Tract 116; Queens County; New York,2069,0,0,25,56,28,10,0,0,20,83,28,48,36,081,011600
Census Tract 117; Queens County; New York,4268,0,0,0,12,0,42,0,0,0,29,1,47,36,081,011700
Census Tract 118; Queens County; New York,2512,0,0,9,44,34,33,0,0,7,108,9,16,36,081,011800
Census Tract 119; Queens County; New York,1648,0,0,12,4,0,9,0,0,4,4,0,67,36,081,011900
Census Tract 120; Queens County; New York,2453,0,0,0,25,0,8,0,0,0,48,52,55,36,081,012000
Census Tract 121; Queens County; New York,2013,0,21,13,23,74,37,0,0,18,0,63,15,36,081,012100
Census Tract 122; Queens County; New York,2894,0,6,23,48,25,20,0,5,14,31,59,30,36,081,012200
Census Tract 123.01; Queens County; New York,3063,0,0,24,0,6,37,0,22,10,27,13,22,36,081,012301
Census Tract 124; Queens County; New York,3132,0,0,25,25,17,32,0,0,49,160,114,20,36,081,012400
Census Tract 125; Queens County; New York,1463,10,12,0,5,0,7,0,0,29,6,22,33,36,081,012500
Census Tract 126.01; Queens County; New York,2676,0,16,19,26,24,5,0,0,0,44,27,41,36,081,012601
Census Tract 126.02; Queens County; New York,2413,0,11,8,7,20,0,0,11,7,70,18,23,36,081,012602
Census Tract 128; Queens County; New York,2390,0,26,1,38,12,69,0,63,0,13,53,61,36,081,012800
Census Tract 130; Queens County; New York,1862,0,8,1,22,22,43,0,0,0,44,18,55,36,081,013000
Census Tract 132; Queens County; New York,1996,18,10,9,4,0,16,0,0,0,21,9,34,36,081,013200
Census Tract 134; Queens County; New York,5731,0,43,14,98,100,68,0,0,14,91,59,101,36,081,013400
Census Tract 135; Queens County; New York,1014,0,7,0,4,32,25,0,0,0,6,5,60,36,081,013500
Census Tract 136; Queens County; New York,2102,27,0,4,83,26,46,0,0,0,34,20,0,36,081,013600
Census Tract 137; Queens County; New York,1959,0,14,33,58,41,9,0,10,11,77,15,14,36,081,013700
Census Tract 138; Queens County; New York,3919,0,27,24,73,11,25,0,0,28,62,16,138,36,081,013800
Census Tract 140; Queens County; New York,4096,0,0,0,8,31,21,14,0,100,58,67,45,36,081,014000
Census Tract 141; Queens County; New York,1552,0,15,20,28,4,6,0,25,11,19,12,36,36,081,014100
Census Tract 142.01; Queens County; New York,4549,0,0,0,85,10,64,0,0,46,135,77,21,36,081,014201
Census Tract 142.02; Queens County; New York,2451,0,0,4,65,47,69,0,0,24,175,16,126,36,081,014202
Census Tract 143; Queens County; New York,3868,0,0,0,50,9,38,0,33,32,81,34,62,36,081,014300
Census Tract 144; Queens County; New York,1633,0,0,0,24,53,5,0,23,29,44,37,20,36,081,014400
Census Tract 145; Queens County; New York,2406,0,10,19,40,23,0,0,13,22,28,58,30,36,081,014500
Census Tract 147; Queens County; New York,3220,0,22,0,59,31,13,0,0,41,12,43,26,36,081,014700
Census Tract 148; Queens County; New York,1803,0,0,0,59,17,12,0,37,8,44,22,46,36,081,014800
Census Tract 149; Queens County; New York,2315,0,0,38,10,27,11,0,0,81,0,0,9,36,081,014900
Census Tract 150; Queens County; New York,2454,0,0,5,21,6,6,0,0,12,6,74,46,36,081,015000
Census Tract 151; Queens County; New York,2706,0,0,0,64,0,0,0,0,98,27,0,49,36,081,015100
Census Tract 152; Queens County; New York,2665,0,0,11,17,24,76,0,0,9,67,21,56,36,081,015200
Census Tract 153; Queens County; New York,1834,0,0,12,10,7,33,0,0,29,0,0,18,36,081,015300
Census Tract 154; Queens County; New York,2016,0,1,0,38,30,0,0,0,0,88,56,19,36,081,015400
Census Tract 155; Queens County; New York,2015,0,0,49,7,18,7,0,0,0,5,9,10,36,081,015500
Census Tract 156; Queens County; New York,3267,0,39,0,33,43,75,0,26,0,0,41,59,36,081,015600
Census Tract 157; Queens County; New York,1786,0,0,31,18,0,0,0,0,15,0,44,40,36,081,015700
Census Tract 158.01; Queens County; New York,3622,0,0,0,62,0,0,0,0,0,22,46,63,36,081,015801
Census Tract 158.02; Queens County; New York,5263,0,0,15,184,76,217,0,0,0,54,53,155,36,081,015802
Census Tract 159; Queens County; New York,3535,0,0,32,121,42,15,0,0,8,62,10,87,36,081,015900
Census Tract 161; Queens County; New York,2253,0,3,29,31,11,22,0,0,41,15,15,13,36,081,016100
Census Tract 163; Queens County; New York,3998,0,72,29,53,12,25,0,0,22,227,59,187,36,081,016300
Census Tract 164; Queens County; New York,3275,0,9,0,96,145,15,0,0,0,92,7,19,36,081,016400
Census Tract 166; Queens County; New York,4135,0,0,22,71,37,37,0,0,10,239,94,55,36,081,016600
Census Tract 168; Queens County; New York,3148,0,0,6,14,141,35,0,0,2,45,73,41,36,081,016800
Census Tract 169; Queens County; New York,5387,0,30,0,35,11,21,0,0,12,120,34,112,36,081,016900
Census Tract 170; Queens County; New York,2519,0,0,0,35,10,14,0,28,21,31,24,7,36,081,017000
Census Tract 171.01; Queens County; New York,0,0,0,0,0,0,0,0,0,0,0,0,0,36,081,017101
Census Tract 171.02; Queens County; New York,41,0,0,0,0,0,0,0,0,0,0,0,0,36,081,017102
Census Tract 172; Queens County; New York,1790,0,0,7,0,9,29,0,0,32,98,25,25,36,081,017200
Census Tract 174; Queens County; New York,2804,0,0,10,29,10,0,0,18,28,44,61,61,36,081,017400
Census Tract 176; Queens County; New York,2305,0,7,0,5,0,34,0,8,0,48,18,66,36,081,017600
Census Tract 178; Queens County; New York,2146,0,0,21,11,0,6,0,0,41,33,16,44,36,081,017800
Census Tract 179.01; Queens County; New York,884,0,0,30,0,1,2,0,0,0,12,26,1,36,081,017901
Census Tract 179.02; Queens County; New York,43,0,0,0,0,16,0,0,0,0,0,0,0,36,081,017902
Census Tract 180; Queens County; New York,1515,0,9,79,66,0,8,0,0,9,8,43,0,36,081,018000
Census Tract 181.01; Queens County; New York,3727,0,9,15,52,0,33,0,0,53,80,45,23,36,081,018101
Census Tract 181.02; Queens County; New York,3679,0,19,21,19,12,29,0,0,0,110,0,13,36,081,018102
Census Tract 182; Queens County; New York,2785,0,24,9,28,25,0,0,0,10,112,9,32,36,081,018200
Census Tract 183; Queens County; New York,5459,0,0,51,18,11,16,0,0,0,18,0,12,36,081,018300
Census Tract 184.01; Queens County; New York,2048,0,16,0,0,18,7,0,0,11,83,20,0,36,081,018401
Census Tract 184.02; Queens County; New York,2829,0,0,30,63,58,0,0,0,0,70,46,63,36,081,018402
Census Tract 185.01; Queens County; New York,3714,0,0,0,88,15,19,0,0,19,36,27,51,36,081,018501
Census Tract 185.02; Queens County; New York,2981,0,0,0,16,13,0,0,0,23,16,27,37,36,081,018502
Census Tract 186; Queens County; New York,1792,0,7,21,42,5,5,0,0,24,16,40,25,36,081,018600
Census Tract 187; Queens County; New York,2968,0,45,16,37,10,9,0,0,58,0,23,58,36,081,018700
Census Tract 188; Queens County; New York,1302,0,12,6,29,0,2,0,0,0,0,4,26,36,081,018800
Census Tract 189; Queens County; New York,3111,0,0,0,0,26,21,0,0,0,9,71,72,36,081,018900
Census Tract 190; Queens County; New York,2542,0,19,17,29,13,0,0,14,0,71,18,14,36,081,019000
Census Tract 192; Queens County; New York,2133,0,7,0,50,13,6,0,14,0,71,47,6,36,081,019200
Census Tract 194; Queens County; New York,2936,0,0,56,56,8,0,0,23,13,58,29,35,36,081,019400
Census Tract 196; Queens County; New York,3532,0,8,30,52,0,26,0,0,0,61,50,49,36,081,019600
Census Tract 198; Queens County; New York,2888,0,23,6,90,48,0,0,0,0,64,0,0,36,081,019800
Census Tract 199.01; Queens County; New York,258,0,0,0,0,20,0,0,7,11,15,0,10,36,081,019901
Census Tract 199.02; Queens County; New York,116,0,0,0,17,0,0,0,0,0,0,0,0,36,081,019902
Census Tract 199.03; Queens County; New York,0,0,0,0,0,0,0,0,0,0,0,0,0,36,081,019903
Census Tract 202; Queens County; New York,1752,0,15,12,14,14,0,0,0,0,3,40,42,36,081,020200
Census Tract 204; Queens County; New York,1989,0,0,33,57,0,20,0,0,0,18,22,100,36,081,020400
Census Tract 205; Queens County; New York,1419,0,32,0,15,3,9,0,0,0,27,6,5,36,081,020500
Census Tract 206; Queens County; New York,1424,0,0,0,0,32,16,0,0,4,38,12,10,36,081,020600
Census Tract 208; Queens County; New York,3974,0,33,4,36,0,56,0,0,20,61,1,134,36,081,020800
Census Tract 212; Queens County; New York,2651,0,0,16,49,43,0,0,0,23,36,51,43,36,081,021200
Census Tract 214; Queens County; New York,5943,0,0,47,0,0,37,0,0,31,34,14,195,36,081,021400
Census Tract 216.01; Queens County; New York,2811,0,13,13,18,66,0,0,10,0,62,30,43,36,081,021601
Census Tract 216.02; Queens County; New York,1355,0,9,0,0,0,2,0,0,0,0,24,32,36,081,021602
Census Tract 216.03; Queens County; New York,0,0,0,0,0,0,0,0,0,0,0,0,0,36,081,021603
Census Tract 219; Queens County; New York,0,0,0,0,0,0,0,0,0,0,0,0,0,36,081,021900
Census Tract 220.01; Queens County; New York,6824,20,0,0,140,53,147,0,0,55,145,70,90,36,081,022001
Census Tract 220.02; Queens County; New York,6860,0,0,21,0,43,41,0,0,0,85,50,70,36,081,022002
Census Tract 229; Queens County; New York,0,0,0,0,0,0,0,0,0,0,0,0,0,36,081,022900
Census Tract 230; Queens County; New York,1798,7,0,0,66,17,30,0,0,0,39,29,27,36,081,023000
Census Tract 232; Queens County; New York,4821,0,9,18,88,34,38,0,9,24,22,45,427,36,081,023200
Census Tract 235.01; Queens County; New York,3936,0,18,0,10,32,30,0,29,18,23,78,22,36,081,023501
Census Tract 235.02; Queens County; New York,2669,0,0,4,1,41,23,0,13,0,0,40,0,36,081,023502
Census Tract 236; Queens County; New York,3418,0,17,65,34,89,28,0,0,29,41,83,96,36,081,023600
Census Tract 238; Queens County; New York,4691,0,0,28,209,33,46,0,0,31,88,72,23,36,081,023800
Census Tract 240; Queens County; New York,7151,0,80,33,129,11,16,0,0,62,101,60,88,36,081,024000
Census Tract 243; Queens County; New York,5264,0,31,54,33,40,0,0,0,23,22,179,31,36,081,024300
Census Tract 245; Queens County; New York,4997,0,15,8,105,100,105,0,0,36,33,135,37,36,081,024500
Census Tract 246; Queens County; New York,0,0,0,0,0,0,0,0,0,0,0,0,0,36,081,024600
Census Tract 247; Queens County; New York,1416,0,0,0,4,18,27,0,0,0,9,12,0,36,081,024700
Census Tract 249; Queens County; New York,5197,0,0,11,53,48,0,0,0,27,44,36,80,36,081,024900
Census Tract 251; Queens County; New York,6018,0,0,160,19,3,60,0,0,21,29,83,128,36,081,025100
Census Tract 253.01; Queens County; New York,3813,0,0,6,51,24,23,0,0,0,77,261,23,36,081,025301
Census Tract 253.02; Queens County; New York,3184,0,0,0,62,0,93,0,6,0,26,27,36,36,081,025302
Census Tract 254.01; Queens County; New York,4230,0,58,0,1,18,84,0,0,27,24,15,140,36,081,025401
Census Tract 254.02; Queens County; New York,5881,0,0,19,50,168,53,0,16,97,87,55,262,36,081,025402
Census Tract 255; Queens County; New York,1685,0,81,11,6,16,5,0,0,0,14,6,13,36,081,025500
Census Tract 257; Queens County; New York,1458,0,0,0,18,29,10,0,0,0,0,0,10,36,081,025700
Census Tract 258; Queens County; New York,2560,0,0,6,49,32,0,0,0,0,24,0,28,36,081,025800
Census Tract 259; Queens County; New York,3109,0,0,13,35,29,32,0,0,0,23,49,41,36,081,025900
Census Tract 260; Queens County; New York,2809,0,20,9,43,24,10,0,0,62,57,23,49,36,081,026000
Census Tract 261; Queens County; New York,7466,0,22,53,0,61,59,0,0,37,40,37,78,36,081,026100
Census Tract 262; Queens County; New York,1673,0,13,0,0,18,26,0,0,0,58,7,48,36,081,026200
Census Tract 263; Queens County; New York,4953,0,21,15,40,1,0,0,0,0,64,33,16,36,081,026300
Census Tract 264; Queens County; New York,2544,0,0,0,64,20,14,15,0,21,89,15,95,36,081,026400
Census Tract 265.01; Queens County; New York,2976,0,17,18,48,9,0,0,0,0,39,36,71,36,081,026501
Census Tract 265.02; Queens County; New York,1354,0,0,0,0,0,0,0,0,0,6,10,5,36,081,026502
Census Tract 266; Queens County; New York,1963,0,0,6,20,46,55,0,0,11,40,23,147,36,081,026600
Census Tract 267; Queens County; New York,4977,0,0,24,61,47,101,0,0,14,0,0,18,36,081,026700
Census Tract 269.01; Queens County; New York,4714,0,34,0,23,19,56,0,14,14,39,32,46,36,081,026901
Census Tract 269.02; Queens County; New York,4289,0,0,0,34,31,186,0,0,0,106,34,32,36,081,026902
Census Tract 270; Queens County; New York,2026,0,0,0,32,2,22,0,0,2,15,13,7,36,081,027000
Census Tract 271.01; Queens County; New York,5428,0,0,0,62,81,0,0,0,0,139,324,12,36,081,027101
Census Tract 271.02; Queens County; New York,2726,0,20,0,27,24,7,0,0,0,36,6,6,36,081,027102
Census Tract 272; Queens County; New York,1870,0,0,14,20,28,0,0,0,23,52,17,59,36,081,027200
Census Tract 273.01; Queens County; New York,3004,0,48,35,68,17,17,0,0,0,79,44,16,36,081,027301
Census Tract 273.02; Queens County; New York,4169,0,62,27,49,103,0,0,3,2,92,7,81,36,081,027302
Census Tract 274; Queens County; New York,2045,0,5,0,35,12,4,0,0,8,35,14,64,36,081,027400
Census Tract 275; Queens County; New York,7128,0,42,18,157,165,21,0,0,21,157,156,64,36,081,027500
Census Tract 276; Queens County; New York,1515,0,0,30,84,4,24,0,0,0,88,8,39,36,081,027600
Census Tract 277.01; Queens County; New York,3789,0,90,42,105,0,40,0,65,96,73,42,9,36,081,027701
Census Tract 277.02; Queens County; New York,3292,0,0,23,138,49,37,0,0,0,188,69,48,36,081,027702
Census Tract 278; Queens County; New York,2520,0,19,0,171,5,17,0,51,14,87,94,59,36,081,027800
Census Tract 279; Queens County; New York,8605,0,16,51,219,33,185,0,23,41,231,33,266,36,081,027900
Census Tract 280; Queens County; New York,1633,0,0,0,39,5,6,0,0,39,51,31,20,36,081,028000
Census Tract 281; Queens County; New York,6271,0,28,0,126,143,91,0,0,18,324,144,194,36,081,028100
Census Tract 282; Queens County; New York,2022,0,10,0,43,6,8,0,0,0,31,21,17,36,081,028200
Census Tract 283; Queens County; New York,7443,0,0,0,254,214,20,0,0,0,172,177,165,36,081,028300
Census Tract 284; Queens County; New York,3581,0,0,0,35,0,28,0,0,0,16,81,5,36,081,028400
Census Tract 285; Queens County; New York,5266,0,0,12,203,19,43,0,0,2,100,85,191,36,081,028500
Census Tract 287; Queens County; New York,6697,0,0,8,52,16,111,0,0,23,293,134,166,36,081,028700
Census Tract 288.01; Queens County; New York,2648,0,0,14,29,3,17,0,17,38,93,13,18,36,081,028801
Census Tract 288.02; Queens County; New York,2185,0,22,11,43,22,33,0,0,18,74,55,28,36,081,028802
Census Tract 288.03; Queens County; New York,0,0,0,0,0,0,0,0,0,0,0,0,0,36,081,028803
Census Tract 289; Queens County; New York,4932,0,0,0,27,21,75,0,0,0,33,10,67,36,081,028900
Census Tract 291; Queens County; New York,6232,0,0,22,118,34,25,0,0,12,157,62,149,36,081,029100
Census Tract 293; Queens County; New York,1105,0,0,0,18,0,6,0,0,0,5,31,8,36,081,029300
Census Tract 294; Queens County; New York,8246,0,0,0,330,7,33,0,49,0,165,170,173,36,081,029400
Census Tract 295; Queens County; New York,3652,0,8,0,33,20,25,0,2,9,19,51,192,36,081,029500
Census Tract 297; Queens County; New York,2448,0,0,5,31,12,20,0,15,3,32,19,24,36,081,029700
Census Tract 299; Queens County; New York,0,0,0,0,0,0,0,0,0,0,0,0,0,36,081,029900
Census Tract 306; Queens County; New York,5367,0,0,35,104,33,25,0,0,26,124,38,42,36,081,030600
Census Tract 309.03; Queens County; New York,4284,0,0,0,43,0,22,0,29,65,129,0,140,36,081,030903
Census Tract 309.04; Queens County; New York,2616,0,0,15,15,19,20,0,0,0,28,46,113,36,081,030904
Census Tract 309.05; Queens County; New York,3670,0,0,12,50,0,9,0,0,8,14,17,24,36,081,030905
Census Tract 309.06; Queens County; New York,3650,0,34,36,30,0,92,0,0,21,37,61,75,36,081,030906
Census Tract 317; Queens County; New York,5816,0,0,0,145,28,99,0,0,0,0,69,63,36,081,031700
Census Tract 320; Queens County; New York,5409,0,41,41,52,23,2,0,0,47,86,89,28,36,081,032000
Census Tract 327; Queens County; New York,3813,0,22,0,41,11,56,0,0,0,51,24,41,36,081,032700
Census Tract 328; Queens County; New York,3121,0,5,10,70,5,55,0,0,12,63,32,64,36,081,032800
Census Tract 329; Queens County; New York,3823,0,35,2,30,36,60,0,0,19,31,95,61,36,081,032900
Census Tract 330; Queens County; New York,6722,25,73,8,187,6,32,0,0,83,143,44,138,36,081,033000
Census Tract 331; Queens County; New York,0,0,0,0,0,0,0,0,0,0,0,0,0,36,081,033100
Census Tract 334.01; Queens County; New York,4000,0,0,0,81,48,10,0,0,13,206,70,139,36,081,033401
Census Tract 334.03; Queens County; New York,4329,0,24,0,0,18,36,0,35,0,207,51,350,36,081,033403
Census Tract 334.04; Queens County; New York,6374,0,0,0,0,136,113,0,0,0,377,79,85,36,081,033404
Census Tract 334.05; Queens County; New York,3301,0,0,14,8,39,82,0,0,0,108,73,154,36,081,033405
Census Tract 337; Queens County; New York,2784,0,55,20,99,0,11,0,0,0,90,0,59,36,081,033700
Census Tract 339; Queens County; New York,2925,0,0,0,88,18,43,0,0,0,12,35,88,36,081,033900
Census Tract 347; Queens County; New York,3636,0,0,9,68,31,20,0,0,0,50,0,90,36,081,034700
Census Tract 351; Queens County; New York,3649,0,70,0,56,56,56,0,0,0,49,79,46,36,081,035100
Census Tract 352; Queens County; New York,2770,0,39,29,122,19,31,0,28,17,94,32,51,36,081,035200
Census Tract 353; Queens County; New York,1942,0,0,0,12,14,7,0,0,11,35,41,12,36,081,035300
Census Tract 357; Queens County; New York,4078,0,0,47,106,63,9,0,0,0,20,141,37,36,081,035700
Census Tract 358; Queens County; New York,4175,0,6,16,13,0,6,0,11,0,132,0,38,36,081,035800
Census Tract 361; Queens County; New York,2307,0,0,0,16,3,14,0,0,0,72,49,72,36,081,036100
Census Tract 363; Queens County; New York,2173,0,0,17,36,12,0,0,0,10,64,0,24,36,081,036300
Census Tract 365; Queens County; New York,2934,0,14,0,85,0,33,0,14,0,36,9,18,36,081,036500
Census Tract 366; Queens County; New York,3089,0,7,0,7,28,74,0,0,40,46,49,185,36,081,036600
Census Tract 367; Queens County; New York,2484,0,0,25,79,21,25,0,9,28,49,50,23,36,081,036700
Census Tract 368; Queens County; New York,2842,0,0,9,53,7,15,0,0,14,34,9,60,36,081,036800
Census Tract 371; Queens County; New York,1506,0,0,3,26,31,40,0,0,0,12,13,13,36,081,037100
Census Tract 373; Queens County; New York,2484,0,6,4,62,7,19,0,6,10,79,20,18,36,081,037300
Census Tract 375.01; Queens County; New York,1609,0,0,0,43,0,27,0,0,0,0,0,41,36,081,037501
Census Tract 375.02; Queens County; New York,2683,0,6,10,31,41,41,0,15,3,17,33,24,36,081,037502
Census Tract 376; Queens County; New York,6982,0,15,36,58,8,30,0,0,13,203,40,146,36,081,037600
Census Tract 377; Queens County; New York,4061,0,35,10,68,22,52,0,38,0,74,8,39,36,081,037700
Census Tract 379; Queens County; New York,6112,0,79,17,25,60,20,0,0,0,83,40,0,36,081,037900
Census Tract 381; Queens County; New York,7308,0,28,67,157,54,42,0,0,47,78,0,44,36,081,038100
Census Tract 383.01; Queens County; New York,0,0,0,0,0,0,0,0,0,0,0,0,0,36,081,038301
Census Tract 383.02; Queens County; New York,0,0,0,0,0,0,0,0,0,0,0,0,0,36,081,038302
Census Tract 384; Queens County; New York,2700,0,28,9,29,19,98,0,0,46,80,78,141,36,081,038400
Census Tract 394; Queens County; New York,3201,0,25,3,22,68,27,0,0,55,28,86,131,36,081,039400
Census Tract 398; Queens County; New York,1545,0,23,0,7,0,8,0,0,0,3,15,8,36,081,039800
Census Tract 399.01; Queens County; New York,2305,0,27,0,31,14,0,0,0,0,28,0,38,36,081,039901
Census Tract 399.02; Queens County; New York,1960,0,0,0,28,18,31,0,0,0,17,112,0,36,081,039902
Census Tract 400; Queens County; New York,1495,0,0,2,61,12,14,0,0,0,0,12,58,36,081,040000
Census Tract 401.01; Queens County; New York,2696,0,0,39,42,50,76,0,0,0,78,0,108,36,081,040101
Census Tract 401.02; Queens County; New York,4638,0,0,35,0,30,14,0,0,0,44,27,26,36,081,040102
Census Tract 402; Queens County; New York,1712,0,0,17,50,27,0,0,0,5,48,27,68,36,081,040200
Census Tract 403.01; Queens County; New York,2853,0,0,0,8,0,55,0,0,33,0,57,0,36,081,040301
Census Tract 403.02; Queens County; New York,3941,55,0,0,144,7,0,0,76,137,5,7,45,36,081,040302
Census Tract 404; Queens County; New York,3998,0,0,64,60,18,47,0,0,21,163,77,101,36,081,040400
Census Tract 405.01; Queens County; New York,997,0,0,0,82,0,1,0,0,0,46,14,0,36,081,040501
Census Tract 405.02; Queens County; New York,1912,0,26,28,0,0,5,0,0,12,6,0,24,36,081,040502
Census Tract 407.01; Queens County; New York,3264,0,32,32,100,9,21,0,22,12,104,12,63,36,081,040701
Census Tract 407.02; Queens County; New York,3888,0,62,0,0,0,97,0,16,0,0,12,56,36,081,040702
Census Tract 409.01; Queens County; New York,2082,0,0,15,55,0,8,0,24,0,36,0,22,36,081,040901
Census Tract 409.02; Queens County; New York,3176,0,19,0,63,13,0,0,18,0,34,37,0,36,081,040902
Census Tract 411; Queens County; New York,4010,0,37,49,54,0,15,0,23,54,31,79,73,36,081,041100
Census Tract 413; Queens County; New York,4504,0,0,28,96,0,0,0,11,14,80,0,32,36,081,041300
Census Tract 414; Queens County; New York,4515,0,0,23,58,18,25,0,0,0,12,47,63,36,081,041400
Census Tract 415; Queens County; New York,3941,0,86,10,67,2,41,0,28,1,116,45,175,36,081,041500
Census Tract 424; Queens County; New York,2696,0,0,44,18,0,6,0,0,0,4,17,114,36,081,042400
Census Tract 426; Queens County; New York,172,0,0,0,44,8,0,0,0,0,0,8,0,36,081,042600
Census Tract 427; Queens County; New York,4226,0,66,65,60,51,92,0,0,92,89,83,74,36,081,042700
Census Tract 432; Queens County; New York,1285,0,0,14,7,8,20,0,0,1,36,21,5,36,081,043200
Census Tract 434; Queens County; New York,1861,0,0,14,0,0,37,0,0,0,0,38,28,36,081,043400
Census Tract 437.01; Queens County; New York,2960,0,77,41,110,0,56,0,51,33,165,41,10,36,081,043701
Census Tract 437.02; Queens County; New York,6925,0,0,0,89,135,117,0,47,0,77,202,194,36,081,043702
Census Tract 439; Queens County; New York,3450,19,7,15,9,43,39,0,0,30,122,0,82,36,081,043900
Census Tract 440; Queens County; New York,3732,0,0,0,0,0,48,0,26,0,0,0,113,36,081,044000
Census Tract 443.01; Queens County; New York,3540,40,0,97,26,61,94,0,0,16,137,140,376,36,081,044301
Census Tract 443.02; Queens County; New York,4803,0,38,0,51,58,30,0,115,26,99,21,143,36,081,044302
Census Tract 444; Queens County; New York,3925,14,0,24,69,21,62,0,0,0,115,54,110,36,081,044400
Census Tract 446.01; Queens County; New York,3772,0,0,0,16,9,29,0,0,14,202,70,79,36,081,044601
Census Tract 446.02; Queens County; New York,5354,0,34,19,519,15,14,0,12,37,252,52,24,36,081,044602
Census Tract 448; Queens County; New York,2726,0,0,14,44,60,27,0,0,15,35,8,108,36,081,044800
Census Tract 450; Queens County; New York,2137,0,5,0,5,0,18,0,0,0,6,5,55,36,081,045000
Census Tract 452; Queens County; New York,669,0,0,7,13,12,12,0,0,0,13,0,16,36,081,045200
Census Tract 454; Queens County; New York,4776,0,27,38,210,18,54,0,0,97,101,157,44,36,081,045400
Census Tract 455; Queens County; New York,12756,0,54,0,373,71,120,0,0,234,186,425,256,36,081,045500
Census Tract 456; Queens County; New York,1195,0,3,2,7,3,4,0,0,2,13,26,9,36,081,045600
Census Tract 457; Queens County; New York,3499,0,0,0,0,8,38,0,0,0,36,36,70,36,081,045700
Census Tract 458; Queens County; New York,2436,0,7,9,8,0,0,0,0,0,10,9,12,36,081,045800
Census Tract 459; Queens County; New York,3832,0,15,0,47,7,9,0,18,0,0,27,31,36,081,045900
Census Tract 460; Queens County; New York,5703,0,37,10,33,127,51,0,0,50,86,95,86,36,081,046000
Census Tract 461; Queens County; New York,2512,0,0,12,34,7,33,0,25,0,54,5,15,36,081,046100
Census Tract 462; Queens County; New York,5953,0,22,15,131,82,76,0,0,0,204,37,151,36,081,046200
Census Tract 463; Queens County; New York,4116,0,0,0,28,20,53,0,50,20,0,38,21,36,081,046300
Census Tract 464; Queens County; New York,2121,0,0,13,30,5,18,0,0,6,36,0,44,36,081,046400
Census Tract 465; Queens County; New York,4574,0,23,15,89,0,44,0,65,20,0,25,41,36,081,046500
Census Tract 466; Queens County; New York,4627,0,41,48,67,18,59,0,0,19,53,49,145,36,081,046600
Census Tract 467; Queens County; New York,7445,0,75,23,57,40,0,0,0,0,40,67,57,36,081,046700
Census Tract 468; Queens County; New York,3728,0,0,17,55,87,35,0,0,0,30,65,26,36,081,046800
Census Tract 469.01; Queens County; New York,4566,0,6,23,24,32,13,0,0,166,247,32,387,36,081,046901
Census Tract 469.02; Queens County; New York,3157,16,44,0,54,35,22,0,0,20,32,10,54,36,081,046902
Census Tract 470; Queens County; New York,3341,0,14,7,40,183,63,0,0,51,85,39,31,36,081,047000
Census Tract 471; Queens County; New York,4362,0,0,0,20,39,33,0,5,10,40,20,50,36,081,047100
Census Tract 472; Queens County; New York,3663,0,0,9,33,23,107,0,36,9,26,9,63,36,081,047200
Census Tract 473; Queens County; New York,4177,0,67,18,100,9,14,0,135,15,96,41,167,36,081,047300
Census Tract 475; Queens County; New York,4987,0,0,22,184,5,43,0,0,9,162,34,71,36,081,047500
Census Tract 476; Queens County; New York,1362,0,8,0,64,8,29,0,0,5,27,13,29,36,081,047600
Census Tract 478.01; Queens County; New York,4017,0,0,0,0,38,158,0,0,0,81,118,23,36,081,047801
Census Tract 478.02; Queens County; New York,1320,0,75,0,0,62,9,0,9,0,51,59,35,36,081,047802
Census Tract 479; Queens County; New York,6101,0,5,0,30,32,15,0,69,2,40,32,96,36,081,047900
Census Tract 480; Queens County; New York,2301,0,0,0,36,107,0,0,0,0,75,133,42,36,081,048000
Census Tract 481; Queens County; New York,6283,0,52,26,99,40,113,0,8,27,19,175,63,36,081,048100
Census Tract 482; Queens County; New York,1182,0,0,0,62,8,10,0,0,15,11,12,29,36,081,048200
Census Tract 483.01; Queens County; New York,2076,0,0,0,21,63,1,0,5,0,52,19,43,36,081,048301
Census Tract 483.02; Queens County; New York,1967,0,14,8,20,0,5,0,14,0,36,0,5,36,081,048302
Census Tract 484; Queens County; New York,4932,0,0,19,38,65,88,0,14,57,55,101,137,36,081,048400
Census Tract 485; Queens County; New York,4963,0,9,20,58,79,34,0,0,18,95,27,41,36,081,048500
Census Tract 489; Queens County; New York,1670,0,0,5,39,0,0,0,0,7,0,0,28,36,081,048900
Census Tract 492.01; Queens County; New York,3032,0,0,0,49,25,28,0,0,0,109,71,86,36,081,049201
Census Tract 492.02; Queens County; New York,2517,0,38,6,0,14,47,0,0,0,51,0,38,36,081,049202
Census Tract 493.01; Queens County; New York,2317,0,0,0,2,0,0,0,0,0,34,0,56,36,081,049301
Census Tract 493.02; Queens County; New York,2956,0,27,0,105,118,0,0,5,0,28,0,38,36,081,049302
Census Tract 495; Queens County; New York,1299,0,0,0,65,0,0,0,0,0,2,0,12,36,081,049500
Census Tract 496; Queens County; New York,2967,0,0,20,69,36,81,0,0,16,93,23,27,36,081,049600
Census Tract 497; Queens County; New York,2992,0,0,1,37,2,15,0,0,28,82,20,70,36,081,049700
Census Tract 499; Queens County; New York,5289,0,14,6,7,27,19,0,24,0,42,74,92,36,081,049900
Census Tract 500; Queens County; New York,4466,0,0,76,21,46,11,0,0,35,124,57,53,36,081,050000
Census Tract 502.01; Queens County; New York,1495,0,7,8,23,0,0,0,0,17,80,0,62,36,081,050201
Census Tract 502.02; Queens County; New York,1534,0,0,0,2,18,24,0,0,36,25,27,40,36,081,050202
Census Tract 504; Queens County; New York,1715,0,0,0,32,11,8,0,0,0,47,0,32,36,081,050400
Census Tract 505; Queens County; New York,1891,0,0,94,65,81,0,0,0,39,50,27,26,36,081,050500
Census Tract 506; Queens County; New York,1615,0,0,19,0,8,6,0,0,7,56,0,42,36,081,050600
Census Tract 507; Queens County; New York,3267,0,0,12,156,20,36,0,0,7,62,23,105,36,081,050700
Census Tract 508; Queens County; New York,1985,0,0,24,94,0,32,0,9,0,72,42,64,36,081,050800
Census Tract 510; Queens County; New York,1568,0,0,0,43,0,22,0,0,0,30,27,18,36,081,051000
Census Tract 511; Queens County; New York,2542,0,0,35,37,9,8,0,0,11,75,10,76,36,081,051100
Census Tract 512; Queens County; New York,2657,0,0,0,65,1,42,0,0,0,13,7,43,36,081,051200
Census Tract 513; Queens County; New York,2831,0,33,0,49,45,28,0,0,13,46,4,47,36,081,051300
Census Tract 515; Queens County; New York,3141,0,0,20,22,21,24,0,0,0,58,21,34,36,081,051500
Census Tract 516; Queens County; New York,2275,0,29,7,33,28,10,0,0,0,28,0,72,36,081,051600
Census Tract 517; Queens County; New York,1911,0,0,0,46,19,38,0,0,0,55,22,56,36,081,051700
Census Tract 518; Queens County; New York,2233,0,32,0,16,34,5,0,22,2,22,26,15,36,081,051800
Census Tract 520; Queens County; New York,1534,0,35,6,22,5,19,0,0,0,25,55,15,36,081,052000
Census Tract 521; Queens County; New York,1798,0,0,6,70,8,10,0,0,0,27,0,70,36,081,052100
Census Tract 522; Queens County; New York,2286,0,20,0,36,1,36,0,18,22,38,39,37,36,081,052200
Census Tract 524; Queens County; New York,2217,0,20,0,10,8,0,0,0,0,49,22,50,36,081,052400
Census Tract 525; Queens County; New York,2301,0,0,0,41,11,44,0,8,0,30,48,18,36,081,052500
Census Tract 526; Queens County; New York,2312,0,1,11,49,6,0,0,0,0,59,0,39,36,081,052600
Census Tract 528; Queens County; New York,1720,0,0,0,12,29,11,0,0,0,44,44,6,36,081,052800
Census Tract 530; Queens County; New York,2535,0,28,0,6,41,40,0,0,30,79,12,85,36,081,053000
Census Tract 531; Queens County; New York,3393,0,66,12,103,0,0,0,0,0,75,12,68,36,081,053100
Census Tract 532; Queens County; New York,2185,0,5,0,49,28,11,0,0,2,12,15,52,36,081,053200
Census Tract 534.01; Queens County; New York,1813,0,0,8,43,24,49,0,0,0,20,22,22,36,081,053401
Census Tract 535.01; Queens County; New York,1249,0,0,0,0,0,0,0,0,0,14,8,0,36,081,053501
Census Tract 535.02; Queens County; New York,0,0,0,0,0,0,0,0,0,0,0,0,0,36,081,053502
Census Tract 536.01; Queens County; New York,1816,0,0,26,31,45,4,0,0,6,43,69,301,36,081,053601
Census Tract 538; Queens County; New York,1800,0,0,0,15,0,39,0,0,20,53,6,56,36,081,053800
Census Tract 539.01; Queens County; New York,4193,0,0,0,46,63,62,0,0,236,71,0,88,36,081,053901
Census Tract 539.02; Queens County; New York,106,0,0,0,0,0,0,0,0,0,0,0,0,36,081,053902
Census Tract 540; Queens County; New York,4107,40,0,27,82,0,17,0,0,16,155,91,179,36,081,054000
Census Tract 542; Queens County; New York,5439,0,80,0,104,8,51,0,0,0,112,59,166,36,081,054200
Census Tract 545; Queens County; New York,3438,0,0,0,49,16,20,0,0,40,14,37,22,36,081,054500
Census Tract 547; Queens County; New York,4680,0,13,26,81,12,0,0,0,23,0,17,0,36,081,054700
Census Tract 548; Queens County; New York,2424,0,0,0,71,57,15,0,5,42,51,39,0,36,081,054800
Census Tract 549; Queens County; New York,5723,0,0,23,14,0,34,0,0,48,31,20,41,36,081,054900
Census Tract 551; Queens County; New York,4419,0,0,33,180,26,16,0,0,11,100,42,105,36,081,055100
Census Tract 552; Queens County; New York,2745,0,34,0,28,10,12,0,0,56,129,117,58,36,081,055200
Census Tract 553; Queens County; New York,3125,0,0,32,9,0,0,0,0,56,7,15,0,36,081,055300
Census Tract 554; Queens County; New York,2683,0,0,0,116,1,47,0,0,13,16,25,51,36,081,055400
Census Tract 555; Queens County; New York,2387,0,7,12,29,1,0,0,0,12,25,45,26,36,081,055500
Census Tract 556; Queens County; New York,2233,0,11,11,15,34,11,0,0,0,79,21,9,36,081,055600
Census Tract 557; Queens County; New York,3767,0,0,38,0,17,25,0,0,0,0,47,14,36,081,055700
Census Tract 558; Queens County; New York,1587,0,0,5,45,17,11,0,6,34,107,10,19,36,081,055800
Census Tract 559; Queens County; New York,1106,0,0,0,0,19,0,0,0,60,0,16,7,36,081,055900
Census Tract 560; Queens County; New York,1668,0,0,8,21,9,36,0,0,0,20,10,64,36,081,056000
Census Tract 561; Queens County; New York,12,0,0,0,0,0,0,0,0,0,0,0,0,36,081,056100
Census Tract 562; Queens County; New York,1339,0,0,7,34,23,7,0,0,0,37,36,96,36,081,056200
Census Tract 564; Queens County; New York,1493,0,0,0,18,13,3,0,16,0,0,8,16,36,081,056400
Census Tract 565; Queens County; New York,1883,0,3,61,14,5,0,0,0,2,7,0,17,36,081,056500
Census Tract 566; Queens County; New York,1513,0,19,19,2,93,0,0,0,0,18,14,22,36,081,056600
Census Tract 567; Queens County; New York,4538,0,16,14,88,0,0,0,0,14,36,22,62,36,081,056700
Census Tract 568; Queens County; New York,4799,0,0,164,84,9,0,0,101,15,159,10,116,36,081,056800
Census Tract 577; Queens County; New York,4162,0,10,9,51,29,0,0,109,9,44,28,121,36,081,057700
Census Tract 579; Queens County; New York,1636,0,24,8,10,8,12,0,0,6,29,39,31,36,081,057900
Census Tract 580; Queens County; New York,4369,0,18,16,5,13,57,0,0,0,6,53,136,36,081,058000
Census Tract 581; Queens County; New York,2844,0,0,14,13,0,0,0,28,0,25,184,0,36,081,058100
Census Tract 582; Queens County; New York,5553,0,0,55,19,31,45,0,22,39,63,84,118,36,081,058200
Census Tract 583; Queens County; New York,3656,0,0,16,38,32,42,0,0,60,52,30,94,36,081,058300
Census Tract 585; Queens County; New York,4265,0,0,20,143,0,6,0,0,9,11,17,9,36,081,058500
Census Tract 587; Queens County; New York,3470,0,14,0,13,41,11,0,0,14,35,17,40,36,081,058700
Census Tract 589; Queens County; New York,5136,0,0,63,30,42,0,0,21,0,86,77,16,36,081,058900
Census Tract 590; Queens County; New York,1207,0,0,0,3,8,16,0,0,18,8,0,22,36,081,059000
Census Tract 591; Queens County; New York,4920,0,51,24,27,16,50,0,0,0,32,29,105,36,081,059100
Census Tract 592; Queens County; New York,1343,0,0,14,31,0,72,0,0,11,21,15,38,36,081,059200
Census Tract 593; Queens County; New York,4062,0,0,12,24,26,30,0,30,0,22,19,10,36,081,059300
Census Tract 594; Queens County; New York,1766,0,0,0,36,27,23,0,0,0,6,24,44,36,081,059400
Census Tract 595.01; Queens County; New York,1890,0,0,0,26,0,7,0,15,0,31,20,49,36,081,059501
Census Tract 595.02; Queens County; New York,2877,0,0,29,19,0,0,0,10,65,123,19,27,36,081,059502
Census Tract 596; Queens County; New York,1520,0,34,9,28,125,40,0,9,0,40,5,74,36,081,059600
Census Tract 598; Queens County; New York,1648,0,0,12,35,7,19,0,0,38,0,0,33,36,081,059800
Census Tract 599; Queens County; New York,1439,0,6,0,21,0,33,0,0,0,36,21,12,36,081,059900
Census Tract 600; Queens County; New York,1041,0,0,4,8,0,6,0,0,0,23,2,57,36,081,060000
Census Tract 601; Queens County; New York,2405,0,0,16,50,57,0,0,0,0,32,9,16,36,081,060100
Census Tract 603; Queens County; New York,1884,0,0,5,61,0,10,0,0,6,47,31,30,36,081,060300
Census Tract 606; Queens County; New York,1276,0,0,0,27,0,0,0,0,8,38,23,34,36,081,060600
Census Tract 607.01; Queens County; New York,0,0,0,0,0,0,0,0,0,0,0,0,0,36,081,060701
Census Tract 608; Queens County; New York,1473,0,59,20,18,7,0,0,0,0,65,0,15,36,081,060800
Census Tract 610; Queens County; New York,1239,0,0,14,24,7,23,0,0,0,36,0,99,36,081,061000
Census Tract 612; Queens County; New York,1994,0,53,6,89,0,46,0,0,19,50,56,34,36,081,061200
Census Tract 613.01; Queens County; New York,5096,0,0,36,120,23,8,0,13,89,143,29,67,36,081,061301
Census Tract 613.02; Queens County; New York,0,0,0,0,0,0,0,0,0,0,0,0,0,36,081,061302
Census Tract 614; Queens County; New York,1557,0,14,7,53,3,43,0,0,0,12,17,62,36,081,061400
Census Tract 616.01; Queens County; New York,2379,0,0,44,6,32,9,0,0,0,6,13,82,36,081,061601
Census Tract 616.02; Queens County; New York,1081,0,0,0,47,0,5,0,8,6,0,13,27,36,081,061602
Census Tract 618; Queens County; New York,1765,0,0,7,60,23,5,0,0,0,64,0,16,36,081,061800
Census Tract 619; Queens County; New York,3123,0,16,10,46,0,63,0,0,0,31,0,54,36,081,061900
Census Tract 620; Queens County; New York,1456,0,0,13,26,0,28,0,0,59,37,6,18,36,081,062000
Census Tract 621; Queens County; New York,3165,0,13,66,28,60,60,0,0,0,10,21,22,36,081,062100
Census Tract 622; Queens County; New York,2088,0,15,42,33,10,44,0,33,0,51,10,109,36,081,062200
Census Tract 623; Queens County; New York,2266,0,10,0,26,15,16,0,0,0,15,5,28,36,081,062300
Census Tract 624; Queens County; New York,0,0,0,0,0,0,0,0,0,0,0,0,0,36,081,062400
Census Tract 625; Queens County; New York,2545,0,4,48,10,9,7,0,16,25,11,5,33,36,081,062500
Census Tract 626; Queens County; New York,2932,0,0,44,42,6,15,0,9,22,72,11,92,36,081,062600
Census Tract 627; Queens County; New York,2899,0,0,47,5,30,43,26,0,50,28,38,48,36,081,062700
Census Tract 629; Queens County; New York,3250,0,0,0,0,198,24,0,37,0,13,28,34,36,081,062900
Census Tract 630; Queens County; New York,1720,0,0,9,91,24,34,0,0,0,48,0,37,36,081,063000
Census Tract 632; Queens County; New York,2462,0,25,15,23,7,18,0,8,0,43,16,109,36,081,063200
Census Tract 633.01; Queens County; New York,1607,0,18,0,9,16,16,0,0,0,9,16,11,36,081,063301
Census Tract 633.02; Queens County; New York,1963,0,0,0,16,1,0,0,34,0,0,0,158,36,081,063302
Census Tract 635; Queens County; New York,2606,0,19,0,46,37,20,0,0,27,25,17,43,36,081,063500
Census Tract 637; Queens County; New York,3542,0,0,0,8,34,0,0,14,9,136,32,33,36,081,063700
Census Tract 638; Queens County; New York,3404,0,0,37,81,78,1,0,0,68,0,107,68,36,081,063800
Census Tract 639; Queens County; New York,3189,0,0,1,52,7,59,0,0,60,96,156,96,36,081,063900
Census Tract 641.01; Queens County; New York,2392,0,0,0,35,13,24,0,0,0,17,39,87,36,081,064101
Census Tract 641.02; Queens County; New York,0,0,0,0,0,0,0,0,0,0,0,0,0,36,081,064102
Census Tract 645; Queens County; New York,1860,0,0,29,38,10,28,0,0,31,29,15,24,36,081,064500
Census Tract 646; Queens County; New York,3247,0,12,33,40,57,33,0,0,17,37,30,143,36,081,064600
Census Tract 650; Queens County; New York,2807,0,0,0,33,0,32,0,0,0,31,31,98,36,081,065000
Census Tract 654.01; Queens County; New York,3288,0,0,0,41,5,9,0,28,12,88,37,42,36,081,065401
Census Tract 654.02; Queens County; New York,0,0,0,0,0,0,0,0,0,0,0,0,0,36,081,065402
Census Tract 655.01; Queens County; New York,0,0,0,0,0,0,0,0,0,0,0,0,0,36,081,065501
Census Tract 656; Queens County; New York,4585,0,125,74,119,21,10,0,0,48,84,59,88,36,081,065600
Census Tract 657.02; Queens County; New York,1311,0,8,0,18,0,13,0,0,0,31,0,30,36,081,065702
Census Tract 657.03; Queens County; New York,3083,0,15,38,76,167,1,0,0,25,61,41,64,36,081,065703
Census Tract 659; Queens County; New York,1915,0,0,0,20,5,0,0,0,29,100,0,29,36,081,065900
Census Tract 660; Queens County; New York,3666,0,89,11,57,16,27,0,0,46,114,25,94,36,081,066000
Census Tract 661; Queens County; New York,1618,0,7,6,49,23,54,0,0,10,42,3,100,36,081,066100
Census Tract 663.01; Queens County; New York,2753,0,8,0,37,6,46,0,0,18,39,33,99,36,081,066301
Census Tract 663.02; Queens County; New York,0,0,0,0,0,0,0,0,0,0,0,0,0,36,081,066302
Census Tract 664.01; Queens County; New York,1690,0,17,0,48,0,8,0,0,33,0,14,9,36,081,066401
Census Tract 664.02; Queens County; New York,3482,0,0,9,0,65,0,0,0,51,47,0,58,36,081,066402
Census Tract 664.03; Queens County; New York,5857,0,17,44,95,48,53,0,0,75,26,20,96,36,081,066403
Census Tract 664.04; Queens County; New York,0,0,0,0,0,0,0,0,0,0,0,0,0,36,081,066404
Census Tract 665.01; Queens County; New York,4030,0,0,0,13,59,220,0,0,0,23,30,199,36,081,066501
Census Tract 667.01; Queens County; New York,2747,0,17,0,0,107,39,0,0,111,0,22,47,36,081,066701
Census Tract 669; Queens County; New York,1765,0,0,0,8,0,6,0,0,25,7,29,26,36,081,066900
Census Tract 671; Queens County; New York,2354,0,0,0,48,5,73,0,0,0,50,31,113,36,081,067100
Census Tract 677; Queens County; New York,1912,0,0,12,52,7,76,0,0,14,7,7,19,36,081,067700
Census Tract 679; Queens County; New York,3877,0,0,21,75,86,30,0,32,0,101,110,44,36,081,067900
Census Tract 680; Queens County; New York,5489,0,0,13,15,88,48,0,0,39,46,39,68,36,081,068000
Census Tract 682; Queens County; New York,1104,0,0,0,24,0,0,0,0,0,21,17,32,36,081,068200
Census Tract 683; Queens County; New York,3929,0,0,5,37,0,66,0,0,0,100,56,73,36,081,068300
Census Tract 687; Queens County; New York,4202,0,0,0,22,20,56,0,0,27,48,55,136,36,081,068700
Census Tract 690; Queens County; New York,4022,0,0,3,59,44,0,0,0,10,36,52,38,36,081,069000
Census Tract 693; Queens County; New York,3005,0,0,43,86,0,0,0,0,19,25,34,75,36,081,069300
Census Tract 694; Queens County; New York,4046,0,0,25,22,58,0,0,0,0,43,37,135,36,081,069400
Census Tract 695; Queens County; New York,2349,0,0,26,29,28,12,0,0,0,22,74,65,36,081,069500
Census Tract 697.01; Queens County; New York,4320,0,0,0,90,15,46,0,16,27,49,36,133,36,081,069701
Census Tract 697.02; Queens County; New York,4264,13,34,17,27,69,42,0,0,29,58,0,81,36,081,069702
Census Tract 703; Queens County; New York,2253,0,0,0,39,4,9,0,9,0,20,31,54,36,081,070300
Census Tract 707; Queens County; New York,2580,0,16,0,53,7,70,0,0,5,26,35,35,36,081,070700
Census Tract 709; Queens County; New York,2952,0,8,0,33,27,0,0,0,0,9,81,33,36,081,070900
Census Tract 711; Queens County; New York,5540,0,0,66,172,38,53,0,0,0,157,45,175,36,081,071100
Census Tract 713.03; Queens County; New York,5323,0,0,0,0,35,137,0,0,0,144,14,45,36,081,071303
Census Tract 713.04; Queens County; New York,6115,0,0,0,148,184,226,0,0,30,317,162,273,36,081,071304
Census Tract 713.05; Queens County; New York,5777,0,108,67,57,0,79,0,55,0,119,0,59,36,081,071305
Census Tract 713.06; Queens County; New York,6993,0,0,37,32,117,111,0,10,0,97,54,142,36,081,071306
Census Tract 716; Queens County; New York,0,0,0,0,0,0,0,0,0,0,0,0,0,36,081,071600
Census Tract 717.01; Queens County; New York,4786,0,0,18,111,87,173,0,0,0,48,78,286,36,081,071701
Census Tract 717.02; Queens County; New York,4300,0,19,0,192,28,82,0,12,10,113,81,192,36,081,071702
Census Tract 719; Queens County; New York,3444,0,0,7,44,68,61,0,10,0,64,62,88,36,081,071900
Census Tract 721; Queens County; New York,5358,0,21,28,26,45,204,0,0,27,65,91,322,36,081,072100
Census Tract 723; Queens County; New York,2338,0,0,9,19,26,27,0,9,9,21,5,78,36,081,072300
Census Tract 729; Queens County; New York,1298,0,0,0,15,13,25,0,8,0,37,0,32,36,081,072900
Census Tract 731; Queens County; New York,1832,0,7,0,0,0,19,0,12,0,5,0,47,36,081,073100
Census Tract 737; Queens County; New York,1952,0,16,0,5,23,39,0,0,0,18,0,26,36,081,073700
Census Tract 739; Queens County; New York,5164,0,0,0,175,0,17,0,0,0,111,38,218,36,081,073900
Census Tract 741; Queens County; New York,3098,0,10,14,30,26,102,0,0,35,9,75,111,36,081,074100
Census Tract 743; Queens County; New York,3762,0,0,9,124,8,62,0,0,0,23,62,81,36,081,074300
Census Tract 745; Queens County; New York,4076,0,0,21,98,34,139,0,0,0,13,96,180,36,081,074500
Census Tract 747; Queens County; New York,3425,0,0,2,98,80,47,0,0,18,91,85,78,36,081,074700
Census Tract 749; Queens County; New York,1516,0,0,0,18,0,5,0,0,0,13,26,11,36,081,074900
Census Tract 757.01; Queens County; New York,4819,0,0,26,29,0,63,0,0,37,112,28,72,36,081,075701
Census Tract 757.02; Queens County; New York,5278,0,0,3,55,49,143,0,0,14,126,4,320,36,081,075702
Census Tract 769.01; Queens County; New York,5151,0,0,19,20,134,61,0,47,22,59,0,171,36,081,076901
Census Tract 769.02; Queens County; New York,1588,0,0,24,0,63,8,0,21,0,0,0,0,36,081,076902
Census Tract 773; Queens County; New York,2246,0,27,9,13,19,62,0,0,19,47,32,54,36,081,077300
Census Tract 775; Queens County; New York,2031,0,0,12,0,21,33,0,0,12,111,34,107,36,081,077500
Census Tract 779.02; Queens County; New York,5863,0,0,0,28,83,24,0,0,0,49,14,58,36,081,077902
Census Tract 779.03; Queens County; New York,3445,0,10,13,0,17,3,0,0,0,84,19,44,36,081,077903
Census Tract 779.04; Queens County; New York,5426,0,21,173,14,10,98,0,25,181,88,119,17,36,081,077904
Census Tract 779.05; Queens County; New York,3045,0,33,0,37,80,24,0,0,30,58,7,97,36,081,077905
Census Tract 779.06; Queens County; New York,3568,0,0,9,22,32,49,0,0,0,22,43,100,36,081,077906
Census Tract 779.07; Queens County; New York,3437,30,0,20,33,39,162,0,0,25,25,24,82,36,081,077907
Census Tract 779.08; Queens County; New York,3382,0,29,30,79,49,5,0,0,43,52,10,14,36,081,077908
Census Tract 788; Queens County; New York,2082,0,23,0,58,0,24,0,0,0,65,24,45,36,081,078800
Census Tract 790; Queens County; New York,2653,0,0,7,95,17,69,0,0,16,24,93,63,36,081,079000
Census Tract 792; Queens County; New York,2869,0,40,0,20,63,27,0,0,0,39,18,62,36,081,079200
Census Tract 793; Queens County; New York,0,0,0,0,0,0,0,0,0,0,0,0,0,36,081,079300
Census Tract 797.01; Queens County; New York,6291,0,13,36,288,39,88,0,32,15,67,15,360,36,081,079701
Census Tract 797.02; Queens County; New York,3313,0,0,9,24,0,13,0,0,11,10,51,128,36,081,079702
Census Tract 799; Queens County; New York,3000,50,46,10,54,10,26,0,0,9,16,0,59,36,081,079900
Census Tract 803.01; Queens County; New York,4216,0,0,5,5,1,14,0,15,0,136,48,26,36,081,080301
Census Tract 803.02; Queens County; New York,3657,0,48,1,57,25,275,0,14,0,3,8,91,36,081,080302
Census Tract 809; Queens County; New York,7291,0,0,54,95,16,0,0,36,15,128,99,169,36,081,080900
Census Tract 814; Queens County; New York,4545,0,0,0,30,0,64,0,28,0,33,69,0,36,081,081400
Census Tract 818; Queens County; New York,3788,0,0,0,65,3,0,0,25,0,52,45,39,36,081,081800
Census Tract 837; Queens County; New York,4770,0,0,10,74,30,67,0,0,0,19,26,92,36,081,083700
Census Tract 838; Queens County; New York,5524,42,0,14,92,44,14,23,0,44,171,13,21,36,081,083800
Census Tract 840; Queens County; New York,6927,0,0,30,146,164,22,0,8,0,272,87,68,36,081,084000
Census Tract 845; Queens County; New York,4709,0,0,52,17,1,142,0,0,28,22,70,346,36,081,084500
Census Tract 846.01; Queens County; New York,2711,0,11,0,15,45,44,0,6,0,38,39,29,36,081,084601
Census Tract 846.02; Queens County; New York,1378,0,8,0,34,9,21,0,0,120,48,7,20,36,081,084602
Census Tract 849.01; Queens County; New York,3037,0,0,0,0,0,19,0,0,0,23,37,0,36,081,084901
Census Tract 849.02; Queens County; New York,3807,0,0,0,1,38,32,0,0,0,197,33,67,36,081,084902
Census Tract 853; Queens County; New York,4969,0,0,0,259,44,176,0,0,0,55,72,338,36,081,085300
Census Tract 855; Queens County; New York,6143,0,26,0,156,75,170,0,27,32,197,109,211,36,081,085500
Census Tract 857; Queens County; New York,5199,0,27,1,48,69,45,0,0,0,64,60,176,36,081,085700
Census Tract 859; Queens County; New York,5714,0,0,2,103,0,84,0,0,78,45,143,163,36,081,085900
Census Tract 861; Queens County; New York,2071,0,0,6,22,42,22,0,0,41,16,30,105,36,081,086100
Census Tract 863; Queens County; New York,6859,0,28,83,42,25,27,0,0,0,128,39,72,36,081,086300
Census Tract 864; Queens County; New York,2560,0,7,1,21,46,19,0,0,0,79,34,49,36,081,086400
Census Tract 865; Queens County; New York,4480,0,0,0,104,16,164,0,0,0,18,131,365,36,081,086500
Census Tract 869; Queens County; New York,1832,0,0,0,5,16,21,0,0,0,14,0,40,36,081,086900
Census Tract 871; Queens County; New York,4889,0,0,34,71,188,58,0,0,18,75,111,81,36,081,087100
Census Tract 884; Queens County; New York,9190,0,95,45,226,137,167,0,76,0,357,89,596,36,081,088400
Census Tract 889.02; Queens County; New York,6090,0,33,0,0,219,224,0,0,54,102,22,79,36,081,088902
Census Tract 889.03; Queens County; New York,4522,0,16,9,15,33,121,0,0,9,53,69,115,36,081,088903
Census Tract 892.01; Queens County; New York,8936,0,58,15,125,133,119,0,0,0,117,91,399,36,081,089201
Census Tract 892.02; Queens County; New York,0,0,0,0,0,0,0,0,0,0,0,0,0,36,081,089202
Census Tract 907; Queens County; New York,1545,0,0,8,26,7,25,0,0,0,3,0,14,36,081,090700
Census Tract 916.02; Queens County; New York,0,0,0,0,0,0,0,0,0,0,0,0,0,36,081,091602
Census Tract 916.03; Queens County; New York,4123,0,56,0,38,66,45,0,43,0,147,42,153,36,081,091603
Census Tract 916.04; Queens County; New York,0,0,0,0,0,0,0,0,0,0,0,0,0,36,081,091604
Census Tract 918; Queens County; New York,8,0,0,0,0,4,0,0,0,0,0,0,4,36,081,091800
Census Tract 919; Queens County; New York,4679,0,0,0,66,9,56,0,0,5,35,11,99,36,081,091900
Census Tract 922; Queens County; New York,2098,0,0,0,37,19,45,0,0,0,5,12,36,36,081,092200
Census Tract 925; Queens County; New York,3957,0,29,0,76,81,20,0,0,0,100,24,41,36,081,092500
Census Tract 928; Queens County; New York,3440,0,0,0,23,0,38,0,0,7,26,9,66,36,081,092800
Census Tract 929; Queens County; New York,7078,0,0,2,46,42,54,0,0,0,72,92,33,36,081,092900
Census Tract 934.01; Queens County; New York,4148,0,34,36,82,15,33,0,147,0,84,29,55,36,081,093401
Census Tract 934.02; Queens County; New York,4094,0,0,41,126,52,22,0,43,70,156,61,99,36,081,093402
Census Tract 938; Queens County; New York,4559,0,0,57,272,54,95,0,0,0,180,63,10,36,081,093800
Census Tract 939; Queens County; New York,6366,0,0,0,69,100,0,0,9,0,73,37,131,36,081,093900
Census Tract 942.01; Queens County; New York,3425,0,0,21,79,41,30,0,37,0,158,51,53,36,081,094201
Census Tract 942.02; Queens County; New York,5750,0,43,0,49,0,18,0,63,71,199,73,158,36,081,094202
Census Tract 942.03; Queens County; New York,5740,0,26,0,223,137,83,0,1,0,340,70,359,36,081,094203
Census Tract 945; Queens County; New York,4032,0,0,0,13,37,139,0,6,0,97,278,128,36,081,094500
Census Tract 947; Queens County; New York,2722,0,0,91,50,1,25,0,20,9,44,0,58,36,081,094700
Census Tract 954; Queens County; New York,6526,0,186,25,72,10,22,0,331,25,286,92,8,36,081,095400
Census Tract 964; Queens County; New York,6990,0,19,187,182,40,61,0,0,35,220,0,66,36,081,096400
Census Tract 972.02; Queens County; New York,3442,0,63,16,136,0,16,0,32,80,202,31,83,36,081,097202
Census Tract 972.04; Queens County; New York,3670,0,0,28,66,26,61,0,0,112,145,106,30,36,081,097204
Census Tract 972.05; Queens County; New York,3249,0,0,39,233,0,0,0,53,52,111,34,43,36,081,097205
Census Tract 972.06; Queens County; New York,2522,0,0,0,104,69,0,0,0,0,108,0,29,36,081,097206
Census Tract 972.07; Queens County; New York,0,0,0,0,0,0,0,0,0,0,0,0,0,36,081,097207
Census Tract 973; Queens County; New York,2156,0,4,0,18,26,45,0,0,0,23,18,122,36,081,097300
Census Tract 981; Queens County; New York,2456,0,0,29,22,0,5,0,0,1,16,17,46,36,081,098100
Census Tract 987; Queens County; New York,2593,0,8,0,27,67,23,0,0,0,51,40,27,36,081,098700
Census Tract 991; Queens County; New York,6777,0,0,0,10,118,190,0,0,0,163,154,226,36,081,099100
Census Tract 992; Queens County; New York,3999,0,0,60,52,39,44,0,16,48,352,94,48,36,081,099200
Census Tract 997.01; Queens County; New York,2610,0,0,1,111,60,72,72,0,0,79,95,59,36,081,099701
Census Tract 997.03; Queens County; New York,3809,0,0,3,65,19,30,0,10,0,109,103,80,36,081,099703
Census Tract 997.04; Queens County; New York,7288,0,234,15,181,98,310,0,0,37,119,75,495,36,081,099704
Census Tract 997.05; Queens County; New York,2671,0,34,0,51,15,79,0,0,0,0,29,44,36,081,099705
Census Tract 998.01; Queens County; New York,8686,58,0,0,232,0,89,0,87,52,549,205,272,36,081,099801
Census Tract 998.02; Queens County; New York,5492,0,102,57,204,44,104,0,0,42,285,51,345,36,081,099802
Census Tract 999; Queens County; New York,0,0,0,0,0,0,0,0,0,0,0,0,0,36,081,099900
Census Tract 1008.01; Queens County; New York,3122,0,41,27,151,12,81,0,0,0,98,28,20,36,081,100801
Census Tract 1008.03; Queens County; New York,4336,0,41,8,7,74,25,0,21,17,93,165,69,36,081,100803
Census Tract 1008.04; Queens County; New York,5226,39,180,0,127,98,0,0,0,0,100,0,1,36,081,100804
Census Tract 1010.02; Queens County; New York,6009,0,110,13,185,37,167,0,0,118,91,48,57,36,081,101002
Census Tract 1010.03; Queens County; New York,3539,0,0,5,0,29,0,0,0,0,169,118,56,36,081,101003
Census Tract 1010.04; Queens County; New York,5778,0,0,230,47,130,83,0,0,15,114,180,150,36,081,101004
Census Tract 1017; Queens County; New York,6989,0,0,19,46,64,33,0,0,103,87,67,254,36,081,101700
Census Tract 1029; Queens County; New York,3316,0,11,0,79,43,37,0,0,0,34,0,16,36,081,102900
Census Tract 1032.01; Queens County; New York,7068,0,82,91,72,60,0,0,50,0,307,9,45,36,081,103201
Census Tract 1032.02; Queens County; New York,7835,0,0,52,119,51,46,0,0,14,98,55,174,36,081,103202
Census Tract 1033; Queens County; New York,4561,0,22,27,67,14,125,0,0,0,146,0,49,36,081,103300
Census Tract 1039; Queens County; New York,6670,0,23,50,65,42,34,0,0,37,183,118,87,36,081,103900
Census Tract 1047; Queens County; New York,7061,0,0,2,33,213,142,0,0,0,53,94,44,36,081,104700
Census Tract 1059; Queens County; New York,3664,0,0,9,30,60,105,0,0,0,21,41,98,36,081,105900
Census Tract 1072.01; Queens County; New York,2323,0,9,18,71,142,9,0,0,9,88,70,28,36,081,107201
Census Tract 1072.02; Queens County; New York,0,0,0,0,0,0,0,0,0,0,0,0,0,36,081,107202
Census Tract 1085; Queens County; New York,2766,0,0,0,35,30,55,0,0,2,119,26,80,36,081,108500
Census Tract 1093; Queens County; New York,2974,0,0,6,9,128,81,0,0,21,2,63,81,36,081,109300
Census Tract 1097; Queens County; New York,1853,0,0,0,0,30,23,0,0,0,27,4,42,36,081,109700
Census Tract 1099; Queens County; New York,3457,0,98,43,21,9,98,0,0,0,33,46,90,36,081,109900
Census Tract 1113; Queens County; New York,2733,0,28,4,5,32,17,0,10,6,18,30,36,36,081,111300
Census Tract 1123; Queens County; New York,2498,0,46,15,64,34,10,0,0,0,4,3,26,36,081,112300
Census Tract 1129; Queens County; New York,2289,0,2,24,39,17,122,0,0,3,35,1,71,36,081,112900
Census Tract 1133; Queens County; New York,1410,0,4,5,21,10,0,0,0,3,29,19,8,36,081,113300
Census Tract 1139; Queens County; New York,3885,0,0,43,17,0,19,0,0,68,36,27,35,36,081,113900
Census Tract 1141; Queens County; New York,2506,0,8,7,19,33,68,0,0,2,5,15,73,36,081,114100
Census Tract 1147; Queens County; New York,1891,0,0,0,0,9,16,0,0,33,22,20,31,36,081,114700
Census Tract 1151; Queens County; New York,946,0,0,0,56,11,5,0,0,8,0,44,29,36,081,115100
Census Tract 1155; Queens County; New York,2079,0,0,0,1,8,21,0,0,0,15,23,16,36,081,115500
Census Tract 1157; Queens County; New York,3273,0,0,13,34,29,27,0,0,30,31,9,11,36,081,115700
Census Tract 1159; Queens County; New York,3846,0,0,11,118,0,0,0,13,0,34,7,24,36,081,115900
Census Tract 1161; Queens County; New York,3190,0,0,77,0,12,4,0,0,51,12,1,36,36,081,116100
Census Tract 1163.01; Queens County; New York,3798,0,0,13,25,45,33,0,0,14,95,79,9,36,081,116301
Census Tract 1163.02; Queens County; New York,3561,0,0,0,50,42,34,0,0,0,83,10,63,36,081,116302
Census Tract 1167; Queens County; New York,1994,0,7,5,21,8,2,0,6,0,7,23,24,36,081,116700
Census Tract 1171; Queens County; New York,2499,0,3,24,16,45,66,12,24,27,47,72,43,36,081,117100
Census Tract 1175; Queens County; New York,4555,0,0,69,11,33,15,0,0,0,35,85,22,36,081,117500
Census Tract 1181; Queens County; New York,1924,0,0,13,25,27,12,0,0,7,44,2,27,36,081,118100
Census Tract 1185; Queens County; New York,1808,0,0,11,25,0,0,0,0,36,27,54,8,36,081,118500
Census Tract 1187; Queens County; New York,2512,0,0,0,12,192,13,0,0,6,37,71,52,36,081,118700
Census Tract 1189; Queens County; New York,1865,0,0,16,22,7,34,0,0,0,0,10,26,36,081,118900
Census Tract 1191; Queens County; New York,2888,0,2,122,37,13,0,0,3,0,53,16,0,36,081,119100
Census Tract 1193; Queens County; New York,2399,0,0,10,47,25,28,0,0,0,23,6,50,36,081,119300
Census Tract 1195; Queens County; New York,1588,0,33,1,68,31,0,0,40,17,0,20,25,36,081,119500
Census Tract 1199; Queens County; New York,1563,0,0,21,34,13,7,0,0,2,46,19,38,36,081,119900
Census Tract 1201; Queens County; New York,1585,0,0,0,12,13,39,0,0,18,12,11,30,36,081,120100
Census Tract 1203; Queens County; New York,1503,0,0,8,0,22,37,0,0,0,0,7,55,36,081,120300
Census Tract 1205; Queens County; New York,2676,0,14,0,0,16,36,0,0,0,31,25,146,36,081,120500
Census Tract 1207.01; Queens County; New York,2869,0,5,17,34,24,45,0,0,2,54,23,78,36,081,120701
Census Tract 1207.02; Queens County; New York,0,0,0,0,0,0,0,0,0,0,0,0,0,36,081,120702
Census Tract 1211; Queens County; New York,0,0,0,0,0,0,0,0,0,0,0,0,0,36,081,121100
Census Tract 1215; Queens County; New York,4236,0,10,0,0,34,11,0,0,52,6,51,56,36,081,121500
Census Tract 1223; Queens County; New York,3355,0,0,0,39,0,66,0,0,0,28,0,75,36,081,122300
Census Tract 1227.02; Queens County; New York,6665,0,0,25,63,0,176,0,0,102,548,252,149,36,081,122702
Census Tract 1227.03; Queens County; New York,7452,39,40,132,180,0,38,0,0,19,437,120,56,36,081,122703
Census Tract 1227.04; Queens County; New York,4719,0,15,2,42,96,24,0,0,0,95,0,109,36,081,122704
Census Tract 1241; Queens County; New York,3869,0,49,0,31,9,47,0,0,40,82,137,130,36,081,124100
Census Tract 1247; Queens County; New York,3676,0,0,0,0,49,59,0,0,0,39,26,49,36,081,124700
Census Tract 1257; Queens County; New York,2860,0,0,0,68,58,9,0,0,0,122,9,86,36,081,125700
Census Tract 1265; Queens County; New York,1928,0,18,0,48,37,28,0,0,0,18,42,27,36,081,126500
Census Tract 1267; Queens County; New York,4455,0,0,104,11,39,20,22,19,118,33,1,17,36,081,126700
Census Tract 1277; Queens County; New York,2973,0,0,21,45,40,14,0,0,14,21,10,22,36,081,127700
Census Tract 1283; Queens County; New York,0,0,0,0,0,0,0,0,0,0,0,0,0,36,081,128300
Census Tract 1291.02; Queens County; New York,3654,0,0,9,9,1,31,0,0,0,76,22,38,36,081,129102
Census Tract 1291.03; Queens County; New York,4323,0,0,20,98,2,80,0,0,0,107,47,99,36,081,129103
Census Tract 1291.04; Queens County; New York,4397,0,0,44,67,64,89,0,50,9,110,35,127,36,081,129104
Census Tract 1301; Queens County; New York,4111,0,0,23,64,39,100,0,15,14,85,129,95,36,081,130100
Census Tract 1333; Queens County; New York,3701,0,14,4,32,63,61,0,9,43,13,8,164,36,081,133300
Census Tract 1339; Queens County; New York,1376,0,0,0,1,8,19,0,0,2,8,19,70,36,081,133900
Census Tract 1341; Queens County; New York,2709,0,4,35,22,40,0,0,16,0,55,7,71,36,081,134100
Census Tract 1347.01; Queens County; New York,4840,0,0,0,94,143,26,0,0,17,96,41,77,36,081,134701
Census Tract 1347.02; Queens County; New York,4834,0,22,16,0,53,68,0,0,12,22,19,91,36,081,134702
Census Tract 1367; Queens County; New York,6523,0,0,0,32,45,53,0,0,19,112,97,119,36,081,136700
Census Tract 1377; Queens County; New York,6652,0,24,15,190,98,45,0,35,1,48,35,120,36,081,137700
Census Tract 1385.01; Queens County; New York,4297,0,10,24,72,50,125,0,0,0,32,0,128,36,081,138501
Census Tract 1385.02; Queens County; New York,94,0,0,0,0,5,24,0,0,0,0,0,0,36,081,138502
Census Tract 1399; Queens County; New York,1545,0,0,0,31,28,26,0,0,4,12,5,21,36,081,139900
Census Tract 1403; Queens County; New York,2341,0,0,6,33,6,38,0,17,0,13,11,9,36,081,140300
Census Tract 1409.01; Queens County; New York,1029,0,0,0,13,10,0,0,0,14,7,4,46,36,081,140901
Census Tract 1409.02; Queens County; New York,2373,0,5,5,11,28,70,0,10,0,25,31,89,36,081,140902
Census Tract 1417; Queens County; New York,4486,0,0,29,19,79,18,0,0,24,65,61,172,36,081,141700
Census Tract 1429; Queens County; New York,4034,0,11,27,46,26,63,0,0,0,10,69,85,36,081,142900
Census Tract 1435; Queens County; New York,2267,0,0,8,26,78,25,0,0,0,29,58,43,36,081,143500
Census Tract 1441; Queens County; New York,2700,35,11,18,14,10,42,0,0,0,68,51,20,36,081,144100
Census Tract 1447; Queens County; New York,3583,1,32,0,69,3,26,0,4,0,55,26,83,36,081,144700
Census Tract 1451.01; Queens County; New York,1142,0,26,0,13,28,0,0,18,0,30,17,12,36,081,145101
Census Tract 1451.02; Queens County; New York,2578,0,0,31,36,14,36,0,0,0,39,0,102,36,081,145102
Census Tract 1459; Queens County; New York,2630,0,15,5,37,87,0,0,9,0,90,50,52,36,081,145900
Census Tract 1463; Queens County; New York,2723,0,0,9,47,0,14,0,0,0,19,3,26,36,081,146300
Census Tract 1467; Queens County; New York,2866,0,0,12,65,4,45,0,0,12,7,13,35,36,081,146700
Census Tract 1471; Queens County; New York,3340,0,0,0,38,12,44,0,0,0,97,8,58,36,081,147100
Census Tract 1479; Queens County; New York,4525,0,0,21,82,24,96,0,20,0,133,46,81,36,081,147900
Census Tract 1483; Queens County; New York,2990,0,0,22,0,98,50,0,0,0,24,32,49,36,081,148300
Census Tract 1507.01; Queens County; New York,3150,0,9,0,44,18,27,0,0,0,12,0,115,36,081,150701
Census Tract 1507.02; Queens County; New York,2959,0,14,17,19,2,59,0,0,0,70,183,161,36,081,150702
Census Tract 1529.01; Queens County; New York,5607,0,30,0,329,94,188,0,0,0,23,101,260,36,081,152901
Census Tract 1529.02; Queens County; New York,6252,0,0,1,59,9,38,0,30,26,11,62,117,36,081,152902
Census Tract 1551.01; Queens County; New York,2195,0,0,0,14,10,196,0,0,0,0,83,390,36,081,155101
Census Tract 1551.03; Queens County; New York,4347,0,0,62,67,12,42,0,0,0,180,130,96,36,081,155103
Census Tract 1551.04; Queens County; New York,2710,0,0,0,95,17,51,0,0,0,144,68,48,36,081,155104
Census Tract 1567; Queens County; New York,1493,0,0,68,182,89,19,0,0,33,194,36,47,36,081,156700
Census Tract 1571.01; Queens County; New York,8186,0,16,0,53,36,234,0,0,44,307,157,224,36,081,157101
Census Tract 1571.02; Queens County; New York,2005,0,22,0,15,6,57,0,15,8,7,17,55,36,081,157102
Census Tract 1579.01; Queens County; New York,5253,0,10,0,90,7,112,0,0,1,38,57,292,36,081,157901
Census Tract 1579.02; Queens County; New York,4007,0,0,5,31,111,167,0,0,25,76,130,79,36,081,157902
Census Tract 1579.03; Queens County; New York,3746,0,0,17,56,23,20,0,0,11,64,16,76,36,081,157903
Census Tract 1617; Queens County; New York,4786,0,69,12,128,35,27,0,13,0,24,22,42,36,081,161700
Census Tract 1621; Queens County; New York,6446,0,0,0,128,46,64,0,64,0,91,182,58,36,081,162100
Census Tract 9901; Queens County; New York,0,0,0,0,0,0,0,0,0,0,0,0,0,36,081,990100
Census Tract 3; Richmond County; New York,2060,0,0,15,100,13,6,0,0,4,7,22,12,36,085,000300
Census Tract 6; Richmond County; New York,2696,0,0,0,25,98,58,0,87,0,154,81,120,36,085,000600
Census Tract 7; Richmond County; New York,5195,0,0,32,146,75,3,0,0,93,44,160,22,36,085,000700
Census Tract 8; Richmond County; New York,4908,0,39,16,30,88,19,0,0,0,211,53,47,36,085,000800
Census Tract 9; Richmond County; New York,2127,0,59,6,84,7,13,0,0,0,12,62,37,36,085,000900
Census Tract 11; Richmond County; New York,4203,0,32,0,123,0,0,0,0,16,240,7,38,36,085,001100
Census Tract 17; Richmond County; New York,1496,0,0,8,46,18,22,0,0,6,67,0,64,36,085,001700
Census Tract 18; Richmond County; New York,334,0,0,0,0,0,0,0,0,0,0,0,0,36,085,001800
Census Tract 20.01; Richmond County; New York,2736,0,0,80,10,62,11,0,0,0,21,29,65,36,085,002001
Census Tract 20.02; Richmond County; New York,3004,0,0,28,0,40,42,0,0,0,23,6,64,36,085,002002
Census Tract 21; Richmond County; New York,5248,0,0,93,81,19,41,0,62,0,265,67,53,36,085,002100
Census Tract 27; Richmond County; New York,2001,0,0,16,105,31,28,0,31,0,14,14,41,36,085,002700
Census Tract 29; Richmond County; New York,5532,0,13,134,74,64,0,0,0,34,181,49,84,36,085,002900
Census Tract 33; Richmond County; New York,3863,0,15,64,9,15,10,0,17,73,5,19,29,36,085,003300
Census Tract 36; Richmond County; New York,2643,0,7,0,30,58,18,0,0,0,27,20,21,36,085,003600
Census Tract 39; Richmond County; New York,2249,0,0,43,110,38,18,0,0,50,16,13,39,36,085,003900
Census Tract 40.01; Richmond County; New York,2692,0,0,2,27,32,47,0,0,0,89,0,26,36,085,004001
Census Tract 40.02; Richmond County; New York,2488,0,0,0,66,5,22,0,0,0,51,22,35,36,085,004002
Census Tract 40.03; Richmond County; New York,3507,0,36,41,56,0,6,0,0,0,74,40,21,36,085,004003
Census Tract 40.04; Richmond County; New York,3659,0,0,7,11,2,46,0,0,0,38,78,52,36,085,004004
Census Tract 47; Richmond County; New York,2961,0,68,49,117,17,9,0,0,0,91,7,122,36,085,004700
Census Tract 50; Richmond County; New York,4681,0,9,42,32,32,43,0,9,15,81,77,39,36,085,005000
Census Tract 59.01; Richmond County; New York,3075,0,0,84,75,14,1,0,33,0,38,39,36,36,085,005901
Census Tract 59.02; Richmond County; New York,0,0,0,0,0,0,0,0,0,0,0,0,0,36,085,005902
Census Tract 64; Richmond County; New York,3431,0,12,83,87,81,41,0,21,20,59,60,49,36,085,006400
Census Tract 67; Richmond County; New York,2877,0,14,66,40,46,3,0,0,68,10,36,0,36,085,006700
Census Tract 70.01; Richmond County; New York,2880,0,12,0,74,0,19,0,0,0,47,31,68,36,085,007001
Census Tract 70.02; Richmond County; New York,5858,0,0,10,106,40,41,0,31,213,134,25,91,36,085,007002
Census Tract 74; Richmond County; New York,5038,0,0,55,160,80,86,0,0,0,218,100,81,36,085,007400
Census Tract 75; Richmond County; New York,2965,0,0,1,50,15,0,0,2,83,22,19,36,36,085,007500
Census Tract 77; Richmond County; New York,1948,0,0,0,3,0,13,0,10,0,16,25,23,36,085,007700
Census Tract 81; Richmond County; New York,4298,30,8,0,120,18,98,0,24,56,91,130,75,36,085,008100
Census Tract 96.01; Richmond County; New York,4403,0,0,131,72,38,204,0,0,0,66,54,177,36,085,009601
Census Tract 96.02; Richmond County; New York,3691,0,0,16,55,44,9,0,0,60,52,71,90,36,085,009602
Census Tract 97.01; Richmond County; New York,4274,0,24,12,69,10,9,0,0,0,78,31,43,36,085,009701
Census Tract 97.02; Richmond County; New York,42,0,0,0,0,0,0,0,0,0,0,0,0,36,085,009702
Census Tract 105; Richmond County; New York,5418,0,160,14,0,60,68,0,20,0,116,112,44,36,085,010500
Census Tract 112.01; Richmond County; New York,5825,0,0,98,123,19,91,0,22,4,141,35,68,36,085,011201
Census Tract 112.03; Richmond County; New York,6898,0,0,20,201,32,41,63,8,0,106,37,136,36,085,011203
Census Tract 112.04; Richmond County; New York,59,0,0,0,0,0,0,0,0,0,29,0,0,36,085,011204
Census Tract 114.01; Richmond County; New York,3254,0,0,30,138,16,108,0,0,0,127,114,58,36,085,011401
Census Tract 114.02; Richmond County; New York,3356,0,0,55,46,55,35,12,8,0,112,47,183,36,085,011402
Census Tract 121; Richmond County; New York,3126,0,9,29,19,52,57,0,8,2,19,32,51,36,085,012100
Census Tract 122; Richmond County; New York,4921,0,0,7,45,14,22,0,0,47,105,0,61,36,085,012200
Census Tract 125; Richmond County; New York,3085,0,0,47,44,63,25,0,35,20,97,23,39,36,085,012500
Census Tract 128.04; Richmond County; New York,4643,0,0,26,24,38,12,0,32,13,61,27,102,36,085,012804
Census Tract 128.05; Richmond County; New York,2196,0,0,13,86,29,5,0,0,5,131,26,61,36,085,012805
Census Tract 128.06; Richmond County; New York,5308,0,0,61,265,128,92,0,0,2,312,126,26,36,085,012806
Census Tract 132.01; Richmond County; New York,1582,0,7,0,17,18,8,0,0,4,5,18,31,36,085,013201
Census Tract 132.03; Richmond County; New York,7288,0,120,12,176,186,43,0,0,110,79,77,69,36,085,013203
Census Tract 132.04; Richmond County; New York,5090,0,0,4,102,203,49,0,0,2,38,26,67,36,085,013204
Census Tract 133.01; Richmond County; New York,1123,0,0,9,10,0,2,0,31,4,7,97,64,36,085,013301
Census Tract 133.02; Richmond County; New York,3468,0,19,3,0,9,0,0,23,0,48,8,20,36,085,013302
Census Tract 134; Richmond County; New York,3660,0,23,21,36,63,117,0,0,23,36,38,115,36,085,013400
Census Tract 138; Richmond County; New York,6235,0,0,0,78,50,64,0,0,0,87,65,141,36,085,013800
Census Tract 141; Richmond County; New York,2752,0,0,0,42,32,30,0,0,8,62,13,22,36,085,014100
Census Tract 146.04; Richmond County; New York,6718,0,0,0,79,74,158,0,15,21,169,31,72,36,085,014604
Census Tract 146.05; Richmond County; New York,3890,0,28,5,27,28,16,0,32,1,70,17,168,36,085,014605
Census Tract 146.06; Richmond County; New York,6444,0,0,0,160,61,58,0,0,0,153,105,120,36,085,014606
Census Tract 146.07; Richmond County; New York,4857,8,29,18,63,33,26,0,0,0,67,25,33,36,085,014607
Census Tract 146.08; Richmond County; New York,3370,0,0,10,67,39,8,0,0,0,74,43,28,36,085,014608
Census Tract 147; Richmond County; New York,3398,0,0,53,57,7,41,0,0,9,85,66,26,36,085,014700
Census Tract 151; Richmond County; New York,5197,0,0,31,55,16,52,0,0,18,56,30,144,36,085,015100
Census Tract 154; Richmond County; New York,0,0,0,0,0,0,0,0,0,0,0,0,0,36,085,015400
Census Tract 156.01; Richmond County; New York,6706,0,50,23,123,79,73,0,0,17,88,41,143,36,085,015601
Census Tract 156.02; Richmond County; New York,3607,0,0,3,24,12,40,0,0,21,47,51,77,36,085,015602
Census Tract 156.03; Richmond County; New York,4982,0,31,14,73,48,0,0,19,7,123,47,12,36,085,015603
Census Tract 169.01; Richmond County; New York,3735,0,0,0,22,38,17,0,0,0,30,60,41,36,085,016901
Census Tract 170.05; Richmond County; New York,4616,0,26,7,24,28,44,0,0,0,44,39,101,36,085,017005
Census Tract 170.07; Richmond County; New York,6292,0,13,26,212,52,21,0,0,32,79,85,31,36,085,017007
Census Tract 170.09; Richmond County; New York,4805,0,10,26,79,44,13,15,0,0,56,15,24,36,085,017009
Census Tract 170.11; Richmond County; New York,4540,0,38,9,105,70,44,0,0,22,106,73,36,36,085,017011
Census Tract 170.12; Richmond County; New York,5170,0,20,0,38,35,67,0,0,0,80,5,217,36,085,017012
Census Tract 170.13; Richmond County; New York,4652,0,0,5,64,26,16,0,0,0,44,12,28,36,085,017013
Census Tract 170.14; Richmond County; New York,4221,0,4,37,98,85,0,0,0,0,81,73,39,36,085,017014
Census Tract 170.15; Richmond County; New York,2897,0,0,0,22,36,63,0,0,0,88,76,15,36,085,017015
Census Tract 170.16; Richmond County; New York,4527,0,64,27,158,28,57,0,0,0,75,52,35,36,085,017016
Census Tract 173; Richmond County; New York,2634,0,0,9,91,25,51,0,19,6,200,26,31,36,085,017300
Census Tract 176; Richmond County; New York,5132,0,7,63,30,63,17,0,0,0,43,77,53,36,085,017600
Census Tract 177.01; Richmond County; New York,3791,0,0,0,88,162,41,0,25,24,147,32,160,36,085,017701
Census Tract 177.02; Richmond County; New York,2338,0,0,0,26,23,5,0,0,0,16,13,211,36,085,017702
Census Tract 181; Richmond County; New York,3393,0,0,0,32,52,154,0,0,0,140,26,130,36,085,018100
Census Tract 187.01; Richmond County; New York,1951,0,0,31,28,27,0,0,0,19,51,15,22,36,085,018701
Census Tract 187.03; Richmond County; New York,4068,0,0,19,42,27,71,0,6,0,20,29,141,36,085,018703
Census Tract 187.04; Richmond County; New York,4007,0,12,13,11,0,97,0,0,28,87,22,35,36,085,018704
Census Tract 189.01; Richmond County; New York,5231,0,77,44,35,64,108,0,21,0,169,15,167,36,085,018901
Census Tract 189.02; Richmond County; New York,6152,0,54,21,133,40,67,0,0,61,37,88,113,36,085,018902
Census Tract 197; Richmond County; New York,1914,0,0,38,74,5,22,0,0,0,24,9,41,36,085,019700
Census Tract 198; Richmond County; New York,7545,0,0,17,51,30,146,0,0,0,358,106,176,36,085,019800
Census Tract 201; Richmond County; New York,3637,2,44,11,74,10,40,0,0,8,60,10,29,36,085,020100
Census Tract 207.01; Richmond County; New York,3707,0,0,18,79,8,16,0,0,86,84,0,78,36,085,020701
Census Tract 207.02; Richmond County; New York,2635,0,0,0,0,0,20,0,0,2,107,97,60,36,085,020702
Census Tract 208.03; Richmond County; New York,7802,0,0,17,122,26,154,0,0,28,100,88,173,36,085,020803
Census Tract 208.04; Richmond County; New York,5228,0,0,26,197,81,86,0,13,11,99,54,91,36,085,020804
Census Tract 208.05; Richmond County; New York,6058,0,21,87,218,21,67,0,0,0,60,100,140,36,085,020805
Census Tract 208.06; Richmond County; New York,2827,0,10,34,107,29,5,0,0,9,58,12,2,36,085,020806
Census Tract 213; Richmond County; New York,5378,0,14,182,217,81,29,0,14,22,80,38,25,36,085,021300
Census Tract 223; Richmond County; New York,3109,0,70,8,28,34,13,0,37,0,66,15,338,36,085,022300
Census Tract 226.01; Richmond County; New York,7221,0,0,4,152,113,44,0,26,42,234,53,129,36,085,022601
Census Tract 226.02; Richmond County; New York,1457,0,0,0,51,0,52,0,0,0,279,0,41,36,085,022602
Census Tract 228.01; Richmond County; New York,43,0,0,4,0,0,0,0,0,0,0,0,0,36,085,022801
Census Tract 228.02; Richmond County; New York,0,0,0,0,0,0,0,0,0,0,0,0,0,36,085,022802
Census Tract 231; Richmond County; New York,4815,0,34,31,83,5,65,0,12,9,94,53,29,36,085,023100
Census Tract 239; Richmond County; New York,3157,0,0,5,20,12,45,0,20,0,12,29,68,36,085,023900
Census Tract 244.01; Richmond County; New York,5678,0,0,7,31,126,115,0,79,0,30,15,105,36,085,024401
Census Tract 244.02; Richmond County; New York,4909,0,9,36,123,35,33,0,0,14,74,72,36,36,085,024402
Census Tract 247; Richmond County; New York,2930,0,36,24,46,25,22,0,0,7,60,41,63,36,085,024700
Census Tract 248; Richmond County; New York,4801,0,0,10,197,60,18,0,32,38,8,78,60,36,085,024800
Census Tract 251; Richmond County; New York,6519,0,19,7,74,14,89,0,0,21,127,65,100,36,085,025100
Census Tract 273.01; Richmond County; New York,4464,0,16,12,147,44,58,0,13,114,179,25,123,36,085,027301
Census Tract 273.02; Richmond County; New York,4414,0,0,0,17,58,0,28,47,0,39,23,53,36,085,027302
Census Tract 277.02; Richmond County; New York,6241,0,0,0,79,45,91,0,0,0,47,77,79,36,085,027702
Census Tract 277.04; Richmond County; New York,5032,0,0,42,94,118,22,0,0,69,66,107,128,36,085,027704
Census Tract 277.05; Richmond County; New York,6094,0,9,0,116,16,93,0,36,0,63,48,85,36,085,027705
Census Tract 277.06; Richmond County; New York,3246,0,17,18,26,43,35,0,0,0,17,42,12,36,085,027706
Census Tract 279; Richmond County; New York,1736,0,0,14,16,14,74,0,0,7,12,16,55,36,085,027900
Census Tract 291.02; Richmond County; New York,3507,0,0,0,104,3,12,0,2,0,13,0,30,36,085,029102
Census Tract 291.04; Richmond County; New York,6799,0,13,11,166,110,137,0,35,81,23,67,356,36,085,029104
Census Tract 291.05; Richmond County; New York,3981,0,0,60,40,95,116,0,0,6,67,133,131,36,085,029105
Census Tract 291.06; Richmond County; New York,3064,0,19,0,46,36,11,0,11,0,34,18,3,36,085,029106
Census Tract 303.01; Richmond County; New York,5744,0,4,127,77,103,53,0,0,82,61,33,43,36,085,030301
Census Tract 303.02; Richmond County; New York,6502,0,0,127,33,46,32,0,0,29,148,27,73,36,085,030302
Census Tract 319.01; Richmond County; New York,3888,0,41,55,37,8,4,0,25,91,118,77,88,36,085,031901
Census Tract 319.02; Richmond County; New York,4499,0,53,4,93,31,64,0,44,11,101,15,59,36,085,031902
Census Tract 323; Richmond County; New York,1078,0,0,0,12,4,0,0,0,0,69,2,17,36,085,032300
Census Tract 9901; Richmond County; New York,0,0,0,0,0,0,0,0,0,0,0,0,0,36,085,990100
