{
"type": "FeatureCollection",
"name": "nycha_developments",
"crs": { "type": "name", "properties": { "name": "urn:ogc:def:crs:OGC:1.3:CRS84" } },
"features": [
{ "type": "Feature", "properties": { "name": "1162-1176 WASHINGTON AVENUE", "borough": "BRONX", "borough_primary": "BRONX", "hvi_score_zcta": 5.0, "avg_monthly_rent_usd": 619.0, "is_senior_development": false, "total_population": "128" }, "geometry": { "type": "MultiPolygon", "coordinates": [ [ [ [ -73.906940849631809, 40.830088258829683 ], [ -73.907046919396407, 40.829898787417697 ], [ -73.907151404300492, 40.829712148485484 ], [ -73.907577418980893, 40.829850302487159 ], [ -73.907366866283354, 40.830226413600379 ], [ -73.906940849631809, 40.830088258829683 ] ] ] ] } },
{ "type": "Feature", "properties": { "name": "1471 WATSON AVENUE", "borough": "BRONX", "borough_primary": "BRONX", "hvi_score_zcta": 4.0, "avg_monthly_rent_usd": 549.0, "is_senior_development": false, "total_population": "120" }, "geometry": { "type": "MultiPolygon", "coordinates": [ [ [ [ -73.881055821275012, 40.826398171323525 ], [ -73.880985954747388, 40.826095240771338 ], [ -73.880610362628758, 40.826146352804557 ], [ -73.880543772018299, 40.825857625285842 ], [ -73.881278580982425, 40.825757628507866 ], [ -73.881470384056783, 40.826582085965512 ], [ -73.881109565290956, 40.826631189590991 ], [ -73.881055821275012, 40.826398171323525 ] ] ] ] } },
{ "type": "Feature", "properties": { "name": "154 WEST 84TH STREET", "borough": "MANHATTAN", "borough_primary": "MANHATTAN", "hvi_score_zcta": 1.0, "avg_monthly_rent_usd": 726.0, "is_senior_development": false, "total_population": "61" }, "geometry": { "type": "MultiPolygon", "coordinates": [ [ [ [ -73.975097415820429, 40.78591456526231 ], [ -73.975281232099718, 40.78566313537106 ], [ -73.975337211774757, 40.785686698172633 ], [ -73.975498008157174, 40.785754379022464 ], [ -73.975554564866286, 40.78577818227464 ], [ -73.97558481611685, 40.785790918172403 ], [ -73.975400999446322, 40.786042348542665 ], [ -73.975097415820429, 40.78591456526231 ] ] ] ] } },
{ "type": "Feature", "properties": { "name": "303 VERNON AVENUE", "borough": "BROOKLYN", "borough_primary": "BROOKLYN", "hvi_score_zcta": 4.0, "avg_monthly_rent_usd": 632.0, "is_senior_development": false, "total_population": "478" }, "geometry": { "type": "MultiPolygon", "coordinates": [ [ [ [ -73.938544225125, 40.696230750748128 ], [ -73.938486002611029, 40.695945736172646 ], [ -73.940452459507426, 40.695720666966054 ], [ -73.940560226631959, 40.696278573215103 ], [ -73.938599629548335, 40.696501972428102 ], [ -73.938544225125, 40.696230750748128 ] ] ] ] } },
{ "type": "Feature", "properties": { "name": "45 ALLEN STREET", "borough": "MANHATTAN", "borough_primary": "MANHATTAN", "hvi_score_zcta": 3.0, "avg_monthly_rent_usd": 846.0, "is_senior_development": false, "total_population": "207" }, "geometry": { "type": "MultiPolygon", "coordinates": [ [ [ [ -73.992118859050422, 40.717006236598678 ], [ -73.991815317912227, 40.71691429675225 ], [ -73.992108821308577, 40.716339187538416 ], [ -73.992718618365302, 40.716524450953315 ], [ -73.992425145515156, 40.717099006995134 ], [ -73.992118859050422, 40.717006236598678 ] ] ] ] } },
{ "type": "Feature", "properties": { "name": "830 AMSTERDAM AVENUE", "borough": "MANHATTAN", "borough_primary": "MANHATTAN", "hvi_score_zcta": 2.0, "avg_monthly_rent_usd": 675.0, "is_senior_development": false, "total_population": "330" }, "geometry": { "type": "MultiPolygon", "coordinates": [ [ [ [ -73.969358874215516, 40.797061556871412 ], [ -73.969308617537408, 40.797130367787304 ], [ -73.969263883718781, 40.797191615956606 ], [ -73.969066407823519, 40.797107849983334 ], [ -73.969021639437102, 40.797169090845692 ], [ -73.968777366811921, 40.797065472882963 ], [ -73.968549823438252, 40.797376745258781 ], [ -73.968236831912975, 40.797243975320875 ], [ -73.968604557118198, 40.79674158375235 ], [ -73.969358874215516, 40.797061556871412 ] ] ] ] } },
{ "type": "Feature", "properties": { "name": "ADAMS", "borough": "BRONX", "borough_primary": "BRONX", "hvi_score_zcta": 5.0, "avg_monthly_rent_usd": 608.0, "is_senior_development": false, "total_population": "2,012" }, "geometry": { "type": "MultiPolygon", "coordinates": [ [ [ [ -73.904606860922328, 40.817273591610807 ], [ -73.904397638670702, 40.817230516837284 ], [ -73.904374002219882, 40.817296750417327 ], [ -73.904286825293553, 40.817278802314341 ], [ -73.904199650783795, 40.817260855047714 ], [ -73.904176374732813, 40.81732607402612 ], [ -73.903877768235219, 40.817264595270622 ], [ -73.904532820322558, 40.815429016442884 ], [ -73.905148019702452, 40.815554204360339 ], [ -73.905044394044538, 40.815869668667858 ], [ -73.904866971733256, 40.817745581475918 ], [ -73.904467754901248, 40.817663390810928 ], [ -73.904606860922328, 40.817273591610807 ] ] ], [ [ [ -73.905152276447282, 40.81779189675774 ], [ -73.905251875686034, 40.816694714717727 ], [ -73.905721286012152, 40.816795791300251 ], [ -73.905865495502937, 40.816427436447853 ], [ -73.905805999138707, 40.816276469011136 ], [ -73.905938481762036, 40.816248106142126 ], [ -73.905960445790413, 40.81624508668061 ], [ -73.905967164834166, 40.816241966534264 ], [ -73.9061622266657, 40.816200207300952 ], [ -73.905972323338602, 40.815718380150159 ], [ -73.907926978079914, 40.816122569086545 ], [ -73.907873768700071, 40.8162747610574 ], [ -73.905417886448618, 40.817708076948939 ], [ -73.905203443442119, 40.817802263935853 ], [ -73.905152276447282, 40.81779189675774 ] ] ] ] } },
{ "type": "Feature", "properties": { "name": "ALBANY", "borough": "BROOKLYN", "borough_primary": "BROOKLYN", "hvi_score_zcta": 5.0, "avg_monthly_rent_usd": 642.0, "is_senior_development": false, "total_population": "1,645" }, "geometry": { "type": "MultiPolygon", "coordinates": [ [ [ [ -73.936322235276492, 40.674360812766928 ], [ -73.93647448782967, 40.672800862273498 ], [ -73.938920095214328, 40.672930328168675 ], [ -73.938771081776039, 40.674496100895134 ], [ -73.936322235276492, 40.674360812766928 ] ] ] ] } },
{ "type": "Feature", "properties": { "name": "ALBANY II", "borough": "BROOKLYN", "borough_primary": "BROOKLYN", "hvi_score_zcta": 5.0, "avg_monthly_rent_usd": 603.0, "is_senior_development": false, "total_population": "841" }, "geometry": { "type": "MultiPolygon", "coordinates": [ [ [ [ -73.936322235276492, 40.674360812766928 ], [ -73.938771081776039, 40.674496100895134 ], [ -73.938688759832559, 40.675361064861278 ], [ -73.936237891230462, 40.675225664929236 ], [ -73.936322235276492, 40.674360812766928 ] ] ] ] } },
{ "type": "Feature", "properties": { "name": "AMSTERDAM", "borough": "MANHATTAN", "borough_primary": "MANHATTAN", "hvi_score_zcta": 1.0, "avg_monthly_rent_usd": 653.0, "is_senior_development": false, "total_population": "2,055" }, "geometry": { "type": "MultiPolygon", "coordinates": [ [ [ [ -73.987265791434737, 40.773633284295919 ], [ -73.986886852990281, 40.773473771743163 ], [ -73.986526184841978, 40.773965891853756 ], [ -73.985526519090016, 40.773545076410912 ], [ -73.986806902795664, 40.771798034626237 ], [ -73.987439301674087, 40.772064243582449 ], [ -73.987255676795627, 40.772314802798505 ], [ -73.987889309429647, 40.772581528089653 ], [ -73.988606360329001, 40.772883360669432 ], [ -73.988789979324068, 40.772632801123187 ], [ -73.989342729143246, 40.772865467897446 ], [ -73.988525944395832, 40.773980014804351 ], [ -73.987689477782951, 40.773629653587719 ], [ -73.987648368576203, 40.773560833660866 ], [ -73.987629243194917, 40.773535649947192 ], [ -73.987615215495907, 40.773519624892437 ], [ -73.98760400700111, 40.773509784792907 ], [ -73.987589532846215, 40.773499592243965 ], [ -73.98757518859108, 40.773491554610551 ], [ -73.987557464840805, 40.773483818278898 ], [ -73.987542626065462, 40.773478890024329 ], [ -73.98752898930492, 40.773475444125822 ], [ -73.987518064843826, 40.773473373587329 ], [ -73.987508376889721, 40.773472022683642 ], [ -73.987497390633763, 40.77347102193395 ], [ -73.98748337545581, 40.773470549449321 ], [ -73.98747134894424, 40.773470855213759 ], [ -73.987452568004699, 40.773472658678386 ], [ -73.987433697902816, 40.773476169483708 ], [ -73.98741909435995, 40.773480149913787 ], [ -73.987403997784114, 40.773485555784227 ], [ -73.987390182696515, 40.773491821773113 ], [ -73.987380710278615, 40.773496968911033 ], [ -73.987371835964197, 40.773502532145962 ], [ -73.987363947153682, 40.773508189140593 ], [ -73.987358277162258, 40.773512745063151 ], [ -73.987349879805848, 40.773520419127451 ], [ -73.987344382522025, 40.773526188946164 ], [ -73.987341394406712, 40.773530123815419 ], [ -73.987265791434737, 40.773633284295919 ] ] ] ] } },
{ "type": "Feature", "properties": { "name": "AMSTERDAM ADDITION", "borough": "MANHATTAN", "borough_primary": "MANHATTAN", "hvi_score_zcta": 1.0, "avg_monthly_rent_usd": 599.0, "is_senior_development": false, "total_population": "313" }, "geometry": { "type": "MultiPolygon", "coordinates": [ [ [ [ -73.986525783542021, 40.774731533464724 ], [ -73.986854902960829, 40.774277429944078 ], [ -73.987330259591076, 40.774478032357834 ], [ -73.987220236431725, 40.774629833260121 ], [ -73.98745646406266, 40.774729511548543 ], [ -73.987237362503834, 40.775031827661095 ], [ -73.986525783542021, 40.774731533464724 ] ] ] ] } },
{ "type": "Feature", "properties": { "name": "ASTORIA", "borough": "QUEENS", "borough_primary": "QUEENS", "hvi_score_zcta": 3.0, "avg_monthly_rent_usd": 726.0, "is_senior_development": false, "total_population": "2,601" }, "geometry": { "type": "MultiPolygon", "coordinates": [ [ [ [ -73.932007633939364, 40.774145621435629 ], [ -73.932754029227496, 40.772828381143924 ], [ -73.934173621952937, 40.773256204181756 ], [ -73.934262144738852, 40.773086861971862 ], [ -73.933730129018372, 40.772927326644691 ], [ -73.932952701870292, 40.77268786533191 ], [ -73.932929844390799, 40.772680825402631 ], [ -73.932920518636138, 40.772676240014313 ], [ -73.932910465092846, 40.772669800965993 ], [ -73.93290165388018, 40.772662405405228 ], [ -73.932895248104458, 40.77265530841089 ], [ -73.932888910281349, 40.772646604957842 ], [ -73.93288497318791, 40.772638168551374 ], [ -73.932883153861184, 40.772628689695175 ], [ -73.932883084022563, 40.772613363989748 ], [ -73.932885459862717, 40.772604240574303 ], [ -73.932890202730675, 40.772594736724052 ], [ -73.932983319523231, 40.772406080558007 ], [ -73.932999939897172, 40.772377224591189 ], [ -73.933024934199381, 40.772333544902345 ], [ -73.933043060115793, 40.772309324694596 ], [ -73.933053715165101, 40.77229708944423 ], [ -73.933077274331808, 40.772272905706359 ], [ -73.934262661269045, 40.772623598397189 ], [ -73.934670466972975, 40.771849709091967 ], [ -73.93663162357754, 40.772419953936875 ], [ -73.936678140041295, 40.772435098058502 ], [ -73.93673047854044, 40.772453797843554 ], [ -73.936780074200286, 40.772474524933713 ], [ -73.936829998710664, 40.772496999158946 ], [ -73.936870819313611, 40.772518045579979 ], [ -73.936919633499343, 40.77254355475413 ], [ -73.936968474064329, 40.772571268353921 ], [ -73.937009085047123, 40.77259612644098 ], [ -73.937054866137359, 40.772626312013593 ], [ -73.937094990440798, 40.772654839354857 ], [ -73.937140246101976, 40.772689606366683 ], [ -73.937185698899029, 40.772727653100482 ], [ -73.93722927021723, 40.772767517807758 ], [ -73.937263298940408, 40.772801338528488 ], [ -73.937296312239368, 40.772836770587169 ], [ -73.937330865561378, 40.7728771076141 ], [ -73.937363337775892, 40.772918661879821 ], [ -73.937390997569096, 40.772957466086226 ], [ -73.937413752516733, 40.772992281994803 ], [ -73.937435139771594, 40.77302793552434 ], [ -73.937454143570207, 40.773062577391414 ], [ -73.937474632393432, 40.773103929710082 ], [ -73.937493206195157, 40.773146206703018 ], [ -73.937508711731141, 40.773186373950914 ], [ -73.937525867272058, 40.773236692562342 ], [ -73.937539733731327, 40.773280374480926 ], [ -73.937550612427813, 40.773316927296307 ], [ -73.937561883144042, 40.773357343481088 ], [ -73.937573263011487, 40.773401377945234 ], [ -73.937586962752405, 40.773459976600321 ], [ -73.937596147901388, 40.77350383067256 ], [ -73.937603990924146, 40.773545234648573 ], [ -73.937610808264793, 40.773585260298667 ], [ -73.93761649925365, 40.77362262525223 ], [ -73.937621530563518, 40.773659888091395 ], [ -73.937626865156446, 40.773705962516722 ], [ -73.937630976508984, 40.77374911324646 ], [ -73.937634150902426, 40.773791001863891 ], [ -73.937636951546381, 40.7738424139987 ], [ -73.937638416009193, 40.773887539898901 ], [ -73.937638944936651, 40.773929877335043 ], [ -73.936974004486558, 40.773976824374145 ], [ -73.936938526580619, 40.773979329073249 ], [ -73.936927742399874, 40.773967039408831 ], [ -73.936911180678436, 40.773950367434161 ], [ -73.936910026861938, 40.773949205153585 ], [ -73.936890781228556, 40.773932294873973 ], [ -73.936870089496281, 40.773916420277843 ], [ -73.93684803572873, 40.77390162103277 ], [ -73.93682474658867, 40.773887983655293 ], [ -73.936812662135537, 40.773881614074753 ], [ -73.936800291920065, 40.773875553208619 ], [ -73.936787671460877, 40.773869819086499 ], [ -73.936506388021385, 40.77378441200829 ], [ -73.936403442107888, 40.773753153705023 ], [ -73.936372806924965, 40.77374421100621 ], [ -73.935819219567335, 40.773579176761679 ], [ -73.935738873406834, 40.773738616478511 ], [ -73.936667201087204, 40.77402941122093 ], [ -73.93669154515446, 40.77403859982401 ], [ -73.936714196244012, 40.774051829850094 ], [ -73.936732954345118, 40.774068207693915 ], [ -73.936747073818097, 40.774087084585709 ], [ -73.936755996269255, 40.774107713703692 ], [ -73.936759370665499, 40.774129277199613 ], [ -73.936757060404759, 40.774150922223008 ], [ -73.936749291603419, 40.774171532273392 ], [ -73.936075304856999, 40.775459151457198 ], [ -73.935425025093451, 40.775249176122017 ], [ -73.935146145552125, 40.775159124998211 ], [ -73.934688645668317, 40.775011393939039 ], [ -73.933915751815803, 40.774761813827929 ], [ -73.934007504776872, 40.774597606535977 ], [ -73.933296361339529, 40.774367960591626 ], [ -73.933204605728392, 40.774532167247713 ], [ -73.932007633939364, 40.774145621435629 ] ] ] ] } },
{ "type": "Feature", "properties": { "name": "ATLANTIC TERMINAL SITE 4B", "borough": "BROOKLYN", "borough_primary": "BROOKLYN", "hvi_score_zcta": 2.0, "avg_monthly_rent_usd": 657.0, "is_senior_development": false, "total_population": "478" }, "geometry": { "type": "MultiPolygon", "coordinates": [ [ [ [ -73.969674610247822, 40.682796880299293 ], [ -73.969592483698406, 40.682383003953461 ], [ -73.970618161127959, 40.682597666629803 ], [ -73.970760848572567, 40.683314518475399 ], [ -73.969801644222457, 40.683437050424871 ], [ -73.969795785563704, 40.683407530037691 ], [ -73.969782859712382, 40.683342394265864 ], [ -73.969728465669519, 40.683068280604701 ], [ -73.969715001773082, 40.683000430531592 ], [ -73.969674610247822, 40.682796880299293 ] ] ] ] } },
{ "type": "Feature", "properties": { "name": "BAISLEY PARK", "borough": "QUEENS", "borough_primary": "QUEENS", "hvi_score_zcta": 5.0, "avg_monthly_rent_usd": 694.0, "is_senior_development": false, "total_population": "884" }, "geometry": { "type": "MultiPolygon", "coordinates": [ [ [ [ -73.782276218771699, 40.684612801274902 ], [ -73.782943170272745, 40.684431505849055 ], [ -73.783495579870674, 40.685362197496801 ], [ -73.782485171450958, 40.685703542778207 ], [ -73.781280869027995, 40.68495254716732 ], [ -73.782276218771699, 40.684612801274902 ] ] ], [ [ [ -73.784415589867507, 40.686383732622723 ], [ -73.783209953586649, 40.684338772885816 ], [ -73.783880030031554, 40.684111796513605 ], [ -73.78431801978661, 40.684854702490924 ], [ -73.784056489858656, 40.684943291992994 ], [ -73.784113772109563, 40.685040452643797 ], [ -73.784147039726733, 40.685095097159696 ], [ -73.784172383848656, 40.685134423427037 ], [ -73.784198687384716, 40.685173382276027 ], [ -73.784225940910858, 40.685211961981658 ], [ -73.784254135013654, 40.685250147216813 ], [ -73.784283259089378, 40.685287925353691 ], [ -73.784313302529114, 40.685325284665005 ], [ -73.784344257100756, 40.685362210726446 ], [ -73.784376108653035, 40.6853986900026 ], [ -73.784408851306949, 40.685434711676152 ], [ -73.784442469731147, 40.68547026130895 ], [ -73.784459603123366, 40.685488025472139 ], [ -73.784477516370657, 40.685505339034442 ], [ -73.784496190621709, 40.68552217854608 ], [ -73.784515604636027, 40.685538527758098 ], [ -73.784535733632623, 40.685554367712768 ], [ -73.784556556382427, 40.685569678558494 ], [ -73.78457804927892, 40.685584444041481 ], [ -73.784590519785652, 40.685590031677542 ], [ -73.784603588079818, 40.685594766741637 ], [ -73.784617149002983, 40.68559861031428 ], [ -73.784631100910289, 40.685601534289624 ], [ -73.7846453362272, 40.685603515052058 ], [ -73.784659744982775, 40.685604538888654 ], [ -73.784674216009222, 40.685604595685206 ], [ -73.784688638100107, 40.685603687935085 ], [ -73.784702898861525, 40.685601819030467 ], [ -73.784803911653896, 40.685579271739613 ], [ -73.784815793839655, 40.685576920198592 ], [ -73.784829767254763, 40.685574646408931 ], [ -73.784846693084674, 40.685573554212404 ], [ -73.784861160732447, 40.685575022988871 ], [ -73.784875124667053, 40.685578254033032 ], [ -73.784888218446596, 40.685583162011547 ], [ -73.784900098246098, 40.685589617508036 ], [ -73.78493763753545, 40.685612640936299 ], [ -73.785358892600144, 40.685870993167505 ], [ -73.784662368518298, 40.686535079801871 ], [ -73.784415589867507, 40.686383732622723 ] ] ] ] } },
{ "type": "Feature", "properties": { "name": "BARUCH", "borough": "MANHATTAN", "borough_primary": "MANHATTAN", "hvi_score_zcta": null, "avg_monthly_rent_usd": 619.0, "is_senior_development": false, "total_population": "4,255" }, "geometry": { "type": "MultiPolygon", "coordinates": [ ] } },
{ "type": "Feature", "properties": { "name": "BARUCH HOUSES ADDITION", "borough": "MANHATTAN", "borough_primary": "MANHATTAN", "hvi_score_zcta": 3.0, "avg_monthly_rent_usd": 383.0, "is_senior_development": true, "total_population": "218" }, "geometry": { "type": "MultiPolygon", "coordinates": [ [ [ [ -73.97944703507936, 40.71718769679849 ], [ -73.979430918361842, 40.717186041512498 ], [ -73.979411494512888, 40.717185676035449 ], [ -73.979391064085775, 40.717187201446158 ], [ -73.979379153742158, 40.717189018343824 ], [ -73.979368940471545, 40.717191148921906 ], [ -73.979357119656513, 40.717194315697945 ], [ -73.979346844444862, 40.717197724987329 ], [ -73.979339960256866, 40.717200381157419 ], [ -73.979330909808809, 40.717204371494091 ], [ -73.979318695059376, 40.717210762922086 ], [ -73.979305200207548, 40.717219448618351 ], [ -73.979295360375673, 40.717227150712908 ], [ -73.979283564232432, 40.717238486913267 ], [ -73.979278335917186, 40.717244528394971 ], [ -73.979272650278787, 40.717252120472452 ], [ -73.979267775314753, 40.717259834264524 ], [ -73.979248950489819, 40.717303806418201 ], [ -73.979248261468641, 40.717303692282343 ], [ -73.978830964507338, 40.717176599872523 ], [ -73.97901745593073, 40.716822105884603 ], [ -73.979083214027128, 40.716842133346795 ], [ -73.979551874478929, 40.71698486839211 ], [ -73.97944703507936, 40.71718769679849 ] ] ] ] } },
{ "type": "Feature", "properties": { "name": "BEACH 41ST STREET-BEACH CHANNEL DRIVE", "borough": "QUEENS", "borough_primary": "QUEENS", "hvi_score_zcta": null, "avg_monthly_rent_usd": 623.0, "is_senior_development": false, "total_population": "1,454" }, "geometry": { "type": "MultiPolygon", "coordinates": [ [ [ [ -73.773538129433717, 40.598160203079942 ], [ -73.77348435676943, 40.598155826811286 ], [ -73.773475391063499, 40.598155809138895 ], [ -73.773466426538931, 40.598155791468152 ], [ -73.773421588244034, 40.598159973364609 ], [ -73.773409261431198, 40.598159949060211 ], [ -73.773392936856027, 40.598155007206849 ], [ -73.773384652469588, 40.598147088760079 ], [ -73.773371651275809, 40.598125423495134 ], [ -73.773341071608897, 40.598111127680092 ], [ -73.773299658243417, 40.598096524118922 ], [ -73.773289582451781, 40.598093942247239 ], [ -73.773278381425456, 40.598092211852816 ], [ -73.773236930370274, 40.598088713474532 ], [ -73.773221252345166, 40.59808612234329 ], [ -73.773213414793261, 40.598084396778837 ], [ -73.773203902161868, 40.598080535463858 ], [ -73.773195513592469, 40.598075820867336 ], [ -73.773189928776759, 40.59807068315358 ], [ -73.773184345674252, 40.598064693545993 ], [ -73.773174307614369, 40.598051007359196 ], [ -73.773166508320131, 40.598037326490875 ], [ -73.773152057666096, 40.59800313022965 ], [ -73.773143141316666, 40.597988591655451 ], [ -73.773103004243225, 40.597928719325836 ], [ -73.773070921880972, 40.597888725777842 ], [ -73.773059467221358, 40.597879946448373 ], [ -73.773050516067016, 40.597875658479708 ], [ -73.77304044440757, 40.597872221094995 ], [ -73.773029246321073, 40.597869638784879 ], [ -73.773016924187885, 40.597867906150682 ], [ -73.773005719762054, 40.59786788401977 ], [ -73.772994514154902, 40.597867861885433 ], [ -73.772968722066679, 40.59787293402384 ], [ -73.772912646362826, 40.597886490504266 ], [ -73.772887975400934, 40.59789156844213 ], [ -73.772815106377124, 40.59790081779169 ], [ -73.772769902250218, 40.597904224258677 ], [ -73.772737766704125, 40.597906645262533 ], [ -73.772713114353991, 40.597906596508047 ], [ -73.772686225515841, 40.59790483502762 ], [ -73.772603342336041, 40.597892713875567 ], [ -73.772575339360344, 40.597889240066685 ], [ -73.772550689921729, 40.597888338485461 ], [ -73.772528275795608, 40.597889146918838 ], [ -73.772485681645946, 40.597892480994993 ], [ -73.772353401207624, 40.597906738206866 ], [ -73.772240195963306, 40.597915056285665 ], [ -73.772155006429074, 40.597921720604297 ], [ -73.772113542142506, 40.59792249298652 ], [ -73.772036234471543, 40.59791892126416 ], [ -73.772005981633967, 40.597918007550128 ], [ -73.77197571886353, 40.597919656704128 ], [ -73.771948813716989, 40.597923019909345 ], [ -73.77190508204518, 40.59793147460266 ], [ -73.771794058824284, 40.597956023142203 ], [ -73.771712207542805, 40.597970383348922 ], [ -73.771676322076161, 40.59797799984328 ], [ -73.771647154138137, 40.597987337071231 ], [ -73.771615730453874, 40.598000941901802 ], [ -73.771585420327668, 40.598017110932034 ], [ -73.771527035874598, 40.598050307112011 ], [ -73.771452933052146, 40.59809201168683 ], [ -73.771409138046295, 40.598119260032973 ], [ -73.771301305743464, 40.598193357755044 ], [ -73.771191233247848, 40.598267450915728 ], [ -73.771180002412706, 40.598275115439932 ], [ -73.771166532744303, 40.598281069009431 ], [ -73.771151949572712, 40.598286164860497 ], [ -73.771137366968546, 40.598290405211714 ], [ -73.771121669053372, 40.598292936844011 ], [ -73.771104852905054, 40.598294612548621 ], [ -73.771103850880479, 40.598294665484907 ], [ -73.771075174307882, 40.598040708799111 ], [ -73.771263594631947, 40.598063427823853 ], [ -73.77086453293964, 40.596115913501542 ], [ -73.772234322174171, 40.59595127750611 ], [ -73.772447626054571, 40.596968275536106 ], [ -73.772436772173634, 40.596983300024903 ], [ -73.772427322504811, 40.597000539884661 ], [ -73.772420118246544, 40.597019635671082 ], [ -73.772415799245522, 40.597040378829142 ], [ -73.772414863860689, 40.597059013353274 ], [ -73.772417571131996, 40.597082380149033 ], [ -73.772421493482398, 40.597096905289419 ], [ -73.772432797017842, 40.597122231541647 ], [ -73.772443505019481, 40.59713857927423 ], [ -73.772458423657824, 40.597155929522998 ], [ -73.772474682743407, 40.597170637580355 ], [ -73.772492798850507, 40.597183654522603 ], [ -73.772498684669316, 40.597211713943651 ], [ -73.77262477670223, 40.59719607192131 ], [ -73.772709752811579, 40.597185530971956 ], [ -73.772704869574582, 40.597160694724664 ], [ -73.772720074069198, 40.597144759378843 ], [ -73.772732746684738, 40.597127128737306 ], [ -73.772744291585013, 40.597103442531626 ], [ -73.772750398662922, 40.597080404756284 ], [ -73.772751713844428, 40.597053244804684 ], [ -73.77274856203347, 40.59703271919647 ], [ -73.772740278162544, 40.597009092835499 ], [ -73.772731299687933, 40.596992740446375 ], [ -73.772714201753161, 40.59697075722098 ], [ -73.772697455833494, 40.596955036043589 ], [ -73.772679600872166, 40.596942008843435 ], [ -73.772659622105451, 40.596930618196751 ], [ -73.77246401163076, 40.595935956214873 ], [ -73.774342080128875, 40.595863341725945 ], [ -73.774344700810758, 40.595885948263984 ], [ -73.774351350597229, 40.595943332908305 ], [ -73.77435445794103, 40.595970155762039 ], [ -73.774357526310993, 40.595996626433568 ], [ -73.774363963748698, 40.596052180791396 ], [ -73.77437174999514, 40.596119372587594 ], [ -73.77437967175824, 40.596187719122845 ], [ -73.77438996046898, 40.596276510433526 ], [ -73.774402233989576, 40.596382418326435 ], [ -73.774412082026274, 40.596467386037261 ], [ -73.774421533977986, 40.596548958888178 ], [ -73.774427818861867, 40.596603191868937 ], [ -73.774434386152834, 40.596659859523783 ], [ -73.774447171775847, 40.596770189993372 ], [ -73.774453301728585, 40.596823086287422 ], [ -73.774460047012568, 40.596881283381258 ], [ -73.774465877370517, 40.596931595478246 ], [ -73.774472314994952, 40.596987148023985 ], [ -73.774478757249085, 40.597042732096462 ], [ -73.774485083557835, 40.597097319959609 ], [ -73.774498381331327, 40.597212068501079 ], [ -73.774504605505328, 40.597265774547196 ], [ -73.774510395755229, 40.597315738958464 ], [ -73.774522911874683, 40.597423737422851 ], [ -73.774536106484348, 40.597537587929715 ], [ -73.774542591282326, 40.597593549399107 ], [ -73.774555276258255, 40.597703003437196 ], [ -73.774567747728028, 40.597810622683475 ], [ -73.774580347846126, 40.597919340820624 ], [ -73.774586903922653, 40.597975907578203 ], [ -73.774593874407728, 40.598036056537616 ], [ -73.774619048412163, 40.598253276620895 ], [ -73.774631640658825, 40.598361926291915 ], [ -73.774640526108783, 40.598438585631712 ], [ -73.774650971653998, 40.598528719889188 ], [ -73.774660916702388, 40.59861453514447 ], [ -73.774669978952275, 40.598692737426624 ], [ -73.774678898908675, 40.598769700305454 ], [ -73.774688868154982, 40.598855718221742 ], [ -73.774692231806497, 40.598884740643619 ], [ -73.774719882708595, 40.599123327803483 ], [ -73.774650462532222, 40.599126582176723 ], [ -73.774280981260446, 40.599025896054528 ], [ -73.77422363324159, 40.599014413369211 ], [ -73.774221923121274, 40.599003756794666 ], [ -73.774212140413297, 40.598996905289056 ], [ -73.774204301547542, 40.598995179790101 ], [ -73.774178542066721, 40.598990858884171 ], [ -73.774166227837597, 40.598987418092882 ], [ -73.774156905062242, 40.598982559448309 ], [ -73.774151704229965, 40.598974577777149 ], [ -73.774149483297151, 40.598968593924091 ], [ -73.774145065071068, 40.598948939379845 ], [ -73.774142847024407, 40.598942102734924 ], [ -73.774138394787002, 40.598933551601171 ], [ -73.774120520956515, 40.598916433505359 ], [ -73.774102644903508, 40.598901022798209 ], [ -73.774056813339371, 40.598867619564636 ], [ -73.774008727915728, 40.59883763027478 ], [ -73.773955037356359, 40.598808482737233 ], [ -73.773944970108815, 40.598803338045037 ], [ -73.773932657638426, 40.598799042633281 ], [ -73.773878920864107, 40.59878356044166 ], [ -73.773867728380935, 40.598779269027688 ], [ -73.773858779420024, 40.598774980226459 ], [ -73.773836414191337, 40.598761269841106 ], [ -73.773827471550334, 40.598754419055133 ], [ -73.773814056472162, 40.598744996570609 ], [ -73.773792828606588, 40.598726164425784 ], [ -73.773772731792548, 40.598704768906416 ], [ -73.773744832602631, 40.598670548949393 ], [ -73.773725922907801, 40.598628657099354 ], [ -73.773712097652719, 40.598409107898256 ], [ -73.773709942826031, 40.598384332902533 ], [ -73.773701185521091, 40.598322816976172 ], [ -73.773701211576579, 40.598315129241861 ], [ -73.773703484557899, 40.598305737635492 ], [ -73.773715941660569, 40.598267325037995 ], [ -73.773718212920684, 40.598258788927097 ], [ -73.773719356057413, 40.598251957090369 ], [ -73.773718825549238, 40.598242559963573 ], [ -73.773714929322765, 40.598234864506146 ], [ -73.773707667376868, 40.598228871618232 ], [ -73.773684731330761, 40.598217721172446 ], [ -73.773632137683023, 40.598196264327228 ], [ -73.773568362124053, 40.598167095839614 ], [ -73.773558289206761, 40.598163660299114 ], [ -73.773538129433717, 40.598160203079942 ] ] ] ] } },
{ "type": "Feature", "properties": { "name": "BERRY", "borough": "STATEN ISLAND", "borough_primary": "STATEN ISLAND", "hvi_score_zcta": 1.0, "avg_monthly_rent_usd": 627.0, "is_senior_development": false, "total_population": "864" }, "geometry": { "type": "MultiPolygon", "coordinates": [ [ [ [ -74.101586638787069, 40.585607574501907 ], [ -74.101595719560549, 40.585607428692668 ], [ -74.101606155999278, 40.585607834605717 ], [ -74.101616191864082, 40.585608918066185 ], [ -74.101625418209125, 40.585611288190293 ], [ -74.101634357610934, 40.585614490651643 ], [ -74.101643370301105, 40.585618504419791 ], [ -74.10376103727377, 40.587081511176883 ], [ -74.102621291569363, 40.588094568811499 ], [ -74.102055069593874, 40.588578046593447 ], [ -74.100366617440002, 40.587710757014577 ], [ -74.100579087067217, 40.587469048004898 ], [ -74.100603308853934, 40.587437426513908 ], [ -74.10063561976537, 40.587398056128727 ], [ -74.100665306468215, 40.587359020326772 ], [ -74.100696336996066, 40.58731817238553 ], [ -74.100723400972583, 40.587280473443208 ], [ -74.100744461531491, 40.587250320745873 ], [ -74.100768461220667, 40.587210956708915 ], [ -74.100784294622954, 40.587182222410746 ], [ -74.100807227618233, 40.587134246689672 ], [ -74.10151773735744, 40.585636190119047 ], [ -74.101528287408556, 40.585627413294411 ], [ -74.101540208886746, 40.5856194574353 ], [ -74.101548391178028, 40.585615692316829 ], [ -74.101559446785728, 40.585611585160571 ], [ -74.10156810756358, 40.585609443262754 ], [ -74.101577603846636, 40.585608343432632 ], [ -74.101586638787069, 40.585607574501907 ] ] ] ] } },
{ "type": "Feature", "properties": { "name": "BLAND", "borough": "QUEENS", "borough_primary": "QUEENS", "hvi_score_zcta": 4.0, "avg_monthly_rent_usd": 696.0, "is_senior_development": false, "total_population": "730" }, "geometry": { "type": "MultiPolygon", "coordinates": [ [ [ [ -73.831592462543867, 40.758259575661654 ], [ -73.831434437755163, 40.758007003685975 ], [ -73.832100758357342, 40.757767742314442 ], [ -73.832236827713373, 40.757716183035193 ], [ -73.832415527662477, 40.757636217003935 ], [ -73.832561857252514, 40.757565152884609 ], [ -73.832704953126324, 40.757494730446787 ], [ -73.832834222195217, 40.757427343186365 ], [ -73.833047550522153, 40.757304223711451 ], [ -73.833220354747525, 40.757197179555547 ], [ -73.833330822418077, 40.757130500228591 ], [ -73.833438166661992, 40.75706728953368 ], [ -73.833526405676025, 40.757013009370937 ], [ -73.833613353718818, 40.756960631847363 ], [ -73.833695045411517, 40.756908495209551 ], [ -73.83405847209356, 40.75808993015864 ], [ -73.834028269660436, 40.75810866040873 ], [ -73.83397598360483, 40.758135340915807 ], [ -73.833911286746911, 40.758165265141081 ], [ -73.833819505395724, 40.758203489853095 ], [ -73.833745508342275, 40.75823013983463 ], [ -73.833659812298663, 40.758259035849456 ], [ -73.831937662508736, 40.758811298734273 ], [ -73.831592462543867, 40.758259575661654 ] ] ] ] } },
{ "type": "Feature", "properties": { "name": "BORINQUEN PLAZA I", "borough": "BROOKLYN", "borough_primary": "BROOKLYN", "hvi_score_zcta": 4.0, "avg_monthly_rent_usd": 636.0, "is_senior_development": true, "total_population": "1,016" }, "geometry": { "type": "MultiPolygon", "coordinates": [ [ [ [ -73.943844305785333, 40.702997540915334 ], [ -73.94408889433447, 40.702974163827065 ], [ -73.944181457265429, 40.703541711345878 ], [ -73.943936766644143, 40.703564426704176 ], [ -73.94310617887254, 40.703641532513828 ], [ -73.943083708842309, 40.703503752095408 ], [ -73.943071874116711, 40.703431191100734 ], [ -73.94305991464401, 40.70335786370655 ], [ -73.943049742058236, 40.703295482916815 ], [ -73.943038291148397, 40.703225268840427 ], [ -73.943014089869266, 40.703076885817239 ], [ -73.943844305785333, 40.702997540915334 ] ] ], [ [ [ -73.943936396215634, 40.70371786473747 ], [ -73.944206356261475, 40.70369248801201 ], [ -73.944298149610646, 40.704244544406649 ], [ -73.944029374891258, 40.704270515360292 ], [ -73.94333854966203, 40.704337264594514 ], [ -73.943216936074833, 40.70434901577724 ], [ -73.943180953357825, 40.704135125571788 ], [ -73.943170113727604, 40.704070696706026 ], [ -73.943265690916235, 40.704061713522869 ], [ -73.943219186447664, 40.703785280289502 ], [ -73.943558837350594, 40.703753354897557 ], [ -73.943936396215634, 40.70371786473747 ] ] ], [ [ [ -73.941251607683441, 40.705256362145676 ], [ -73.941161218474846, 40.70469694781935 ], [ -73.941409642126303, 40.704673632417098 ], [ -73.942011067961204, 40.704617185829775 ], [ -73.94215601022799, 40.70460358178665 ], [ -73.942201007312804, 40.704886339859335 ], [ -73.942286369527039, 40.704878297897103 ], [ -73.942296633288706, 40.704942795890517 ], [ -73.94238524754968, 40.704934447510354 ], [ -73.942418975624165, 40.705146390809809 ], [ -73.942334816605779, 40.705154319107841 ], [ -73.942357944195081, 40.70530368775686 ], [ -73.94239029284725, 40.705512635262039 ], [ -73.942401266019814, 40.705583510118586 ], [ -73.942411609659416, 40.705650312544982 ], [ -73.94243333606039, 40.705790646535554 ], [ -73.942444878885127, 40.705865189454201 ], [ -73.941953788718962, 40.705911453379038 ], [ -73.941366399365066, 40.705966786577889 ], [ -73.941275728129895, 40.705405636964528 ], [ -73.941251607683441, 40.705256362145676 ] ] ] ] } },
{ "type": "Feature", "properties": { "name": "BORINQUEN PLAZA II", "borough": "BROOKLYN", "borough_primary": "BROOKLYN", "hvi_score_zcta": 4.0, "avg_monthly_rent_usd": 701.0, "is_senior_development": false, "total_population": "971" }, "geometry": { "type": "MultiPolygon", "coordinates": [ [ [ [ -73.940631153540991, 40.7047522894484 ], [ -73.940956484644701, 40.704721416147351 ], [ -73.941060344899427, 40.70535092975858 ], [ -73.941163737492815, 40.705977583860232 ], [ -73.940536390990616, 40.706039306737054 ], [ -73.940078530623467, 40.706084352425968 ], [ -73.939719755961335, 40.706119647958239 ], [ -73.939615744775466, 40.70549305437509 ], [ -73.93951042562631, 40.704858638113571 ], [ -73.939754882738455, 40.704835442164935 ], [ -73.940631153540991, 40.7047522894484 ] ] ] ] } },
{ "type": "Feature", "properties": { "name": "BOYNTON AVENUE REHAB", "borough": "BRONX", "borough_primary": "BRONX", "hvi_score_zcta": 4.0, "avg_monthly_rent_usd": 504.0, "is_senior_development": false, "total_population": "165" }, "geometry": { "type": "MultiPolygon", "coordinates": [ [ [ [ -73.876969490503214, 40.825302607790455 ], [ -73.877330344544816, 40.825253994413103 ], [ -73.877361008085501, 40.825385406742541 ], [ -73.87739139653344, 40.825515635516325 ], [ -73.87742321765954, 40.825652009888387 ], [ -73.877061986435905, 40.825702171106407 ], [ -73.87704631419102, 40.825634466792309 ], [ -73.877030409106297, 40.825565762676362 ], [ -73.877015292015912, 40.825500461472714 ], [ -73.877000253752755, 40.825435499837553 ], [ -73.876984515769692, 40.825367513586393 ], [ -73.876969490503214, 40.825302607790455 ] ] ], [ [ [ -73.877634665831636, 40.825630607235553 ], [ -73.877996882335168, 40.825579904067894 ], [ -73.878094603650624, 40.826003814272539 ], [ -73.877734708136146, 40.826051443211213 ], [ -73.877634665831636, 40.825630607235553 ] ] ] ] } },
{ "type": "Feature", "properties": { "name": "BRACETTI PLAZA", "borough": "MANHATTAN", "borough_primary": "MANHATTAN", "hvi_score_zcta": 2.0, "avg_monthly_rent_usd": 654.0, "is_senior_development": false, "total_population": "228" }, "geometry": { "type": "MultiPolygon", "coordinates": [ [ [ [ -73.980630078414706, 40.722393778632267 ], [ -73.980707815890483, 40.722287301037696 ], [ -73.980807032287132, 40.722151402824366 ], [ -73.980517900195224, 40.722029306411386 ], [ -73.980688324550471, 40.721795789782277 ], [ -73.981517245009982, 40.72214532261949 ], [ -73.981343094034258, 40.722383949351027 ], [ -73.981423607031303, 40.722417898067953 ], [ -73.981250332407569, 40.722655323512434 ], [ -73.980630078414706, 40.722393778632267 ] ] ] ] } },
{ "type": "Feature", "properties": { "name": "BREUKELEN", "borough": "BROOKLYN", "borough_primary": "BROOKLYN", "hvi_score_zcta": 5.0, "avg_monthly_rent_usd": 667.0, "is_senior_development": false, "total_population": "3,169" }, "geometry": { "type": "MultiPolygon", "coordinates": [ [ [ [ -73.894905024028972, 40.647566171036559 ], [ -73.896171770694593, 40.646748058778734 ], [ -73.897621091943023, 40.648049659860781 ], [ -73.896351728509927, 40.648866566308875 ], [ -73.894905024028972, 40.647566171036559 ] ] ], [ [ [ -73.892754232800655, 40.648947778835279 ], [ -73.894702344648209, 40.64769114149523 ], [ -73.896158413000791, 40.648999888355029 ], [ -73.894209254279872, 40.650256030522236 ], [ -73.892754232800655, 40.648947778835279 ] ] ], [ [ [ -73.891456583096939, 40.650036715353863 ], [ -73.892564311853448, 40.649068323258632 ], [ -73.894030070272876, 40.650383248357628 ], [ -73.892756519570867, 40.651205804207613 ], [ -73.891456583096939, 40.650036715353863 ] ] ], [ [ [ -73.894391087892288, 40.650418940173992 ], [ -73.896336371773643, 40.649163905395511 ], [ -73.897809895934316, 40.650484600280485 ], [ -73.895863925115961, 40.651741827629451 ], [ -73.894391087892288, 40.650418940173992 ] ] ], [ [ [ -73.890213366500376, 40.651152325535179 ], [ -73.891268207758927, 40.650203791562667 ], [ -73.892542137563282, 40.65134396600633 ], [ -73.89199290476158, 40.651692731873339 ], [ -73.89192368907554, 40.651738884140073 ], [ -73.891888613411822, 40.651764248484398 ], [ -73.891864691353589, 40.651782797378701 ], [ -73.891832295501203, 40.651810694681075 ], [ -73.891380063431313, 40.652201086989066 ], [ -73.890213366500376, 40.651152325535179 ] ] ], [ [ [ -73.892928411323481, 40.65136334610029 ], [ -73.89420610787775, 40.650541736818049 ], [ -73.897412877885003, 40.653421346426192 ], [ -73.895262253210802, 40.654346157048373 ], [ -73.893311720637129, 40.651717239380602 ], [ -73.893296484105008, 40.651699147346818 ], [ -73.893285899198915, 40.651687576675805 ], [ -73.893277907838169, 40.651680049935635 ], [ -73.892928411323481, 40.65136334610029 ] ] ], [ [ [ -73.893622579566014, 40.655057393089209 ], [ -73.891777713005183, 40.652565033364773 ], [ -73.891771000299741, 40.652555776928004 ], [ -73.891759502450313, 40.652542190799807 ], [ -73.891752308041376, 40.652534688117576 ], [ -73.891739268743663, 40.652522336047163 ], [ -73.891565580350061, 40.652367244615569 ], [ -73.892045261291258, 40.651948228273199 ], [ -73.892085794058616, 40.651913082172058 ], [ -73.892123791889546, 40.651882264270093 ], [ -73.892146090056102, 40.651867662570922 ], [ -73.892715224563815, 40.651500016273388 ], [ -73.89305880216493, 40.651812850225021 ], [ -73.893073805299821, 40.65182678618249 ], [ -73.893084339320438, 40.651839850784825 ], [ -73.893101630813888, 40.651862346488706 ], [ -73.894421006629898, 40.653640841725675 ], [ -73.89372584096904, 40.653945847145906 ], [ -73.894315403095888, 40.654736711757835 ], [ -73.895011478333345, 40.654435784773511 ], [ -73.895023372985392, 40.654451811337829 ], [ -73.893622579566014, 40.655057393089209 ] ] ] ] } },
{ "type": "Feature", "properties": { "name": "BREVOORT", "borough": "BROOKLYN", "borough_primary": "BROOKLYN", "hvi_score_zcta": 5.0, "avg_monthly_rent_usd": 671.0, "is_senior_development": false, "total_population": "1,737" }, "geometry": { "type": "MultiPolygon", "coordinates": [ [ [ [ -73.922185872687479, 40.67909019738638 ], [ -73.922533101219784, 40.679049070143336 ], [ -73.9251287983802, 40.679191810881086 ], [ -73.925579842492041, 40.681458624978482 ], [ -73.92272631174886, 40.681772785900655 ], [ -73.922185872687479, 40.67909019738638 ] ] ] ] } },
{ "type": "Feature", "properties": { "name": "BRONX RIVER", "borough": "BRONX", "borough_primary": "BRONX", "hvi_score_zcta": 4.0, "avg_monthly_rent_usd": 539.0, "is_senior_development": false, "total_population": "2,746" }, "geometry": { "type": "MultiPolygon", "coordinates": [ [ [ [ -73.87765767045218, 40.833975171950414 ], [ -73.877229760164099, 40.834435087198422 ], [ -73.877823826914579, 40.834760648137625 ], [ -73.878314601382627, 40.834201869579417 ], [ -73.879041654744981, 40.834452760376749 ], [ -73.878898489315588, 40.834604948666424 ], [ -73.878752429057357, 40.834750679885026 ], [ -73.878600630095292, 40.834892985696293 ], [ -73.878443249147395, 40.835031740173655 ], [ -73.878280298136175, 40.835166901884392 ], [ -73.878243355833092, 40.835196437842505 ], [ -73.878124480548564, 40.835288370772531 ], [ -73.87801748241823, 40.835366786206862 ], [ -73.877863206660805, 40.835473249623838 ], [ -73.877719520930555, 40.835565904167829 ], [ -73.877552501512767, 40.835667619753664 ], [ -73.877385704723409, 40.835769204761426 ], [ -73.87727999097909, 40.835828543890969 ], [ -73.877172010678279, 40.835885649984 ], [ -73.877061947823734, 40.835940401663521 ], [ -73.877014575240906, 40.835962486219415 ], [ -73.876966327352378, 40.835983436999619 ], [ -73.876917275286061, 40.836003260382526 ], [ -73.87686466667158, 40.836022871933281 ], [ -73.87681685251961, 40.836039402585314 ], [ -73.876765596865155, 40.836055702615703 ], [ -73.876700786435009, 40.836073572103551 ], [ -73.876667832783838, 40.836081263114366 ], [ -73.876634559345263, 40.836088129821036 ], [ -73.876601008827066, 40.836094159662018 ], [ -73.876567213291054, 40.836099326557196 ], [ -73.876533218938008, 40.836103652167438 ], [ -73.876499044781298, 40.836107114000797 ], [ -73.876464746543803, 40.836109713917566 ], [ -73.876430326611427, 40.83611144471643 ], [ -73.876391214043011, 40.836112470791448 ], [ -73.876352084243791, 40.836112560320153 ], [ -73.876312972811135, 40.836111698932946 ], [ -73.876273908192275, 40.836109892063199 ], [ -73.876234763545597, 40.836107128768951 ], [ -73.876169868250301, 40.836101693063867 ], [ -73.875975553757527, 40.836085265462707 ], [ -73.875848710304382, 40.836074637328757 ], [ -73.875721865685847, 40.836064019860004 ], [ -73.875628858653243, 40.83605623478153 ], [ -73.875624219321381, 40.836034635014187 ], [ -73.875521260045062, 40.836047158779941 ], [ -73.875342840499684, 40.836032008859362 ], [ -73.874914521406836, 40.834207915991328 ], [ -73.877367709980859, 40.833875107157859 ], [ -73.87765767045218, 40.833975171950414 ] ] ] ] } },
{ "type": "Feature", "properties": { "name": "BRONX RIVER ADDITION", "borough": "BRONX", "borough_primary": "BRONX", "hvi_score_zcta": 4.0, "avg_monthly_rent_usd": 350.0, "is_senior_development": true, "total_population": "137" }, "geometry": { "type": "MultiPolygon", "coordinates": [ [ [ [ -73.876852411125711, 40.832971137251647 ], [ -73.87721462204712, 40.832922311385339 ], [ -73.877388630531797, 40.833672096579612 ], [ -73.876670892645436, 40.833769269144199 ], [ -73.876574828556826, 40.833357004363968 ], [ -73.876930823005623, 40.833309017401113 ], [ -73.876852411125711, 40.832971137251647 ] ] ], [ [ [ -73.875116350290185, 40.833693224427343 ], [ -73.87547340970481, 40.83364470371933 ], [ -73.875534545107584, 40.833906332019772 ], [ -73.87482132456924, 40.833996189532854 ], [ -73.874761696545747, 40.833741417060928 ], [ -73.875116350290185, 40.833693224427343 ] ] ] ] } },
{ "type": "Feature", "properties": { "name": "BROWN", "borough": "BROOKLYN", "borough_primary": "BROOKLYN", "hvi_score_zcta": 5.0, "avg_monthly_rent_usd": 458.0, "is_senior_development": true, "total_population": "223" }, "geometry": { "type": "MultiPolygon", "coordinates": [ [ [ [ -73.911767779485572, 40.67301626651664 ], [ -73.913265671464643, 40.672399971497263 ], [ -73.913940627287587, 40.672438229774045 ], [ -73.913874721460203, 40.673131159601134 ], [ -73.911767779485572, 40.67301626651664 ] ] ] ] } },
{ "type": "Feature", "properties": { "name": "BROWNSVILLE", "borough": "BROOKLYN", "borough_primary": "BROOKLYN", "hvi_score_zcta": 5.0, "avg_monthly_rent_usd": 655.0, "is_senior_development": false, "total_population": "2,744" }, "geometry": { "type": "MultiPolygon", "coordinates": [ [ [ [ -73.906126250540737, 40.666066136247018 ], [ -73.90578636016258, 40.664746292925884 ], [ -73.906161705511678, 40.664689923010663 ], [ -73.906171945465587, 40.664730350146399 ], [ -73.907042986040167, 40.664599529665708 ], [ -73.907032745576799, 40.664559103507628 ], [ -73.907941702625777, 40.664422581375234 ], [ -73.907951944800359, 40.664463008354417 ], [ -73.90878438154175, 40.664337971936405 ], [ -73.908774140064381, 40.664297545031538 ], [ -73.909171374454615, 40.664237876857761 ], [ -73.909372438634463, 40.665031521933351 ], [ -73.908729531659603, 40.665127357197022 ], [ -73.90876366872476, 40.665262112340308 ], [ -73.908864958620228, 40.665661927356794 ], [ -73.90736798103417, 40.665882504552187 ], [ -73.907357738994321, 40.665842078428106 ], [ -73.906486193556319, 40.665970966565865 ], [ -73.90649643390357, 40.666011393666416 ], [ -73.906126250540737, 40.666066136247018 ] ] ], [ [ [ -73.908310163769329, 40.667301824662843 ], [ -73.908191957552646, 40.66680980448335 ], [ -73.90819370805626, 40.666796761001727 ], [ -73.908198363670351, 40.666784158389689 ], [ -73.908256332769696, 40.666722097828455 ], [ -73.908265725762874, 40.666708785782767 ], [ -73.908274297207925, 40.666691756650557 ], [ -73.908280119521294, 40.666671799548631 ], [ -73.908281753672739, 40.666649611229772 ], [ -73.908278569036781, 40.666627982792278 ], [ -73.90827095862646, 40.666607500784792 ], [ -73.908258873116068, 40.666587916625076 ], [ -73.908242411046373, 40.666569814825252 ], [ -73.908222890412148, 40.666554514790313 ], [ -73.908200123607941, 40.666541702989917 ], [ -73.90817456537664, 40.6665317904205 ], [ -73.908151752163022, 40.666526070139284 ], [ -73.908119739038156, 40.666522275013982 ], [ -73.908089757505763, 40.666522885928252 ], [ -73.90806208663831, 40.666527060223288 ], [ -73.908032074768144, 40.666535948643933 ], [ -73.908018992033959, 40.666541492568825 ], [ -73.908005230604374, 40.666548655077541 ], [ -73.907993624774747, 40.666503751456617 ], [ -73.907138008882185, 40.666632715800972 ], [ -73.907179005007265, 40.666791340610722 ], [ -73.906347677860538, 40.666916637361382 ], [ -73.906175723950341, 40.666253714541874 ], [ -73.906629421369203, 40.66618620725864 ], [ -73.906639722165252, 40.666226623588265 ], [ -73.907474622009914, 40.66610239200822 ], [ -73.907464320729659, 40.666061973951734 ], [ -73.908359358061887, 40.665928785449715 ], [ -73.908369659863695, 40.665969203426776 ], [ -73.909197479815205, 40.66584601091084 ], [ -73.909187176348269, 40.665805593006453 ], [ -73.909555094605196, 40.665750838796733 ], [ -73.909891409803265, 40.667070191589353 ], [ -73.909534125525454, 40.667123470283215 ], [ -73.909523244062925, 40.667080782660186 ], [ -73.908670699975303, 40.667203556257796 ], [ -73.908681629137675, 40.667246435809233 ], [ -73.908310163769329, 40.667301824662843 ] ] ] ] } },
{ "type": "Feature", "properties": { "name": "BRYANT AVENUE-EAST 174TH STREET", "borough": "BRONX", "borough_primary": "BRONX", "hvi_score_zcta": 5.0, "avg_monthly_rent_usd": 663.0, "is_senior_development": false, "total_population": "145" }, "geometry": { "type": "MultiPolygon", "coordinates": [ [ [ [ -73.885406037681278, 40.836154621036243 ], [ -73.885739841794404, 40.835595871117313 ], [ -73.88608027385321, 40.835713611668837 ], [ -73.886043543200742, 40.835775096276414 ], [ -73.885895759046363, 40.836022471821735 ], [ -73.885746472008265, 40.836272362561878 ], [ -73.885406037681278, 40.836154621036243 ] ] ] ] } },
{ "type": "Feature", "properties": { "name": "BUSHWICK", "borough": "BROOKLYN", "borough_primary": "BROOKLYN", "hvi_score_zcta": 4.0, "avg_monthly_rent_usd": 586.0, "is_senior_development": false, "total_population": "2,468" }, "geometry": { "type": "MultiPolygon", "coordinates": [ [ [ [ -73.938948253655425, 40.701513443760859 ], [ -73.939037213327879, 40.702059659604195 ], [ -73.939260932948358, 40.702038143076798 ], [ -73.939285193603922, 40.702187099670397 ], [ -73.939341375376571, 40.702188840264924 ], [ -73.939454454340222, 40.702187617473172 ], [ -73.939495868651747, 40.702185922874612 ], [ -73.939556766976494, 40.702178429291195 ], [ -73.939621504919089, 40.702167052880768 ], [ -73.939656438499881, 40.702158847724512 ], [ -73.939700304053659, 40.702147173962366 ], [ -73.939676042485999, 40.701998216554927 ], [ -73.939893346727686, 40.701977315888712 ], [ -73.93978799554165, 40.701330502223691 ], [ -73.940317475280395, 40.701215910463873 ], [ -73.940740338487629, 40.703811902522709 ], [ -73.939152806081552, 40.703964595317373 ], [ -73.938635987430985, 40.70394799917554 ], [ -73.938489547894875, 40.70379737794299 ], [ -73.938228901940747, 40.703635553254415 ], [ -73.938055750759787, 40.70353665333483 ], [ -73.937810563625547, 40.703346082664957 ], [ -73.937573642173277, 40.702899941650244 ], [ -73.937172008415445, 40.701981379147504 ], [ -73.938948253655425, 40.701513443760859 ] ] ] ] } },
{ "type": "Feature", "properties": { "name": "BUTLER", "borough": "BRONX", "borough_primary": "BRONX", "hvi_score_zcta": 5.0, "avg_monthly_rent_usd": 606.0, "is_senior_development": false, "total_population": "3,673" }, "geometry": { "type": "MultiPolygon", "coordinates": [ [ [ [ -73.90729757027097, 40.836091132739746 ], [ -73.906398299723065, 40.835799453098865 ], [ -73.906304260724312, 40.835826784188711 ], [ -73.906154349227251, 40.835778909988747 ], [ -73.907399542056879, 40.83357066384476 ], [ -73.907516675626766, 40.833606941511931 ], [ -73.907573619989648, 40.83371510775919 ], [ -73.908467385348317, 40.83400588159796 ], [ -73.90729757027097, 40.836091132739746 ] ] ], [ [ [ -73.905876580141737, 40.838357861115277 ], [ -73.905015107422201, 40.838079139059296 ], [ -73.904942817679711, 40.838118442800315 ], [ -73.904839739023899, 40.838085090849368 ], [ -73.90562757315206, 40.836683068135123 ], [ -73.905712826425258, 40.836531350546785 ], [ -73.906067577296625, 40.835900013477783 ], [ -73.907204610822305, 40.836266748928956 ], [ -73.906849702546083, 40.836892338765431 ], [ -73.905876580141737, 40.838357861115277 ] ] ] ] } },
{ "type": "Feature", "properties": { "name": "CAREY GARDENS", "borough": "BROOKLYN", "borough_primary": "BROOKLYN", "hvi_score_zcta": 5.0, "avg_monthly_rent_usd": 597.0, "is_senior_development": false, "total_population": "1,507" }, "geometry": { "type": "MultiPolygon", "coordinates": [ [ [ [ -73.989815886820352, 40.574113088149289 ], [ -73.990640364376077, 40.573877330731861 ], [ -73.99096290180799, 40.57556741576073 ], [ -73.990884657356474, 40.575576149167922 ], [ -73.990186161943456, 40.575654113051158 ], [ -73.990111146235066, 40.575662485096778 ], [ -73.989815886820352, 40.574113088149289 ] ] ], [ [ [ -73.989077041236939, 40.575883451241488 ], [ -73.988791267861487, 40.574398881345935 ], [ -73.989620961347711, 40.574159070393755 ], [ -73.989909742093189, 40.575693008866722 ], [ -73.989695876704218, 40.575716982553459 ], [ -73.989693262851148, 40.575703403312488 ], [ -73.98926780873694, 40.575751094846126 ], [ -73.989288720097022, 40.57585972344588 ], [ -73.989264925705086, 40.575862390379179 ], [ -73.989208026783686, 40.575868767964458 ], [ -73.989153595042765, 40.575874869293742 ], [ -73.989077041236939, 40.575883451241488 ] ] ], [ [ [ -73.990961007655898, 40.576342701311596 ], [ -73.991107881071542, 40.576326353849602 ], [ -73.991379653688711, 40.577756559228426 ], [ -73.990523922508132, 40.577851801508793 ], [ -73.990360187309676, 40.576992088051853 ], [ -73.990785602440141, 40.576944740977034 ], [ -73.990733986296974, 40.576673096387673 ], [ -73.99069269344875, 40.5764557812346 ], [ -73.990677208552043, 40.576374287934698 ], [ -73.990679967473653, 40.576373981079776 ], [ -73.990751158502661, 40.576366056816418 ], [ -73.990820045296488, 40.57635838987472 ], [ -73.990891010712517, 40.576350491621724 ], [ -73.990961007655898, 40.576342701311596 ] ] ] ] } },
{ "type": "Feature", "properties": { "name": "CARLETON MANOR", "borough": "QUEENS", "borough_primary": "QUEENS", "hvi_score_zcta": null, "avg_monthly_rent_usd": 538.0, "is_senior_development": false, "total_population": "326" }, "geometry": { "type": "MultiPolygon", "coordinates": [ [ [ [ -73.799435812811083, 40.591969501178745 ], [ -73.799428306636656, 40.591887355663957 ], [ -73.799421302621212, 40.591810687119157 ], [ -73.799420474584764, 40.591801622786654 ], [ -73.799415966098735, 40.591752282337197 ], [ -73.799412968480539, 40.591719466463331 ], [ -73.799410627306742, 40.591693849634375 ], [ -73.79940546239186, 40.591637311039307 ], [ -73.799405291984328, 40.591635444853289 ], [ -73.799397956327269, 40.591555153813175 ], [ -73.799390450275567, 40.591472998386884 ], [ -73.799382944247938, 40.5913908411584 ], [ -73.799367932242419, 40.591226528499163 ], [ -73.799360426264769, 40.591144373068431 ], [ -73.799352920308124, 40.591062216735956 ], [ -73.799345414370123, 40.590980060402394 ], [ -73.799337908450369, 40.590897904067653 ], [ -73.798989538225342, 40.59092083041628 ], [ -73.798978327527237, 40.590798884162957 ], [ -73.79932453271897, 40.590757185316917 ], [ -73.799324727347255, 40.590759245158523 ], [ -73.799636292632258, 40.590721718243167 ], [ -73.799636097997109, 40.590719657501594 ], [ -73.799713327505614, 40.590710354634147 ], [ -73.799782318107461, 40.590702045047472 ], [ -73.799782526452603, 40.590704262504111 ], [ -73.80020820378833, 40.590654667657638 ], [ -73.800208073231644, 40.590653294129382 ], [ -73.800376408530781, 40.59063346985716 ], [ -73.800376537909671, 40.590634843383206 ], [ -73.800422302332095, 40.590627998738725 ], [ -73.800422057363164, 40.590624985155216 ], [ -73.800490596377358, 40.590616729291142 ], [ -73.800572070335519, 40.590606915414178 ], [ -73.800572341455904, 40.590610272142968 ], [ -73.800944588796, 40.590565652685648 ], [ -73.80095662025559, 40.590634968957865 ], [ -73.80078508443421, 40.590855751581287 ], [ -73.800476489284179, 40.591252937695856 ], [ -73.79994772255904, 40.591933490903692 ], [ -73.799915559170245, 40.591974886084692 ], [ -73.799875386719847, 40.591954317470119 ], [ -73.799753015523578, 40.59196014951165 ], [ -73.799436336606291, 40.591975242041443 ], [ -73.799435812811083, 40.591969501178745 ] ] ] ] } },
{ "type": "Feature", "properties": { "name": "CARVER", "borough": "MANHATTAN", "borough_primary": "MANHATTAN", "hvi_score_zcta": 4.0, "avg_monthly_rent_usd": 658.0, "is_senior_development": false, "total_population": "2,470" }, "geometry": { "type": "MultiPolygon", "coordinates": [ [ [ [ -73.950065479570966, 40.790362575113811 ], [ -73.950402797703489, 40.789901039455252 ], [ -73.950507245156061, 40.789943922075025 ], [ -73.950611504642808, 40.789799551694429 ], [ -73.950508021492013, 40.789757065802348 ], [ -73.95086069458327, 40.789274509561814 ], [ -73.950962952491281, 40.789316493040239 ], [ -73.951067239618865, 40.789172133952299 ], [ -73.950965917576781, 40.78913053457692 ], [ -73.951279358929384, 40.78870164997803 ], [ -73.952516622924648, 40.789222048024563 ], [ -73.951302764944558, 40.790882986957577 ], [ -73.950065479570966, 40.790362575113811 ] ] ], [ [ [ -73.949130612786547, 40.791623293055586 ], [ -73.949466641663705, 40.791161744344123 ], [ -73.949565272768893, 40.791203285313571 ], [ -73.949669923238829, 40.79105954183018 ], [ -73.949571292280922, 40.791018000949634 ], [ -73.949910560087417, 40.790551992140628 ], [ -73.951180869102359, 40.791086995125539 ], [ -73.95040263798353, 40.79215596668022 ], [ -73.949130612786547, 40.791623293055586 ] ] ], [ [ [ -73.94820409449872, 40.792913222766487 ], [ -73.948567226898405, 40.792414937719471 ], [ -73.948673304906023, 40.792459623711665 ], [ -73.948768319771887, 40.792329091625518 ], [ -73.948662327190931, 40.79228444087736 ], [ -73.948996571315192, 40.791825784293415 ], [ -73.949432815163405, 40.792009556139178 ], [ -73.948957113889094, 40.79266284680039 ], [ -73.94944706624625, 40.792869741972837 ], [ -73.949923045291342, 40.792216064918698 ], [ -73.95025149770747, 40.792354424062133 ], [ -73.949459035097235, 40.793441870173027 ], [ -73.94820409449872, 40.792913222766487 ] ] ] ] } },
{ "type": "Feature", "properties": { "name": "CASSIDY-LAFAYETTE", "borough": "STATEN ISLAND", "borough_primary": "STATEN ISLAND", "hvi_score_zcta": 2.0, "avg_monthly_rent_usd": 369.0, "is_senior_development": true, "total_population": "407" }, "geometry": { "type": "MultiPolygon", "coordinates": [ [ [ [ -74.095543855981134, 40.642969596460844 ], [ -74.095479233561235, 40.642757630191362 ], [ -74.09543823276158, 40.642623146529729 ], [ -74.095272877163836, 40.642080761573879 ], [ -74.095625968017529, 40.642037951404241 ], [ -74.095915937247099, 40.642007088669722 ], [ -74.095937712202698, 40.642004770580357 ], [ -74.096317063327618, 40.641964392992101 ], [ -74.096717759827968, 40.641921742202399 ], [ -74.096964794074623, 40.641910881930691 ], [ -74.097135729805956, 40.641903366923636 ], [ -74.097409573018794, 40.641891327682266 ], [ -74.097989001174625, 40.641865850510754 ], [ -74.098026666096132, 40.642114814585021 ], [ -74.097550741478855, 40.642132266115325 ], [ -74.09758210077139, 40.642357325098999 ], [ -74.097466887815287, 40.642361548983956 ], [ -74.097494926030109, 40.642546890715913 ], [ -74.097507535514467, 40.642551849087809 ], [ -74.097516780081705, 40.64255492912789 ], [ -74.097530002445481, 40.642558610041782 ], [ -74.097542015104068, 40.642561265388906 ], [ -74.09755362718812, 40.642563242083376 ], [ -74.097569217091248, 40.642565026292843 ], [ -74.09758301684974, 40.642565799835978 ], [ -74.097596317828874, 40.642565838977617 ], [ -74.097605637504103, 40.642565304264167 ], [ -74.097616853087018, 40.642564537407914 ], [ -74.098091943785334, 40.642546289359643 ], [ -74.098101268546316, 40.642607917416932 ], [ -74.097619271415638, 40.642626450527011 ], [ -74.097604915286254, 40.642626798606216 ], [ -74.097590032330189, 40.64262663563612 ], [ -74.097566192436304, 40.642625260961132 ], [ -74.09755299591454, 40.642623902467541 ], [ -74.09753733922372, 40.642621727487324 ], [ -74.097526453123606, 40.642619834824366 ], [ -74.097564200328605, 40.642696342402807 ], [ -74.097590753923171, 40.642871859803755 ], [ -74.097456375547992, 40.642877021170555 ], [ -74.097320670792271, 40.642882233031514 ], [ -74.097249694013897, 40.642884958611667 ], [ -74.097177568191015, 40.642887728343709 ], [ -74.097112941850057, 40.6428902098355 ], [ -74.09708910520537, 40.642891125978586 ], [ -74.097052711616996, 40.642893968118514 ], [ -74.096963090562809, 40.642900968708844 ], [ -74.096873468307678, 40.642907969230407 ], [ -74.096783848396768, 40.642914968779536 ], [ -74.096604604974615, 40.642928969472415 ], [ -74.096425362658081, 40.642942968984286 ], [ -74.096334581858386, 40.642950059208488 ], [ -74.096187987104969, 40.642961509544115 ], [ -74.096167810772911, 40.642895331084226 ], [ -74.096052370511813, 40.64290907132397 ], [ -74.095543855981134, 40.642969596460844 ] ] ] ] } },
{ "type": "Feature", "properties": { "name": "CASTLE HILL", "borough": "BRONX", "borough_primary": "BRONX", "hvi_score_zcta": 4.0, "avg_monthly_rent_usd": 611.0, "is_senior_development": false, "total_population": "4,375" }, "geometry": { "type": "MultiPolygon", "coordinates": [ [ [ [ -73.847754479896636, 40.817001189050629 ], [ -73.850466864161888, 40.816635126492365 ], [ -73.850893725022956, 40.818451624302874 ], [ -73.848176742758142, 40.81881801050978 ], [ -73.847754479896636, 40.817001189050629 ] ] ], [ [ [ -73.844645353248495, 40.817416575754493 ], [ -73.847382394225988, 40.817048322685224 ], [ -73.847808408835618, 40.818880454417581 ], [ -73.84507305366489, 40.81924831102527 ], [ -73.844645353248495, 40.817416575754493 ] ] ], [ [ [ -73.845147443625422, 40.819565974185267 ], [ -73.847300438975196, 40.819276352132555 ], [ -73.847403067727868, 40.819717934480245 ], [ -73.847231860200679, 40.819740967630764 ], [ -73.847381455536095, 40.820384565870356 ], [ -73.845402986750358, 40.820653529310682 ], [ -73.845147443625422, 40.819565974185267 ] ] ], [ [ [ -73.848677398175838, 40.820991738668795 ], [ -73.848246017841007, 40.819149819863135 ], [ -73.849224088773937, 40.81901922236711 ], [ -73.849395747366714, 40.81975214113973 ], [ -73.849647073056374, 40.819718580701206 ], [ -73.849984476149814, 40.819306884002259 ], [ -73.84989608198255, 40.818929489242649 ], [ -73.850979737644352, 40.818784776490695 ], [ -73.851406979668198, 40.820626161065292 ], [ -73.848677398175838, 40.820991738668795 ] ] ] ] } },
{ "type": "Feature", "properties": { "name": "CHELSEA", "borough": "MANHATTAN", "borough_primary": "MANHATTAN", "hvi_score_zcta": 2.0, "avg_monthly_rent_usd": 670.0, "is_senior_development": false, "total_population": "822" }, "geometry": { "type": "MultiPolygon", "coordinates": [ [ [ [ -74.000457996989908, 40.748534019490592 ], [ -74.000641191712944, 40.748284870170636 ], [ -74.000816783427197, 40.748043106556686 ], [ -74.001924169991128, 40.748508287674142 ], [ -74.001749810161328, 40.748750586041176 ], [ -74.001904872384372, 40.748815725293682 ], [ -74.001724676703418, 40.749066134566732 ], [ -74.000457996989908, 40.748534019490592 ] ] ] ] } },
{ "type": "Feature", "properties": { "name": "CHELSEA ADDITION", "borough": "MANHATTAN", "borough_primary": "MANHATTAN", "hvi_score_zcta": 2.0, "avg_monthly_rent_usd": 410.0, "is_senior_development": true, "total_population": "106" }, "geometry": { "type": "MultiPolygon", "coordinates": [ [ [ [ -74.000900047113902, 40.749699304172189 ], [ -74.001120762901067, 40.749396161290534 ], [ -74.001517682835299, 40.749384746432362 ], [ -74.001648365657033, 40.749205256669292 ], [ -74.001897721584697, 40.749310401321836 ], [ -74.001701877170888, 40.749579389137978 ], [ -74.001705440857066, 40.74970068814585 ], [ -74.001716453102489, 40.749705331891782 ], [ -74.001717163001118, 40.749729500561841 ], [ -74.001846165105334, 40.749783896332765 ], [ -74.001858100279279, 40.750103285799028 ], [ -74.000900047113902, 40.749699304172189 ] ] ] ] } },
{ "type": "Feature", "properties": { "name": "CLAREMONT REHAB (GROUP 2)", "borough": "BRONX", "borough_primary": "BRONX", "hvi_score_zcta": 5.0, "avg_monthly_rent_usd": 511.0, "is_senior_development": false, "total_population": "218" }, "geometry": { "type": "MultiPolygon", "coordinates": [ [ [ [ -73.911838138924935, 40.830343858968767 ], [ -73.912051770697488, 40.829963951882853 ], [ -73.912387024582927, 40.830071500168494 ], [ -73.912240395643977, 40.830323296803101 ], [ -73.912166994015351, 40.830449345362766 ], [ -73.911838138924935, 40.830343858968767 ] ] ], [ [ [ -73.910664865505382, 40.832578756393552 ], [ -73.910771938784848, 40.832389249999906 ], [ -73.910990237690996, 40.8324622327019 ], [ -73.910883164916228, 40.832651739295912 ], [ -73.910664865505382, 40.832578756393552 ] ] ], [ [ [ -73.909908562133282, 40.832841497070966 ], [ -73.909966832444695, 40.83273792984167 ], [ -73.910232465214463, 40.832824576302123 ], [ -73.910174196426553, 40.83292814366547 ], [ -73.910118230646248, 40.833027618242475 ], [ -73.909852598401102, 40.832940970622047 ], [ -73.909908562133282, 40.832841497070966 ] ] ], [ [ [ -73.909772287960323, 40.833083714584596 ], [ -73.909795020593762, 40.833043310057313 ], [ -73.91006065436045, 40.833129956008669 ], [ -73.910003682816267, 40.833231218125434 ], [ -73.909738048720712, 40.833144571143663 ], [ -73.909772287960323, 40.833083714584596 ] ] ], [ [ [ -73.909226167588272, 40.834054371413842 ], [ -73.909280333828974, 40.833958100729944 ], [ -73.90954597057771, 40.834044747853376 ], [ -73.90949180583516, 40.834141019561997 ], [ -73.909226167588272, 40.834054371413842 ] ] ] ] } },
{ "type": "Feature", "properties": { "name": "CLAREMONT REHAB (GROUP 3)", "borough": "BRONX", "borough_primary": "BRONX", "hvi_score_zcta": 5.0, "avg_monthly_rent_usd": 579.0, "is_senior_development": false, "total_population": "222" }, "geometry": { "type": "MultiPolygon", "coordinates": [ [ [ [ -73.913211322500686, 40.828627437234921 ], [ -73.913226573825668, 40.828600314083651 ], [ -73.91358787021862, 40.828715516501347 ], [ -73.913510471875085, 40.828846087941351 ], [ -73.913152548639715, 40.828731961215055 ], [ -73.913174966428414, 40.828692094254116 ], [ -73.913211322500686, 40.828627437234921 ] ] ], [ [ [ -73.913070968143828, 40.828877042494952 ], [ -73.913080165350806, 40.828860686525765 ], [ -73.913434788874966, 40.828973761919997 ], [ -73.913357691717763, 40.829103821096702 ], [ -73.91300643071132, 40.828991816892696 ], [ -73.913033387878556, 40.828943875941661 ], [ -73.913070968143828, 40.828877042494952 ] ] ], [ [ [ -73.912927675305028, 40.829131873631432 ], [ -73.912935464476149, 40.829118019088035 ], [ -73.913283492102366, 40.829228991807753 ], [ -73.913206012961524, 40.829359695345239 ], [ -73.912861364460596, 40.829249800139351 ], [ -73.91288995679497, 40.829199041008309 ], [ -73.912927675305028, 40.829131873631432 ] ] ], [ [ [ -73.912880115533738, 40.830287597243931 ], [ -73.913108439993223, 40.829900838427108 ], [ -73.913440866730937, 40.830010102365428 ], [ -73.913267801549637, 40.830300551324228 ], [ -73.913210762730984, 40.830396276972209 ], [ -73.912880115533738, 40.830287597243931 ] ] ], [ [ [ -73.912708607267575, 40.83057811046352 ], [ -73.912766403814658, 40.830480212744895 ], [ -73.913096163009087, 40.830588601265852 ], [ -73.913037917726399, 40.83068635112847 ], [ -73.912708607267575, 40.83057811046352 ] ] ] ] } },
{ "type": "Feature", "properties": { "name": "CLAREMONT REHAB (GROUP 4)", "borough": "BRONX", "borough_primary": "BRONX", "hvi_score_zcta": 5.0, "avg_monthly_rent_usd": 584.0, "is_senior_development": false, "total_population": "272" }, "geometry": { "type": "MultiPolygon", "coordinates": [ [ [ [ -73.913244777960116, 40.828567940562003 ], [ -73.913282107075617, 40.828501555300221 ], [ -73.913303286761447, 40.828508308731259 ], [ -73.913645935404503, 40.828617564484844 ], [ -73.91358787021862, 40.828715516501347 ], [ -73.913226573825668, 40.828600314083651 ], [ -73.913244777960116, 40.828567940562003 ] ] ], [ [ [ -73.912998791296246, 40.829005402305988 ], [ -73.91300643071132, 40.828991816892696 ], [ -73.913357691717763, 40.829103821096702 ], [ -73.913283492102366, 40.829228991807753 ], [ -73.912935464476149, 40.829118019088035 ], [ -73.91296191672761, 40.82907097646774 ], [ -73.912998791296246, 40.829005402305988 ] ] ], [ [ [ -73.913108439993223, 40.829900838427108 ], [ -73.913168150666735, 40.829799694752978 ], [ -73.913502567066246, 40.829906554791258 ], [ -73.913440866730937, 40.830010102365428 ], [ -73.913108439993223, 40.829900838427108 ] ] ], [ [ [ -73.913210762730984, 40.830396276972209 ], [ -73.913267801549637, 40.830300551324228 ], [ -73.913632375278226, 40.830417046436864 ], [ -73.913573674693254, 40.830515561651858 ], [ -73.913210762730984, 40.830396276972209 ] ] ], [ [ [ -73.913096163009087, 40.830588601265852 ], [ -73.913155238630424, 40.830489458031323 ], [ -73.913518152187834, 40.830608741984562 ], [ -73.913288195082259, 40.830994669181848 ], [ -73.912925278647421, 40.83087538361152 ], [ -73.913037917726399, 40.83068635112847 ], [ -73.913096163009087, 40.830588601265852 ] ] ], [ [ [ -73.909966832444695, 40.83273792984167 ], [ -73.910022785137045, 40.83263847693464 ], [ -73.910288417582834, 40.832725123267977 ], [ -73.910232465214463, 40.832824576302123 ], [ -73.909966832444695, 40.83273792984167 ] ] ], [ [ [ -73.909846854650567, 40.832951180444624 ], [ -73.909852598401102, 40.832940970622047 ], [ -73.910118230646248, 40.833027618242475 ], [ -73.91006065436045, 40.833129956008669 ], [ -73.909795020593762, 40.833043310057313 ], [ -73.909810233901226, 40.833016270192061 ], [ -73.909846854650567, 40.832951180444624 ] ] ], [ [ [ -73.909736151954675, 40.833147941111633 ], [ -73.909738048720712, 40.833144571143663 ], [ -73.910003682816267, 40.833231218125434 ], [ -73.909946266621176, 40.833333268698375 ], [ -73.909889356528311, 40.833434420943014 ], [ -73.909623721769137, 40.833347774601556 ], [ -73.909624570328674, 40.83334626603731 ], [ -73.909661706041291, 40.833280262753654 ], [ -73.909680632191737, 40.833246622486513 ], [ -73.909699233874576, 40.833213559179377 ], [ -73.909736151954675, 40.833147941111633 ] ] ] ] } },
{ "type": "Feature", "properties": { "name": "CLAREMONT REHAB (GROUP 5)", "borough": "BRONX", "borough_primary": "BRONX", "hvi_score_zcta": 5.0, "avg_monthly_rent_usd": 661.0, "is_senior_development": false, "total_population": "243" }, "geometry": { "type": "MultiPolygon", "coordinates": [ [ [ [ -73.913923950297985, 40.830264459410586 ], [ -73.9139792029397, 40.830170278226532 ], [ -73.914304818838488, 40.830275209508947 ], [ -73.914292484728392, 40.830296233208209 ], [ -73.914249566570334, 40.830369390847224 ], [ -73.913923950297985, 40.830264459410586 ] ] ], [ [ [ -73.913700703218524, 40.830644996691753 ], [ -73.913867592512659, 40.830360524477655 ], [ -73.914193211538517, 40.830465455173204 ], [ -73.914180567253254, 40.830487005418568 ], [ -73.914121494717236, 40.830587699832009 ], [ -73.914066528274446, 40.830681394123118 ], [ -73.914026321001089, 40.83074992875212 ], [ -73.913700703218524, 40.830644996691753 ] ] ], [ [ [ -73.913590310262435, 40.830833167029894 ], [ -73.913644164187772, 40.830741368577229 ], [ -73.913969783538292, 40.830846300796367 ], [ -73.913952688243029, 40.830875440669459 ], [ -73.913915929977492, 40.83093809939944 ], [ -73.913895726390521, 40.83097253635686 ], [ -73.913841536378357, 40.831064903785155 ], [ -73.913758310782043, 40.831206765896987 ], [ -73.913732371700917, 40.831250978811639 ], [ -73.914094270748322, 40.831367601011948 ], [ -73.91372721360284, 40.831997795033288 ], [ -73.913428808202852, 40.831108450612746 ], [ -73.913432691186429, 40.831101833088084 ], [ -73.913590310262435, 40.830833167029894 ] ] ] ] } },
{ "type": "Feature", "properties": { "name": "CLASON POINT GARDENS", "borough": "BRONX", "borough_primary": "BRONX", "hvi_score_zcta": 4.0, "avg_monthly_rent_usd": 730.0, "is_senior_development": false, "total_population": "785" }, "geometry": { "type": "MultiPolygon", "coordinates": [ [ [ [ -73.868939553974926, 40.818494652306015 ], [ -73.869870235450165, 40.818369220732151 ], [ -73.870309568276852, 40.820263187873394 ], [ -73.868666230587806, 40.820484741196516 ], [ -73.868541417621572, 40.819948526661811 ], [ -73.869245709217182, 40.819853211981403 ], [ -73.868939553974926, 40.818494652306015 ] ] ], [ [ [ -73.867812991408385, 40.820874500041747 ], [ -73.870363063086273, 40.820532301277254 ], [ -73.870806527416164, 40.822468114751224 ], [ -73.868263697973319, 40.822812013696883 ], [ -73.867812991408385, 40.820874500041747 ] ] ] ] } },
{ "type": "Feature", "properties": { "name": "CLINTON", "borough": "MANHATTAN", "borough_primary": "MANHATTAN", "hvi_score_zcta": 4.0, "avg_monthly_rent_usd": 649.0, "is_senior_development": false, "total_population": "1,571" }, "geometry": { "type": "MultiPolygon", "coordinates": [ [ [ [ -73.947429116749234, 40.791762854525444 ], [ -73.947791827080181, 40.79126430599176 ], [ -73.948573728290967, 40.791594227208236 ], [ -73.948210755140479, 40.792093144560475 ], [ -73.947429116749234, 40.791762854525444 ] ] ], [ [ [ -73.947311978097872, 40.792208814414259 ], [ -73.947492585962678, 40.791960564024329 ], [ -73.948115661180879, 40.79222385175408 ], [ -73.947755310848251, 40.792719151496783 ], [ -73.947545740107486, 40.792630595658558 ], [ -73.947725475247069, 40.79238354398921 ], [ -73.947466965985669, 40.792274307416186 ], [ -73.947311978097872, 40.792208814414259 ] ] ], [ [ [ -73.945032498572118, 40.794162629767513 ], [ -73.945391681549097, 40.793668637505114 ], [ -73.946664046403114, 40.794207382124874 ], [ -73.946304425859111, 40.794699616725509 ], [ -73.945032498572118, 40.794162629767513 ] ] ], [ [ [ -73.944604849004065, 40.794750774897132 ], [ -73.944936822384065, 40.794294215612254 ], [ -73.946208399618314, 40.794831053967684 ], [ -73.945882730575505, 40.795276806629644 ], [ -73.944604849004065, 40.794750774897132 ] ] ] ] } },
{ "type": "Feature", "properties": { "name": "COLLEGE AVENUE-EAST 165TH STREET", "borough": "BRONX", "borough_primary": "BRONX", "hvi_score_zcta": 5.0, "avg_monthly_rent_usd": 337.0, "is_senior_development": true, "total_population": "101" }, "geometry": { "type": "MultiPolygon", "coordinates": [ [ [ [ -73.914773277186598, 40.829510319441255 ], [ -73.914963333005062, 40.829179854605357 ], [ -73.915117096544307, 40.828912268635563 ], [ -73.915441284528043, 40.829016070064476 ], [ -73.915099999390421, 40.829617248408631 ], [ -73.914773277186598, 40.829510319441255 ] ] ] ] } },
{ "type": "Feature", "properties": { "name": "CONEY ISLAND", "borough": "BROOKLYN", "borough_primary": "BROOKLYN", "hvi_score_zcta": 5.0, "avg_monthly_rent_usd": 660.0, "is_senior_development": false, "total_population": "989" }, "geometry": { "type": "MultiPolygon", "coordinates": [ [ [ [ -73.995114844621966, 40.571610589758073 ], [ -73.995129752087195, 40.571701907194004 ], [ -73.99534208316274, 40.571791208422624 ], [ -73.995899900557831, 40.571809833625359 ], [ -73.995915672497887, 40.571977025592602 ], [ -73.996754742729763, 40.571927451463843 ], [ -73.996746286782923, 40.571837826509416 ], [ -73.997384097406211, 40.571770350282627 ], [ -73.99737069100307, 40.571628253488974 ], [ -73.997798643010015, 40.57167704300749 ], [ -73.997787383919302, 40.571676235921068 ], [ -73.997775164696932, 40.57167617354888 ], [ -73.997760936648476, 40.57167733044659 ], [ -73.997749520402209, 40.571679208718017 ], [ -73.997740206224194, 40.571681408516874 ], [ -73.997732508754552, 40.571683711006777 ], [ -73.997724253854713, 40.571686714993767 ], [ -73.997716203239875, 40.571690234084372 ], [ -73.997709417416743, 40.571693712676023 ], [ -73.997703007122624, 40.571697493851033 ], [ -73.997697223905206, 40.571701388504415 ], [ -73.997691370990637, 40.571705880203936 ], [ -73.997685919585919, 40.571710678089644 ], [ -73.997679648547134, 40.571717141929184 ], [ -73.997675293039819, 40.57172243602551 ], [ -73.99767140517811, 40.571727951660328 ], [ -73.997665882734708, 40.57173786362312 ], [ -73.997661027401051, 40.571751278640143 ], [ -73.997659431664729, 40.571759256355605 ], [ -73.997658846894652, 40.571765023303534 ], [ -73.997659767622935, 40.571776698624454 ], [ -73.997661267208088, 40.571782855542018 ], [ -73.997671823041713, 40.571835076280379 ], [ -73.997674446552367, 40.571850942677266 ], [ -73.997677820093358, 40.571863139451317 ], [ -73.997684147131011, 40.57187687888355 ], [ -73.997696886583356, 40.57189447629176 ], [ -73.997709524671279, 40.571906513857328 ], [ -73.997727404983721, 40.571918797368546 ], [ -73.997742822000731, 40.571926461137231 ], [ -73.997753883803682, 40.571930573149572 ], [ -73.997759240502106, 40.571933036189044 ], [ -73.997761544481094, 40.571934552717501 ], [ -73.997764320816941, 40.571936750051712 ], [ -73.99776624215886, 40.571938577253519 ], [ -73.99776841502019, 40.571941080754279 ], [ -73.997770656347882, 40.57194444875995 ], [ -73.997772576426527, 40.571948747001287 ], [ -73.997773276644409, 40.571951288295402 ], [ -73.997773698151235, 40.571954043008468 ], [ -73.997895028130642, 40.572612737625228 ], [ -73.997699730421786, 40.572611241711328 ], [ -73.99755283551103, 40.572610991932301 ], [ -73.997414182495788, 40.572611444560344 ], [ -73.997267674881243, 40.572612650573653 ], [ -73.997139541802568, 40.572614317027146 ], [ -73.996965432713679, 40.572616816018162 ], [ -73.99684299061542, 40.572619584533129 ], [ -73.996723073378249, 40.572622801450883 ], [ -73.996579108164283, 40.572627325992144 ], [ -73.996441547158028, 40.572634137883959 ], [ -73.996329649657042, 40.572639587039617 ], [ -73.996210055754418, 40.572646120064185 ], [ -73.996017199415505, 40.572657992359453 ], [ -73.995873093248619, 40.572667286990225 ], [ -73.995668548683639, 40.57268115834475 ], [ -73.995474774496998, 40.572693668166714 ], [ -73.995303946222649, 40.572707670771287 ], [ -73.995169920470232, 40.572717952807011 ], [ -73.995057721166319, 40.572728988465961 ], [ -73.994894740213667, 40.571877668595967 ], [ -73.994894565568103, 40.571875908062523 ], [ -73.994894577557972, 40.571873547787938 ], [ -73.994894975755969, 40.571870685037837 ], [ -73.994896070764099, 40.57186715052724 ], [ -73.994897862525974, 40.571863677283289 ], [ -73.99490044669875, 40.571860261708061 ], [ -73.994903388653825, 40.571857430589063 ], [ -73.994906576207654, 40.571855092968477 ], [ -73.99491021013614, 40.571853058844404 ], [ -73.994917680112522, 40.571846650141204 ], [ -73.994927020937439, 40.571837204050475 ], [ -73.994937252465419, 40.57182416850705 ], [ -73.994946509954005, 40.571807893732675 ], [ -73.994953086869472, 40.57178925766415 ], [ -73.994955968950705, 40.571766022453588 ], [ -73.994953628756548, 40.571744575455654 ], [ -73.994946701705445, 40.571724049492587 ], [ -73.994937877701631, 40.571708283618925 ], [ -73.994928457064617, 40.571695950518126 ], [ -73.994915695581454, 40.571683085959215 ], [ -73.994899554209582, 40.571670654401288 ], [ -73.99488094690922, 40.571659849979177 ], [ -73.994862275633437, 40.571651780444661 ], [ -73.994842585057611, 40.571645662298337 ], [ -73.994820637566548, 40.57164130817462 ], [ -73.994796964543056, 40.571639234097063 ], [ -73.994768043170481, 40.571640218857993 ], [ -73.995114844621966, 40.571610589758073 ] ] ] ] } },
{ "type": "Feature", "properties": { "name": "CONEY ISLAND I (SITE 1B)", "borough": "BROOKLYN", "borough_primary": "BROOKLYN", "hvi_score_zcta": 5.0, "avg_monthly_rent_usd": 596.0, "is_senior_development": false, "total_population": "425" }, "geometry": { "type": "MultiPolygon", "coordinates": [ [ [ [ -73.987790310822874, 40.575957605944893 ], [ -73.987713893773687, 40.575966033009166 ], [ -73.987662826628807, 40.575971663918168 ], [ -73.987610199315952, 40.575977468437337 ], [ -73.987558712882745, 40.575983146082109 ], [ -73.987503848654072, 40.575989196153436 ], [ -73.987467839791165, 40.5759931662448 ], [ -73.987458010404367, 40.575941556123297 ], [ -73.987351636151956, 40.575953286397493 ], [ -73.987280739253336, 40.575961105026842 ], [ -73.987228131993561, 40.575966905771224 ], [ -73.98717378504584, 40.575972899009422 ], [ -73.987070968001476, 40.575984236792188 ], [ -73.986997933345066, 40.575992290043281 ], [ -73.9869258068953, 40.576000243393004 ], [ -73.986737067634962, 40.575009135264864 ], [ -73.987561017248524, 40.574770842414416 ], [ -73.987790310822874, 40.575957605944893 ] ] ] ] } },
{ "type": "Feature", "properties": { "name": "CONEY ISLAND I (SITE 8)", "borough": "BROOKLYN", "borough_primary": "BROOKLYN", "hvi_score_zcta": 5.0, "avg_monthly_rent_usd": 570.0, "is_senior_development": false, "total_population": "263" }, "geometry": { "type": "MultiPolygon", "coordinates": [ [ [ [ -74.001458372683601, 40.573806869304718 ], [ -74.001022252370149, 40.573856215551046 ], [ -74.001042946056671, 40.573964868146192 ], [ -74.000610664964185, 40.574013776940511 ], [ -74.000434744112937, 40.573085046102563 ], [ -74.001347672295893, 40.573225619906204 ], [ -74.001458372683601, 40.573806869304718 ] ] ] ] } },
{ "type": "Feature", "properties": { "name": "CONEY ISLAND I (SITES 4 & 5)", "borough": "BROOKLYN", "borough_primary": "BROOKLYN", "hvi_score_zcta": 5.0, "avg_monthly_rent_usd": 678.0, "is_senior_development": false, "total_population": "889" }, "geometry": { "type": "MultiPolygon", "coordinates": [ [ [ [ -73.992080191444543, 40.574632502658666 ], [ -73.992410778796454, 40.57459607264547 ], [ -73.992906798616389, 40.574456974218421 ], [ -73.992912204181536, 40.57445545896946 ], [ -73.992890304272407, 40.574340540791418 ], [ -73.992930491027309, 40.574329386674123 ], [ -73.992942016652805, 40.574326186918931 ], [ -73.993585872075627, 40.574147471468088 ], [ -73.993914370847321, 40.574056287823879 ], [ -73.994135549024676, 40.575204003297181 ], [ -73.993989295324468, 40.575220122328687 ], [ -73.993859618330674, 40.575234414897189 ], [ -73.993431084253587, 40.575281645308671 ], [ -73.993288576411217, 40.575297350321371 ], [ -73.993118534173419, 40.575316042351673 ], [ -73.993078998291097, 40.575320447142872 ], [ -73.993071346450932, 40.575321300378739 ], [ -73.992229257825585, 40.57541511896558 ], [ -73.992080191444543, 40.574632502658666 ] ] ] ] } },
{ "type": "Feature", "properties": { "name": "CONLON LIHFE TOWER", "borough": "QUEENS", "borough_primary": "QUEENS", "hvi_score_zcta": 5.0, "avg_monthly_rent_usd": 405.0, "is_senior_development": true, "total_population": "237" }, "geometry": { "type": "MultiPolygon", "coordinates": [ [ [ [ -73.787629453202641, 40.706307665703875 ], [ -73.787765810366437, 40.706274767476302 ], [ -73.787903885728312, 40.706241454414766 ], [ -73.788290211550631, 40.706148246497371 ], [ -73.788273831840655, 40.706103186167383 ], [ -73.78836618327604, 40.706080904384052 ], [ -73.788441820364, 40.706062654927472 ], [ -73.788517459774425, 40.706044406326022 ], [ -73.788491736946213, 40.705982760303243 ], [ -73.788656205209776, 40.705925252995961 ], [ -73.78882113046096, 40.705867585100229 ], [ -73.788893277172477, 40.705842358064579 ], [ -73.789099005547826, 40.706333698114015 ], [ -73.788415602208147, 40.706498586979855 ], [ -73.788381580154294, 40.70640538878127 ], [ -73.788082050941782, 40.706477655989325 ], [ -73.787735292153016, 40.706561316887992 ], [ -73.787629453202641, 40.706307665703875 ] ] ] ] } },
{ "type": "Feature", "properties": { "name": "COOPER PARK", "borough": "BROOKLYN", "borough_primary": "BROOKLYN", "hvi_score_zcta": 3.0, "avg_monthly_rent_usd": 653.0, "is_senior_development": false, "total_population": "1,448" }, "geometry": { "type": "MultiPolygon", "coordinates": [ [ [ [ -73.936639996512909, 40.71706477899324 ], [ -73.936681280687893, 40.717052905064833 ], [ -73.936734012607332, 40.717037739744292 ], [ -73.936788800836695, 40.717021982992854 ], [ -73.936844988342102, 40.71700582265381 ], [ -73.936894755849337, 40.716991509317239 ], [ -73.936953342947234, 40.716974659549095 ], [ -73.937005429550538, 40.716959679255943 ], [ -73.937058244191462, 40.716944489518227 ], [ -73.937114432749823, 40.716928329048201 ], [ -73.937167233134602, 40.716913143755285 ], [ -73.937219479458861, 40.716898118426762 ], [ -73.937274186959272, 40.716882383012425 ], [ -73.937330841844073, 40.71686608851472 ], [ -73.937386192113408, 40.716850169692819 ], [ -73.937438974617592, 40.716834988767985 ], [ -73.937490704668264, 40.71682011071951 ], [ -73.937545203684451, 40.716804436297828 ], [ -73.937599209016497, 40.716788903863282 ], [ -73.937656533792506, 40.716772415958523 ], [ -73.937706587438214, 40.716758020479162 ], [ -73.93776435254604, 40.716741406687468 ], [ -73.937815869362709, 40.71672658871173 ], [ -73.937853606359369, 40.71671573542632 ], [ -73.938355886601613, 40.717814383061167 ], [ -73.940110559033769, 40.717253030621883 ], [ -73.94033226895786, 40.718620774863957 ], [ -73.937642498831678, 40.719314698994111 ], [ -73.936639996512909, 40.71706477899324 ] ] ] ] } },
{ "type": "Feature", "properties": { "name": "CYPRESS HILLS", "borough": "BROOKLYN", "borough_primary": "BROOKLYN", "hvi_score_zcta": 4.0, "avg_monthly_rent_usd": 585.0, "is_senior_development": false, "total_population": "2,824" }, "geometry": { "type": "MultiPolygon", "coordinates": [ [ [ [ -73.871070271984223, 40.671216282093368 ], [ -73.872620303936699, 40.670993120096178 ], [ -73.87229209815041, 40.669671107114297 ], [ -73.87074209463853, 40.669894265624137 ], [ -73.870298628892655, 40.668107737877229 ], [ -73.871872336809545, 40.66697073861291 ], [ -73.873726955955036, 40.669464507780447 ], [ -73.874424786799906, 40.672292652223355 ], [ -73.871444021028069, 40.672721820387423 ], [ -73.871070271984223, 40.671216282093368 ] ] ] ] } },
{ "type": "Feature", "properties": { "name": "DE HOSTOS APARTMENTS", "borough": "MANHATTAN", "borough_primary": "MANHATTAN", "hvi_score_zcta": 2.0, "avg_monthly_rent_usd": 598.0, "is_senior_development": false, "total_population": "438" }, "geometry": { "type": "MultiPolygon", "coordinates": [ [ [ [ -73.972172006692318, 40.792841996395595 ], [ -73.971941375191705, 40.792745281687026 ], [ -73.971618659015917, 40.792609949336722 ], [ -73.971882720962853, 40.79224835603268 ], [ -73.972602776092259, 40.792550309599733 ], [ -73.972496980366174, 40.792695183899625 ], [ -73.972371914402473, 40.792866445342156 ], [ -73.972338716858602, 40.792911904536354 ], [ -73.972172006692318, 40.792841996395595 ] ] ] ] } },
{ "type": "Feature", "properties": { "name": "DOUGLASS ADDITION", "borough": "MANHATTAN", "borough_primary": "MANHATTAN", "hvi_score_zcta": 2.0, "avg_monthly_rent_usd": 662.0, "is_senior_development": false, "total_population": "287" }, "geometry": { "type": "MultiPolygon", "coordinates": [ [ [ [ -73.968007458188026, 40.798139637891985 ], [ -73.967824077649141, 40.798391099053582 ], [ -73.967914611958193, 40.798429275749832 ], [ -73.968014170436831, 40.798471257688298 ], [ -73.968119165760839, 40.79851553191488 ], [ -73.968194303658322, 40.798547216032965 ], [ -73.968160073537121, 40.798594154120643 ], [ -73.967844361908703, 40.798462205448963 ], [ -73.967697851540265, 40.798664613866748 ], [ -73.967318137599079, 40.798504495288903 ], [ -73.967681675947574, 40.798002260459498 ], [ -73.968007458188026, 40.798139637891985 ] ] ] ] } },
{ "type": "Feature", "properties": { "name": "DOUGLASS I", "borough": "MANHATTAN", "borough_primary": "MANHATTAN", "hvi_score_zcta": 2.0, "avg_monthly_rent_usd": 620.0, "is_senior_development": false, "total_population": "2,406" }, "geometry": { "type": "MultiPolygon", "coordinates": [ [ [ [ -73.962639263841936, 40.797259105658419 ], [ -73.964316930871036, 40.7949694033016 ], [ -73.965391020260014, 40.795545237603918 ], [ -73.963781314601363, 40.79774223250319 ], [ -73.962639263841936, 40.797259105658419 ] ] ], [ [ [ -73.964073448459246, 40.797889352089108 ], [ -73.964883217283386, 40.796772009755337 ], [ -73.966036590133811, 40.797250554717827 ], [ -73.966020223981459, 40.797331189635223 ], [ -73.966012017730861, 40.79741802869647 ], [ -73.965716877050824, 40.797806609024612 ], [ -73.965281152786417, 40.798380271081669 ], [ -73.965271993859645, 40.798392976149231 ], [ -73.964073448459246, 40.797889352089108 ] ] ] ] } },
{ "type": "Feature", "properties": { "name": "DOUGLASS II", "borough": "MANHATTAN", "borough_primary": "MANHATTAN", "hvi_score_zcta": 2.0, "avg_monthly_rent_usd": 686.0, "is_senior_development": false, "total_population": "1,498" }, "geometry": { "type": "MultiPolygon", "coordinates": [ [ [ [ -73.965273308049262, 40.79839352835539 ], [ -73.965281152786574, 40.798380271081669 ], [ -73.966012017730861, 40.797418028696342 ], [ -73.96602022398163, 40.797331189635223 ], [ -73.966036590133982, 40.797250554717827 ], [ -73.964883217283543, 40.796772009755337 ], [ -73.965692970290561, 40.79565464585297 ], [ -73.967086757964083, 40.796240609472662 ], [ -73.966771670308276, 40.796672753540228 ], [ -73.967277937054874, 40.796885587393547 ], [ -73.967200288858507, 40.796992082728188 ], [ -73.966717138881165, 40.796787939633823 ], [ -73.966359604087998, 40.797278292078097 ], [ -73.966343287313606, 40.797271397592382 ], [ -73.966328037950504, 40.797264954566366 ], [ -73.966306463518592, 40.797255838807857 ], [ -73.966276519797987, 40.797246773726457 ], [ -73.966256185616672, 40.797243122553027 ], [ -73.96621991784167, 40.797241092109495 ], [ -73.966194291238494, 40.79724301616821 ], [ -73.966170823582544, 40.797247314571884 ], [ -73.966149216446155, 40.797253632437368 ], [ -73.966133619424284, 40.797259803482291 ], [ -73.966118243233197, 40.797267450508947 ], [ -73.966099937008138, 40.797279082283126 ], [ -73.96608726711861, 40.797289265007848 ], [ -73.966077552850606, 40.797298722798423 ], [ -73.966065027219372, 40.797314139266952 ], [ -73.966057415926286, 40.797326507189112 ], [ -73.966053064964726, 40.797335482087966 ], [ -73.966048851436696, 40.797346818137058 ], [ -73.966045137850017, 40.797363006225204 ], [ -73.966044377659216, 40.797387490585557 ], [ -73.966046956352741, 40.797403268998728 ], [ -73.96605027682628, 40.797414398350881 ], [ -73.966057799816312, 40.797431150759415 ], [ -73.966066697568735, 40.797445150744856 ], [ -73.966076379692353, 40.797456960945446 ], [ -73.966086595906731, 40.797467082865644 ], [ -73.966100623516652, 40.79747836304778 ], [ -73.966110401689136, 40.797485406028862 ], [ -73.966120206388965, 40.797491552119354 ], [ -73.966132265867913, 40.797498056369854 ], [ -73.96614160461715, 40.797502402222847 ], [ -73.966148029239903, 40.797505077693103 ], [ -73.966157909864194, 40.797508733020798 ], [ -73.966168141445735, 40.797511973320297 ], [ -73.966181613741398, 40.797515460406139 ], [ -73.966190954909152, 40.797517388414491 ], [ -73.966204935030987, 40.797519565419613 ], [ -73.966214659393998, 40.797520596640773 ], [ -73.966227899628919, 40.797521383054921 ], [ -73.966237678959686, 40.79752150838771 ], [ -73.966251991044572, 40.797521003796639 ], [ -73.966259977934754, 40.797520361377025 ], [ -73.966271735672535, 40.797519055491684 ], [ -73.966282949255913, 40.797518266332624 ], [ -73.966293041561187, 40.797518099089906 ], [ -73.966295802473653, 40.797518141320168 ], [ -73.966305062644338, 40.797518566361823 ], [ -73.966315037076853, 40.797519511199717 ], [ -73.966324972148158, 40.797520966608417 ], [ -73.966332180682997, 40.797522355483501 ], [ -73.966339963697166, 40.797524183069214 ], [ -73.966345792842645, 40.797525784958992 ], [ -73.966351778269441, 40.797527648939514 ], [ -73.966359206574637, 40.797530287770492 ], [ -73.966371915979124, 40.79753571879003 ], [ -73.96732166897759, 40.79793205237155 ], [ -73.966905850477488, 40.798502338026069 ], [ -73.966326504264302, 40.798258912915294 ], [ -73.966148629784144, 40.798502856548097 ], [ -73.966147965159266, 40.798502577198121 ], [ -73.966003700946629, 40.798700426694843 ], [ -73.965273308049262, 40.79839352835539 ] ] ] ] } },
{ "type": "Feature", "properties": { "name": "DREW-HAMILTON", "borough": "MANHATTAN", "borough_primary": "MANHATTAN", "hvi_score_zcta": 5.0, "avg_monthly_rent_usd": 576.0, "is_senior_development": false, "total_population": "2,345" }, "geometry": { "type": "MultiPolygon", "coordinates": [ [ [ [ -73.940759966051232, 40.819757055619888 ], [ -73.94112282267244, 40.819263160637554 ], [ -73.941667882280484, 40.819493145330249 ], [ -73.941489794927335, 40.8197403566557 ], [ -73.941310438744352, 40.819989328421961 ], [ -73.940759966051232, 40.819757055619888 ] ] ], [ [ [ -73.941889778892488, 40.819909127364724 ], [ -73.942067862837561, 40.819661919029095 ], [ -73.943557986996481, 40.820290649879396 ], [ -73.943200555642889, 40.820786836064791 ], [ -73.942021795290259, 40.820289481569425 ], [ -73.942201149621582, 40.820040507808372 ], [ -73.941889778892488, 40.819909127364724 ] ] ], [ [ [ -73.940304176087338, 40.820377432800413 ], [ -73.940663291594404, 40.81988864048779 ], [ -73.941918405233835, 40.820418232039245 ], [ -73.941743457807164, 40.820661084197248 ], [ -73.941828581664254, 40.820697000245701 ], [ -73.941649776037622, 40.8209452064564 ], [ -73.940304176087338, 40.820377432800413 ] ] ], [ [ [ -73.941990464055507, 40.820765305203359 ], [ -73.942165409669471, 40.820522452674261 ], [ -73.943105326587357, 40.820919031503223 ], [ -73.94275158178111, 40.82141009244291 ], [ -73.941811658851094, 40.82101350986153 ], [ -73.941990464055507, 40.820765305203359 ] ] ], [ [ [ -73.941859235332444, 40.821852724314127 ], [ -73.942228413117789, 40.821348078183988 ], [ -73.942692154942762, 40.821544064866501 ], [ -73.942322979587715, 40.822048711564172 ], [ -73.941859235332444, 40.821852724314127 ] ] ] ] } },
{ "type": "Feature", "properties": { "name": "DYCKMAN", "borough": "MANHATTAN", "borough_primary": "MANHATTAN", "hvi_score_zcta": 1.0, "avg_monthly_rent_usd": 626.0, "is_senior_development": false, "total_population": "1,966" }, "geometry": { "type": "MultiPolygon", "coordinates": [ [ [ [ -73.920913321368118, 40.86204575750596 ], [ -73.923001394717474, 40.85920027053433 ], [ -73.924413318426403, 40.86140069786692 ], [ -73.923737289729502, 40.861773752927192 ], [ -73.921437864638449, 40.862619155331892 ], [ -73.920913321368118, 40.86204575750596 ] ] ] ] } },
{ "type": "Feature", "properties": { "name": "EAST 152ND STREET-COURTLANDT AVENUE", "borough": "BRONX", "borough_primary": "BRONX", "hvi_score_zcta": 5.0, "avg_monthly_rent_usd": 515.0, "is_senior_development": true, "total_population": "326" }, "geometry": { "type": "MultiPolygon", "coordinates": [ [ [ [ -73.917464573270379, 40.818344594010753 ], [ -73.917605117825161, 40.818038398605609 ], [ -73.917776138680409, 40.818082603615721 ], [ -73.917916911816931, 40.817775906405046 ], [ -73.91825630441781, 40.817862721294318 ], [ -73.91811515947019, 40.818170232699231 ], [ -73.918098057211424, 40.818165811719574 ], [ -73.917957514654901, 40.818472008619771 ], [ -73.917464573270379, 40.818344594010753 ] ] ], [ [ [ -73.917092977905924, 40.818962595054536 ], [ -73.917207916989227, 40.818702680794189 ], [ -73.917297007168671, 40.818725769532691 ], [ -73.917400474381296, 40.818752581251033 ], [ -73.917467807848695, 40.818770039672316 ], [ -73.917558463530966, 40.818793530050229 ], [ -73.917679048968012, 40.818520842201366 ], [ -73.918100626917408, 40.818630099832468 ], [ -73.917980043008953, 40.818902789017713 ], [ -73.917863549457081, 40.819166227474454 ], [ -73.917092977905924, 40.818962595054536 ] ] ] ] } },
{ "type": "Feature", "properties": { "name": "EAST 165TH STREET-BRYANT AVENUE", "borough": "BRONX", "borough_primary": "BRONX", "hvi_score_zcta": 5.0, "avg_monthly_rent_usd": 778.0, "is_senior_development": false, "total_population": "347" }, "geometry": { "type": "MultiPolygon", "coordinates": [ [ [ [ -73.890088249834449, 40.824729478227674 ], [ -73.890448856896697, 40.824711522389642 ], [ -73.890474132423066, 40.825014204983283 ], [ -73.889759693751301, 40.825049777278885 ], [ -73.889734649267155, 40.824749834057847 ], [ -73.890088478841903, 40.824732216855082 ], [ -73.890088249834449, 40.824729478227674 ] ] ], [ [ [ -73.88913674117272, 40.824671018462702 ], [ -73.88949927109816, 40.824653689685618 ], [ -73.88953299386543, 40.825057418964356 ], [ -73.888809687595099, 40.825091991737068 ], [ -73.888787037747477, 40.824820811567193 ], [ -73.88914781399076, 40.824803569551158 ], [ -73.889142839548015, 40.824744008647819 ], [ -73.889138446215469, 40.824691419944592 ], [ -73.88913674117272, 40.824671018462702 ] ] ], [ [ [ -73.888136025307588, 40.823946387960817 ], [ -73.888499580597554, 40.823928291597227 ], [ -73.888597629215738, 40.825107203565409 ], [ -73.88787351688471, 40.82514324740216 ], [ -73.887850526473258, 40.82486678710643 ], [ -73.888211075606762, 40.824848840910178 ], [ -73.888205631804425, 40.824783383061543 ], [ -73.888199709295733, 40.824712162472125 ], [ -73.888194006381454, 40.824643599458867 ], [ -73.888188311639098, 40.824575118397682 ], [ -73.88818259948134, 40.824506426602554 ], [ -73.888176904763753, 40.82443794463866 ], [ -73.888171177517009, 40.824369075428848 ], [ -73.888165481639305, 40.824300592561244 ], [ -73.888159657967648, 40.824230567918953 ], [ -73.888153963296361, 40.824162086851366 ], [ -73.888148408080852, 40.824095275438374 ], [ -73.888142712246989, 40.824026794367633 ], [ -73.888137038531553, 40.823958560953564 ], [ -73.888136025307588, 40.823946387960817 ] ] ], [ [ [ -73.889198642059682, 40.825244189780349 ], [ -73.889559248079266, 40.82522583329952 ], [ -73.8895761298769, 40.825444493538896 ], [ -73.88921560210963, 40.825462845645703 ], [ -73.889222053558953, 40.82554316619472 ], [ -73.888845198933836, 40.825562347924837 ], [ -73.888833086650763, 40.825427849849333 ], [ -73.888832869010287, 40.825425432707753 ], [ -73.888832420927173, 40.825420456134111 ], [ -73.888818275160503, 40.825263551748115 ], [ -73.889198642059682, 40.825244189780349 ] ] ], [ [ [ -73.888250393713406, 40.825286775027251 ], [ -73.888612385343578, 40.825268819968613 ], [ -73.888666317517419, 40.825916900594585 ], [ -73.888304322374793, 40.825934856721034 ], [ -73.888295944247417, 40.825834174941996 ], [ -73.888273186316212, 40.825560684825618 ], [ -73.888250393713406, 40.825286775027251 ] ] ] ] } },
{ "type": "Feature", "properties": { "name": "EAST 173RD STREET-VYSE AVENUE", "borough": "BRONX", "borough_primary": "BRONX", "hvi_score_zcta": 5.0, "avg_monthly_rent_usd": 714.0, "is_senior_development": false, "total_population": "364" }, "geometry": { "type": "MultiPolygon", "coordinates": [ [ [ [ -73.888091775224282, 40.833408268351683 ], [ -73.888671046910133, 40.832441472185003 ], [ -73.888993296198294, 40.831903628897201 ], [ -73.88932282231012, 40.832016272474227 ], [ -73.889654927870708, 40.832129796457686 ], [ -73.889579989567395, 40.832254672935768 ], [ -73.889247983041756, 40.832141183053338 ], [ -73.889247564773981, 40.832141040373443 ], [ -73.889210095267913, 40.83220347893657 ], [ -73.889210563301447, 40.832203638773912 ], [ -73.88923061408542, 40.832210492792079 ], [ -73.889020347557576, 40.832560875006131 ], [ -73.889000575139988, 40.832554116672299 ], [ -73.888928792485089, 40.832673924168894 ], [ -73.888872662545737, 40.832767605330609 ], [ -73.88887174543116, 40.832767291975131 ], [ -73.888794574578739, 40.832895883924337 ], [ -73.888795594781428, 40.83289623249928 ], [ -73.888776427365812, 40.832928222112038 ], [ -73.888495773936299, 40.833396631744208 ], [ -73.888826407303469, 40.833510412398851 ], [ -73.888751467076872, 40.833635287410218 ], [ -73.888420931564198, 40.833521540856893 ], [ -73.888091775224282, 40.833408268351683 ] ] ], [ [ [ -73.887887265224933, 40.833739906620359 ], [ -73.887998947360259, 40.833553879226415 ], [ -73.888667206021168, 40.833784594606058 ], [ -73.888404161869161, 40.8342280817443 ], [ -73.888072325960835, 40.834113516198485 ], [ -73.888113493963274, 40.834044942937403 ], [ -73.888140235402815, 40.834000400683983 ], [ -73.888168542630268, 40.833953247606622 ], [ -73.888196743998122, 40.833906273617949 ], [ -73.888226342314226, 40.833856972296076 ], [ -73.887887265224933, 40.833739906620359 ] ] ], [ [ [ -73.888724831558591, 40.834040032370574 ], [ -73.888803782401553, 40.833907815914721 ], [ -73.889147268890667, 40.834025559399926 ], [ -73.889068317406554, 40.834157775186632 ], [ -73.889035369935215, 40.834212951029365 ], [ -73.888994821596782, 40.834280855244856 ], [ -73.888965909227935, 40.834329274935591 ], [ -73.888938051405248, 40.834375925261497 ], [ -73.888909127066583, 40.834424363836064 ], [ -73.888565640124185, 40.834306620551438 ], [ -73.888594564663251, 40.834258181161402 ], [ -73.888622421493679, 40.834211530015942 ], [ -73.888651335245143, 40.834163111311859 ], [ -73.888724831558591, 40.834040032370574 ] ] ], [ [ [ -73.8870964139482, 40.835057185814044 ], [ -73.887313736976907, 40.834695206754908 ], [ -73.887653200768142, 40.83481163782082 ], [ -73.88768328141883, 40.834761533873532 ], [ -73.887711300375727, 40.834714863298323 ], [ -73.887739744937619, 40.834667484440786 ], [ -73.887775129372017, 40.834608547274385 ], [ -73.887809563774198, 40.834551191341824 ], [ -73.887848619560273, 40.834486136159406 ], [ -73.887886970220478, 40.83442225812496 ], [ -73.887925243528954, 40.834358506971576 ], [ -73.887963730773194, 40.834294399416905 ], [ -73.888297023747484, 40.834408712742672 ], [ -73.887774449841402, 40.835289739368662 ], [ -73.8870964139482, 40.835057185814044 ] ] ], [ [ [ -73.888360217395942, 40.83465062522162 ], [ -73.888473147432961, 40.83446150900717 ], [ -73.888816636196637, 40.834579252565518 ], [ -73.888808881940292, 40.834592237428666 ], [ -73.888703280108359, 40.834769081892361 ], [ -73.888664969878704, 40.834833237585592 ], [ -73.888598292403557, 40.834944896682117 ], [ -73.888595306946286, 40.834949896046489 ], [ -73.888526317908529, 40.835065424994042 ], [ -73.888479098469389, 40.835144501312584 ], [ -73.888371573521908, 40.835324560165375 ], [ -73.888028507348579, 40.835206103418251 ], [ -73.888136031849214, 40.835026043980186 ], [ -73.888255227785791, 40.834826439701217 ], [ -73.888360217395942, 40.83465062522162 ] ] ] ] } },
{ "type": "Feature", "properties": { "name": "EAST NEW YORK CITY LINE", "borough": "BROOKLYN", "borough_primary": "BROOKLYN", "hvi_score_zcta": 4.0, "avg_monthly_rent_usd": 726.0, "is_senior_development": false, "total_population": "250" }, "geometry": { "type": "MultiPolygon", "coordinates": [ [ [ [ -73.872436575945571, 40.667238797506386 ], [ -73.872733191335769, 40.66711080150106 ], [ -73.872767733543256, 40.667157397322619 ], [ -73.872804920463935, 40.667207562103385 ], [ -73.872842389365744, 40.667258107201683 ], [ -73.87289351816041, 40.667327078444004 ], [ -73.872907692312623, 40.667346198564864 ], [ -73.872611544922066, 40.667473992919355 ], [ -73.872436575945571, 40.667238797506386 ] ] ], [ [ [ -73.87371287257173, 40.667545059360265 ], [ -73.873337478388791, 40.667036177127208 ], [ -73.873663147602798, 40.66689673272375 ], [ -73.873733715403745, 40.666992200131915 ], [ -73.873772299350804, 40.667044396798886 ], [ -73.873805880609964, 40.667089825985158 ], [ -73.873840918742275, 40.667137225288485 ], [ -73.87387475370889, 40.667182999630121 ], [ -73.873996595165352, 40.667130829338731 ], [ -73.874044006512676, 40.667194967427442 ], [ -73.874081610547634, 40.667245840057298 ], [ -73.874124032238441, 40.667303227780607 ], [ -73.874160968730862, 40.667353194633982 ], [ -73.87371287257173, 40.667545059360265 ] ] ], [ [ [ -73.872948260202222, 40.667400923647534 ], [ -73.873258460782893, 40.667267064521809 ], [ -73.873316399937764, 40.667345222945237 ], [ -73.873365139381463, 40.667410970197423 ], [ -73.873189873817594, 40.667486602436945 ], [ -73.873345908019559, 40.667697083683251 ], [ -73.87315344490203, 40.667780136098266 ], [ -73.872997412295476, 40.667569654594125 ], [ -73.873054938345831, 40.667544829608651 ], [ -73.873018759618233, 40.667496024903237 ], [ -73.872980049495098, 40.667443808035351 ], [ -73.872948260202222, 40.667400923647534 ] ] ], [ [ [ -73.873472071772696, 40.668653248719238 ], [ -73.873029289656088, 40.668057134919259 ], [ -73.873217307236061, 40.66797705041985 ], [ -73.873374652645495, 40.668188991895541 ], [ -73.873496626012326, 40.668137038406485 ], [ -73.873549844313374, 40.668208721300381 ], [ -73.873585323243958, 40.668256510182573 ], [ -73.873638541734181, 40.668328193934983 ], [ -73.873709499901921, 40.668423770731351 ], [ -73.873743765201695, 40.668469923793531 ], [ -73.87378189390958, 40.668521281566612 ], [ -73.873472071772696, 40.668653248719238 ] ] ], [ [ [ -73.874456461513233, 40.671206209535896 ], [ -73.874826172136636, 40.671152066314733 ], [ -73.87483225941827, 40.671176702056442 ], [ -73.874848025819887, 40.671240500971344 ], [ -73.87486558345266, 40.671311555489993 ], [ -73.87488225256358, 40.671379010576217 ], [ -73.874900915988178, 40.671454540955736 ], [ -73.874901095583283, 40.671455266066673 ], [ -73.87491993864775, 40.671531520652657 ], [ -73.874933723835113, 40.671587299202812 ], [ -73.874939489567723, 40.671610636043532 ], [ -73.874569775309652, 40.671664780525198 ], [ -73.874456461513233, 40.671206209535896 ] ] ] ] } },
{ "type": "Feature", "properties": { "name": "EAST RIVER", "borough": "MANHATTAN", "borough_primary": "MANHATTAN", "hvi_score_zcta": 4.0, "avg_monthly_rent_usd": 560.0, "is_senior_development": false, "total_population": "2,020" }, "geometry": { "type": "MultiPolygon", "coordinates": [ [ [ [ -73.938557912630429, 40.787329985460993 ], [ -73.938646161467361, 40.787383844623484 ], [ -73.938668712081153, 40.787380310452747 ], [ -73.93869468268467, 40.787377252660789 ], [ -73.938732697659873, 40.787374190460554 ], [ -73.938758297239588, 40.787373910503099 ], [ -73.938791544140258, 40.787375319439448 ], [ -73.938825495449677, 40.787381174514373 ], [ -73.938856860765839, 40.78738922452964 ], [ -73.938878814891865, 40.787396602274306 ], [ -73.938893284194435, 40.787402088596117 ], [ -73.938909565813944, 40.787409285027934 ], [ -73.938936398652061, 40.787422032334518 ], [ -73.938957693295151, 40.787432834320562 ], [ -73.939142298019789, 40.787387852860903 ], [ -73.939591034526259, 40.786810585816959 ], [ -73.939455395524959, 40.786476398054404 ], [ -73.939320067774659, 40.786459964773272 ], [ -73.939581253429822, 40.786164015364101 ], [ -73.941729741824659, 40.787064817889963 ], [ -73.940451184794668, 40.788815623641668 ], [ -73.938223635851912, 40.787875335759303 ], [ -73.938245244068455, 40.787834222354725 ], [ -73.938518157331799, 40.787372728159987 ], [ -73.938557912630429, 40.787329985460993 ] ] ] ] } },
{ "type": "Feature", "properties": { "name": "ELLIOTT", "borough": "MANHATTAN", "borough_primary": "MANHATTAN", "hvi_score_zcta": 2.0, "avg_monthly_rent_usd": 668.0, "is_senior_development": false, "total_population": "1,163" }, "geometry": { "type": "MultiPolygon", "coordinates": [ [ [ [ -74.001749810161172, 40.748750586041176 ], [ -74.001924169991128, 40.748508287674142 ], [ -74.003039601465503, 40.748976834800125 ], [ -74.002685054856315, 40.749469538396248 ], [ -74.001724676703418, 40.749066134566768 ], [ -74.001904872384372, 40.748815725293682 ], [ -74.001749810161172, 40.748750586041176 ] ] ], [ [ [ -74.000394757430968, 40.749486234680774 ], [ -74.000673379577748, 40.749103564239896 ], [ -74.000713039631307, 40.749120288200281 ], [ -74.000885415010757, 40.748883538548405 ], [ -74.001648365657033, 40.749205256669462 ], [ -74.001517682835185, 40.74938474643249 ], [ -74.001120762901067, 40.749396161290534 ], [ -74.000900047113902, 40.749699304172353 ], [ -74.000394757430968, 40.749486234680774 ] ] ], [ [ [ -74.001701877170888, 40.749579389137978 ], [ -74.001897721584655, 40.749310401321836 ], [ -74.00257676003902, 40.749596726540247 ], [ -74.002125774752983, 40.750216153286949 ], [ -74.001858100279222, 40.750103285799128 ], [ -74.001846165105235, 40.749783896332737 ], [ -74.001717163001118, 40.749729500561841 ], [ -74.001716453102489, 40.749705331891903 ], [ -74.001705440857023, 40.74970068814585 ], [ -74.001701877170888, 40.749579389137978 ] ] ] ] } },
{ "type": "Feature", "properties": { "name": "FARRAGUT", "borough": "BROOKLYN", "borough_primary": "BROOKLYN", "hvi_score_zcta": 2.0, "avg_monthly_rent_usd": 643.0, "is_senior_development": false, "total_population": "2,743" }, "geometry": { "type": "MultiPolygon", "coordinates": [ [ [ [ -73.980606608200375, 40.69956818931847 ], [ -73.980684682408736, 40.698375158824312 ], [ -73.982645786779372, 40.698471144358635 ], [ -73.982620486575016, 40.698884403625492 ], [ -73.982859023697955, 40.698894110899005 ], [ -73.982808686780004, 40.699642656848802 ], [ -73.980606608200375, 40.69956818931847 ] ] ], [ [ [ -73.980534053098026, 40.700624248129252 ], [ -73.980585269787582, 40.69982966022777 ], [ -73.982794720073073, 40.699904339083993 ], [ -73.982713962194751, 40.701259256303679 ], [ -73.981234420876234, 40.701209257798034 ], [ -73.981153947117193, 40.701202796083379 ], [ -73.981101896484205, 40.701194398379535 ], [ -73.981067129288604, 40.701186462757569 ], [ -73.981031593152608, 40.701177978586465 ], [ -73.980986003386874, 40.701164185126409 ], [ -73.980942541641383, 40.701148500925648 ], [ -73.980918464789426, 40.70113729186599 ], [ -73.980884432797325, 40.701119840600661 ], [ -73.980847153866748, 40.701098812851733 ], [ -73.980802607339541, 40.701070208771782 ], [ -73.980760690642043, 40.701039379048595 ], [ -73.980721604882518, 40.701006467800688 ], [ -73.980703171508239, 40.700989290147113 ], [ -73.980682796257014, 40.700968717234105 ], [ -73.980654584324625, 40.700932308397782 ], [ -73.980633747421336, 40.700904359304943 ], [ -73.980611275899477, 40.700870308063173 ], [ -73.980587062365146, 40.700829225325492 ], [ -73.980565818585447, 40.700784715735352 ], [ -73.980554901515816, 40.700754260375987 ], [ -73.980543514681287, 40.700707699278574 ], [ -73.980534053098026, 40.700624248129252 ] ] ], [ [ [ -73.983096104398967, 40.699907023142998 ], [ -73.983919580798513, 40.699906796241955 ], [ -73.983895732443116, 40.700463003198657 ], [ -73.984334577653456, 40.700477852873448 ], [ -73.98471175500454, 40.700490615219216 ], [ -73.984666291449017, 40.701320951470514 ], [ -73.983018020659316, 40.70126267848655 ], [ -73.983096104398967, 40.699907023142998 ] ] ] ] } },
{ "type": "Feature", "properties": { "name": "FHA REPOSSESSED HOUSES (GROUP I)", "borough": "", "borough_primary": "QUEENS", "hvi_score_zcta": 5.0, "avg_monthly_rent_usd": 901.0, "is_senior_development": false, "total_population": "18" }, "geometry": { "type": "MultiPolygon", "coordinates": [ [ [ [ -73.748199531336979, 40.611372894894508 ], [ -73.748448773980527, 40.611275024526392 ], [ -73.748498256631549, 40.611327037081807 ], [ -73.748540367103189, 40.611371299174564 ], [ -73.74829537999824, 40.611489990175549 ], [ -73.748269350234708, 40.611458190593702 ], [ -73.748257479028268, 40.61144368848997 ], [ -73.74823464224886, 40.61141578912541 ], [ -73.748199531336979, 40.611372894894508 ] ] ], [ [ [ -73.791860333493858, 40.669115335728414 ], [ -73.791871403780917, 40.669053887404274 ], [ -73.792227322970561, 40.669094043030313 ], [ -73.792226372156478, 40.669099324474431 ], [ -73.792216253004739, 40.669155491388501 ], [ -73.791860333493858, 40.669115335728414 ] ] ], [ [ [ -73.789639194621103, 40.671830084163609 ], [ -73.78969934948347, 40.671570797241252 ], [ -73.789768044096292, 40.671580213335311 ], [ -73.789707889492618, 40.671839500293274 ], [ -73.789639194621103, 40.671830084163609 ] ] ], [ [ [ -73.761774616737256, 40.67371635913338 ], [ -73.76202112655119, 40.673456766834697 ], [ -73.762094148420317, 40.67349602885232 ], [ -73.761847638745508, 40.673755621306249 ], [ -73.761774616737256, 40.67371635913338 ] ] ], [ [ [ -73.806114203165265, 40.676098345218641 ], [ -73.806451514388286, 40.676001402046502 ], [ -73.806502055190109, 40.676101794536798 ], [ -73.806163435929619, 40.676199112237043 ], [ -73.806114203165265, 40.676098345218641 ] ] ], [ [ [ -73.761350840571254, 40.678263025395083 ], [ -73.761521672699843, 40.678022928835027 ], [ -73.761617101384644, 40.678061690253699 ], [ -73.761446492715677, 40.67830147121802 ], [ -73.761350840571254, 40.678263025395083 ] ] ], [ [ [ -73.74991343557285, 40.681417018837571 ], [ -73.749978620091326, 40.681307407563914 ], [ -73.750254716411249, 40.681404093807231 ], [ -73.750193046644668, 40.681507795660735 ], [ -73.750045482843333, 40.681459888336462 ], [ -73.74992222580461, 40.681419872206142 ], [ -73.74991343557285, 40.681417018837571 ] ] ], [ [ [ -73.79104954893559, 40.682053022554541 ], [ -73.791112694917388, 40.682026510091404 ], [ -73.791283938796937, 40.682268065612057 ], [ -73.791220794096674, 40.682294578170925 ], [ -73.79104954893559, 40.682053022554541 ] ] ], [ [ [ -73.804806866305412, 40.683326318125168 ], [ -73.804879788184394, 40.683305560072519 ], [ -73.805007087238366, 40.683562602074232 ], [ -73.804934113499755, 40.683583256915668 ], [ -73.8049284164521, 40.683571753771041 ], [ -73.804806866305412, 40.683326318125168 ] ] ], [ [ [ -73.797866860284572, 40.683595785993404 ], [ -73.798206496056522, 40.683500454815984 ], [ -73.798225872746812, 40.683539896689183 ], [ -73.797886116269524, 40.683635262844859 ], [ -73.797866860284572, 40.683595785993404 ] ] ], [ [ [ -73.766888536925805, 40.687220549808679 ], [ -73.766898029049599, 40.687213866831861 ], [ -73.767129882691265, 40.687406453866394 ], [ -73.767028513689894, 40.687479615569679 ], [ -73.766795491607965, 40.687286056508292 ], [ -73.766888536925805, 40.687220549808679 ] ] ], [ [ [ -73.743094624489132, 40.69210063362673 ], [ -73.743230276456543, 40.691841831794747 ], [ -73.743291490420589, 40.691860317767116 ], [ -73.743155837936257, 40.692119118571227 ], [ -73.743094624489132, 40.69210063362673 ] ] ], [ [ [ -73.747310947015492, 40.694469325095639 ], [ -73.747646792154754, 40.694374851628559 ], [ -73.74767269626247, 40.694428890007721 ], [ -73.74733685089177, 40.694523362451839 ], [ -73.747310947015492, 40.694469325095639 ] ] ], [ [ [ -73.759206221584563, 40.697397829898271 ], [ -73.759307193795635, 40.697371612739978 ], [ -73.759424464532216, 40.697632973009021 ], [ -73.75932349269064, 40.697659190819678 ], [ -73.759206221584563, 40.697397829898271 ] ] ], [ [ [ -73.766208508400453, 40.697918674951808 ], [ -73.766266435894806, 40.697846639559785 ], [ -73.766576169458631, 40.697989559031981 ], [ -73.766518242178705, 40.698061593480674 ], [ -73.766208508400453, 40.697918674951808 ] ] ], [ [ [ -73.741436203684913, 40.702746494768896 ], [ -73.741458520182036, 40.702696597636503 ], [ -73.741805662685181, 40.702785576440128 ], [ -73.741778378920188, 40.702846579391931 ], [ -73.741431236131561, 40.702757601604681 ], [ -73.741436203684913, 40.702746494768896 ] ] ], [ [ [ -73.767370827098816, 40.706396057264463 ], [ -73.767705408684265, 40.706340753294612 ], [ -73.767722248562521, 40.706409365997395 ], [ -73.767391788003749, 40.706463989405918 ], [ -73.767370827098816, 40.706396057264463 ] ] ], [ [ [ -73.741329876456405, 40.70782840977629 ], [ -73.741323356288447, 40.707614348743611 ], [ -73.741660170472727, 40.7076947206508 ], [ -73.741648929479112, 40.707721652411699 ], [ -73.741329876456405, 40.70782840977629 ] ] ], [ [ [ -73.755178810364612, 40.708578439591015 ], [ -73.755521992685658, 40.708495570832767 ], [ -73.755556159003163, 40.708577779105624 ], [ -73.755212976299447, 40.708660648513735 ], [ -73.755195794642859, 40.7086193064209 ], [ -73.755178810364612, 40.708578439591015 ] ] ] ] } },
{ "type": "Feature", "properties": { "name": "FHA REPOSSESSED HOUSES (GROUP II)", "borough": "", "borough_primary": "BRONX", "hvi_score_zcta": 5.0, "avg_monthly_rent_usd": 1308.0, "is_senior_development": false, "total_population": "19" }, "geometry": { "type": "MultiPolygon", "coordinates": [ [ [ [ -73.790618187947842, 40.668155722168109 ], [ -73.790631344836513, 40.66808534347706 ], [ -73.790984020384684, 40.668123646527746 ], [ -73.790970863860608, 40.668194025258806 ], [ -73.790878616024202, 40.668184007124786 ], [ -73.790793382099153, 40.668174749351316 ], [ -73.790705733839459, 40.668165230759392 ], [ -73.790618187947842, 40.668155722168109 ] ] ], [ [ [ -73.798381800137008, 40.671813036688867 ], [ -73.798371552032165, 40.671734807229413 ], [ -73.798780169548365, 40.671773832118561 ], [ -73.798813016041578, 40.671854219484501 ], [ -73.798381800137008, 40.671813036688867 ] ] ], [ [ [ -73.803837686579769, 40.682131631970542 ], [ -73.804179637945751, 40.682034469527807 ], [ -73.804191947507533, 40.682059621126641 ], [ -73.804204814032857, 40.68208591001045 ], [ -73.803863581977922, 40.682182867895506 ], [ -73.803837686579769, 40.682131631970542 ] ] ], [ [ [ -73.740054708072904, 40.687335278163268 ], [ -73.740165796128551, 40.687133458137069 ], [ -73.740336606377255, 40.687185367110182 ], [ -73.740225519469021, 40.687387188399498 ], [ -73.740054708072904, 40.687335278163268 ] ] ], [ [ [ -73.780219163598503, 40.694599854344098 ], [ -73.780347109313695, 40.694546376189216 ], [ -73.780525144406468, 40.694784974548178 ], [ -73.780397322601473, 40.694838619469962 ], [ -73.780219163598503, 40.694599854344098 ] ] ], [ [ [ -73.75874683841019, 40.699949376175375 ], [ -73.759052897049585, 40.699869809976931 ], [ -73.759086679022118, 40.699945183642058 ], [ -73.758780098812437, 40.700024885526908 ], [ -73.75874683841019, 40.699949376175375 ] ] ], [ [ [ -73.784979075088117, 40.701806318934587 ], [ -73.785307985281975, 40.701704468849577 ], [ -73.785342037837111, 40.701764000085127 ], [ -73.785013143899619, 40.701865878843137 ], [ -73.785005015099742, 40.701851665493045 ], [ -73.784979075088117, 40.701806318934587 ] ] ], [ [ [ -73.740593419587924, 40.705399196283182 ], [ -73.74070354102183, 40.705134413177092 ], [ -73.740788052349501, 40.705154203971944 ], [ -73.740806917219459, 40.70515861997989 ], [ -73.740696796153941, 40.705423403733064 ], [ -73.740593419587924, 40.705399196283182 ] ] ], [ [ [ -73.750092346021177, 40.706928396217052 ], [ -73.750432987884039, 40.706839129150381 ], [ -73.750438479804657, 40.706851420631757 ], [ -73.75046174377168, 40.706903486200353 ], [ -73.750121227261161, 40.706992720137841 ], [ -73.750092346021177, 40.706928396217052 ] ] ], [ [ [ -73.848906253749476, 40.815962560548144 ], [ -73.849298050875603, 40.815912300308888 ], [ -73.849308922793696, 40.815959322307755 ], [ -73.848917048062802, 40.816009592912259 ], [ -73.848912254409981, 40.815988703673057 ], [ -73.848906253749476, 40.815962560548144 ] ] ] ] } },
{ "type": "Feature", "properties": { "name": "FHA REPOSSESSED HOUSES (GROUP III)", "borough": "", "borough_primary": "BRONX", "hvi_score_zcta": 5.0, "avg_monthly_rent_usd": 948.0, "is_senior_development": false, "total_population": "15" }, "geometry": { "type": "MultiPolygon", "coordinates": [ [ [ [ -73.790655290768115, 40.668435057282935 ], [ -73.790705733839459, 40.668165230759392 ], [ -73.790793382099153, 40.668174749351316 ], [ -73.790742940096081, 40.668444575914329 ], [ -73.790655290768115, 40.668435057282935 ] ] ], [ [ [ -73.742469638723932, 40.670151246840867 ], [ -73.742519263340412, 40.670071634989505 ], [ -73.742845056496833, 40.670189854345502 ], [ -73.742795447302527, 40.670269471310633 ], [ -73.742469638723932, 40.670151246840867 ] ] ], [ [ [ -73.805489929749371, 40.680239892795555 ], [ -73.805858673964977, 40.680134680137236 ], [ -73.805892607372698, 40.680203718646098 ], [ -73.805523862832089, 40.680308930314389 ], [ -73.805489929749371, 40.680239892795555 ] ] ], [ [ [ -73.794964363623464, 40.682567060390653 ], [ -73.795304604998719, 40.682471657601958 ], [ -73.795317578589874, 40.682498129928 ], [ -73.795324409367794, 40.682512066895669 ], [ -73.794984125234393, 40.682607481194673 ], [ -73.794964363623464, 40.682567060390653 ] ] ], [ [ [ -73.765599218470456, 40.698153043478108 ], [ -73.765674508091877, 40.698059391845376 ], [ -73.765940360219687, 40.69818206384015 ], [ -73.765858257896568, 40.698272572191172 ], [ -73.765599218470456, 40.698153043478108 ] ] ], [ [ [ -73.74508913738849, 40.699353957181991 ], [ -73.745429798475143, 40.699263945192769 ], [ -73.745468615012555, 40.699349569856651 ], [ -73.745127827909727, 40.699439615167876 ], [ -73.74508913738849, 40.699353957181991 ] ] ], [ [ [ -73.747401343900066, 40.705359457864873 ], [ -73.74774218366251, 40.705270300743507 ], [ -73.747766617809063, 40.705324675598391 ], [ -73.747775882020903, 40.705345292147506 ], [ -73.747435100405198, 40.705434434674316 ], [ -73.747401343900066, 40.705359457864873 ] ] ], [ [ [ -73.745459192094799, 40.705505595933396 ], [ -73.745572754962851, 40.705476043129224 ], [ -73.74567497419514, 40.705703326221297 ], [ -73.745570706234119, 40.705718929311509 ], [ -73.745556117872894, 40.705721111001068 ], [ -73.745459192094799, 40.705505595933396 ] ] ], [ [ [ -73.752904236105024, 40.71095303873394 ], [ -73.753183227401507, 40.710884731361041 ], [ -73.753201869484087, 40.710929323392278 ], [ -73.753208830786363, 40.710945971642737 ], [ -73.752929786550297, 40.711014291590047 ], [ -73.752904236105024, 40.71095303873394 ] ] ], [ [ [ -73.835377115354561, 40.872660218329607 ], [ -73.835706095407247, 40.872571461429345 ], [ -73.835720664993772, 40.872602484632502 ], [ -73.835729565884535, 40.872621435170146 ], [ -73.835400602260805, 40.872710187219774 ], [ -73.835377115354561, 40.872660218329607 ] ] ] ] } },
{ "type": "Feature", "properties": { "name": "FHA REPOSSESSED HOUSES (GROUP IV)", "borough": "", "borough_primary": "BRONX", "hvi_score_zcta": 5.0, "avg_monthly_rent_usd": 1106.0, "is_senior_development": false, "total_population": "13" }, "geometry": { "type": "MultiPolygon", "coordinates": [ [ [ [ -73.759653493281462, 40.671720172240477 ], [ -73.759858456337895, 40.671493275397978 ], [ -73.759980160426068, 40.671558274487396 ], [ -73.759775196862876, 40.671785171543483 ], [ -73.759653493281462, 40.671720172240477 ] ] ], [ [ [ -73.794386524583729, 40.67728058334334 ], [ -73.794724210071934, 40.677185050330429 ], [ -73.794740146068804, 40.677217559958386 ], [ -73.794754125904305, 40.677246079573607 ], [ -73.794416440149931, 40.677341612673544 ], [ -73.794386524583729, 40.67728058334334 ] ] ], [ [ [ -73.732191024937876, 40.68537657183407 ], [ -73.732242539389972, 40.685277225124857 ], [ -73.73257759001622, 40.685378643419838 ], [ -73.73252607598485, 40.685477990277882 ], [ -73.732191024937876, 40.68537657183407 ] ] ], [ [ [ -73.811653915552483, 40.686685498014626 ], [ -73.81196635009529, 40.686598790372663 ], [ -73.812018299969907, 40.686702946223491 ], [ -73.811705865727845, 40.686789654006503 ], [ -73.811694191521241, 40.686766246656696 ], [ -73.811653915552483, 40.686685498014626 ] ] ], [ [ [ -73.750835443670184, 40.686981586197774 ], [ -73.750928485762856, 40.686939573422158 ], [ -73.751089157077686, 40.687151480079159 ], [ -73.750996114792514, 40.687193492434666 ], [ -73.750835443670184, 40.686981586197774 ] ] ], [ [ [ -73.758888336771903, 40.688886474440842 ], [ -73.759016705989239, 40.688842253729945 ], [ -73.759165537357788, 40.689095396916727 ], [ -73.759037168469078, 40.689139618891673 ], [ -73.758888336771903, 40.688886474440842 ] ] ], [ [ [ -73.764155043516567, 40.690138131945211 ], [ -73.764183255599846, 40.690117741699773 ], [ -73.764431510792107, 40.69031681080024 ], [ -73.764383736264378, 40.690351339488913 ], [ -73.764135481086186, 40.690152270286241 ], [ -73.764155043516567, 40.690138131945211 ] ] ], [ [ [ -73.750551809271258, 40.701653753961203 ], [ -73.750893127957525, 40.701564573733236 ], [ -73.750900249462987, 40.701580400707584 ], [ -73.750913724156717, 40.701610352328153 ], [ -73.750572406710347, 40.701699531521875 ], [ -73.750551809271258, 40.701653753961203 ] ] ], [ [ [ -73.845431952274424, 40.816482777304401 ], [ -73.845830481178638, 40.816427606698049 ], [ -73.84583879605313, 40.816463594009932 ], [ -73.845840914314252, 40.816472754887869 ], [ -73.845442561511049, 40.816527899965891 ], [ -73.845431952274424, 40.816482777304401 ] ] ] ] } },
{ "type": "Feature", "properties": { "name": "FHA REPOSSESSED HOUSES (GROUP IX)", "borough": "", "borough_primary": "BROOKLYN", "hvi_score_zcta": 5.0, "avg_monthly_rent_usd": 1020.0, "is_senior_development": false, "total_population": "23" }, "geometry": { "type": "MultiPolygon", "coordinates": [ [ [ [ -73.927825072775121, 40.66090651377916 ], [ -73.928104471738024, 40.660726666286614 ], [ -73.928132019677165, 40.660751381035702 ], [ -73.928157723999846, 40.660774441719909 ], [ -73.927878324260078, 40.660954288791437 ], [ -73.927825072775121, 40.66090651377916 ] ] ], [ [ [ -73.876769051601528, 40.667299600036131 ], [ -73.877086408403969, 40.667163781438624 ], [ -73.877120584274579, 40.667209622839351 ], [ -73.876803093123996, 40.667345498478078 ], [ -73.876769051601528, 40.667299600036131 ] ] ], [ [ [ -73.878257623308698, 40.669652858926909 ], [ -73.878616486322201, 40.669601690070721 ], [ -73.878629046393712, 40.669652301132288 ], [ -73.87827022277952, 40.669703465128684 ], [ -73.878257623308698, 40.669652858926909 ] ] ], [ [ [ -73.76678554522465, 40.669542875602453 ], [ -73.766762148209452, 40.669334729442333 ], [ -73.766876297500801, 40.669347460018841 ], [ -73.766912436147322, 40.669668959259049 ], [ -73.766797881401104, 40.669676767683349 ], [ -73.766791645126517, 40.669621279615839 ], [ -73.766782851784342, 40.669543058983642 ], [ -73.76678554522465, 40.669542875602453 ] ] ], [ [ [ -73.878317969090205, 40.669895248350002 ], [ -73.878306719403625, 40.669850059031859 ], [ -73.878299429086823, 40.669820774955959 ], [ -73.878658161001539, 40.669769624495679 ], [ -73.878676921404065, 40.669845221777052 ], [ -73.878390612333732, 40.669886045062825 ], [ -73.878390411939137, 40.669885235690039 ], [ -73.878317969090205, 40.669895248350002 ] ] ], [ [ [ -73.878430611143926, 40.670047227832548 ], [ -73.878716920160755, 40.670006404447193 ], [ -73.878731639010027, 40.67006571213313 ], [ -73.878445328304693, 40.670106536102232 ], [ -73.878430611143926, 40.670047227832548 ] ] ], [ [ [ -73.980640271313277, 40.679286521598016 ], [ -73.980810313953967, 40.679035780984073 ], [ -73.98088026449679, 40.679062903306779 ], [ -73.980710221329034, 40.679313644023082 ], [ -73.980640271313277, 40.679286521598016 ] ] ], [ [ [ -73.962328066743169, 40.684953811840948 ], [ -73.962413984433354, 40.68494419920011 ], [ -73.962471176174446, 40.685231517516002 ], [ -73.962385258844733, 40.685241128003533 ], [ -73.962328066743169, 40.684953811840948 ] ] ], [ [ [ -73.781849573523573, 40.686681105729178 ], [ -73.781949498662911, 40.686648274323389 ], [ -73.782094250206399, 40.686894835378496 ], [ -73.781994325489947, 40.68692766691035 ], [ -73.781849573523573, 40.686681105729178 ] ] ], [ [ [ -73.971781402707293, 40.692184084660532 ], [ -73.972148300453625, 40.692142366812774 ], [ -73.972148499809222, 40.692143368152784 ], [ -73.972156368298741, 40.692182759141673 ], [ -73.971789558326833, 40.692224466606447 ], [ -73.971781402707293, 40.692184084660532 ] ] ], [ [ [ -73.967798817923139, 40.69539028440682 ], [ -73.968158474361985, 40.695348573421285 ], [ -73.968168179847254, 40.695397423646568 ], [ -73.967808524593181, 40.695439135211437 ], [ -73.96780171171963, 40.695404847858207 ], [ -73.967798817923139, 40.69539028440682 ] ] ], [ [ [ -73.967818770177644, 40.695490699643457 ], [ -73.968178425703101, 40.69544898859575 ], [ -73.968188295989265, 40.695498661745738 ], [ -73.96793902237998, 40.695527571286888 ], [ -73.967828640202029, 40.69554037282402 ], [ -73.967824456339429, 40.695519318185319 ], [ -73.967818770177644, 40.695490699643457 ] ] ] ] } },
{ "type": "Feature", "properties": { "name": "FHA REPOSSESSED HOUSES (GROUP V)", "borough": "", "borough_primary": "BROOKLYN", "hvi_score_zcta": 5.0, "avg_monthly_rent_usd": 940.0, "is_senior_development": false, "total_population": "50" }, "geometry": { "type": "MultiPolygon", "coordinates": [ [ [ [ -73.897297414554885, 40.65677574704354 ], [ -73.897657668387481, 40.656722235823892 ], [ -73.897674817030889, 40.656789264949126 ], [ -73.897314562127704, 40.656842777319419 ], [ -73.897307101078482, 40.656813613381324 ], [ -73.897297414554885, 40.65677574704354 ] ] ], [ [ [ -73.802176199879113, 40.669222294495015 ], [ -73.802536675652362, 40.669220942484742 ], [ -73.802537194250888, 40.669278580539547 ], [ -73.802176719604688, 40.669279933651829 ], [ -73.802176227479634, 40.669225385717972 ], [ -73.802176199879113, 40.669222294495015 ] ] ], [ [ [ -73.802785207544801, 40.673879362655356 ], [ -73.803156007685601, 40.673876927897211 ], [ -73.803156296638747, 40.673902392284724 ], [ -73.803156612567577, 40.673930198566438 ], [ -73.802785813572626, 40.67393263332891 ], [ -73.802785207544801, 40.673879362655356 ] ] ], [ [ [ -73.752896667380995, 40.674985374408152 ], [ -73.752960585762722, 40.674856979937566 ], [ -73.753295611950293, 40.674963010750467 ], [ -73.753231694830959, 40.67509140595606 ], [ -73.752896667380995, 40.674985374408152 ] ] ], [ [ [ -73.804059331565497, 40.675571391459229 ], [ -73.804132476083154, 40.67555131715536 ], [ -73.804255022010736, 40.675802122065761 ], [ -73.804181954656784, 40.675822356324957 ], [ -73.804059331565497, 40.675571391459229 ] ] ], [ [ [ -73.793486626532825, 40.678750831644102 ], [ -73.793831206406779, 40.678654991939233 ], [ -73.793855591762323, 40.67870475075604 ], [ -73.79351083456659, 40.678800732395203 ], [ -73.793486626532825, 40.678750831644102 ] ] ], [ [ [ -73.768353175957458, 40.68124811622495 ], [ -73.768473177837691, 40.681227696125568 ], [ -73.768535499822164, 40.681435346268053 ], [ -73.768386542320599, 40.681460692676339 ], [ -73.76832422077446, 40.681253043002762 ], [ -73.768353175957458, 40.68124811622495 ] ] ], [ [ [ -73.76586612372428, 40.684422333839485 ], [ -73.766207353343873, 40.68433882487669 ], [ -73.766231469538496, 40.684394050567896 ], [ -73.765890239666604, 40.684477559601582 ], [ -73.76586612372428, 40.684422333839485 ] ] ], [ [ [ -73.796685678354351, 40.687327303499636 ], [ -73.797028504714447, 40.687229231725048 ], [ -73.797053659921914, 40.687280679198267 ], [ -73.796710834055418, 40.687378751048364 ], [ -73.796685678354351, 40.687327303499636 ] ] ], [ [ [ -73.758491597048547, 40.691557185893217 ], [ -73.758829745440892, 40.691461693790416 ], [ -73.758859448793672, 40.691522920155712 ], [ -73.75852129940813, 40.691618413441418 ], [ -73.758491597048547, 40.691557185893217 ] ] ], [ [ [ -73.78624634150124, 40.691986300116746 ], [ -73.786320215110152, 40.691924034792827 ], [ -73.786585823601243, 40.692106044165193 ], [ -73.78648914954087, 40.69218752636305 ], [ -73.786223540987223, 40.692005517318421 ], [ -73.78624634150124, 40.691986300116746 ] ] ], [ [ [ -73.758772327106897, 40.692135851611624 ], [ -73.759110478033975, 40.692040358142009 ], [ -73.759173766600782, 40.692170810531493 ], [ -73.75883561509886, 40.692266305283411 ], [ -73.758803694400044, 40.69220050476229 ], [ -73.758772327106897, 40.692135851611624 ] ] ], [ [ [ -73.761856664634223, 40.693294346984388 ], [ -73.762289246508828, 40.693173495541252 ], [ -73.762273123410239, 40.693298571450896 ], [ -73.761908297126425, 40.693400493951522 ], [ -73.761856664634223, 40.693294346984388 ] ] ], [ [ [ -73.783281190598814, 40.695207024074044 ], [ -73.783582364520001, 40.695078259139706 ], [ -73.783626317143344, 40.695138172418112 ], [ -73.783325143038283, 40.695266936917498 ], [ -73.783298284723131, 40.695230324829431 ], [ -73.783281190598814, 40.695207024074044 ] ] ], [ [ [ -73.754084278677482, 40.695735450866188 ], [ -73.754190243997002, 40.695707559175709 ], [ -73.754307316477707, 40.695967556341621 ], [ -73.754201083947478, 40.695994856892717 ], [ -73.754084278677482, 40.695735450866188 ] ] ], [ [ [ -73.788870817100488, 40.696923803088275 ], [ -73.78919392711154, 40.696792770756254 ], [ -73.78928206798372, 40.696912716357858 ], [ -73.788958957561121, 40.69704375003321 ], [ -73.788831623514966, 40.697095388335775 ], [ -73.788704288551926, 40.69714702594689 ], [ -73.7885864213128, 40.697194824399524 ], [ -73.788523819397184, 40.697064521400911 ], [ -73.788674187101634, 40.697003542993784 ], [ -73.788729721204461, 40.696981021961776 ], [ -73.788870817100488, 40.696923803088275 ] ] ], [ [ [ -73.757744154591521, 40.697047512733725 ], [ -73.757861939946082, 40.697016391081746 ], [ -73.757972647300576, 40.697263271871797 ], [ -73.757867858946085, 40.697290959816137 ], [ -73.757842297590457, 40.697240655194577 ], [ -73.757812084919692, 40.697181197924344 ], [ -73.757784230562152, 40.697126380440743 ], [ -73.757744154591521, 40.697047512733725 ] ] ], [ [ [ -73.790575266568652, 40.697824572819904 ], [ -73.79089053044126, 40.697690240905786 ], [ -73.790978307765087, 40.697809015801248 ], [ -73.790663043506029, 40.697943348502676 ], [ -73.790646862051787, 40.69792145035052 ], [ -73.790611502036043, 40.697873604435273 ], [ -73.790575266568652, 40.697824572819904 ] ] ], [ [ [ -73.770432003465004, 40.699494207339669 ], [ -73.770506773629776, 40.699400315485818 ], [ -73.770819683275704, 40.699543907769474 ], [ -73.770744442408983, 40.699637584245302 ], [ -73.770432003465004, 40.699494207339669 ] ] ], [ [ [ -73.743906030039582, 40.699778100983437 ], [ -73.744248238091203, 40.699688562542235 ], [ -73.744282548378038, 40.699765108295175 ], [ -73.743940041787056, 40.699854724674765 ], [ -73.743906030039582, 40.699778100983437 ] ] ], [ [ [ -73.754991115829284, 40.700426739461804 ], [ -73.755336615105676, 40.700335604529833 ], [ -73.755373724689889, 40.70041788563325 ], [ -73.755028100852343, 40.700509053897584 ], [ -73.754991115829284, 40.700426739461804 ] ] ], [ [ [ -73.765989974238565, 40.703618990834933 ], [ -73.766079709746265, 40.703588878607199 ], [ -73.766189220626671, 40.70385200222691 ], [ -73.766130366172845, 40.703871752084908 ], [ -73.766099484812315, 40.703882115087907 ], [ -73.765989974238565, 40.703618990834933 ] ] ], [ [ [ -73.750527465559543, 40.703727256885408 ], [ -73.750600808828509, 40.703708107971252 ], [ -73.750715295071927, 40.703968573923788 ], [ -73.750641951547223, 40.703987723459157 ], [ -73.750527465559543, 40.703727256885408 ] ] ], [ [ [ -73.747250004682058, 40.704163247582507 ], [ -73.747592076345143, 40.704076186776248 ], [ -73.747627670011454, 40.70415450137655 ], [ -73.747285597992999, 40.704241562287699 ], [ -73.747283883233024, 40.704237792689895 ], [ -73.747250004682058, 40.704163247582507 ] ] ], [ [ [ -73.770371092736141, 40.706877042114272 ], [ -73.770849764691661, 40.706795400844157 ], [ -73.770864218666929, 40.706846619639094 ], [ -73.770385544922391, 40.706928259868015 ], [ -73.770371092736141, 40.706877042114272 ] ] ], [ [ [ -73.745710858280461, 40.708845955292787 ], [ -73.746057820822443, 40.708768988658605 ], [ -73.746094759998314, 40.70886942624211 ], [ -73.74574779769334, 40.708946394086084 ], [ -73.745710858280461, 40.708845955292787 ] ] ], [ [ [ -73.749481250806866, 40.710058973640422 ], [ -73.749822393091748, 40.709975595911942 ], [ -73.749857960658503, 40.710061633486923 ], [ -73.749516944339817, 40.710144980304342 ], [ -73.749481250806866, 40.710058973640422 ] ] ], [ [ [ -73.734510466198387, 40.71367333413972 ], [ -73.734625659078077, 40.713396201890347 ], [ -73.734697649143882, 40.713413817445712 ], [ -73.734765970693161, 40.713430535746006 ], [ -73.734650777618313, 40.71370766758394 ], [ -73.734510466198387, 40.71367333413972 ] ] ] ] } },
{ "type": "Feature", "properties": { "name": "FHA REPOSSESSED HOUSES (GROUP VI)", "borough": "", "borough_primary": "QUEENS", "hvi_score_zcta": 5.0, "avg_monthly_rent_usd": 731.0, "is_senior_development": false, "total_population": "4" }, "geometry": { "type": "MultiPolygon", "coordinates": [ [ [ [ -73.763641460867731, 40.668317355357985 ], [ -73.76372941235708, 40.668120788039666 ], [ -73.763872629453402, 40.668142171384801 ], [ -73.763786436254307, 40.668334809141783 ], [ -73.763641460867731, 40.668317355357985 ] ] ], [ [ [ -73.79797740668846, 40.678330308199605 ], [ -73.798274028061286, 40.678248145392963 ], [ -73.798279539530142, 40.678264690165754 ], [ -73.798291531420276, 40.67830069252404 ], [ -73.798002002348341, 40.678380891035758 ], [ -73.79797740668846, 40.678330308199605 ] ] ], [ [ [ -73.761992535354565, 40.692843803067937 ], [ -73.762306983384818, 40.692755953592716 ], [ -73.762306834834277, 40.692837477612265 ], [ -73.762306717983535, 40.69290221956922 ], [ -73.762004205776762, 40.692986733020206 ], [ -73.761941603509939, 40.692858031508692 ], [ -73.761992535354565, 40.692843803067937 ] ] ], [ [ [ -73.75600672889945, 40.698267567124624 ], [ -73.756349061209846, 40.698177092166844 ], [ -73.756373597954209, 40.698231639470855 ], [ -73.756031259622844, 40.698322115586571 ], [ -73.75600672889945, 40.698267567124624 ] ] ], [ [ [ -73.791608195907827, 40.699800233177932 ], [ -73.791922521633012, 40.699662829748604 ], [ -73.791946175417223, 40.699695238885901 ], [ -73.79196112513722, 40.699715720514732 ], [ -73.791878166074639, 40.699751984904971 ], [ -73.791799976110468, 40.699786164697656 ], [ -73.791721785343071, 40.699820344984694 ], [ -73.79164679924223, 40.69985312404863 ], [ -73.791608195907827, 40.699800233177932 ] ] ], [ [ [ -73.766992083936032, 40.704406787451894 ], [ -73.767236523670533, 40.704365745891835 ], [ -73.76725831832664, 40.704457250239138 ], [ -73.767236938947462, 40.704460839442554 ], [ -73.767008890152937, 40.70449912878577 ], [ -73.766992083936032, 40.704406787451894 ] ] ] ] } },
{ "type": "Feature", "properties": { "name": "FHA REPOSSESSED HOUSES (GROUP VII)", "borough": "", "borough_primary": "QUEENS", "hvi_score_zcta": 5.0, "avg_monthly_rent_usd": 678.0, "is_senior_development": false, "total_population": "6" }, "geometry": { "type": "MultiPolygon", "coordinates": [ [ [ [ -73.805908559054586, 40.671119813060891 ], [ -73.805932093389842, 40.671011493125093 ], [ -73.806003053589663, 40.671020651922376 ], [ -73.806109679508566, 40.671034413954104 ], [ -73.806202088770107, 40.671046340931952 ], [ -73.806286189011971, 40.671057194907902 ], [ -73.806262114704012, 40.671165444836767 ], [ -73.805908559054586, 40.671119813060891 ] ] ], [ [ [ -73.755165449601151, 40.68436653545858 ], [ -73.755433591432109, 40.68416290099406 ], [ -73.75550915592234, 40.684221826816511 ], [ -73.755241014089222, 40.684425460357723 ], [ -73.755165449601151, 40.68436653545858 ] ] ], [ [ [ -73.752257150200961, 40.692771051734972 ], [ -73.752588716614582, 40.69267969138334 ], [ -73.752627214619736, 40.692759694443751 ], [ -73.752295649305381, 40.692851054359473 ], [ -73.752265877316404, 40.692789186617333 ], [ -73.752257150200961, 40.692771051734972 ] ] ], [ [ [ -73.754252473243426, 40.698777889957427 ], [ -73.754591757306727, 40.698689007880006 ], [ -73.754617396859558, 40.698745967274689 ], [ -73.754278112542579, 40.698834848878064 ], [ -73.754252473243426, 40.698777889957427 ] ] ], [ [ [ -73.73687256871861, 40.703194180762772 ], [ -73.736888754054505, 40.7029183483967 ], [ -73.736966811396613, 40.702920762148054 ], [ -73.736950630269092, 40.703196523718709 ], [ -73.73687256871861, 40.703194180762772 ] ] ] ] } },
{ "type": "Feature", "properties": { "name": "FHA REPOSSESSED HOUSES (GROUP VIII)", "borough": "", "borough_primary": "QUEENS", "hvi_score_zcta": 5.0, "avg_monthly_rent_usd": 864.0, "is_senior_development": false, "total_population": "10" }, "geometry": { "type": "MultiPolygon", "coordinates": [ [ [ [ -73.79353235213236, 40.674616756092711 ], [ -73.793875909164854, 40.674525557483143 ], [ -73.793899701205902, 40.67457737823382 ], [ -73.793556142496868, 40.674668576911259 ], [ -73.79353235213236, 40.674616756092711 ] ] ], [ [ [ -73.749434387451387, 40.677635112188099 ], [ -73.749559825660725, 40.677372119761678 ], [ -73.749672320403036, 40.67740967937543 ], [ -73.749546882568822, 40.677672671374282 ], [ -73.749481708395521, 40.677650911010467 ], [ -73.749434387451387, 40.677635112188099 ] ] ], [ [ [ -73.812419136658107, 40.684014006939549 ], [ -73.812757120320455, 40.683918411124665 ], [ -73.81278735081284, 40.683980135477178 ], [ -73.812449366880998, 40.684075731380119 ], [ -73.812446363353232, 40.684069600688851 ], [ -73.812419136658107, 40.684014006939549 ] ] ], [ [ [ -73.805335661104507, 40.686192092815297 ], [ -73.805402509125727, 40.68617298145562 ], [ -73.80554577194107, 40.68642574703857 ], [ -73.805478858424692, 40.686444741443033 ], [ -73.805335661104507, 40.686192092815297 ] ] ], [ [ [ -73.754378233791016, 40.691982999179643 ], [ -73.754820331781829, 40.691860852794818 ], [ -73.754820810736376, 40.691862009367547 ], [ -73.754855649652313, 40.69194586195303 ], [ -73.754418264000094, 40.692066706524535 ], [ -73.754378233791016, 40.691982999179643 ] ] ], [ [ [ -73.751037391815913, 40.699675672743908 ], [ -73.75137873430198, 40.699587083451128 ], [ -73.751402100231729, 40.699639369782744 ], [ -73.751060758226032, 40.699727960243749 ], [ -73.751037391815913, 40.699675672743908 ] ] ], [ [ [ -73.759314060042854, 40.702574219577528 ], [ -73.759659467321711, 40.702485627975513 ], [ -73.759705997148444, 40.702587988332319 ], [ -73.759360107833089, 40.702676703678847 ], [ -73.75931736955792, 40.702581585790774 ], [ -73.759314060042854, 40.702574219577528 ] ] ] ] } },
{ "type": "Feature", "properties": { "name": "FHA REPOSSESSED HOUSES (GROUP X)", "borough": "", "borough_primary": "QUEENS", "hvi_score_zcta": 5.0, "avg_monthly_rent_usd": 685.0, "is_senior_development": false, "total_population": "25" }, "geometry": { "type": "MultiPolygon", "coordinates": [ [ [ [ -73.788904155758473, 40.590748465847064 ], [ -73.789169324883588, 40.59073182563057 ], [ -73.789180083488645, 40.590833972530334 ], [ -73.788914701483208, 40.590850626654195 ], [ -73.788904155758473, 40.590748465847064 ] ] ], [ [ [ -73.7574892783921, 40.596264618487425 ], [ -73.757530451374535, 40.596214840424878 ], [ -73.757887145863094, 40.596382737067408 ], [ -73.757877116391811, 40.596395340410091 ], [ -73.757838410845949, 40.596443537844792 ], [ -73.757467938210922, 40.596292978929171 ], [ -73.7574892783921, 40.596264618487425 ] ] ], [ [ [ -73.8021798336529, 40.669625768028006 ], [ -73.802540310166492, 40.669624415454933 ], [ -73.802540829488848, 40.669682054606099 ], [ -73.802180351942852, 40.669683407179527 ], [ -73.802179998400987, 40.66964411828782 ], [ -73.8021798336529, 40.669625768028006 ] ] ], [ [ [ -73.797478227076283, 40.683591471308397 ], [ -73.797818209089769, 40.683496044171306 ], [ -73.797833061144246, 40.68352649175349 ], [ -73.797841227484653, 40.683543233883924 ], [ -73.797501244540769, 40.683638661636181 ], [ -73.797478227076283, 40.683591471308397 ] ] ], [ [ [ -73.799816811014594, 40.685536279108796 ], [ -73.800155663410806, 40.685442421908476 ], [ -73.800184671551804, 40.685501218228232 ], [ -73.7998458188993, 40.685595074964361 ], [ -73.799830609649817, 40.685564245506598 ], [ -73.799816811014594, 40.685536279108796 ] ] ], [ [ [ -73.767707342599039, 40.685602109212645 ], [ -73.768050567277939, 40.685516651119521 ], [ -73.768089110674083, 40.685605367113588 ], [ -73.76774581702297, 40.685690841651102 ], [ -73.767742534085343, 40.685683272055591 ], [ -73.767708570201947, 40.68560494210891 ], [ -73.767707342599039, 40.685602109212645 ] ] ], [ [ [ -73.758813696957844, 40.686166738454531 ], [ -73.758894875797893, 40.686136900424664 ], [ -73.759053967398927, 40.686381722863146 ], [ -73.758972837817012, 40.686411636863852 ], [ -73.758813696957844, 40.686166738454531 ] ] ], [ [ [ -73.757554521614239, 40.687385641458491 ], [ -73.75759207571943, 40.687371791357357 ], [ -73.757749167272209, 40.687619559796744 ], [ -73.757586243064395, 40.68767964086247 ], [ -73.75742915197344, 40.687431872751517 ], [ -73.757554521614239, 40.687385641458491 ] ] ], [ [ [ -73.792074922501129, 40.68844375970761 ], [ -73.792394941207476, 40.688306887232059 ], [ -73.792427654434249, 40.688351463799783 ], [ -73.792107636298809, 40.688488337464761 ], [ -73.792074922501129, 40.68844375970761 ] ] ], [ [ [ -73.809551519254015, 40.693477111253792 ], [ -73.809621115875061, 40.693457344900082 ], [ -73.809748737835619, 40.693717793008311 ], [ -73.809651892669734, 40.693745297458122 ], [ -73.80952427175599, 40.693484849244541 ], [ -73.809551519254015, 40.693477111253792 ] ] ], [ [ [ -73.747628324368193, 40.695122505552135 ], [ -73.747967213577823, 40.695028666381255 ], [ -73.747994406836014, 40.695085434169378 ], [ -73.747655518097389, 40.69517927342126 ], [ -73.747628324368193, 40.695122505552135 ] ] ], [ [ [ -73.77787053197568, 40.695598697874892 ], [ -73.777949422752613, 40.695565484606256 ], [ -73.778117589416482, 40.695798522083102 ], [ -73.778038697008753, 40.695831734365349 ], [ -73.77787053197568, 40.695598697874892 ] ] ], [ [ [ -73.748686847435096, 40.705164331647126 ], [ -73.749028307722625, 40.705075937868422 ], [ -73.74906357176485, 40.70515368367132 ], [ -73.748722108963733, 40.705242077000115 ], [ -73.748686847435096, 40.705164331647126 ] ] ], [ [ [ -73.731174559838664, 40.706448658421714 ], [ -73.731201553944885, 40.70636675019955 ], [ -73.731621653053097, 40.706380075579801 ], [ -73.731586224233652, 40.706461716781988 ], [ -73.731550430623031, 40.706544195838077 ], [ -73.731147287717832, 40.706531407388454 ], [ -73.731154479001489, 40.706509585641264 ], [ -73.731174559838664, 40.706448658421714 ] ] ], [ [ [ -73.740163497160665, 40.708894039560214 ], [ -73.740266326487614, 40.708871386237931 ], [ -73.74036905133643, 40.709137614137596 ], [ -73.740265947374212, 40.709159560427018 ], [ -73.740163497160665, 40.708894039560214 ] ] ], [ [ [ -73.746312207832332, 40.711340754176817 ], [ -73.746659428487305, 40.711256430851506 ], [ -73.746673876953054, 40.711323827630608 ], [ -73.746649788282255, 40.711329677528873 ], [ -73.74657570331722, 40.711347668940697 ], [ -73.746584577833687, 40.711368822686204 ], [ -73.74646597201685, 40.711397626487262 ], [ -73.746329680083733, 40.711430725192514 ], [ -73.746312207832332, 40.711340754176817 ] ] ] ] } },
{ "type": "Feature", "properties": { "name": "FIRST HOUSES", "borough": "MANHATTAN", "borough_primary": "MANHATTAN", "hvi_score_zcta": 2.0, "avg_monthly_rent_usd": 592.0, "is_senior_development": false, "total_population": "116" }, "geometry": { "type": "MultiPolygon", "coordinates": [ [ [ [ -73.985787506274605, 40.723183110457477 ], [ -73.986103020821375, 40.723316272167807 ], [ -73.985969664121143, 40.723498899996002 ], [ -73.986364096247868, 40.7236652255256 ], [ -73.986327111404677, 40.723715875687184 ], [ -73.987064862221416, 40.724026967114149 ], [ -73.986907197561976, 40.724242886003339 ], [ -73.985458453163702, 40.723631876910254 ], [ -73.985787506274605, 40.723183110457477 ] ] ] ] } },
{ "type": "Feature", "properties": { "name": "FOREST", "borough": "BRONX", "borough_primary": "BRONX", "hvi_score_zcta": 5.0, "avg_monthly_rent_usd": 588.0, "is_senior_development": false, "total_population": "2,683" }, "geometry": { "type": "MultiPolygon", "coordinates": [ [ [ [ -73.902508383181555, 40.824579202077786 ], [ -73.903212973536014, 40.822877512816561 ], [ -73.905537104896439, 40.82343403872008 ], [ -73.904829383274645, 40.825135410715326 ], [ -73.902508383181555, 40.824579202077786 ] ] ], [ [ [ -73.902481002978107, 40.826346779625631 ], [ -73.90264362581641, 40.825954042382691 ], [ -73.902001833773355, 40.825802535123394 ], [ -73.902416969585943, 40.824799974130087 ], [ -73.904738142266012, 40.825354746631618 ], [ -73.904301359953578, 40.8264047234142 ], [ -73.904055118432936, 40.826345696614382 ], [ -73.903993460521491, 40.826494097439841 ], [ -73.903914103439007, 40.826685074232337 ], [ -73.902481002978107, 40.826346779625631 ] ] ] ] } },
{ "type": "Feature", "properties": { "name": "FULTON", "borough": "MANHATTAN", "borough_primary": "MANHATTAN", "hvi_score_zcta": 1.0, "avg_monthly_rent_usd": 756.0, "is_senior_development": false, "total_population": "1,809" }, "geometry": { "type": "MultiPolygon", "coordinates": [ [ [ [ -74.004168620215594, 40.742870989943448 ], [ -74.004501150455141, 40.742405223545788 ], [ -74.005685368994662, 40.742904917391478 ], [ -74.005520693199827, 40.743136669943894 ], [ -74.005758196986974, 40.743236867616389 ], [ -74.005917537694003, 40.743304088678514 ], [ -74.005752784763146, 40.743535868568657 ], [ -74.004168620215594, 40.742870989943448 ] ] ], [ [ [ -74.005258487497628, 40.743785912502773 ], [ -74.005178510791183, 40.743752217362207 ], [ -74.005012623331822, 40.743982252848724 ], [ -74.003758343090908, 40.743453786878476 ], [ -74.004086712136598, 40.742998448820941 ], [ -74.005895550017527, 40.743760415323003 ], [ -74.005732996386357, 40.74398583117631 ], [ -74.005258487497628, 40.743785912502773 ] ] ], [ [ [ -74.003317440429569, 40.744033616920902 ], [ -74.003648578867725, 40.743579869464675 ], [ -74.0046951559344, 40.744020553073263 ], [ -74.004528781741357, 40.744248535619136 ], [ -74.004591927618989, 40.744275123280651 ], [ -74.00442678369231, 40.744501418973115 ], [ -74.003317440429569, 40.744033616920902 ] ] ], [ [ [ -74.004063672877052, 40.744761871489523 ], [ -74.003961179887426, 40.744718764204983 ], [ -74.003953163604621, 40.744729816398589 ], [ -74.003890487616502, 40.744703455300026 ], [ -74.003818296742296, 40.744673093532334 ], [ -74.00374863148609, 40.744643792433642 ], [ -74.003675259072509, 40.744612932634077 ], [ -74.003611595818583, 40.744586157181978 ], [ -74.003543037816513, 40.744557321485892 ], [ -74.003481522506078, 40.744531450004324 ], [ -74.003488880582339, 40.744521305573855 ], [ -74.00341264070255, 40.74448933716981 ], [ -74.00340796775717, 40.744495790338817 ], [ -74.003074685822426, 40.744356038379472 ], [ -74.003214894581987, 40.744162321150739 ], [ -74.004401621089571, 40.744661452578704 ], [ -74.004267037112484, 40.74484740326006 ], [ -74.004170092288305, 40.74480663006954 ], [ -74.004063672877052, 40.744761871489523 ] ] ] ] } },
{ "type": "Feature", "properties": { "name": "GARVEY (GROUP A)", "borough": "BROOKLYN", "borough_primary": "BROOKLYN", "hvi_score_zcta": 5.0, "avg_monthly_rent_usd": 718.0, "is_senior_development": true, "total_population": "793" }, "geometry": { "type": "MultiPolygon", "coordinates": [ [ [ [ -73.914730061390074, 40.669564309178106 ], [ -73.915090246059734, 40.669511152474485 ], [ -73.915062954331887, 40.669409217340828 ], [ -73.915416162357147, 40.669357096362518 ], [ -73.9156124531427, 40.669328072803388 ], [ -73.915980500919829, 40.669273724095341 ], [ -73.916050495161386, 40.669540464779047 ], [ -73.916414295976523, 40.669486742846495 ], [ -73.916479764015392, 40.669736224287341 ], [ -73.914948974500348, 40.670404979406001 ], [ -73.914730061390074, 40.669564309178106 ] ] ], [ [ [ -73.913932582725209, 40.670208972775512 ], [ -73.914228754822673, 40.670163298275206 ], [ -73.914228838377639, 40.670163621622706 ], [ -73.914654899493229, 40.670097915360316 ], [ -73.914751091157811, 40.670472521116125 ], [ -73.914074774839975, 40.670767298008016 ], [ -73.913932582725209, 40.670208972775512 ] ] ] ] } },
{ "type": "Feature", "properties": { "name": "GLEBE AVENUE-WESTCHESTER AVENUE", "borough": "BRONX", "borough_primary": "BRONX", "hvi_score_zcta": 5.0, "avg_monthly_rent_usd": 407.0, "is_senior_development": true, "total_population": "125" }, "geometry": { "type": "MultiPolygon", "coordinates": [ [ [ [ -73.850420162499077, 40.8349346860699 ], [ -73.850916113970541, 40.834882189994097 ], [ -73.851091620978409, 40.834863612584819 ], [ -73.851022669104637, 40.834594083627088 ], [ -73.851260550894082, 40.834568903038324 ], [ -73.851329106433582, 40.834836880689906 ], [ -73.851305126408207, 40.83483941978934 ], [ -73.851354157182342, 40.83509007012276 ], [ -73.851361993616152, 40.83508924186129 ], [ -73.851401474654608, 40.835288366124693 ], [ -73.851369662684291, 40.835291765024884 ], [ -73.851277846139311, 40.835301577325993 ], [ -73.851186588129778, 40.835311329941476 ], [ -73.851097116070989, 40.835320892084653 ], [ -73.851005858008705, 40.835330644557068 ], [ -73.850912543552653, 40.835340616721453 ], [ -73.850534346130019, 40.835381032216652 ], [ -73.850420162499077, 40.8349346860699 ] ] ] ] } },
{ "type": "Feature", "properties": { "name": "GLENMORE PLAZA", "borough": "BROOKLYN", "borough_primary": "BROOKLYN", "hvi_score_zcta": 5.0, "avg_monthly_rent_usd": 573.0, "is_senior_development": false, "total_population": "757" }, "geometry": { "type": "MultiPolygon", "coordinates": [ [ [ [ -73.907170399887349, 40.670313814013774 ], [ -73.907884005443933, 40.670208859748293 ], [ -73.907953414756719, 40.67048333941532 ], [ -73.907599560581161, 40.67053574854328 ], [ -73.907634270636564, 40.67067300872997 ], [ -73.907275406630504, 40.670726157565163 ], [ -73.907170399887349, 40.670313814013774 ] ] ], [ [ [ -73.904887715500166, 40.671788415453918 ], [ -73.904832118273617, 40.671572952595305 ], [ -73.904902864341224, 40.671562370600341 ], [ -73.90490633887417, 40.671575837984335 ], [ -73.90526183747285, 40.671522664050762 ], [ -73.905106942493745, 40.670922396628633 ], [ -73.905319178426964, 40.670890650904326 ], [ -73.905407610006804, 40.67087742302818 ], [ -73.905496041551189, 40.67086419508432 ], [ -73.9056729045342, 40.670837739892818 ], [ -73.905849767376523, 40.670811284429632 ], [ -73.906026630080191, 40.670784827793661 ], [ -73.906240281125278, 40.670752869004303 ], [ -73.906353118899958, 40.670735988886243 ], [ -73.906497085843796, 40.670714452179809 ], [ -73.906656260635614, 40.670690642123887 ], [ -73.906957479676336, 40.670645582073476 ], [ -73.907164855963444, 40.671447791315273 ], [ -73.906653716109844, 40.671524253858152 ], [ -73.906601587079109, 40.671322258277897 ], [ -73.906389350382881, 40.671354006366606 ], [ -73.90617711230054, 40.671385754963076 ], [ -73.90622924127814, 40.671587750734894 ], [ -73.904887715500166, 40.671788415453918 ] ] ], [ [ [ -73.904700529865664, 40.671592635205663 ], [ -73.904757833931981, 40.671584063822515 ], [ -73.904813432110458, 40.671799526717663 ], [ -73.904742685777123, 40.671810108657581 ], [ -73.904596082609658, 40.671832036308388 ], [ -73.904542129758042, 40.671619404094244 ], [ -73.904687853531385, 40.671597608158933 ], [ -73.904701293215098, 40.671595596733901 ], [ -73.904700529865664, 40.671592635205663 ] ] ] ] } },
{ "type": "Feature", "properties": { "name": "GLENWOOD", "borough": "BROOKLYN", "borough_primary": "BROOKLYN", "hvi_score_zcta": 2.0, "avg_monthly_rent_usd": 666.0, "is_senior_development": false, "total_population": "2,252" }, "geometry": { "type": "MultiPolygon", "coordinates": [ [ [ [ -73.92047624648778, 40.636673289081095 ], [ -73.920106510792777, 40.636261727819402 ], [ -73.919242440196825, 40.636704500268245 ], [ -73.919004704823081, 40.63451570454253 ], [ -73.920689867061895, 40.633427238049848 ], [ -73.922460908706881, 40.63332104825097 ], [ -73.922692836903707, 40.635537389926995 ], [ -73.92047624648778, 40.636673289081095 ] ] ] ] } },
{ "type": "Feature", "properties": { "name": "GOMPERS", "borough": "MANHATTAN", "borough_primary": "MANHATTAN", "hvi_score_zcta": 3.0, "avg_monthly_rent_usd": 654.0, "is_senior_development": false, "total_population": "966" }, "geometry": { "type": "MultiPolygon", "coordinates": [ [ [ [ -73.981060741708561, 40.719130965229304 ], [ -73.98212057301248, 40.71706953869186 ], [ -73.982794553956751, 40.71727309273107 ], [ -73.981734739078377, 40.719334526317049 ], [ -73.981060741708561, 40.719130965229304 ] ] ] ] } },
{ "type": "Feature", "properties": { "name": "GOWANUS", "borough": "BROOKLYN", "borough_primary": "BROOKLYN", "hvi_score_zcta": 2.0, "avg_monthly_rent_usd": 713.0, "is_senior_development": false, "total_population": "2,247" }, "geometry": { "type": "MultiPolygon", "coordinates": [ [ [ [ -73.987586339285485, 40.683069798130099 ], [ -73.988328250780725, 40.681971971722476 ], [ -73.990272734141584, 40.682729372315464 ], [ -73.989526792428876, 40.683826590334917 ], [ -73.987586339285485, 40.683069798130099 ] ] ], [ [ [ -73.988490781994543, 40.684603899608994 ], [ -73.987480802704354, 40.684212010294814 ], [ -73.987242772236769, 40.68456420394093 ], [ -73.986714572275261, 40.684359246649834 ], [ -73.987470624790035, 40.683254661112883 ], [ -73.989400211646924, 40.684006405969953 ], [ -73.988653347999815, 40.685111529085525 ], [ -73.988252755461872, 40.684956096227708 ], [ -73.988490781994543, 40.684603899608994 ] ] ] ] } },
{ "type": "Feature", "properties": { "name": "GRANT", "borough": "MANHATTAN", "borough_primary": "MANHATTAN", "hvi_score_zcta": 4.0, "avg_monthly_rent_usd": 678.0, "is_senior_development": false, "total_population": "3,804" }, "geometry": { "type": "MultiPolygon", "coordinates": [ [ [ [ -73.956113623840011, 40.812952100999254 ], [ -73.954442130694162, 40.811028316742203 ], [ -73.954699263284851, 40.810675538220529 ], [ -73.956396508702497, 40.811392555637021 ], [ -73.956748271258277, 40.81090992683729 ], [ -73.957619387635333, 40.811277920844383 ], [ -73.956407175515665, 40.812941427107333 ], [ -73.956404910721744, 40.812944785106396 ], [ -73.956401606692424, 40.812949636637676 ], [ -73.956397896207903, 40.812954369149224 ], [ -73.956393919130903, 40.81295897458979 ], [ -73.956389682578191, 40.81296344395696 ], [ -73.956385193665895, 40.812967769148891 ], [ -73.956380461882006, 40.812971942064799 ], [ -73.95637549434332, 40.812975953702271 ], [ -73.956370301721179, 40.812979797761713 ], [ -73.956364892316955, 40.812983466142121 ], [ -73.956359280358285, 40.81298695254484 ], [ -73.956353472961126, 40.812990248868473 ], [ -73.956347481980885, 40.812993351515409 ], [ -73.956341320459885, 40.812996251485487 ], [ -73.956334996697535, 40.812998946080484 ], [ -73.956328523735721, 40.813001428101082 ], [ -73.956321915799236, 40.81300369395079 ], [ -73.956315184744454, 40.813005738231169 ], [ -73.956308342424649, 40.813007559145866 ], [ -73.956301401880594, 40.813009152196777 ], [ -73.956294377337272, 40.81301051288721 ], [ -73.956287280647928, 40.813011641221451 ], [ -73.956280127222669, 40.813012532702928 ], [ -73.956272928914217, 40.813013187336246 ], [ -73.956265699947309, 40.813013602425194 ], [ -73.956258453359581, 40.813013777974568 ], [ -73.956251204558583, 40.813013713990507 ], [ -73.956243965397633, 40.813013409576669 ], [ -73.956236751282034, 40.813012868341119 ], [ -73.956229575251712, 40.81301208668679 ], [ -73.956222449156684, 40.813011069120769 ], [ -73.956215390774091, 40.81300981654995 ], [ -73.956208409584292, 40.813008331679839 ], [ -73.956201519808488, 40.813006617217304 ], [ -73.956194734481556, 40.813004676768948 ], [ -73.956188066639385, 40.813002513041724 ], [ -73.956181530500729, 40.813000132344087 ], [ -73.956175135545834, 40.812997536480985 ], [ -73.95616889717904, 40.812994731761641 ], [ -73.956162823692992, 40.812991723592205 ], [ -73.956156929307696, 40.812988516480665 ], [ -73.956151224685328, 40.812985117635165 ], [ -73.956145719303649, 40.812981533362503 ], [ -73.95614042501019, 40.812977770871385 ], [ -73.956135351282526, 40.812973836468984 ], [ -73.956130507597038, 40.812969738263583 ], [ -73.956125903430305, 40.812965484362699 ], [ -73.9561215482601, 40.812961081074008 ], [ -73.95611744800641, 40.812956537404631 ], [ -73.956113623840011, 40.812952100999254 ] ] ], [ [ [ -73.958313393617402, 40.814964771372686 ], [ -73.957842191304906, 40.814430697091161 ], [ -73.957538985047606, 40.814583024688901 ], [ -73.956951673910567, 40.813914149902637 ], [ -73.957316576194543, 40.813726570609582 ], [ -73.957132896246947, 40.813645499130189 ], [ -73.956987169573921, 40.813721543181643 ], [ -73.956964851581205, 40.813695800441884 ], [ -73.95682428812583, 40.813769068179603 ], [ -73.956466831339938, 40.813361954906163 ], [ -73.956919083302324, 40.812744149444917 ], [ -73.959380360277777, 40.813784767893665 ], [ -73.958468549554141, 40.815030368245502 ], [ -73.958313393617402, 40.814964771372686 ] ] ] ] } },
{ "type": "Feature", "properties": { "name": "GRAVESEND", "borough": "BROOKLYN", "borough_primary": "BROOKLYN", "hvi_score_zcta": 5.0, "avg_monthly_rent_usd": 587.0, "is_senior_development": false, "total_population": "1,343" }, "geometry": { "type": "MultiPolygon", "coordinates": [ [ [ [ -73.99806997524999, 40.577692376290258 ], [ -73.999888812964542, 40.577380567038503 ], [ -74.00055691882423, 40.58087125182147 ], [ -74.000278281434561, 40.580813051073378 ], [ -74.000205162692311, 40.58079391689509 ], [ -74.000139141240325, 40.58077038630401 ], [ -74.000067702100566, 40.580737107506955 ], [ -74.000017867775156, 40.580708076435357 ], [ -73.99865158112938, 40.579850396898614 ], [ -73.998581180056107, 40.579792296043593 ], [ -73.99854844340571, 40.57975893662362 ], [ -73.998509420185385, 40.57971132181779 ], [ -73.998471081152914, 40.579651295985769 ], [ -73.998457796911353, 40.57962534270618 ], [ -73.998443427434168, 40.579592087061059 ], [ -73.998418201639637, 40.579501195926802 ], [ -73.99806997524999, 40.577692376290258 ] ] ] ] } },
{ "type": "Feature", "properties": { "name": "GUN HILL", "borough": "BRONX", "borough_primary": "BRONX", "hvi_score_zcta": 4.0, "avg_monthly_rent_usd": 655.0, "is_senior_development": false, "total_population": "1,365" }, "geometry": { "type": "MultiPolygon", "coordinates": [ [ [ [ -73.864789021663597, 40.876723116972201 ], [ -73.865110150785057, 40.875075991241864 ], [ -73.866879047128805, 40.87527542788655 ], [ -73.866857225769394, 40.875967344468947 ], [ -73.866196616804842, 40.877167470958319 ], [ -73.864789021663597, 40.876723116972201 ] ] ] ] } },
{ "type": "Feature", "properties": { "name": "HABER", "borough": "BROOKLYN", "borough_primary": "BROOKLYN", "hvi_score_zcta": 5.0, "avg_monthly_rent_usd": 355.0, "is_senior_development": true, "total_population": "412" }, "geometry": { "type": "MultiPolygon", "coordinates": [ [ [ [ -73.990469265547674, 40.571869077534458 ], [ -73.991332032800841, 40.571793543228367 ], [ -73.991335962640548, 40.571814433895732 ], [ -73.991320348906342, 40.571817860113924 ], [ -73.991303144180151, 40.571823249353258 ], [ -73.991287721365126, 40.571829668024876 ], [ -73.991270027066136, 40.571840072243873 ], [ -73.99125223436603, 40.57185335452948 ], [ -73.991238977534977, 40.571867716887333 ], [ -73.991229759644526, 40.571881268179418 ], [ -73.991222822054226, 40.571895625614552 ], [ -73.991219313232634, 40.571906330783406 ], [ -73.991216693228552, 40.571920346348691 ], [ -73.991216369809763, 40.571937083474992 ], [ -73.991218377973951, 40.571950849048292 ], [ -73.991223652272254, 40.571967440717351 ], [ -73.991231685412913, 40.571982946564027 ], [ -73.991248492280207, 40.57200403182906 ], [ -73.991262789576894, 40.572016570021347 ], [ -73.991277887871604, 40.572026744395586 ], [ -73.991295265561249, 40.572035714939055 ], [ -73.991310039682091, 40.572041445195381 ], [ -73.991322484105822, 40.572044749260435 ], [ -73.991332561990319, 40.572047404767886 ], [ -73.991343320044024, 40.572050516891743 ], [ -73.991354118072621, 40.572055006820179 ], [ -73.991365725937541, 40.572061796748457 ], [ -73.991374787635934, 40.572068889060731 ], [ -73.991382127427357, 40.572076624217665 ], [ -73.991387337557711, 40.572087524558512 ], [ -73.991619931354535, 40.573323873760707 ], [ -73.990925376651148, 40.573513463354907 ], [ -73.990791194991715, 40.573550088715912 ], [ -73.990527991896244, 40.572175732643494 ], [ -73.990528215869219, 40.572170282686947 ], [ -73.990529464039639, 40.572162631932621 ], [ -73.990532592546643, 40.572153141561436 ], [ -73.990537723960955, 40.572143553198032 ], [ -73.990542262055371, 40.572137359763317 ], [ -73.990544751908899, 40.572134484593157 ], [ -73.990548826778522, 40.572130343415701 ], [ -73.990554420446415, 40.572125531472167 ], [ -73.990560818308467, 40.572120953730831 ], [ -73.990569351637731, 40.572114195093782 ], [ -73.990583063209343, 40.572100673940746 ], [ -73.990591033697186, 40.572090528382859 ], [ -73.990597725300077, 40.572079764059282 ], [ -73.990602705660493, 40.572069303072126 ], [ -73.990606490976916, 40.572058277358074 ], [ -73.990608798852776, 40.572047754015905 ], [ -73.99060985601011, 40.572037881650722 ], [ -73.990609839747336, 40.572027557134476 ], [ -73.990608729875575, 40.572017583733391 ], [ -73.990605804052748, 40.57200512923842 ], [ -73.99060157312401, 40.57199379759075 ], [ -73.990596152876563, 40.571983208778434 ], [ -73.990588160708583, 40.571971308591365 ], [ -73.990577023784994, 40.571958642699762 ], [ -73.990563108017383, 40.571946518694681 ], [ -73.990548950983623, 40.571936923341227 ], [ -73.990539500599951, 40.571931658096275 ], [ -73.990517781935267, 40.571922253027225 ], [ -73.990497420886072, 40.571916226834873 ], [ -73.990477590931604, 40.571912553753805 ], [ -73.990469265547674, 40.571869077534458 ] ] ] ] } },
{ "type": "Feature", "properties": { "name": "HAMMEL", "borough": "QUEENS", "borough_primary": "QUEENS", "hvi_score_zcta": null, "avg_monthly_rent_usd": 546.0, "is_senior_development": false, "total_population": "1,510" }, "geometry": { "type": "MultiPolygon", "coordinates": [ [ [ [ -73.811238362913898, 40.589019415575265 ], [ -73.811127035221688, 40.58909100720453 ], [ -73.811011909246787, 40.589168968197995 ], [ -73.810996674765249, 40.589160559249599 ], [ -73.810969257179678, 40.589179564760862 ], [ -73.810971130909806, 40.589196583269022 ], [ -73.810875457027365, 40.589261371721797 ], [ -73.810780215999714, 40.589332583354029 ], [ -73.810767869137607, 40.589324368240973 ], [ -73.810718991564954, 40.589360433921108 ], [ -73.810732122387094, 40.589368789011601 ], [ -73.810671290105759, 40.589415795272807 ], [ -73.810636954733127, 40.589442760755844 ], [ -73.810598173887129, 40.589474018008872 ], [ -73.810534672487393, 40.58952992869451 ], [ -73.810519294540455, 40.589543764222341 ], [ -73.810501542251259, 40.589558431519734 ], [ -73.810481139274927, 40.589573904915376 ], [ -73.810465445154392, 40.589585509313338 ], [ -73.810449751234572, 40.58959620868152 ], [ -73.810421888447692, 40.589614216446037 ], [ -73.810381374189532, 40.589638922145895 ], [ -73.810344040062276, 40.589661062981357 ], [ -73.810318142970303, 40.5896748676115 ], [ -73.810275851374655, 40.589697303718104 ], [ -73.810241108523599, 40.589714164516302 ], [ -73.810115718075352, 40.589768691300378 ], [ -73.810064547878881, 40.589283219991607 ], [ -73.810064123270323, 40.589275933139348 ], [ -73.810064419456978, 40.589267320104305 ], [ -73.810065427862753, 40.589259565546541 ], [ -73.810067037466908, 40.589252247836839 ], [ -73.810069021574762, 40.589245744821056 ], [ -73.810071877206482, 40.58923849671028 ], [ -73.810074971287563, 40.589232136911548 ], [ -73.810078342711762, 40.589226280964709 ], [ -73.810083406637858, 40.589218847393362 ], [ -73.810088839503862, 40.589212107835948 ], [ -73.810095488713131, 40.5892050758168 ], [ -73.810100537678949, 40.589200409534214 ], [ -73.810107550541943, 40.589194683877146 ], [ -73.810112696085895, 40.589190947996364 ], [ -73.81011827141775, 40.589187278563756 ], [ -73.810127338283806, 40.58918203808075 ], [ -73.810142285982224, 40.589173698700719 ], [ -73.810153972220533, 40.589165778077572 ], [ -73.810164997416962, 40.589156863081634 ], [ -73.810171889580403, 40.589150377177795 ], [ -73.810181508082849, 40.589139734449837 ], [ -73.810188470947764, 40.589130399399679 ], [ -73.810194728753146, 40.589120179769104 ], [ -73.810200997795292, 40.5891068371348 ], [ -73.810204631236104, 40.589096065649294 ], [ -73.810206907080698, 40.589086242876064 ], [ -73.810208490690215, 40.589072686281838 ], [ -73.810208423016633, 40.589060753308857 ], [ -73.810206795502751, 40.589047779453672 ], [ -73.81020398588592, 40.589036351648986 ], [ -73.810200071302816, 40.589025513664176 ], [ -73.810192854526136, 40.589011143767273 ], [ -73.810185385595346, 40.588999876663586 ], [ -73.810169578153435, 40.588981978723787 ], [ -73.810156607787135, 40.588970834906497 ], [ -73.810149189518555, 40.588965434806767 ], [ -73.810137691792562, 40.588958166580056 ], [ -73.810126521177111, 40.588952179439744 ], [ -73.810110306309269, 40.588945054703586 ], [ -73.810095418256608, 40.588939913313773 ], [ -73.810079028815437, 40.588935609630575 ], [ -73.810054411292924, 40.588931539988117 ], [ -73.810018351045201, 40.58893035741702 ], [ -73.810007873239172, 40.588931224408498 ], [ -73.809978899184387, 40.588935486411124 ], [ -73.809961144663916, 40.588940160492363 ], [ -73.809942511363928, 40.588946883613588 ], [ -73.809922719462392, 40.588956437867978 ], [ -73.809903053376104, 40.588969098238977 ], [ -73.809887656513183, 40.588982108770487 ], [ -73.809872567274354, 40.58899909112565 ], [ -73.809860064920613, 40.589019410603917 ], [ -73.809851755787122, 40.589042297213368 ], [ -73.809848890378134, 40.589061685284811 ], [ -73.809849899101053, 40.589082866409598 ], [ -73.809861480667109, 40.589193444871263 ], [ -73.809433807528194, 40.58921762420227 ], [ -73.809465840523032, 40.589560539732844 ], [ -73.809897369744363, 40.589536142428628 ], [ -73.809924899807626, 40.58979899817254 ], [ -73.809829927265113, 40.58982383691162 ], [ -73.809764581657461, 40.589838025484767 ], [ -73.809721649496367, 40.589846376111659 ], [ -73.809677593117613, 40.589853356962564 ], [ -73.809612263114857, 40.589861636228243 ], [ -73.809565802341837, 40.589867132588878 ], [ -73.809506482837335, 40.589874088077508 ], [ -73.809460683760477, 40.589877443143031 ], [ -73.809409133375482, 40.589879454072381 ], [ -73.809359440885061, 40.589880720625125 ], [ -73.809312150756242, 40.589880450344374 ], [ -73.809248351016421, 40.589879010772258 ], [ -73.809148215096414, 40.589873153176306 ], [ -73.808987257265997, 40.589880786931225 ], [ -73.808618835997038, 40.589822318750535 ], [ -73.807615420396715, 40.589799282671478 ], [ -73.807454541430744, 40.588171541370642 ], [ -73.811108207024446, 40.587742186466919 ], [ -73.811238362913898, 40.589019415575265 ] ] ] ] } },
{ "type": "Feature", "properties": { "name": "HARBORVIEW TERRACE", "borough": "MANHATTAN", "borough_primary": "MANHATTAN", "hvi_score_zcta": 2.0, "avg_monthly_rent_usd": 620.0, "is_senior_development": true, "total_population": "559" }, "geometry": { "type": "MultiPolygon", "coordinates": [ [ [ [ -73.990753503385847, 40.767936045689083 ], [ -73.990936044377946, 40.767683885859874 ], [ -73.991487652057927, 40.767916085873992 ], [ -73.991305745370354, 40.768165427139763 ], [ -73.991468638111414, 40.768233555207814 ], [ -73.991288823753976, 40.768480035690231 ], [ -73.990575629756819, 40.768181748991125 ], [ -73.990753503385847, 40.767936045689083 ] ] ], [ [ [ -73.989893892839348, 40.768706133667941 ], [ -73.990249062575828, 40.768215529421802 ], [ -73.991510399620338, 40.768746748954086 ], [ -73.991153032188492, 40.769236595054366 ], [ -73.989893892839348, 40.768706133667941 ] ] ] ] } },
{ "type": "Feature", "properties": { "name": "HERNANDEZ", "borough": "MANHATTAN", "borough_primary": "MANHATTAN", "hvi_score_zcta": 3.0, "avg_monthly_rent_usd": 540.0, "is_senior_development": false, "total_population": "229" }, "geometry": { "type": "MultiPolygon", "coordinates": [ [ [ [ -73.989228614303258, 40.722636291983136 ], [ -73.989229876432518, 40.722633867029437 ], [ -73.989295928786021, 40.722505383102678 ], [ -73.989095341787788, 40.722444655536144 ], [ -73.989341892091531, 40.721780502459836 ], [ -73.989933605446311, 40.721958228940295 ], [ -73.989536880241033, 40.722729619487247 ], [ -73.989228614303258, 40.722636291983136 ] ] ] ] } },
{ "type": "Feature", "properties": { "name": "HIGHBRIDGE GARDENS", "borough": "BRONX", "borough_primary": "BRONX", "hvi_score_zcta": 5.0, "avg_monthly_rent_usd": 649.0, "is_senior_development": false, "total_population": "1,406" }, "geometry": { "type": "MultiPolygon", "coordinates": [ [ [ [ -73.928413943265213, 40.838540970141501 ], [ -73.928127896254338, 40.838623510705517 ], [ -73.92811404656841, 40.838595825399125 ], [ -73.928352698950775, 40.838526960052484 ], [ -73.928385324257505, 40.838462972317132 ], [ -73.928358217307121, 40.838440895186807 ], [ -73.928333023057675, 40.838417547741201 ], [ -73.928298483318585, 40.838377688429723 ], [ -73.928271890109116, 40.838334458098544 ], [ -73.928253800895149, 40.838288762096099 ], [ -73.928244594041118, 40.838241561488665 ], [ -73.928244465284081, 40.838193845142285 ], [ -73.928294574639509, 40.837654478688421 ], [ -73.928271910041275, 40.837651740601636 ], [ -73.928107145648397, 40.83780607361885 ], [ -73.928048282142086, 40.837821264264221 ], [ -73.927806233224089, 40.837676548624877 ], [ -73.927806203604973, 40.837676527894942 ], [ -73.929750276951097, 40.835690130937216 ], [ -73.929952780736699, 40.83534056699002 ], [ -73.930103316280025, 40.835076102112673 ], [ -73.930215911528819, 40.834875522158349 ], [ -73.930773043573666, 40.835066466439748 ], [ -73.93054547797702, 40.835855997307448 ], [ -73.930409036150948, 40.836369787428389 ], [ -73.930364470797315, 40.836524427588671 ], [ -73.930331654097529, 40.836636911893798 ], [ -73.930298404149596, 40.836746359459909 ], [ -73.930260708943919, 40.836864991166294 ], [ -73.930183567007759, 40.837101037808253 ], [ -73.930097183483724, 40.837351762242712 ], [ -73.93004857237257, 40.837487307532214 ], [ -73.930010015572762, 40.837592354669496 ], [ -73.929938130242675, 40.837780083808646 ], [ -73.929905821420306, 40.837857145551538 ], [ -73.929869267423015, 40.837943585147471 ], [ -73.92981523066328, 40.8380603067056 ], [ -73.929704360214586, 40.838269568876122 ], [ -73.929616330626487, 40.838421089905211 ], [ -73.929583636672177, 40.838469297693997 ], [ -73.929491985419716, 40.838604085238643 ], [ -73.929421478834215, 40.838702426458759 ], [ -73.929380594842058, 40.83875532164857 ], [ -73.928952667202921, 40.83855852969107 ], [ -73.928468875130918, 40.83852511951234 ], [ -73.928413943265213, 40.838540970141501 ] ] ] ] } },
{ "type": "Feature", "properties": { "name": "HOE AVENUE-EAST 173RD STREET", "borough": "BRONX", "borough_primary": "BRONX", "hvi_score_zcta": 5.0, "avg_monthly_rent_usd": 664.0, "is_senior_development": false, "total_population": "132" }, "geometry": { "type": "MultiPolygon", "coordinates": [ [ [ [ -73.886631162782265, 40.83650777746832 ], [ -73.886668593770153, 40.836445738664871 ], [ -73.886706786834125, 40.836382438103918 ], [ -73.886820785370148, 40.836193492997516 ], [ -73.886935370616385, 40.83600357491359 ], [ -73.886962422400089, 40.835958736987912 ], [ -73.887295664429104, 40.836074837898998 ], [ -73.88696750087729, 40.836624957548331 ], [ -73.886631162782265, 40.83650777746832 ] ] ] ] } },
{ "type": "Feature", "properties": { "name": "HOLMES TOWERS", "borough": "MANHATTAN", "borough_primary": "MANHATTAN", "hvi_score_zcta": 1.0, "avg_monthly_rent_usd": 597.0, "is_senior_development": false, "total_population": "861" }, "geometry": { "type": "MultiPolygon", "coordinates": [ [ [ [ -73.944454919173324, 40.780710813064353 ], [ -73.944561356855374, 40.78056529365778 ], [ -73.944905926186593, 40.780094174830175 ], [ -73.946373705529197, 40.780712708900239 ], [ -73.945922707918555, 40.781329353721063 ], [ -73.944454919173324, 40.780710813064353 ] ] ] ] } },
{ "type": "Feature", "properties": { "name": "HOWARD", "borough": "BROOKLYN", "borough_primary": "BROOKLYN", "hvi_score_zcta": 5.0, "avg_monthly_rent_usd": 494.0, "is_senior_development": false, "total_population": "1,707" }, "geometry": { "type": "MultiPolygon", "coordinates": [ [ [ [ -73.907602730498809, 40.671992004895998 ], [ -73.908880029501077, 40.671797357769393 ], [ -73.908846346041358, 40.671666448329404 ], [ -73.908777034811351, 40.671397089654292 ], [ -73.908734906687755, 40.671230269914609 ], [ -73.908398676579523, 40.671279853450258 ], [ -73.908180917770608, 40.670461839491523 ], [ -73.908230303014179, 40.670454456843864 ], [ -73.908297414549381, 40.67044442277902 ], [ -73.908368402543047, 40.670433810929794 ], [ -73.908431466030635, 40.670424382311104 ], [ -73.908605551491192, 40.670398357151278 ], [ -73.90887611450438, 40.670357907177902 ], [ -73.909088352731118, 40.670326176115083 ], [ -73.909251068528121, 40.670301849272072 ], [ -73.909347608707279, 40.6702874153709 ], [ -73.909441098068044, 40.670273437349884 ], [ -73.909527742957351, 40.670260483160263 ], [ -73.909615668925653, 40.670247337201396 ], [ -73.909707092778802, 40.670233668920012 ], [ -73.909798827706041, 40.670219953082515 ], [ -73.910008683821587, 40.67018857685958 ], [ -73.910180146687139, 40.670162940791236 ], [ -73.910272107357784, 40.670149191433595 ], [ -73.910355983880194, 40.670136649598867 ], [ -73.910374422417149, 40.670207615611091 ], [ -73.910390819584052, 40.670270723028757 ], [ -73.910409084062096, 40.670341015312871 ], [ -73.91042542363769, 40.670403902953773 ], [ -73.910460610258752, 40.670539321101444 ], [ -73.910476668720435, 40.670601126094809 ], [ -73.910494702758768, 40.670670532975961 ], [ -73.91052840829046, 40.670800249680944 ], [ -73.910566818113395, 40.670948074901091 ], [ -73.910606955408852, 40.671102546353922 ], [ -73.910621966939757, 40.671160317098959 ], [ -73.910663731788432, 40.671321051078337 ], [ -73.910684614875436, 40.671401421213453 ], [ -73.910705603909264, 40.671482200260279 ], [ -73.910747809238629, 40.671644621210469 ], [ -73.910761999697201, 40.67169923859074 ], [ -73.910775707753558, 40.671751996029919 ], [ -73.910789908855577, 40.671806648534485 ], [ -73.91081590720394, 40.671906702477081 ], [ -73.910601838474804, 40.67193945018294 ], [ -73.910671034532967, 40.672228311013676 ], [ -73.910640623879885, 40.672233049324277 ], [ -73.907965004036541, 40.673399984916067 ], [ -73.907602730498809, 40.671992004895998 ] ] ] ] } },
{ "type": "Feature", "properties": { "name": "HUGHES APARTMENTS", "borough": "BROOKLYN", "borough_primary": "BROOKLYN", "hvi_score_zcta": 5.0, "avg_monthly_rent_usd": 696.0, "is_senior_development": false, "total_population": "1,229" }, "geometry": { "type": "MultiPolygon", "coordinates": [ [ [ [ -73.907072969000097, 40.668479150130025 ], [ -73.907056292670248, 40.668414407560832 ], [ -73.907023002465564, 40.668285153896896 ], [ -73.907005581650196, 40.668217515557771 ], [ -73.906988238507125, 40.668150177150203 ], [ -73.906951549115192, 40.668007728151395 ], [ -73.906883496959495, 40.667743501269015 ], [ -73.909639633946085, 40.667333200581574 ], [ -73.909658615810727, 40.667406158201388 ], [ -73.909683181461872, 40.667500582203346 ], [ -73.909710730834647, 40.667606478415188 ], [ -73.909883505865267, 40.668270580635756 ], [ -73.909525371393059, 40.66832337415638 ], [ -73.909487728426754, 40.668177996745442 ], [ -73.909283336306046, 40.668209395240346 ], [ -73.90935259803706, 40.668495098041411 ], [ -73.909259793816886, 40.668508875716874 ], [ -73.909190644193444, 40.668223634012783 ], [ -73.90910666411061, 40.668236535123654 ], [ -73.909019588342858, 40.668249910098055 ], [ -73.90892725571797, 40.668264094911592 ], [ -73.908841753138319, 40.668277228758001 ], [ -73.908749092774983, 40.668291462697297 ], [ -73.908568915200107, 40.668319139284009 ], [ -73.908362307815878, 40.668350875677717 ], [ -73.908098535073364, 40.668391393807347 ], [ -73.908006754477427, 40.668405490973072 ], [ -73.907913911590057, 40.668419752009818 ], [ -73.907643614557429, 40.668461270650944 ], [ -73.907448575159435, 40.66849122806606 ], [ -73.907261664554227, 40.668519937284799 ], [ -73.907172763991824, 40.668533593953519 ], [ -73.90709025467514, 40.66854626514769 ], [ -73.907072969000097, 40.668479150130025 ] ] ] ] } },
{ "type": "Feature", "properties": { "name": "HUNTS POINT AVENUE REHAB", "borough": "BRONX", "borough_primary": "BRONX", "hvi_score_zcta": 5.0, "avg_monthly_rent_usd": 619.0, "is_senior_development": false, "total_population": "306" }, "geometry": { "type": "MultiPolygon", "coordinates": [ [ [ [ -73.888532954917366, 40.817231705765167 ], [ -73.888862562673594, 40.817119477073454 ], [ -73.888918161166899, 40.817212018036294 ], [ -73.888933821727619, 40.817238083611571 ], [ -73.888970564816162, 40.817299238457558 ], [ -73.888977309428881, 40.817310464248827 ], [ -73.889008069192343, 40.817361661924487 ], [ -73.889035089078661, 40.817406633555443 ], [ -73.889045739126402, 40.817424358388287 ], [ -73.889085279095411, 40.817490169657468 ], [ -73.889094130122587, 40.817504900402447 ], [ -73.889122029554571, 40.817551336165998 ], [ -73.889152615785051, 40.817602242773262 ], [ -73.88915953421504, 40.817613759580979 ], [ -73.88919550703126, 40.817673632203224 ], [ -73.889211903033797, 40.817700922220915 ], [ -73.889235776614669, 40.817740656188271 ], [ -73.889269175088216, 40.817796243547711 ], [ -73.889271298029072, 40.817799777336802 ], [ -73.88930880415333, 40.817862201602459 ], [ -73.889328177815926, 40.817894445395289 ], [ -73.889347039668692, 40.817925839524634 ], [ -73.889384545936537, 40.817988262864041 ], [ -73.889387113338728, 40.81799253638529 ], [ -73.889420965967659, 40.818048881452249 ], [ -73.889445358721488, 40.818089476747005 ], [ -73.889458472371032, 40.818111306567019 ], [ -73.889495749530354, 40.818173347837444 ], [ -73.889503501431165, 40.818186248585775 ], [ -73.889533256075694, 40.818235772025986 ], [ -73.8895629717601, 40.818285228783978 ], [ -73.889570502638705, 40.818297763714099 ], [ -73.889608010511026, 40.818360186977799 ], [ -73.889621276752521, 40.818382270864745 ], [ -73.889291229945627, 40.818494649867574 ], [ -73.889232958544582, 40.818397595947339 ], [ -73.889173522999798, 40.818298603907188 ], [ -73.889115412693371, 40.818201821128426 ], [ -73.889057202085255, 40.81810486982944 ], [ -73.888998300157439, 40.818006766997883 ], [ -73.888939332212189, 40.81790855240952 ], [ -73.888882093739809, 40.817813220146611 ], [ -73.888822840088736, 40.817714528856968 ], [ -73.888764389201725, 40.817617175547575 ], [ -73.888705382940188, 40.817518895959822 ], [ -73.888647635690475, 40.817422715714784 ], [ -73.88858852220956, 40.817324257661646 ], [ -73.888532954917366, 40.817231705765167 ] ] ], [ [ [ -73.888620374867884, 40.818784607745748 ], [ -73.888854225496914, 40.818749542014608 ], [ -73.889019754263813, 40.819023939753649 ], [ -73.88888309245209, 40.819044476346647 ], [ -73.888832448246248, 40.819052048438103 ], [ -73.888834198857467, 40.819058511192701 ], [ -73.888698916563655, 40.819078388832942 ], [ -73.888620374867884, 40.818784607745748 ] ] ] ] } },
{ "type": "Feature", "properties": { "name": "HYLAN", "borough": "BROOKLYN", "borough_primary": "BROOKLYN", "hvi_score_zcta": 4.0, "avg_monthly_rent_usd": 610.0, "is_senior_development": false, "total_population": "405" }, "geometry": { "type": "MultiPolygon", "coordinates": [ [ [ [ -73.939315346300418, 40.704533604675021 ], [ -73.938958787406506, 40.704204702319956 ], [ -73.940750150703906, 40.704035097631582 ], [ -73.940838261026144, 40.704561448870408 ], [ -73.939854806679065, 40.704655843227741 ], [ -73.939809233972213, 40.704383566780997 ], [ -73.939481945140656, 40.704414977919072 ], [ -73.939498852685475, 40.704515992711237 ], [ -73.939315346300418, 40.704533604675021 ] ] ] ] } },
{ "type": "Feature", "properties": { "name": "INGERSOLL", "borough": "BROOKLYN", "borough_primary": "BROOKLYN", "hvi_score_zcta": 4.0, "avg_monthly_rent_usd": 667.0, "is_senior_development": false, "total_population": "3,579" }, "geometry": { "type": "MultiPolygon", "coordinates": [ [ [ [ -73.98042666711433, 40.69573898481449 ], [ -73.980422001818752, 40.69571135899595 ], [ -73.980277432951667, 40.694746507942391 ], [ -73.980268389208078, 40.694690359424492 ], [ -73.980256943453597, 40.694643178699742 ], [ -73.980240914790002, 40.69459436095493 ], [ -73.980222043256489, 40.69454904481325 ], [ -73.980197603601155, 40.694501053187437 ], [ -73.980175089346886, 40.69446354565742 ], [ -73.980145079414299, 40.694420278950922 ], [ -73.980111388470917, 40.694378262412663 ], [ -73.980072334602482, 40.694335915348319 ], [ -73.980029646843079, 40.694295546967062 ], [ -73.979986075279328, 40.694259349590929 ], [ -73.979464984217216, 40.693821148412511 ], [ -73.979438151807258, 40.693796636165374 ], [ -73.979422766348108, 40.693782400810314 ], [ -73.979412011799326, 40.693771264946214 ], [ -73.97940521809619, 40.693764598134727 ], [ -73.979393719219928, 40.69375397812972 ], [ -73.979378570622487, 40.693735202425472 ], [ -73.979365661403264, 40.693717230378049 ], [ -73.979356586596367, 40.69370320236284 ], [ -73.979346757856462, 40.693686319585971 ], [ -73.979336426181732, 40.693666008465364 ], [ -73.979327066289429, 40.693644252195142 ], [ -73.97932073586091, 40.693624015633887 ], [ -73.979316229842169, 40.693607395859487 ], [ -73.979314230552589, 40.693595455600516 ], [ -73.982420592823999, 40.693709569012178 ], [ -73.982344384276118, 40.69524654348173 ], [ -73.982028873001511, 40.695235629962063 ], [ -73.982024567832084, 40.695322473828881 ], [ -73.9817203893802, 40.695311951155169 ], [ -73.98169922428356, 40.695738743946741 ], [ -73.981698674126932, 40.695738728550332 ], [ -73.981661728460367, 40.695737697886102 ], [ -73.981617283788495, 40.695737600744508 ], [ -73.981574777963573, 40.695738668258933 ], [ -73.981531806838873, 40.695740904548479 ], [ -73.981491680913393, 40.695744050797181 ], [ -73.981447315361677, 40.695748731722354 ], [ -73.981402922233158, 40.695754697657641 ], [ -73.981354670310793, 40.695762669292733 ], [ -73.981307107745238, 40.695772080038559 ], [ -73.981256878912689, 40.695783748816446 ], [ -73.981198040291218, 40.695799774646623 ], [ -73.981128521973886, 40.69582217882801 ], [ -73.98105126852181, 40.695851849731021 ], [ -73.980994029052667, 40.69587739683984 ], [ -73.980946214511292, 40.695894504976508 ], [ -73.980884347838042, 40.69591540011691 ], [ -73.98082319052115, 40.695929778332847 ], [ -73.980778072874188, 40.695936637214778 ], [ -73.980736845676645, 40.695938436749906 ], [ -73.980694165702658, 40.695935710050506 ], [ -73.980647393627891, 40.695927552556526 ], [ -73.980607115719138, 40.695915758066903 ], [ -73.980560272685665, 40.69589540848586 ], [ -73.980523707039652, 40.695873097507409 ], [ -73.980492219284471, 40.695847371734153 ], [ -73.980465018163443, 40.695817322418399 ], [ -73.980445572503399, 40.695787476129041 ], [ -73.980432701204251, 40.695758904278676 ], [ -73.98042666711433, 40.69573898481449 ] ] ], [ [ [ -73.978481500421566, 40.693842907019516 ], [ -73.978421849531784, 40.693546147154308 ], [ -73.979046907632068, 40.693571515734526 ], [ -73.979048649275441, 40.693582441073431 ], [ -73.979051604331119, 40.693598570697191 ], [ -73.97905840239504, 40.693628856181242 ], [ -73.979067498587625, 40.693661207859208 ], [ -73.979076863605314, 40.693688989482673 ], [ -73.979093383466761, 40.693729955012714 ], [ -73.979111761736135, 40.693768014922391 ], [ -73.979132389552134, 40.693804669536362 ], [ -73.979156283863503, 40.69384160299667 ], [ -73.979175878337344, 40.693868611122291 ], [ -73.979197842429784, 40.693896141969937 ], [ -73.979219346023726, 40.693920799193947 ], [ -73.979250230541211, 40.693952952173333 ], [ -73.979770228069938, 40.694379297073134 ], [ -73.979811810110334, 40.694413777803966 ], [ -73.979835219956414, 40.694435003391661 ], [ -73.979853813093669, 40.69445313486996 ], [ -73.979872456709714, 40.694472610819574 ], [ -73.979892289682894, 40.694494974918406 ], [ -73.979907685885834, 40.6945136974661 ], [ -73.979920224418692, 40.694529966516662 ], [ -73.979931647433915, 40.694545709471797 ], [ -73.979940506306022, 40.694558605457907 ], [ -73.979950079241704, 40.694573313399509 ], [ -73.979959475709634, 40.694588642663277 ], [ -73.979967878586564, 40.69460321892474 ], [ -73.979976458545607, 40.694619092855255 ], [ -73.979984759105236, 40.694635588990757 ], [ -73.979992242272445, 40.694651616716762 ], [ -73.979999384543845, 40.69466817748674 ], [ -73.980005403279549, 40.694683314350243 ], [ -73.980013042807315, 40.694702694710934 ], [ -73.980018510270469, 40.694721591118707 ], [ -73.980192561401381, 40.695941850059107 ], [ -73.980158750475667, 40.695942509713923 ], [ -73.980150682201312, 40.695967730779543 ], [ -73.980136237875314, 40.695997168744803 ], [ -73.980122369950806, 40.696017925866677 ], [ -73.980108769479429, 40.696034479440428 ], [ -73.980092603964579, 40.696050947920725 ], [ -73.980074782394041, 40.696066219330781 ], [ -73.980055623091232, 40.696080101015561 ], [ -73.980031394953841, 40.696094725640791 ], [ -73.980008334337043, 40.696106191465844 ], [ -73.979975223588141, 40.696119207121214 ], [ -73.979945974765684, 40.696127811829136 ], [ -73.979930494564726, 40.696131380563294 ], [ -73.979914167377572, 40.696134452064875 ], [ -73.979891728034232, 40.696137559417572 ], [ -73.979882113508566, 40.696138430333825 ], [ -73.978378452494013, 40.696073394608263 ], [ -73.978135340781307, 40.694878675489122 ], [ -73.978134135934212, 40.694872756190236 ], [ -73.978132334874672, 40.694862977180705 ], [ -73.978130678659767, 40.694840844064593 ], [ -73.978132574348621, 40.694814610688709 ], [ -73.978138017462371, 40.694790705811776 ], [ -73.978148088365131, 40.694764985479274 ], [ -73.978158199431775, 40.694746654760785 ], [ -73.978172340727141, 40.694726746206932 ], [ -73.978186506770186, 40.694710727871026 ], [ -73.978201003326163, 40.694697016709533 ], [ -73.97822159730562, 40.694680859106761 ], [ -73.978242816312104, 40.694667259974729 ], [ -73.978262505688932, 40.694656810543613 ], [ -73.978281832412222, 40.694648241311135 ], [ -73.978290963683918, 40.69464480037378 ], [ -73.978299183914658, 40.694641471827929 ], [ -73.978258991426429, 40.694433054076349 ], [ -73.978481500421566, 40.693842907019516 ] ] ], [ [ [ -73.977609333020567, 40.698019493598622 ], [ -73.977460174278022, 40.696464920677094 ], [ -73.978306439787886, 40.69650022940413 ], [ -73.978386490953511, 40.69650357005785 ], [ -73.978392646067789, 40.698050415628309 ], [ -73.977609333020567, 40.698019493598622 ] ] ] ] } },
{ "type": "Feature", "properties": { "name": "INTERNATIONAL TOWER", "borough": "QUEENS", "borough_primary": "QUEENS", "hvi_score_zcta": 3.0, "avg_monthly_rent_usd": 457.0, "is_senior_development": true, "total_population": "174" }, "geometry": { "type": "MultiPolygon", "coordinates": [ [ [ [ -73.790206462062798, 40.707764641030657 ], [ -73.79061952341452, 40.70762349375341 ], [ -73.790648902795724, 40.707673539211108 ], [ -73.790707751147352, 40.707773782452556 ], [ -73.790766599678591, 40.70787402476207 ], [ -73.790825448386826, 40.707974267040129 ], [ -73.790867852382007, 40.708046497748654 ], [ -73.790905688241082, 40.708110946908675 ], [ -73.790942640193094, 40.708173888791336 ], [ -73.791119929997663, 40.708475880015946 ], [ -73.79070686442904, 40.708617027272091 ], [ -73.790206462062798, 40.707764641030657 ] ] ] ] } },
{ "type": "Feature", "properties": { "name": "ISAACS", "borough": "MANHATTAN", "borough_primary": "MANHATTAN", "hvi_score_zcta": 1.0, "avg_monthly_rent_usd": 615.0, "is_senior_development": false, "total_population": "1,131" }, "geometry": { "type": "MultiPolygon", "coordinates": [ [ [ [ -73.944516695012581, 40.782377265781278 ], [ -73.944537156153203, 40.782197442712878 ], [ -73.94455057497558, 40.781565841647584 ], [ -73.944507484381063, 40.781362014802582 ], [ -73.944392028864357, 40.780796797788788 ], [ -73.944454919173324, 40.780710813064353 ], [ -73.945922707918555, 40.781329353721063 ], [ -73.94500558362887, 40.782583287296582 ], [ -73.944516695012581, 40.782377265781278 ] ] ] ] } },
{ "type": "Feature", "properties": { "name": "JACKSON", "borough": "BRONX", "borough_primary": "BRONX", "hvi_score_zcta": 5.0, "avg_monthly_rent_usd": 568.0, "is_senior_development": false, "total_population": "1,832" }, "geometry": { "type": "MultiPolygon", "coordinates": [ [ [ [ -73.916778413602827, 40.822769749719725 ], [ -73.917507623100221, 40.821406302689802 ], [ -73.920074366058259, 40.822071689748412 ], [ -73.92011549049046, 40.822116313524823 ], [ -73.918344996864107, 40.823251038581645 ], [ -73.916778413602827, 40.822769749719725 ] ] ] ] } },
{ "type": "Feature", "properties": { "name": "JEFFERSON", "borough": "MANHATTAN", "borough_primary": "MANHATTAN", "hvi_score_zcta": 4.0, "avg_monthly_rent_usd": 646.0, "is_senior_development": false, "total_population": "2,932" }, "geometry": { "type": "MultiPolygon", "coordinates": [ [ [ [ -73.939390617589709, 40.795071678175994 ], [ -73.939720894432625, 40.794622107399398 ], [ -73.940398820773339, 40.794909848251947 ], [ -73.940069790392471, 40.795357728656874 ], [ -73.939390617589709, 40.795071678175994 ] ] ], [ [ [ -73.936162658874295, 40.795271787202161 ], [ -73.937371861394652, 40.793615251066662 ], [ -73.939419479739342, 40.7944790192876 ], [ -73.939093228027986, 40.794928422944793 ], [ -73.938364131254005, 40.794622856778915 ], [ -73.938270269845177, 40.794504913067684 ], [ -73.938266336677785, 40.794500335519899 ], [ -73.938262145079676, 40.794495892007966 ], [ -73.93825770333622, 40.794491591541338 ], [ -73.938253019735882, 40.794487440428291 ], [ -73.938248102562085, 40.794483450379097 ], [ -73.938242962474575, 40.794479625902625 ], [ -73.938237607762218, 40.794475973306177 ], [ -73.938232050265157, 40.794472501601298 ], [ -73.938226298270564, 40.794469218897277 ], [ -73.938220363624808, 40.794466127901281 ], [ -73.938214259353686, 40.794463236725143 ], [ -73.938207993748506, 40.794460548975366 ], [ -73.938201581021971, 40.794458070962961 ], [ -73.938195031833473, 40.79445580809638 ], [ -73.938188360398613, 40.794453763084917 ], [ -73.938181577377321, 40.79445194043678 ], [ -73.938174698170258, 40.794450343762207 ], [ -73.938167732252793, 40.794448976668292 ], [ -73.938160696212748, 40.794447840064414 ], [ -73.938153600710464, 40.794446937558185 ], [ -73.938146459964273, 40.79444627005801 ], [ -73.93813928818966, 40.794445840272417 ], [ -73.938132099607685, 40.794445646408576 ], [ -73.938124904879501, 40.794445691173479 ], [ -73.938117720595088, 40.794445972775272 ], [ -73.938110559786608, 40.794446493021645 ], [ -73.938103435491428, 40.794447248317702 ], [ -73.938096359558088, 40.794448238669808 ], [ -73.938089347392065, 40.794449462285435 ], [ -73.938082413215042, 40.794450915569776 ], [ -73.938075567692437, 40.794452597628563 ], [ -73.938068825046571, 40.79445450396679 ], [ -73.938062198314896, 40.794456630989536 ], [ -73.938055700534562, 40.794458975101527 ], [ -73.93804934000346, 40.794461531805268 ], [ -73.938043133315261, 40.794464296606542 ], [ -73.938037091138767, 40.794467263208091 ], [ -73.938031224142804, 40.794470427113303 ], [ -73.938025542997536, 40.794473782023879 ], [ -73.938020061926778, 40.794477321644365 ], [ -73.938014785677453, 40.794481038773256 ], [ -73.938009729658788, 40.794484927115214 ], [ -73.93800489743299, 40.794488978568126 ], [ -73.938000303225692, 40.794493185935195 ], [ -73.937995954153578, 40.794497541116257 ], [ -73.937991858519084, 40.794502036010748 ], [ -73.937988024624133, 40.794506661618705 ], [ -73.937984458401132, 40.794511409838144 ], [ -73.937904752105496, 40.794618817306606 ], [ -73.938036988982446, 40.794675042759508 ], [ -73.937855286471432, 40.794921824251539 ], [ -73.938801572095855, 40.795324167916398 ], [ -73.938205926955035, 40.796133149281943 ], [ -73.936162658874295, 40.795271787202161 ] ] ], [ [ [ -73.938508536666831, 40.796269318121695 ], [ -73.939287705796744, 40.795210989909243 ], [ -73.940131663795114, 40.795567588121557 ], [ -73.940219685444774, 40.7956848131698 ], [ -73.94022395188783, 40.795689268354806 ], [ -73.940228466107172, 40.795693581389258 ], [ -73.940233221001535, 40.795697742363885 ], [ -73.940238203543387, 40.79570174496817 ], [ -73.940243410184493, 40.795705581095916 ], [ -73.940248826711922, 40.795709244436338 ], [ -73.940254444836654, 40.795712728681579 ], [ -73.940260253901855, 40.795716025721347 ], [ -73.940266244432067, 40.795719131048479 ], [ -73.940272405769974, 40.795722037453288 ], [ -73.940278723698995, 40.795724741326445 ], [ -73.940285188745861, 40.795727236359419 ], [ -73.940291789064247, 40.795729518943929 ], [ -73.940298511625286, 40.79573158367058 ], [ -73.940305344582015, 40.7957334278315 ], [ -73.940312274902666, 40.795735048718406 ], [ -73.940319291927466, 40.795736440922802 ], [ -73.94032637906885, 40.795737603535763 ], [ -73.940333525663661, 40.795738534750228 ], [ -73.940340718680091, 40.795739231858484 ], [ -73.940347943899582, 40.795739694852927 ], [ -73.940355189475767, 40.795739920125548 ], [ -73.940362441186949, 40.795739910370195 ], [ -73.940369683631175, 40.795739663778157 ], [ -73.940376907325913, 40.795739183046081 ], [ -73.940384096870574, 40.795738465464332 ], [ -73.940391239226926, 40.7957375146283 ], [ -73.940398322542706, 40.795736334133579 ], [ -73.9404053302314, 40.795734921270544 ], [ -73.940412255178018, 40.795733282338695 ], [ -73.940419078421797, 40.795731419129446 ], [ -73.940425791664552, 40.795729336141108 ], [ -73.940432380684982, 40.795727036067312 ], [ -73.940438833629145, 40.795724523404992 ], [ -73.940445139830189, 40.795721801750595 ], [ -73.94045128624704, 40.79571887830113 ], [ -73.940457262212348, 40.795715756653443 ], [ -73.94046305587068, 40.795712444005247 ], [ -73.94046865773835, 40.795708944854141 ], [ -73.940474057145153, 40.795705266398691 ], [ -73.940479245789192, 40.795701415838757 ], [ -73.940484209446822, 40.79569739947032 ], [ -73.940488943371705, 40.795693224495153 ], [ -73.940493436890421, 40.795688900813097 ], [ -73.940497682888832, 40.795684433823688 ], [ -73.940501674249433, 40.795679832528045 ], [ -73.940505434011271, 40.795675834447835 ], [ -73.940508441260761, 40.795671936835106 ], [ -73.94058107726984, 40.79557306428304 ], [ -73.940909754119005, 40.795125659518526 ], [ -73.941646395677566, 40.795436799170567 ], [ -73.940440101055785, 40.797085172182271 ], [ -73.938508536666831, 40.796269318121695 ] ] ] ] } },
{ "type": "Feature", "properties": { "name": "JOHNSON", "borough": "MANHATTAN", "borough_primary": "MANHATTAN", "hvi_score_zcta": 4.0, "avg_monthly_rent_usd": 676.0, "is_senior_development": false, "total_population": "2,699" }, "geometry": { "type": "MultiPolygon", "coordinates": [ [ [ [ -73.942118777253327, 40.797038913204865 ], [ -73.94153862283774, 40.796794450798522 ], [ -73.941521046925018, 40.796818429397071 ], [ -73.941173598467685, 40.796672020432048 ], [ -73.941992688286192, 40.795554521633392 ], [ -73.943305635414589, 40.796107761293086 ], [ -73.942465470006724, 40.797254042373062 ], [ -73.942080111731315, 40.797091665771212 ], [ -73.942118777253327, 40.797038913204865 ] ] ], [ [ [ -73.94232807198631, 40.79792152854894 ], [ -73.943574422653455, 40.79622101668442 ], [ -73.944772916657769, 40.796726004034426 ], [ -73.943526587151382, 40.798426528722302 ], [ -73.94232807198631, 40.79792152854894 ] ] ] ] } },
{ "type": "Feature", "properties": { "name": "KING TOWERS", "borough": "MANHATTAN", "borough_primary": "MANHATTAN", "hvi_score_zcta": 5.0, "avg_monthly_rent_usd": 645.0, "is_senior_development": false, "total_population": "2,624" }, "geometry": { "type": "MultiPolygon", "coordinates": [ [ [ [ -73.947216234583749, 40.799926086160944 ], [ -73.948400458671898, 40.798305668407309 ], [ -73.951240035534866, 40.799500254544171 ], [ -73.950901389828502, 40.799963673453199 ], [ -73.950391713136156, 40.799749264266318 ], [ -73.94987760164274, 40.800452774863736 ], [ -73.95038728206589, 40.800667186300018 ], [ -73.950055858134306, 40.801120701162134 ], [ -73.947216234583749, 40.799926086160944 ] ] ], [ [ [ -73.955513112139002, 40.802362441822538 ], [ -73.955694802733689, 40.80211376156614 ], [ -73.95575060209174, 40.802137306733272 ], [ -73.955568911641478, 40.802385986176269 ], [ -73.955524955610016, 40.802367438758537 ], [ -73.955513112139002, 40.802362441822538 ] ] ], [ [ [ -73.955040517731362, 40.803309110528886 ], [ -73.955220232983649, 40.803063174105802 ], [ -73.955297773681536, 40.803095846383208 ], [ -73.95511806099671, 40.803341783827108 ], [ -73.955040517731362, 40.803309110528886 ] ] ] ] } },
{ "type": "Feature", "properties": { "name": "KINGSBOROUGH", "borough": "BROOKLYN", "borough_primary": "BROOKLYN", "hvi_score_zcta": 5.0, "avg_monthly_rent_usd": 633.0, "is_senior_development": false, "total_population": "2,230" }, "geometry": { "type": "MultiPolygon", "coordinates": [ [ [ [ -73.920599092934197, 40.67596948448778 ], [ -73.920652055246421, 40.675372598325737 ], [ -73.921842187246426, 40.67543863996945 ], [ -73.921789291865139, 40.676034895451693 ], [ -73.920599092934197, 40.67596948448778 ] ] ], [ [ [ -73.92205095773835, 40.675749237810649 ], [ -73.922155469356937, 40.674667531340383 ], [ -73.92380923961538, 40.674758091072576 ], [ -73.923751664576756, 40.675354156187055 ], [ -73.924815268245524, 40.675412385549741 ], [ -73.924872833828545, 40.674816319907258 ], [ -73.927628561926753, 40.674967142308454 ], [ -73.927498955777381, 40.676352413178599 ], [ -73.924395703576877, 40.676181613403458 ], [ -73.924424839375519, 40.675879950077132 ], [ -73.92434746849537, 40.675875691122336 ], [ -73.924241511399131, 40.67586985810631 ], [ -73.924151206371789, 40.675864886299237 ], [ -73.924058224874685, 40.675859766771204 ], [ -73.923967559146206, 40.675854775671084 ], [ -73.923884855465914, 40.675850222014304 ], [ -73.923792176783792, 40.675845119581396 ], [ -73.923699630579918, 40.675840024365904 ], [ -73.923595930216663, 40.675834313821461 ], [ -73.923507627619912, 40.675829451801256 ], [ -73.923429621740581, 40.675825156686621 ], [ -73.923357346116944, 40.675821177815237 ], [ -73.923269251712895, 40.675816326556863 ], [ -73.923187812447878, 40.675811842581851 ], [ -73.923027682574372, 40.675803025783274 ], [ -73.922952861803452, 40.675798904474775 ], [ -73.922870171270404, 40.675794351898453 ], [ -73.922788540459749, 40.675789856706025 ], [ -73.922705169890563, 40.675785265732991 ], [ -73.922625509500463, 40.675780878910153 ], [ -73.922544802420319, 40.675776434594901 ], [ -73.922461779601718, 40.675771862590395 ], [ -73.922381771526659, 40.675767456453627 ], [ -73.92205095773835, 40.675749237810649 ] ] ] ] } },
{ "type": "Feature", "properties": { "name": "KINGSBOROUGH EXTENSION", "borough": "BROOKLYN", "borough_primary": "BROOKLYN", "hvi_score_zcta": 5.0, "avg_monthly_rent_usd": 431.0, "is_senior_development": true, "total_population": "213" }, "geometry": { "type": "MultiPolygon", "coordinates": [ [ [ [ -73.92380923961538, 40.674758091072434 ], [ -73.924872833828545, 40.674816319907215 ], [ -73.924815268245524, 40.675412385549706 ], [ -73.923751664576756, 40.675354156186934 ], [ -73.92380923961538, 40.674758091072434 ] ] ] ] } },
{ "type": "Feature", "properties": { "name": "LA GUARDIA", "borough": "MANHATTAN", "borough_primary": "MANHATTAN", "hvi_score_zcta": 3.0, "avg_monthly_rent_usd": 711.0, "is_senior_development": false, "total_population": "2,196" }, "geometry": { "type": "MultiPolygon", "coordinates": [ [ [ [ -73.985032393632892, 40.711832563978163 ], [ -73.986589586894098, 40.711685665590828 ], [ -73.986759800492337, 40.712797225225373 ], [ -73.985399484559267, 40.712922998941892 ], [ -73.985408318150988, 40.712980868672702 ], [ -73.985211041640511, 40.712999524590245 ], [ -73.985176889627226, 40.712776392585205 ], [ -73.985032393632892, 40.711832563978163 ] ] ] ] } },
{ "type": "Feature", "properties": { "name": "LA GUARDIA ADDITION", "borough": "MANHATTAN", "borough_primary": "MANHATTAN", "hvi_score_zcta": 3.0, "avg_monthly_rent_usd": 356.0, "is_senior_development": true, "total_population": "177" }, "geometry": { "type": "MultiPolygon", "coordinates": [ [ [ [ -73.988769097285171, 40.711480024992383 ], [ -73.988812138488143, 40.71176088497311 ], [ -73.988520818896049, 40.711784121887057 ], [ -73.988559369581111, 40.712035834674062 ], [ -73.988474931571361, 40.71204410464626 ], [ -73.98839173935292, 40.711463132698917 ], [ -73.988761198394926, 40.711428270968099 ], [ -73.988769097285171, 40.711480024992383 ] ] ] ] } },
{ "type": "Feature", "properties": { "name": "LAFAYETTE", "borough": "BROOKLYN", "borough_primary": "BROOKLYN", "hvi_score_zcta": 2.0, "avg_monthly_rent_usd": 681.0, "is_senior_development": false, "total_population": "2,076" }, "geometry": { "type": "MultiPolygon", "coordinates": [ [ [ [ -73.957341690446725, 40.689309564064224 ], [ -73.959875269477635, 40.689015272636283 ], [ -73.960121736548643, 40.690243967411234 ], [ -73.957413864946929, 40.690555577975907 ], [ -73.957225008120886, 40.689616233813673 ], [ -73.957341690446725, 40.689309564064224 ] ] ] ] } },
{ "type": "Feature", "properties": { "name": "LATIMER GARDENS", "borough": "QUEENS", "borough_primary": "QUEENS", "hvi_score_zcta": 4.0, "avg_monthly_rent_usd": 622.0, "is_senior_development": false, "total_population": "752" }, "geometry": { "type": "MultiPolygon", "coordinates": [ [ [ [ -73.829225353486379, 40.765334515768565 ], [ -73.829983762503005, 40.765670063621627 ], [ -73.829982018187664, 40.765665776441921 ], [ -73.829723705224822, 40.765030511458903 ], [ -73.830095539664697, 40.764943180964053 ], [ -73.830118620431406, 40.764999943256448 ], [ -73.830141943695239, 40.765057302936476 ], [ -73.830165029255838, 40.765114074230695 ], [ -73.830188784564101, 40.765172493531736 ], [ -73.830250208629423, 40.765323552922105 ], [ -73.830424422523421, 40.76528263475366 ], [ -73.830782090953022, 40.765198629274138 ], [ -73.831315548305454, 40.766510481012901 ], [ -73.830435465496265, 40.766716454857736 ], [ -73.830163266289787, 40.766060876740568 ], [ -73.829234712183734, 40.765638571863697 ], [ -73.829226556112431, 40.765373590491869 ], [ -73.829225353486379, 40.765334515768565 ] ] ] ] } },
{ "type": "Feature", "properties": { "name": "LEAVITT STREET-34TH AVENUE", "borough": "QUEENS", "borough_primary": "QUEENS", "hvi_score_zcta": 4.0, "avg_monthly_rent_usd": 343.0, "is_senior_development": true, "total_population": "95" }, "geometry": { "type": "MultiPolygon", "coordinates": [ [ [ [ -73.82833702751482, 40.767006114327621 ], [ -73.828484879638367, 40.766676390217924 ], [ -73.828491805253449, 40.766678071865933 ], [ -73.828981065283244, 40.766796821195236 ], [ -73.828967409637954, 40.767159115690596 ], [ -73.82833702751482, 40.767006114327621 ] ] ] ] } },
{ "type": "Feature", "properties": { "name": "LEHMAN VILLAGE", "borough": "MANHATTAN", "borough_primary": "MANHATTAN", "hvi_score_zcta": 4.0, "avg_monthly_rent_usd": 598.0, "is_senior_development": false, "total_population": "1,311" }, "geometry": { "type": "MultiPolygon", "coordinates": [ [ [ [ -73.947220746316958, 40.794261153309506 ], [ -73.947678602113001, 40.793632008779511 ], [ -73.948935685639682, 40.794158141392927 ], [ -73.948475234585842, 40.794787666109578 ], [ -73.947220746316958, 40.794261153309506 ] ] ], [ [ [ -73.946346681296873, 40.795485290262235 ], [ -73.946675958223977, 40.795034166491412 ], [ -73.947920234991415, 40.795558523841571 ], [ -73.947588634623045, 40.796007790538262 ], [ -73.946346681296873, 40.795485290262235 ] ] ] ] } },
{ "type": "Feature", "properties": { "name": "LEXINGTON", "borough": "MANHATTAN", "borough_primary": "MANHATTAN", "hvi_score_zcta": 4.0, "avg_monthly_rent_usd": 650.0, "is_senior_development": false, "total_population": "773" }, "geometry": { "type": "MultiPolygon", "coordinates": [ [ [ [ -73.948221235699748, 40.786979831962718 ], [ -73.948472601609623, 40.786635985588021 ], [ -73.949817385825497, 40.787203239157911 ], [ -73.949462544656072, 40.78768864419613 ], [ -73.948562961834696, 40.787309186588466 ], [ -73.948666443220588, 40.787167631626993 ], [ -73.948221235699748, 40.786979831962718 ] ] ], [ [ [ -73.94969243391121, 40.78778561347216 ], [ -73.950047273921413, 40.787300207733296 ], [ -73.951241605341508, 40.787803971427259 ], [ -73.950886771353765, 40.788289380805253 ], [ -73.94969243391121, 40.78778561347216 ] ] ] ] } },
{ "type": "Feature", "properties": { "name": "LINCOLN", "borough": "MANHATTAN", "borough_primary": "MANHATTAN", "hvi_score_zcta": 5.0, "avg_monthly_rent_usd": 637.0, "is_senior_development": false, "total_population": "2,474" }, "geometry": { "type": "MultiPolygon", "coordinates": [ [ [ [ -73.935387307608309, 40.810476420290875 ], [ -73.935954477048853, 40.809700662410371 ], [ -73.937207639471012, 40.810229842304743 ], [ -73.936002512262363, 40.811878208143966 ], [ -73.935063738188177, 40.811481785699009 ], [ -73.935250941988812, 40.810751607977679 ], [ -73.93525700708075, 40.810727949901974 ], [ -73.935267676184992, 40.810690108868179 ], [ -73.935280745512173, 40.810652024245023 ], [ -73.935295040079197, 40.810619047031402 ], [ -73.935312938676063, 40.810586170892655 ], [ -73.935337527787979, 40.810544572679177 ], [ -73.935361388823523, 40.81051187097119 ], [ -73.935387307608309, 40.810476420290875 ] ] ], [ [ [ -73.936859767153322, 40.811845644249679 ], [ -73.936839486868109, 40.811844641693455 ], [ -73.936826937072965, 40.811845526310321 ], [ -73.936803321869789, 40.811850502125402 ], [ -73.936785515689479, 40.811857622504419 ], [ -73.936770739554433, 40.811866540134801 ], [ -73.93675228301521, 40.811887035244233 ], [ -73.936562924643425, 40.812146033203454 ], [ -73.936233865459187, 40.812007084088052 ], [ -73.937456413643744, 40.810334890940268 ], [ -73.938789997955723, 40.810898001810614 ], [ -73.937807798684887, 40.812241489718836 ], [ -73.936898372294579, 40.811857482616475 ], [ -73.936876329186163, 40.811848173811718 ], [ -73.936859767153322, 40.811845644249679 ] ] ] ] } },
{ "type": "Feature", "properties": { "name": "LONG ISLAND BAPTIST HOUSES", "borough": "BROOKLYN", "borough_primary": "BROOKLYN", "hvi_score_zcta": 5.0, "avg_monthly_rent_usd": 642.0, "is_senior_development": false, "total_population": "439" }, "geometry": { "type": "MultiPolygon", "coordinates": [ [ [ [ -73.895883822991976, 40.667578115234939 ], [ -73.895539623664504, 40.666227602236177 ], [ -73.896226372627325, 40.666121937628972 ], [ -73.896297628288551, 40.666401449252049 ], [ -73.89595190249112, 40.666451085121352 ], [ -73.896157974310569, 40.667259441562337 ], [ -73.896503705328456, 40.667209804179187 ], [ -73.896572399572662, 40.667479256323269 ], [ -73.895883822991976, 40.667578115234939 ] ] ], [ [ [ -73.898674609363454, 40.667357228676003 ], [ -73.899029648234006, 40.667304792195978 ], [ -73.899099537112065, 40.667580162060403 ], [ -73.899113440193659, 40.667634936450007 ], [ -73.899127395016208, 40.667689921603596 ], [ -73.899140456380309, 40.667741382251542 ], [ -73.899153979789716, 40.667794665047317 ], [ -73.899167918221409, 40.667849584442735 ], [ -73.899180803301917, 40.667900349732058 ], [ -73.899195135622307, 40.66795681925727 ], [ -73.899209218732764, 40.668012304297548 ], [ -73.899222708153843, 40.668065455578258 ], [ -73.899236288132727, 40.668118956336407 ], [ -73.899249583610356, 40.668171345606765 ], [ -73.899262823865271, 40.668223508797112 ], [ -73.899276811855174, 40.668278621830758 ], [ -73.899290585901781, 40.668332889090316 ], [ -73.89930451632722, 40.668387776940534 ], [ -73.899236680651001, 40.668397732185291 ], [ -73.899168992819568, 40.668407665906983 ], [ -73.899095286270509, 40.668418483119652 ], [ -73.899025516458906, 40.668428721106437 ], [ -73.898949460583268, 40.66843988286238 ], [ -73.898867632770248, 40.668117563932221 ], [ -73.898812830933622, 40.667901693518004 ], [ -73.898674609363454, 40.667357228676003 ] ] ], [ [ [ -73.898041531446125, 40.668580200768453 ], [ -73.898735793375408, 40.668474147832747 ], [ -73.8988035243935, 40.668744518975203 ], [ -73.898111074388481, 40.668850295663987 ], [ -73.898041531446125, 40.668580200768453 ] ] ] ] } },
{ "type": "Feature", "properties": { "name": "LONGFELLOW AVENUE REHAB", "borough": "BRONX", "borough_primary": "BRONX", "hvi_score_zcta": 5.0, "avg_monthly_rent_usd": 765.0, "is_senior_development": false, "total_population": "246" }, "geometry": { "type": "MultiPolygon", "coordinates": [ [ [ [ -73.887932570653945, 40.825852198805045 ], [ -73.888295944247417, 40.825834174941996 ], [ -73.888304322374793, 40.825934856721034 ], [ -73.888318777922663, 40.826108557506359 ], [ -73.887956919168559, 40.82612650547091 ], [ -73.887932570653945, 40.825852198805045 ] ] ], [ [ [ -73.887399847747474, 40.826315539807013 ], [ -73.887761257547893, 40.826298092027471 ], [ -73.88778642819257, 40.826631472047772 ], [ -73.887471656499571, 40.826792638660962 ], [ -73.887271909655752, 40.826568417278828 ], [ -73.887422557894183, 40.826491283876322 ], [ -73.887405241627604, 40.826386986828012 ], [ -73.887399847747474, 40.826315539807013 ] ] ] ] } },
{ "type": "Feature", "properties": { "name": "LOW HOUSES", "borough": "BROOKLYN", "borough_primary": "BROOKLYN", "hvi_score_zcta": 5.0, "avg_monthly_rent_usd": 615.0, "is_senior_development": false, "total_population": "1,221" }, "geometry": { "type": "MultiPolygon", "coordinates": [ [ [ [ -73.90369745673928, 40.668218413038431 ], [ -73.904403939002151, 40.668110854782832 ], [ -73.904672943774244, 40.669188270866464 ], [ -73.903971687730149, 40.669291500047976 ], [ -73.90369745673928, 40.668218413038431 ] ] ], [ [ [ -73.904004847611844, 40.66945248865985 ], [ -73.905645853023657, 40.669204702277625 ], [ -73.905919150966213, 40.670307846547566 ], [ -73.904285264971577, 40.670555022285349 ], [ -73.904004847611844, 40.66945248865985 ] ] ] ] } },
{ "type": "Feature", "properties": { "name": "LOWER EAST SIDE I INFILL", "borough": "MANHATTAN", "borough_primary": "MANHATTAN", "hvi_score_zcta": 3.0, "avg_monthly_rent_usd": 602.0, "is_senior_development": true, "total_population": "320" }, "geometry": { "type": "MultiPolygon", "coordinates": [ [ [ [ -73.991208005105975, 40.720569615174533 ], [ -73.991031654979096, 40.720516554349722 ], [ -73.991030894884815, 40.720518303080382 ], [ -73.990868683504615, 40.720469466496297 ], [ -73.991066465429114, 40.720082787842543 ], [ -73.991404890351234, 40.720184678362394 ], [ -73.991372446262446, 40.720248113242064 ], [ -73.991339265740706, 40.720312981668073 ], [ -73.991307209839803, 40.720375658328095 ], [ -73.991275061536186, 40.720438511471713 ], [ -73.991208005105975, 40.720569615174533 ] ] ], [ [ [ -73.989381924086203, 40.721653220038831 ], [ -73.989483475224645, 40.72145490654151 ], [ -73.989788513341466, 40.721546748152122 ], [ -73.989854785015766, 40.721417326475368 ], [ -73.989887968706256, 40.721352523323581 ], [ -73.989921254151028, 40.721287522058695 ], [ -73.989953208780449, 40.721225117736921 ], [ -73.989986913212917, 40.721159296124164 ], [ -73.990035528081407, 40.721064354212643 ], [ -73.99006278938073, 40.721011116640156 ], [ -73.990110707881641, 40.720917534404251 ], [ -73.990254279090209, 40.720960761202626 ], [ -73.990325434530817, 40.720982184023562 ], [ -73.990412568969418, 40.721008417754213 ], [ -73.989988827229027, 40.721835946366596 ], [ -73.989381924086203, 40.721653220038831 ] ] ], [ [ [ -73.990251807251184, 40.721684400574617 ], [ -73.990577633893537, 40.721048084420808 ], [ -73.990649068846679, 40.721069591712492 ], [ -73.99085034080656, 40.721130189666312 ], [ -73.990917040587419, 40.721150197066635 ], [ -73.990886286197238, 40.721210256824278 ], [ -73.99084666306635, 40.721287640772147 ], [ -73.990690453411986, 40.72159271007714 ], [ -73.990654867013248, 40.721662207619055 ], [ -73.990622781415652, 40.721724868766323 ], [ -73.99096255496724, 40.721827162300649 ], [ -73.990828595320181, 40.722088777629629 ], [ -73.990302065083142, 40.721930253819856 ], [ -73.990404427268984, 40.721730351087473 ], [ -73.990251807251184, 40.721684400574617 ] ] ] ] } },
{ "type": "Feature", "properties": { "name": "LOWER EAST SIDE II", "borough": "MANHATTAN", "borough_primary": "MANHATTAN", "hvi_score_zcta": 2.0, "avg_monthly_rent_usd": 717.0, "is_senior_development": false, "total_population": "388" }, "geometry": { "type": "MultiPolygon", "coordinates": [ [ [ [ -73.979213857848563, 40.723383898390011 ], [ -73.977919975981706, 40.722835137462873 ], [ -73.978044208460474, 40.722664240931103 ], [ -73.977965739592165, 40.722630958421163 ], [ -73.978011688399448, 40.7225677523437 ], [ -73.977942546436495, 40.72253842573523 ], [ -73.977802324204518, 40.722478949854569 ], [ -73.977732255786862, 40.722449229418174 ], [ -73.977562076050745, 40.722683328833142 ], [ -73.977496646645605, 40.722655580373491 ], [ -73.977427316646683, 40.722626184079779 ], [ -73.977357999733627, 40.72259677243828 ], [ -73.977491507594564, 40.722413106395273 ], [ -73.977492117440434, 40.722412265438599 ], [ -73.977504721132732, 40.722417611524868 ], [ -73.97754078483635, 40.722368015802779 ], [ -73.977507062585772, 40.722353707328601 ], [ -73.977541861572476, 40.722305838535689 ], [ -73.977578702001352, 40.722255161440621 ], [ -73.977630984976216, 40.722183239813354 ], [ -73.977680254163616, 40.722115464423723 ], [ -73.978656917705337, 40.722529712870532 ], [ -73.978735689760782, 40.722563135445476 ], [ -73.978813659515708, 40.722596201216767 ], [ -73.978641100720324, 40.722833531010409 ], [ -73.978722241239581, 40.722867945492929 ], [ -73.978803381842354, 40.722902360818892 ], [ -73.978975941421098, 40.722665031685175 ], [ -73.97931232196018, 40.722807706292905 ], [ -73.979557219325045, 40.722911549052199 ], [ -73.979213857848563, 40.723383898390011 ] ] ], [ [ [ -73.980271626931966, 40.722872837411209 ], [ -73.980355414168855, 40.722757222728205 ], [ -73.980437118861346, 40.722791713542826 ], [ -73.980522610762421, 40.722827801543033 ], [ -73.980592013382505, 40.722857097828481 ], [ -73.980748484601719, 40.722923148545725 ], [ -73.98082609012441, 40.722955907618719 ], [ -73.980904641325324, 40.722989065721926 ], [ -73.980983192604427, 40.723022222870895 ], [ -73.981373424606389, 40.723186948401846 ], [ -73.981202713261695, 40.723422511911679 ], [ -73.980184753611312, 40.722992711810292 ], [ -73.980228950508248, 40.722931726106708 ], [ -73.980271626931966, 40.722872837411209 ] ] ], [ [ [ -73.981281261647098, 40.723455676058833 ], [ -73.981451977535272, 40.723220106130796 ], [ -73.98160845045949, 40.723286154775572 ], [ -73.981437726666528, 40.723521736638759 ], [ -73.981281261647098, 40.723455676058833 ] ] ], [ [ [ -73.979800583592549, 40.72363201929349 ], [ -73.979976761004352, 40.723390924288601 ], [ -73.979916548940366, 40.723365747267408 ], [ -73.979980682582521, 40.723279913781326 ], [ -73.980047181897476, 40.723190913577248 ], [ -73.9800940711485, 40.723128160693491 ], [ -73.980730689468217, 40.723395764397907 ], [ -73.980556745627183, 40.723633827117233 ], [ -73.9804464430823, 40.723587632121571 ], [ -73.980376911880853, 40.723558512229452 ], [ -73.980308961880667, 40.723530053539392 ], [ -73.980132295075492, 40.723771823445034 ], [ -73.980002558621138, 40.723717144573875 ], [ -73.979800583592549, 40.72363201929349 ] ] ] ] } },
{ "type": "Feature", "properties": { "name": "LOWER EAST SIDE III", "borough": "MANHATTAN", "borough_primary": "MANHATTAN", "hvi_score_zcta": 2.0, "avg_monthly_rent_usd": 843.0, "is_senior_development": false, "total_population": "129" }, "geometry": { "type": "MultiPolygon", "coordinates": [ [ [ [ -73.976293730874531, 40.724496133115402 ], [ -73.976466083240823, 40.724262494434086 ], [ -73.976524123051632, 40.724287008238207 ], [ -73.976697484196436, 40.724051999735295 ], [ -73.977351190718664, 40.724326744075448 ], [ -73.977176538015854, 40.724563503887445 ], [ -73.977255396996142, 40.724596809516058 ], [ -73.97708357587409, 40.724829731767784 ], [ -73.976293730874531, 40.724496133115402 ] ] ] ] } },
{ "type": "Feature", "properties": { "name": "LOWER EAST SIDE REHAB (GROUP 5)", "borough": "MANHATTAN", "borough_primary": "MANHATTAN", "hvi_score_zcta": 2.0, "avg_monthly_rent_usd": 707.0, "is_senior_development": false, "total_population": "103" }, "geometry": { "type": "MultiPolygon", "coordinates": [ [ [ [ -73.979070516884363, 40.724008202722821 ], [ -73.979175327619998, 40.723863223525754 ], [ -73.979355026802466, 40.723614658590648 ], [ -73.979490385252049, 40.723671721941265 ], [ -73.979621301130663, 40.723726905883808 ], [ -73.979701206560151, 40.723760599946665 ], [ -73.979779681235939, 40.723793684057839 ], [ -73.979613558190366, 40.724023471933833 ], [ -73.979535082142235, 40.723990388610659 ], [ -73.979454436841422, 40.723956380924349 ], [ -73.979440744608823, 40.723975110873901 ], [ -73.979335040739272, 40.724119713737053 ], [ -73.979070516884363, 40.724008202722821 ] ] ] ] } },
{ "type": "Feature", "properties": { "name": "MARBLE HILL", "borough": "BRONX", "borough_primary": "BRONX", "hvi_score_zcta": 1.0, "avg_monthly_rent_usd": 588.0, "is_senior_development": false, "total_population": "2,975" }, "geometry": { "type": "MultiPolygon", "coordinates": [ [ [ [ -73.906265154747487, 40.874929405164437 ], [ -73.90679322790524, 40.873556179381545 ], [ -73.907424187239286, 40.873677138399323 ], [ -73.908443508429073, 40.873869899707941 ], [ -73.909409738811448, 40.874583957926525 ], [ -73.907630051054781, 40.875967289896643 ], [ -73.906892867436369, 40.876346481015993 ], [ -73.906623929898714, 40.876482639028033 ], [ -73.90661727025001, 40.876485615155069 ], [ -73.906606483987957, 40.876489763079299 ], [ -73.906597260657463, 40.876492711016056 ], [ -73.906585774915612, 40.876495676931739 ], [ -73.906572124605333, 40.876498261088066 ], [ -73.906559555363373, 40.876499789845802 ], [ -73.906543546680084, 40.876500608033325 ], [ -73.906529482834301, 40.876500300382972 ], [ -73.906513765680543, 40.87649881085202 ], [ -73.906497872393331, 40.876496027174824 ], [ -73.906482492148854, 40.876492020148248 ], [ -73.906465672151498, 40.876485982252845 ], [ -73.906452570290284, 40.876479882533708 ], [ -73.9064416692582, 40.876473688245078 ], [ -73.90643108285704, 40.876466477559724 ], [ -73.906422714296923, 40.876459728821111 ], [ -73.906412983971421, 40.876450329741814 ], [ -73.906404013715147, 40.876439521114342 ], [ -73.906400182487616, 40.876433962896712 ], [ -73.906395817599659, 40.876426577156224 ], [ -73.906392799756006, 40.876420501817734 ], [ -73.906390362876252, 40.876414676385451 ], [ -73.906388908219611, 40.876410593293549 ], [ -73.906387530123709, 40.876406060019839 ], [ -73.90638631388461, 40.87640116308026 ], [ -73.906385396419623, 40.876396399655114 ], [ -73.906265154747487, 40.874929405164437 ] ] ], [ [ [ -73.907514442128274, 40.876521971738619 ], [ -73.908297963406028, 40.875918014766391 ], [ -73.908370338038395, 40.876564309243939 ], [ -73.908369429741512, 40.876586361471716 ], [ -73.908370555292777, 40.876630486272809 ], [ -73.908372577365796, 40.876652495802603 ], [ -73.908379540249342, 40.876696309166228 ], [ -73.90839034759577, 40.876739659128212 ], [ -73.908404964060068, 40.876782371865183 ], [ -73.908413690425533, 40.876803422291914 ], [ -73.908423330617168, 40.876824240216699 ], [ -73.908445340757936, 40.87686507679495 ], [ -73.908470923541969, 40.876904710448962 ], [ -73.908485014729422, 40.876924009173202 ], [ -73.908535379118362, 40.87697345886852 ], [ -73.908618103733787, 40.877043051967902 ], [ -73.908677742574724, 40.877086151498986 ], [ -73.908883839484133, 40.877236975016359 ], [ -73.90832106229773, 40.877815542948881 ], [ -73.908284936183506, 40.877852237034162 ], [ -73.908000864302693, 40.878143551924325 ], [ -73.907950375544019, 40.878100459350485 ], [ -73.907850138843202, 40.878014902367084 ], [ -73.907691932849986, 40.877861316624276 ], [ -73.907667691001166, 40.877836042153902 ], [ -73.907648514805132, 40.877816047689372 ], [ -73.907585324056072, 40.877745559155294 ], [ -73.907522124928519, 40.877671808111735 ], [ -73.907464581972306, 40.877602763914567 ], [ -73.907407409818532, 40.877529077070676 ], [ -73.907351131295101, 40.877454421989682 ], [ -73.907294823865612, 40.877374211747913 ], [ -73.90721589246715, 40.877255731468743 ], [ -73.907148926462781, 40.877145335434712 ], [ -73.907092200670661, 40.877045655304762 ], [ -73.907082009764608, 40.877025284368585 ], [ -73.907035908230384, 40.876933134537055 ], [ -73.906996781812154, 40.876846670584456 ], [ -73.906978080512488, 40.876799638338262 ], [ -73.906982507668843, 40.876797346562803 ], [ -73.907025188339844, 40.876775250565203 ], [ -73.907514442128274, 40.876521971738619 ] ] ] ] } },
{ "type": "Feature", "properties": { "name": "MARCY", "borough": "BROOKLYN", "borough_primary": "BROOKLYN", "hvi_score_zcta": 4.0, "avg_monthly_rent_usd": 650.0, "is_senior_development": false, "total_population": "3,699" }, "geometry": { "type": "MultiPolygon", "coordinates": [ [ [ [ -73.949761603774277, 40.697456076004457 ], [ -73.94944708303801, 40.695871416991871 ], [ -73.950592927755125, 40.69573943837014 ], [ -73.950613107825632, 40.695841105911676 ], [ -73.950766697848792, 40.695927231014117 ], [ -73.951204140957728, 40.695876842718334 ], [ -73.951317338118258, 40.695763588147265 ], [ -73.951296688699415, 40.695658372510003 ], [ -73.952450430101891, 40.695525464715288 ], [ -73.952761098590784, 40.697108171573781 ], [ -73.949761603774277, 40.697456076004457 ] ] ], [ [ [ -73.949809285448708, 40.697684166010056 ], [ -73.952801862645785, 40.697338177398677 ], [ -73.953191707994208, 40.699273944808994 ], [ -73.950192914637285, 40.699616635937012 ], [ -73.949809285448708, 40.697684166010056 ] ] ] ] } },
{ "type": "Feature", "properties": { "name": "MARINER'S HARBOR", "borough": "STATEN ISLAND", "borough_primary": "STATEN ISLAND", "hvi_score_zcta": 3.0, "avg_monthly_rent_usd": 613.0, "is_senior_development": false, "total_population": "1,333" }, "geometry": { "type": "MultiPolygon", "coordinates": [ [ [ [ -74.164872454264952, 40.632004448023743 ], [ -74.164849481529927, 40.632004324272415 ], [ -74.164827900669323, 40.63200541872677 ], [ -74.164813621346966, 40.632006132596928 ], [ -74.164787932850217, 40.632006213542098 ], [ -74.164749015037046, 40.632005725397967 ], [ -74.164701573370934, 40.632004135506513 ], [ -74.164647802952771, 40.632001004861941 ], [ -74.164586249467945, 40.631995674554645 ], [ -74.164512359375749, 40.631983652985895 ], [ -74.164384652466282, 40.63195635534283 ], [ -74.162707207633559, 40.631622749793664 ], [ -74.162683644828689, 40.63161907388978 ], [ -74.162632640590388, 40.631611527637787 ], [ -74.16256975360541, 40.631602990482335 ], [ -74.16246636098721, 40.631590780577184 ], [ -74.16241360446412, 40.631585416865356 ], [ -74.162357519771064, 40.631580682790421 ], [ -74.16186973065561, 40.63154260672659 ], [ -74.161903709608168, 40.630313771931647 ], [ -74.165191715512407, 40.630354853984301 ], [ -74.165151162496272, 40.632012617393343 ], [ -74.164872454264952, 40.632004448023743 ] ] ], [ [ [ -74.161808115412668, 40.633411850446386 ], [ -74.161864095725832, 40.631728155280513 ], [ -74.162329076997224, 40.63176721632324 ], [ -74.162429474941774, 40.631773717678193 ], [ -74.162494237544763, 40.63177918868768 ], [ -74.162566693176075, 40.631788747054436 ], [ -74.162614848660311, 40.631797165466949 ], [ -74.162640892877178, 40.631802425493163 ], [ -74.164322365404018, 40.632154244691066 ], [ -74.164430403133835, 40.632175469504482 ], [ -74.164508203329774, 40.632187408086956 ], [ -74.164583218421683, 40.6321963491676 ], [ -74.164644007569194, 40.632201777827284 ], [ -74.164706589652212, 40.632205691011386 ], [ -74.164741262948624, 40.632207132599667 ], [ -74.164778857054813, 40.632208113427609 ], [ -74.164827750916231, 40.632208482800692 ], [ -74.16485006579488, 40.632208313029636 ], [ -74.164857663535031, 40.632208205780422 ], [ -74.164864784886063, 40.632208083904921 ], [ -74.164869202864864, 40.632207921779937 ], [ -74.164874147958997, 40.632207733684588 ], [ -74.164878975416997, 40.632207774489714 ], [ -74.165139314257402, 40.632210004277958 ], [ -74.165123981317876, 40.633313134605331 ], [ -74.161808115412668, 40.633411850446386 ] ] ] ] } },
{ "type": "Feature", "properties": { "name": "MARLBORO", "borough": "BROOKLYN", "borough_primary": "BROOKLYN", "hvi_score_zcta": 4.0, "avg_monthly_rent_usd": 640.0, "is_senior_development": false, "total_population": "3,614" }, "geometry": { "type": "MultiPolygon", "coordinates": [ [ [ [ -73.982813330554634, 40.593629416048842 ], [ -73.98275853656888, 40.593333052071578 ], [ -73.982551392640332, 40.593353615762965 ], [ -73.982556262036212, 40.59338088073261 ], [ -73.9824829892097, 40.59338913188374 ], [ -73.982409604135697, 40.593397395578201 ], [ -73.982340486127683, 40.593405178101996 ], [ -73.982268834078681, 40.593413245659065 ], [ -73.98219711821919, 40.593421320365408 ], [ -73.982126539995477, 40.593429267330045 ], [ -73.982054860723096, 40.593437339251743 ], [ -73.981982335576888, 40.593445504650695 ], [ -73.98190939575349, 40.593453717666335 ], [ -73.981840408760291, 40.593461485501408 ], [ -73.981486841663823, 40.591595374445404 ], [ -73.984017106331223, 40.591316034678961 ], [ -73.984422175682809, 40.593453286114674 ], [ -73.982813330554634, 40.593629416048842 ] ] ], [ [ [ -73.978443077901161, 40.59168277261751 ], [ -73.978405740423966, 40.5910697075252 ], [ -73.978472843264299, 40.5902383652843 ], [ -73.978588934244328, 40.589721660476926 ], [ -73.980779922351729, 40.589481326290624 ], [ -73.981023219342205, 40.590764931004038 ], [ -73.980538869063466, 40.590818088018572 ], [ -73.980506408803606, 40.590849792635964 ], [ -73.980657425925543, 40.591646547824539 ], [ -73.980699225344054, 40.591669656870572 ], [ -73.981184612974943, 40.591616386787955 ], [ -73.981492925896575, 40.5932428830681 ], [ -73.98084751457678, 40.593313715998995 ], [ -73.980952019282753, 40.593865042465296 ], [ -73.98077789546528, 40.593884151381587 ], [ -73.978823615495571, 40.592695020398139 ], [ -73.97863494582414, 40.592390439419141 ], [ -73.978488107735899, 40.591910269379056 ], [ -73.978443077901161, 40.59168277261751 ] ] ] ] } },
{ "type": "Feature", "properties": { "name": "MCKINLEY", "borough": "BRONX", "borough_primary": "BRONX", "hvi_score_zcta": 5.0, "avg_monthly_rent_usd": 607.0, "is_senior_development": false, "total_population": "1,299" }, "geometry": { "type": "MultiPolygon", "coordinates": [ [ [ [ -73.904931057031348, 40.82300500887748 ], [ -73.903313666601875, 40.822617905836246 ], [ -73.903878793634206, 40.821258577246475 ], [ -73.905490767045436, 40.821647139444501 ], [ -73.905397896521748, 40.821871100518905 ], [ -73.905409515263713, 40.821873880878258 ], [ -73.905376920398496, 40.821952487290574 ], [ -73.905365300461042, 40.821949705125853 ], [ -73.905231802579877, 40.822271636436341 ], [ -73.904616025093873, 40.822124261344818 ], [ -73.904567171034927, 40.822242067994338 ], [ -73.905186019811239, 40.822390177971954 ], [ -73.90508019607104, 40.822645366333113 ], [ -73.905110525988135, 40.822652624982965 ], [ -73.905043808601789, 40.822813509475786 ], [ -73.90501347980414, 40.822806250809435 ], [ -73.904931057031348, 40.82300500887748 ] ] ], [ [ [ -73.905919126594867, 40.823253724089284 ], [ -73.906195526399159, 40.822588320386139 ], [ -73.906966165154344, 40.822770480280866 ], [ -73.906692581980892, 40.823436549949463 ], [ -73.905919126594867, 40.823253724089284 ] ] ] ] } },
{ "type": "Feature", "properties": { "name": "MELROSE", "borough": "BRONX", "borough_primary": "BRONX", "hvi_score_zcta": 5.0, "avg_monthly_rent_usd": 558.0, "is_senior_development": false, "total_population": "2,184" }, "geometry": { "type": "MultiPolygon", "coordinates": [ [ [ [ -73.917916155123649, 40.820490093198998 ], [ -73.918025675560841, 40.820664968299539 ], [ -73.918659928942105, 40.820830686484676 ], [ -73.918907561954043, 40.820285440944893 ], [ -73.918275626220094, 40.820120328178746 ], [ -73.918047161879045, 40.820201646563596 ], [ -73.918362389518379, 40.819507577341916 ], [ -73.921312342555495, 40.820278166953678 ], [ -73.920656007593976, 40.821734509767658 ], [ -73.920352910975211, 40.821927984968859 ], [ -73.917590845869825, 40.821206337620957 ], [ -73.917916155123649, 40.820490093198998 ] ] ] ] } },
{ "type": "Feature", "properties": { "name": "MELTZER TOWER", "borough": "MANHATTAN", "borough_primary": "MANHATTAN", "hvi_score_zcta": 2.0, "avg_monthly_rent_usd": 338.0, "is_senior_development": true, "total_population": "211" }, "geometry": { "type": "MultiPolygon", "coordinates": [ [ [ [ -73.986497340514489, 40.7232218016267 ], [ -73.986525294949772, 40.723183379267446 ], [ -73.986514250271554, 40.723178723241617 ], [ -73.986675531995601, 40.722957040217089 ], [ -73.986737412605137, 40.722983129715139 ], [ -73.986928170854441, 40.722720928600772 ], [ -73.987938785378191, 40.723143061720613 ], [ -73.987832172114381, 40.723287691213486 ], [ -73.987791467598484, 40.723342955664492 ], [ -73.987733432696501, 40.723421636000467 ], [ -73.987650241656894, 40.723386565777197 ], [ -73.987657748744539, 40.723371119245314 ], [ -73.987609879326726, 40.723350939093208 ], [ -73.98754676597116, 40.723324332139228 ], [ -73.987467872572125, 40.723291073172753 ], [ -73.987387087962446, 40.723257016994069 ], [ -73.987308195906522, 40.723223757918014 ], [ -73.987229305112535, 40.723190500588871 ], [ -73.987166190877403, 40.723163892525093 ], [ -73.986975045815939, 40.723423191632833 ], [ -73.986497340514489, 40.7232218016267 ] ] ] ] } },
{ "type": "Feature", "properties": { "name": "MILL BROOK", "borough": "BRONX", "borough_primary": "BRONX", "hvi_score_zcta": 5.0, "avg_monthly_rent_usd": 553.0, "is_senior_development": false, "total_population": "2,531" }, "geometry": { "type": "MultiPolygon", "coordinates": [ [ [ [ -73.917955239364758, 40.805577709378937 ], [ -73.918015324874617, 40.805492034548692 ], [ -73.91786516608235, 40.805504886740295 ], [ -73.917714327274112, 40.805511756237799 ], [ -73.917563223294735, 40.805512625324724 ], [ -73.917412265415152, 40.805507491593552 ], [ -73.917261867257594, 40.805496367948727 ], [ -73.917112440050801, 40.805479285304521 ], [ -73.917022347869974, 40.805467147505695 ], [ -73.917017871044095, 40.805466784984198 ], [ -73.917013376917225, 40.805466991565602 ], [ -73.917008991117825, 40.80546776013577 ], [ -73.917004832181263, 40.805469070068938 ], [ -73.917001016290953, 40.80547088542864 ], [ -73.916997648982829, 40.805473155863041 ], [ -73.916994822772963, 40.805475818404013 ], [ -73.916992615967629, 40.805478800167528 ], [ -73.916991089110823, 40.805482018351306 ], [ -73.916957633354215, 40.805576536722434 ], [ -73.915193950219191, 40.804833379505602 ], [ -73.91561929276331, 40.804249711764363 ], [ -73.916009633489153, 40.804414191999236 ], [ -73.91604591924559, 40.804364399226721 ], [ -73.916173863550242, 40.804417782059843 ], [ -73.916228154281086, 40.804440265560658 ], [ -73.916326939135317, 40.80447839869209 ], [ -73.916400565131852, 40.804504125332791 ], [ -73.916449389359627, 40.804520862282814 ], [ -73.916538606274955, 40.804548504689187 ], [ -73.916635720398091, 40.804575372004471 ], [ -73.91671183869768, 40.804595527961027 ], [ -73.916800807861932, 40.804616756631482 ], [ -73.916892669111064, 40.804636684296291 ], [ -73.916983131325651, 40.804654320911808 ], [ -73.917138498469583, 40.804679146884276 ], [ -73.917212075131587, 40.804355269574117 ], [ -73.918629209278436, 40.804951642515867 ], [ -73.918302362743745, 40.805400183936342 ], [ -73.918143529520847, 40.805618153155812 ], [ -73.917985612220107, 40.805618040917473 ], [ -73.917979590281263, 40.805617462114924 ], [ -73.917973781408094, 40.805616126144038 ], [ -73.917968349098487, 40.805614069141662 ], [ -73.917963446157643, 40.805611349748474 ], [ -73.917959212331994, 40.805608045507014 ], [ -73.917955766015524, 40.805604249253157 ], [ -73.917953204254701, 40.80560006821522 ], [ -73.917951600379041, 40.805595620410962 ], [ -73.917950999268044, 40.805591031041459 ], [ -73.917951418537868, 40.80558642979134 ], [ -73.917952844991206, 40.805581947223168 ], [ -73.917955239364758, 40.805577709378937 ] ] ], [ [ [ -73.918561400005359, 40.80549987863769 ], [ -73.918876370870876, 40.805055114732106 ], [ -73.920408738336548, 40.805700698664197 ], [ -73.919662027825851, 40.806727996364451 ], [ -73.918145214611187, 40.806087554616902 ], [ -73.918561400005359, 40.80549987863769 ] ] ] ] } },
{ "type": "Feature", "properties": { "name": "MILL BROOK EXTENSION", "borough": "BRONX", "borough_primary": "BRONX", "hvi_score_zcta": 5.0, "avg_monthly_rent_usd": 505.0, "is_senior_development": false, "total_population": "255" }, "geometry": { "type": "MultiPolygon", "coordinates": [ [ [ [ -73.915619292763466, 40.804249711764363 ], [ -73.915934256786684, 40.8038175015459 ], [ -73.916324708533125, 40.803981825021211 ], [ -73.91604591924559, 40.804364399226721 ], [ -73.916009633489153, 40.804414191999236 ], [ -73.915619292763466, 40.804249711764363 ] ] ] ] } },
{ "type": "Feature", "properties": { "name": "MITCHEL", "borough": "BRONX", "borough_primary": "BRONX", "hvi_score_zcta": 5.0, "avg_monthly_rent_usd": 609.0, "is_senior_development": true, "total_population": "3,462" }, "geometry": { "type": "MultiPolygon", "coordinates": [ [ [ [ -73.923114450647716, 40.809051355414475 ], [ -73.924304742387946, 40.807428308686141 ], [ -73.924632212889179, 40.807565615115308 ], [ -73.924720768797371, 40.807602746494183 ], [ -73.925384947186529, 40.807881226963183 ], [ -73.925250112085237, 40.808068993476461 ], [ -73.925376434291167, 40.808122298365959 ], [ -73.925194758452747, 40.808375292689426 ], [ -73.925191600357891, 40.808373959703751 ], [ -73.925165645366931, 40.808410102367503 ], [ -73.925910998805378, 40.808724621738577 ], [ -73.925528627133517, 40.809257054275221 ], [ -73.924863400459699, 40.808977967086228 ], [ -73.924857823944606, 40.808974089508439 ], [ -73.92485345747923, 40.808970206415545 ], [ -73.924849821672055, 40.80896683888389 ], [ -73.924845046487505, 40.808961765966309 ], [ -73.924840516203943, 40.808956021436352 ], [ -73.924836259551867, 40.808949351372448 ], [ -73.924832878913563, 40.808942517988918 ], [ -73.92483024432326, 40.808935166404765 ], [ -73.924829113988153, 40.808930701898149 ], [ -73.9248282392129, 40.808925572089926 ], [ -73.924827798340459, 40.808920320997395 ], [ -73.924827829555753, 40.808914719018382 ], [ -73.924825497148959, 40.808905297385735 ], [ -73.924822569470933, 40.808897212604656 ], [ -73.924818221854252, 40.808888190379555 ], [ -73.924812032267369, 40.808878334892512 ], [ -73.924803493288294, 40.808867803399622 ], [ -73.924793857914523, 40.808858437335893 ], [ -73.924783537270073, 40.808850345929919 ], [ -73.924773294336461, 40.808843755704196 ], [ -73.924760772308503, 40.808837209015053 ], [ -73.924749472505454, 40.808832465919856 ], [ -73.924738677526847, 40.808828817258593 ], [ -73.924725602027266, 40.808825424649491 ], [ -73.924712581065933, 40.808823062244578 ], [ -73.924701586643693, 40.808821810575793 ], [ -73.924691705491156, 40.808821242210712 ], [ -73.924680158564101, 40.808821236468312 ], [ -73.92466717405496, 40.808822271662144 ], [ -73.92465562052142, 40.808823913824689 ], [ -73.924645391577258, 40.808825917951836 ], [ -73.924635553241231, 40.808828356373418 ], [ -73.924626971025702, 40.808830918083316 ], [ -73.92460875570211, 40.808837834606457 ], [ -73.924593737299418, 40.808845294416884 ], [ -73.924581250114031, 40.808852988210191 ], [ -73.924569351708485, 40.80886193768152 ], [ -73.92456046579926, 40.808869981421026 ], [ -73.924553564643489, 40.808877310562309 ], [ -73.924548334412933, 40.808883716885909 ], [ -73.924542295706161, 40.808892391034938 ], [ -73.924537476837031, 40.808900785927051 ], [ -73.924533423163652, 40.808909544220846 ], [ -73.924530304623929, 40.808918259902747 ], [ -73.924528083343432, 40.808927933401264 ], [ -73.924527645540266, 40.808936719275664 ], [ -73.924528084962432, 40.808946363899167 ], [ -73.924529240553696, 40.808954667249225 ], [ -73.924531526367716, 40.808964381519168 ], [ -73.924534429708729, 40.808972996685021 ], [ -73.924538095351494, 40.808981394429168 ], [ -73.924542888810578, 40.808990190931667 ], [ -73.924547505277317, 40.808997253858998 ], [ -73.924551824565015, 40.809003012670424 ], [ -73.924558081036253, 40.809010298192973 ], [ -73.92456328138789, 40.809015622639876 ], [ -73.924570450139541, 40.80902211992229 ], [ -73.924579390115696, 40.809029132547742 ], [ -73.924589010987276, 40.809035603517735 ], [ -73.924612749037038, 40.809045565045174 ], [ -73.924442096534662, 40.809283200155996 ], [ -73.92444030790945, 40.80928339259075 ], [ -73.92425976728299, 40.809534794061257 ], [ -73.923114450647716, 40.809051355414475 ] ] ], [ [ [ -73.925383595279811, 40.810005812920423 ], [ -73.926606496658451, 40.808338002735645 ], [ -73.928330915982812, 40.809068339904996 ], [ -73.927108044396462, 40.810736168184341 ], [ -73.925383595279811, 40.810005812920423 ] ] ] ] } },
{ "type": "Feature", "properties": { "name": "MONROE", "borough": "BRONX", "borough_primary": "BRONX", "hvi_score_zcta": 4.0, "avg_monthly_rent_usd": 636.0, "is_senior_development": false, "total_population": "2,400" }, "geometry": { "type": "MultiPolygon", "coordinates": [ [ [ [ -73.863151780127993, 40.821485204096007 ], [ -73.865669117962668, 40.821143570041357 ], [ -73.866745866743926, 40.822175072659306 ], [ -73.86693824756945, 40.823013785305506 ], [ -73.863612001798046, 40.823456378937543 ], [ -73.863151780127993, 40.821485204096007 ] ] ], [ [ [ -73.863787647589959, 40.824165430596757 ], [ -73.863670705386895, 40.82366374182098 ], [ -73.866963474529697, 40.823222915179031 ], [ -73.867080725360609, 40.823724562258434 ], [ -73.866172484884004, 40.82384616573102 ], [ -73.866178119183857, 40.823870334397995 ], [ -73.865812684518517, 40.823919259652868 ], [ -73.865781813893861, 40.823992661033884 ], [ -73.865776382156895, 40.823992724950223 ], [ -73.865769123607876, 40.823992826361803 ], [ -73.865761865020687, 40.823992946683269 ], [ -73.865754608767844, 40.823993085017015 ], [ -73.865747352476802, 40.823993242260492 ], [ -73.865740096149395, 40.823993417513627 ], [ -73.865732840967127, 40.82399361257832 ], [ -73.865725586935994, 40.823993824753614 ], [ -73.865718332864844, 40.823994056739089 ], [ -73.865711081128381, 40.823994306736772 ], [ -73.865703830540653, 40.823994574745313 ], [ -73.865696579914683, 40.823994861663842 ], [ -73.865689331623173, 40.823995166594599 ], [ -73.865682084476958, 40.823995491337037 ], [ -73.865674839665019, 40.823995834091761 ], [ -73.865667594817026, 40.823996194855944 ], [ -73.865660352303451, 40.823996573632279 ], [ -73.86565311212027, 40.823996972221764 ], [ -73.865645871900668, 40.823997388820793 ], [ -73.865638635201023, 40.823997823433437 ], [ -73.865631400834104, 40.823998276958619 ], [ -73.865624167614115, 40.823998749395081 ], [ -73.8656169367285, 40.82399923984385 ], [ -73.865609708175668, 40.823999749205484 ], [ -73.865602481958817, 40.824000275678536 ], [ -73.865595256887175, 40.824000821963438 ], [ -73.865588035335108, 40.824001386262019 ], [ -73.865580817301449, 40.824001969474701 ], [ -73.865573601601611, 40.824002570699662 ], [ -73.865566387051359, 40.824003189935205 ], [ -73.865559176018621, 40.824003828084948 ], [ -73.865551968503738, 40.824004485148954 ], [ -73.865544763324991, 40.824005159324336 ], [ -73.865537561662293, 40.824005853314411 ], [ -73.865530362334127, 40.824006565316779 ], [ -73.86552316652562, 40.824007295332777 ], [ -73.865515973051416, 40.824008043360941 ], [ -73.865508785463717, 40.824008811206397 ], [ -73.865501599027198, 40.824009596162057 ], [ -73.865494417293434, 40.824010400033465 ], [ -73.865487237894371, 40.824011221916784 ], [ -73.865480063200465, 40.824012061815218 ], [ -73.865472892023973, 40.824012920627816 ], [ -73.865465725551203, 40.824013798355807 ], [ -73.865458561414314, 40.824014693195473 ], [ -73.865451401980565, 40.824015606950688 ], [ -73.865444247252128, 40.824016538720926 ], [ -73.865437096042911, 40.824017488504779 ], [ -73.865429949537202, 40.824018457203984 ], [ -73.865422805365924, 40.824019443915574 ], [ -73.865415668270217, 40.824020448644674 ], [ -73.865408534692278, 40.824021472288095 ], [ -73.865401405819611, 40.824022513946254 ], [ -73.865394281651874, 40.824023573619563 ], [ -73.86538716219107, 40.824024650407459 ], [ -73.865380047431458, 40.824025747011099 ], [ -73.86537293737878, 40.824026860729454 ], [ -73.865365832029326, 40.82402799336321 ], [ -73.865358732569902, 40.824029144013203 ], [ -73.865351637815948, 40.82403031267831 ], [ -73.865344547767009, 40.824031499358412 ], [ -73.865337463610118, 40.824032703154373 ], [ -73.865330382967045, 40.824033927665468 ], [ -73.865323311774802, 40.8240351683962 ], [ -73.865316244101891, 40.824036427140314 ], [ -73.865309181133611, 40.824037703899634 ], [ -73.865302124054438, 40.824038999575656 ], [ -73.865295074052582, 40.824040312369036 ], [ -73.865288028753952, 40.824041644077944 ], [ -73.865280990530991, 40.824042993804575 ], [ -73.865273957014836, 40.824044360645757 ], [ -73.865266929388852, 40.824045745503312 ], [ -73.865259908837075, 40.824047149278996 ], [ -73.865252894177274, 40.824048570170859 ], [ -73.865245886593527, 40.824050009080182 ], [ -73.865238883714341, 40.824051466004668 ], [ -73.86523189028371, 40.824052940049221 ], [ -73.865224900370691, 40.824054433007888 ], [ -73.865217919904381, 40.82405594398719 ], [ -73.865210944144437, 40.824057472080796 ], [ -73.865203974275374, 40.824059018190873 ], [ -73.865197012666897, 40.824060582320186 ], [ -73.865190058136264, 40.824062163566794 ], [ -73.865183111864908, 40.82406376373298 ], [ -73.8651761714857, 40.824065381015181 ], [ -73.865169238181878, 40.824067016315112 ], [ -73.86516231077033, 40.824068668731094 ], [ -73.865155392807281, 40.824070338267049 ], [ -73.865148481918169, 40.824072026721119 ], [ -73.865141578106289, 40.824073732292838 ], [ -73.865135804539321, 40.824075173539292 ], [ -73.865078201795157, 40.824017590530296 ], [ -73.864712855630003, 40.824066499796849 ], [ -73.864707221849187, 40.824042329258035 ], [ -73.863787647589959, 40.824165430596757 ] ] ] ] } },
{ "type": "Feature", "properties": { "name": "MOORE", "borough": "BRONX", "borough_primary": "BRONX", "hvi_score_zcta": 5.0, "avg_monthly_rent_usd": 605.0, "is_senior_development": false, "total_population": "967" }, "geometry": { "type": "MultiPolygon", "coordinates": [ [ [ [ -73.909563859253211, 40.812198682938813 ], [ -73.909944270980304, 40.81227742217586 ], [ -73.909943084842084, 40.81228073328051 ], [ -73.910137947050998, 40.812321065539408 ], [ -73.910139783961668, 40.812328215123145 ], [ -73.910142707417108, 40.81233821833078 ], [ -73.910146168841848, 40.812345676250274 ], [ -73.910150341093967, 40.812354236032448 ], [ -73.910155690170868, 40.812362866069805 ], [ -73.910161484172022, 40.812370271776629 ], [ -73.910170311929321, 40.812380605564293 ], [ -73.910180386287692, 40.812390245138218 ], [ -73.910188452449333, 40.81239670078746 ], [ -73.910202338786149, 40.812406103796313 ], [ -73.910218936448771, 40.812414963213207 ], [ -73.910240482507035, 40.812423738231487 ], [ -73.9102661129658, 40.812430651493692 ], [ -73.910282611756102, 40.812433737732817 ], [ -73.910301278160645, 40.812435175043433 ], [ -73.910317320474462, 40.812435749433938 ], [ -73.910332110954272, 40.812434746977331 ], [ -73.910334084379784, 40.812447033103673 ], [ -73.910335888268236, 40.812457598246652 ], [ -73.910338821285407, 40.812473726642878 ], [ -73.910341597980434, 40.812488002593355 ], [ -73.910345307379046, 40.812505845240388 ], [ -73.910349158560322, 40.812523138693891 ], [ -73.910355104678601, 40.812547865584577 ], [ -73.910366212563375, 40.812589213374125 ], [ -73.910374934437399, 40.812618371069767 ], [ -73.910379512529246, 40.812632759180509 ], [ -73.910386328470864, 40.812653195873246 ], [ -73.910394640729962, 40.812676734142357 ], [ -73.91040624415858, 40.812707460940857 ], [ -73.91042093631782, 40.812743447243925 ], [ -73.910438476550681, 40.812782980116658 ], [ -73.910456016112448, 40.812819503522448 ], [ -73.910479733991423, 40.812865042103155 ], [ -73.910505244712596, 40.812910022861338 ], [ -73.910531360820997, 40.812952579943371 ], [ -73.910560371913959, 40.812996433280198 ], [ -73.910595011454959, 40.813044871806099 ], [ -73.91063143071861, 40.813091947446644 ], [ -73.910674666139116, 40.81314354705399 ], [ -73.910723388027066, 40.813196934779057 ], [ -73.910759676562478, 40.813234680219743 ], [ -73.910789955343049, 40.813264970280727 ], [ -73.910832921598129, 40.813306217497228 ], [ -73.910862057695184, 40.813333106375822 ], [ -73.910884924152001, 40.813353636489389 ], [ -73.910921157160416, 40.813385181908586 ], [ -73.910952826506573, 40.813411820581713 ], [ -73.91098469588735, 40.813437793932628 ], [ -73.911014853103126, 40.813461639878135 ], [ -73.911039372882286, 40.813480525126863 ], [ -73.911058959293968, 40.813495299394795 ], [ -73.911080239302095, 40.813511045701993 ], [ -73.90922915974879, 40.813127912860324 ], [ -73.909563859253211, 40.812198682938813 ] ] ] ] } },
{ "type": "Feature", "properties": { "name": "MORRIS I", "borough": "BRONX", "borough_primary": "BRONX", "hvi_score_zcta": 5.0, "avg_monthly_rent_usd": 588.0, "is_senior_development": false, "total_population": "2,553" }, "geometry": { "type": "MultiPolygon", "coordinates": [ [ [ [ -73.903735925211976, 40.834929054419732 ], [ -73.905074913905622, 40.832913813463243 ], [ -73.905745696021015, 40.833130257250865 ], [ -73.904581095389801, 40.835203882594726 ], [ -73.903735925211976, 40.834929054419732 ] ] ], [ [ [ -73.904805344179877, 40.835272486575512 ], [ -73.905965366891607, 40.83320341446877 ], [ -73.906892595028452, 40.833506680768409 ], [ -73.905732971531407, 40.835575051011837 ], [ -73.904805344179877, 40.835272486575512 ] ] ] ] } },
{ "type": "Feature", "properties": { "name": "MORRIS II", "borough": "BRONX", "borough_primary": "BRONX", "hvi_score_zcta": 5.0, "avg_monthly_rent_usd": 582.0, "is_senior_development": false, "total_population": "1,783" }, "geometry": { "type": "MultiPolygon", "coordinates": [ [ [ [ -73.903042095599176, 40.835974038259202 ], [ -73.903611103527965, 40.835124583506975 ], [ -73.904469624792313, 40.835402603291207 ], [ -73.90409106278085, 40.83607789135317 ], [ -73.903513757893151, 40.835919402790829 ], [ -73.903439449496489, 40.836072111276891 ], [ -73.903487215115064, 40.836085297574499 ], [ -73.903351250494723, 40.836364719679388 ], [ -73.903844798160335, 40.836517179771121 ], [ -73.90329587232543, 40.837496328886594 ], [ -73.902202136970544, 40.837071591766403 ], [ -73.903042095599176, 40.835974038259202 ] ] ], [ [ [ -73.903511741979358, 40.837583280395521 ], [ -73.904237681758502, 40.836288301127539 ], [ -73.905184338202147, 40.8365494575729 ], [ -73.904433223135001, 40.837879207058258 ], [ -73.903511741979358, 40.837583280395521 ] ] ] ] } },
{ "type": "Feature", "properties": { "name": "MORRISANIA", "borough": "BRONX", "borough_primary": "BRONX", "hvi_score_zcta": 5.0, "avg_monthly_rent_usd": 584.0, "is_senior_development": false, "total_population": "485" }, "geometry": { "type": "MultiPolygon", "coordinates": [ [ [ [ -73.906414094591938, 40.832373275582718 ], [ -73.906874544201173, 40.832522560444623 ], [ -73.90680360759707, 40.832648775937159 ], [ -73.907268900889335, 40.832799629090019 ], [ -73.906997924379922, 40.83328177624044 ], [ -73.906072171718833, 40.832981637592994 ], [ -73.906414094591938, 40.832373275582718 ] ] ] ] } },
{ "type": "Feature", "properties": { "name": "MORRISANIA AIR RIGHTS", "borough": "BRONX", "borough_primary": "BRONX", "hvi_score_zcta": 5.0, "avg_monthly_rent_usd": 538.0, "is_senior_development": true, "total_population": "1,530" }, "geometry": { "type": "MultiPolygon", "coordinates": [ [ [ [ -73.916425291392471, 40.824706314669498 ], [ -73.917411643910469, 40.824073357082675 ], [ -73.918325894056224, 40.823486648873534 ], [ -73.918463369162652, 40.823398297631911 ], [ -73.919549778723876, 40.822700091068469 ], [ -73.920092652871915, 40.822351191259216 ], [ -73.919999109261681, 40.822519401234807 ], [ -73.919823311137932, 40.822835522605793 ], [ -73.919597201207026, 40.823242130999695 ], [ -73.919309934758545, 40.823758654823159 ], [ -73.918895483058179, 40.823619556197499 ], [ -73.918741250191715, 40.823530936052649 ], [ -73.918604205861797, 40.82361897995802 ], [ -73.918737768172278, 40.823714773479779 ], [ -73.918914366873722, 40.823772165743755 ], [ -73.918915624105409, 40.823772573652015 ], [ -73.918608771859141, 40.824286911719888 ], [ -73.918553630213395, 40.824386920593057 ], [ -73.917974915439274, 40.824204328347484 ], [ -73.917732493192617, 40.824359897338908 ], [ -73.917380760625278, 40.824585613631257 ], [ -73.917378769883527, 40.824586890909238 ], [ -73.916863385762014, 40.82491762114735 ], [ -73.916673773915861, 40.824857794017696 ], [ -73.916461735726116, 40.824790889542456 ], [ -73.916441143373447, 40.824784391952406 ], [ -73.916425291392471, 40.824706314669498 ] ] ], [ [ [ -73.915957066679226, 40.824983586466431 ], [ -73.916123134301017, 40.824975622725837 ], [ -73.91639690214555, 40.825062382601267 ], [ -73.915413005626732, 40.825690396705333 ], [ -73.91517847057321, 40.825480555680841 ], [ -73.915957066679226, 40.824983586466431 ] ] ], [ [ [ -73.914672658103584, 40.825841536164063 ], [ -73.914336949445413, 40.82554283506402 ], [ -73.914745540018941, 40.825272336242385 ], [ -73.915085463311769, 40.825574786278565 ], [ -73.914672658103584, 40.825841536164063 ] ] ] ] } },
{ "type": "Feature", "properties": { "name": "MOTT HAVEN", "borough": "BRONX", "borough_primary": "BRONX", "hvi_score_zcta": 5.0, "avg_monthly_rent_usd": 640.0, "is_senior_development": false, "total_population": "2,196" }, "geometry": { "type": "MultiPolygon", "coordinates": [ [ [ [ -73.922742243116133, 40.811462852843022 ], [ -73.921704491948034, 40.81102406054088 ], [ -73.922059535480017, 40.810540793134187 ], [ -73.922759095745462, 40.810836588553542 ], [ -73.923097282639105, 40.810979582275642 ], [ -73.922918615628433, 40.811222781098067 ], [ -73.922916815013139, 40.811222020774544 ], [ -73.922742243116133, 40.811462852843022 ] ] ], [ [ [ -73.920775675505681, 40.812224843251286 ], [ -73.921558448338899, 40.811158497459502 ], [ -73.923544130119438, 40.811993803127855 ], [ -73.922763814005577, 40.813066055843493 ], [ -73.920775675505681, 40.812224843251286 ] ] ], [ [ [ -73.920328171693157, 40.812885881116657 ], [ -73.920678578202882, 40.812406794100269 ], [ -73.922124712658515, 40.813014968442261 ], [ -73.921946695381692, 40.813258366934171 ], [ -73.922026103464262, 40.813291760688188 ], [ -73.922025437481395, 40.813292672441996 ], [ -73.921983078161361, 40.813350589005438 ], [ -73.921938139118822, 40.813412031956091 ], [ -73.921893621426733, 40.81347289975588 ], [ -73.92185002131356, 40.813532512866416 ], [ -73.920328171693157, 40.812885881116657 ] ] ] ] } },
{ "type": "Feature", "properties": { "name": "NEW LANE AREA", "borough": "STATEN ISLAND", "borough_primary": "STATEN ISLAND", "hvi_score_zcta": 2.0, "avg_monthly_rent_usd": 393.0, "is_senior_development": true, "total_population": "279" }, "geometry": { "type": "MultiPolygon", "coordinates": [ [ [ [ -74.060699777675893, 40.613064537835363 ], [ -74.060755289848885, 40.613037899903773 ], [ -74.060887519388828, 40.612974449445716 ], [ -74.062165554437541, 40.612361162290945 ], [ -74.062336773672769, 40.612562050626231 ], [ -74.062400439650773, 40.612636750349758 ], [ -74.062456744157259, 40.612702811734181 ], [ -74.062473801382353, 40.612722823756087 ], [ -74.062375189896983, 40.61277221957635 ], [ -74.062290473600385, 40.612672241907894 ], [ -74.062102376744733, 40.612762504784612 ], [ -74.062328877293879, 40.613029809110401 ], [ -74.061083345015319, 40.613643064556449 ], [ -74.06097569098597, 40.613696068761648 ], [ -74.060968801320072, 40.61368913029785 ], [ -74.060929529611641, 40.6136404644392 ], [ -74.060902580999695, 40.613588376361321 ], [ -74.060884597487245, 40.613534572538214 ], [ -74.060862137332677, 40.613486751444171 ], [ -74.060841911076565, 40.613430387718807 ], [ -74.060812723301055, 40.613380860985963 ], [ -74.060800343475336, 40.613324493101317 ], [ -74.06078236011794, 40.613270691061786 ], [ -74.060750929257892, 40.613219457209723 ], [ -74.060739669370847, 40.613161379536272 ], [ -74.060707117186595, 40.613110148965767 ], [ -74.060704283583448, 40.613075127387447 ], [ -74.060699777675893, 40.613064537835363 ] ] ] ] } },
{ "type": "Feature", "properties": { "name": "NOSTRAND", "borough": "BROOKLYN", "borough_primary": "BROOKLYN", "hvi_score_zcta": 3.0, "avg_monthly_rent_usd": 626.0, "is_senior_development": false, "total_population": "2,005" }, "geometry": { "type": "MultiPolygon", "coordinates": [ [ [ [ -73.935096693176504, 40.594519801553368 ], [ -73.93768765308748, 40.594232150724153 ], [ -73.938049304892715, 40.596132996237955 ], [ -73.935462122947911, 40.596419387592931 ], [ -73.935096693176504, 40.594519801553368 ] ] ], [ [ [ -73.935503295466262, 40.596645459946316 ], [ -73.938091001033101, 40.596360388114661 ], [ -73.938502816723272, 40.598521107318135 ], [ -73.935911923118582, 40.598805053772764 ], [ -73.935503295466262, 40.596645459946316 ] ] ] ] } },
{ "type": "Feature", "properties": { "name": "O'DWYER GARDENS", "borough": "BROOKLYN", "borough_primary": "BROOKLYN", "hvi_score_zcta": 5.0, "avg_monthly_rent_usd": 624.0, "is_senior_development": false, "total_population": "858" }, "geometry": { "type": "MultiPolygon", "coordinates": [ [ [ [ -73.999645500672599, 40.57459654340807 ], [ -73.999338545366413, 40.572972027388587 ], [ -74.000230311287964, 40.573064014943455 ], [ -74.00051396771714, 40.574555619373101 ], [ -74.00024101989473, 40.574585958037545 ], [ -74.000230664741196, 40.574531503346549 ], [ -73.999645500672599, 40.57459654340807 ] ] ], [ [ [ -73.999231370567955, 40.574692087024545 ], [ -73.999221435445193, 40.574640157316679 ], [ -73.999084129093049, 40.574654875375593 ], [ -73.99900981241646, 40.57466284169859 ], [ -73.998998760336434, 40.574605063955971 ], [ -73.998576076361559, 40.57465037298288 ], [ -73.998315164859108, 40.573288542309406 ], [ -73.998241942832038, 40.572906351390579 ], [ -73.998494976307455, 40.572914434490656 ], [ -73.998822728159041, 40.572934231846901 ], [ -73.999124893335619, 40.572958143473208 ], [ -73.999452079029183, 40.57466842791068 ], [ -73.999231370567955, 40.574692087024545 ] ] ] ] } },
{ "type": "Feature", "properties": { "name": "OCEAN BAY APARTMENTS (OCEANSIDE)", "borough": "QUEENS", "borough_primary": "QUEENS", "hvi_score_zcta": null, "avg_monthly_rent_usd": 710.0, "is_senior_development": false, "total_population": "730" }, "geometry": { "type": "MultiPolygon", "coordinates": [ [ [ [ -73.791202902784761, 40.592234328946184 ], [ -73.791256710599527, 40.592219495992225 ], [ -73.791335914556029, 40.593021492038119 ], [ -73.790208818398483, 40.592956535444507 ], [ -73.790156510815578, 40.592426794966457 ], [ -73.790281612061719, 40.592412098041976 ], [ -73.79038789948919, 40.592397829534271 ], [ -73.790564125583245, 40.592370678528262 ], [ -73.790716922480854, 40.592343553023191 ], [ -73.790853084901428, 40.592316522213181 ], [ -73.790970940674327, 40.592290921296339 ], [ -73.791057981724023, 40.592270647573685 ], [ -73.791141370815424, 40.59225014741935 ], [ -73.791202902784761, 40.592234328946184 ] ] ], [ [ [ -73.784883948885835, 40.592497965843023 ], [ -73.784991216952946, 40.592495797319309 ], [ -73.785081381963565, 40.592496554035101 ], [ -73.78516798180334, 40.592499502197676 ], [ -73.785215734154775, 40.592502062505893 ], [ -73.785250921652207, 40.592504375082562 ], [ -73.785906617129996, 40.592554006355755 ], [ -73.786126076973957, 40.594827976278467 ], [ -73.784658720653624, 40.594928423536139 ], [ -73.784427623627977, 40.592545051064576 ], [ -73.784493020061873, 40.592534453872481 ], [ -73.784563385319501, 40.592524517939751 ], [ -73.784646184563442, 40.592514743947945 ], [ -73.784722751192177, 40.592507525618885 ], [ -73.784816426781489, 40.592501045290817 ], [ -73.784883948885835, 40.592497965843023 ] ] ], [ [ [ -73.783652129389495, 40.594729516789549 ], [ -73.783625922114624, 40.594455754524169 ], [ -73.783995014398457, 40.594437647733265 ], [ -73.784005019074684, 40.594542151810103 ], [ -73.784381361650958, 40.5945236890906 ], [ -73.78438979222372, 40.594610258914933 ], [ -73.784397846730954, 40.594692933259658 ], [ -73.784425466922542, 40.594976483096687 ], [ -73.784120410981714, 40.594996765689885 ], [ -73.783978985979886, 40.595006167962069 ], [ -73.783837197003024, 40.595015593689944 ], [ -73.783680513728683, 40.595026010600883 ], [ -73.783652129389495, 40.594729516789549 ] ] ] ] } },
{ "type": "Feature", "properties": { "name": "PARKSIDE", "borough": "BRONX", "borough_primary": "BRONX", "hvi_score_zcta": 4.0, "avg_monthly_rent_usd": 584.0, "is_senior_development": false, "total_population": "1,601" }, "geometry": { "type": "MultiPolygon", "coordinates": [ [ [ [ -73.868614898176375, 40.866907941602349 ], [ -73.868634277290028, 40.866907157727887 ], [ -73.868634511164927, 40.866915465014259 ], [ -73.868886981562994, 40.866919793563902 ], [ -73.868981467698717, 40.8669214353218 ], [ -73.869075596836453, 40.866923056786547 ], [ -73.869141532580286, 40.867822274368713 ], [ -73.868395570945339, 40.867811151412305 ], [ -73.868423437073332, 40.866916184444996 ], [ -73.86850777743841, 40.866912573269019 ], [ -73.868614898176375, 40.866907941602349 ] ] ], [ [ [ -73.868237849691411, 40.868752246193019 ], [ -73.868260133111804, 40.868011449506362 ], [ -73.8703218018981, 40.868048692346541 ], [ -73.870367699422772, 40.869573187381931 ], [ -73.86742246568825, 40.86958439215784 ], [ -73.867447456491618, 40.868755246389512 ], [ -73.867765305581003, 40.868754040614796 ], [ -73.868237849691411, 40.868752246193019 ] ] ] ] } },
{ "type": "Feature", "properties": { "name": "PATTERSON", "borough": "BRONX", "borough_primary": "BRONX", "hvi_score_zcta": 5.0, "avg_monthly_rent_usd": 606.0, "is_senior_development": false, "total_population": "3,684" }, "geometry": { "type": "MultiPolygon", "coordinates": [ [ [ [ -73.925153902816675, 40.812283348260927 ], [ -73.926444947988074, 40.811633008515436 ], [ -73.926501481376121, 40.811674460264129 ], [ -73.924231324991382, 40.814838671939597 ], [ -73.923080316819409, 40.813327821466203 ], [ -73.925153902816675, 40.812283348260927 ] ] ], [ [ [ -73.921397769211353, 40.814191290373749 ], [ -73.922832957641603, 40.813449522311984 ], [ -73.924082055954642, 40.81507859861307 ], [ -73.923604869342569, 40.81574531056868 ], [ -73.922745231657501, 40.815497482851974 ], [ -73.922738488553463, 40.815495526055564 ], [ -73.92273176920699, 40.815493525150423 ], [ -73.922725070060309, 40.8154914810344 ], [ -73.922718395855298, 40.815489393710763 ], [ -73.922711745406914, 40.81548726227858 ], [ -73.922705118713836, 40.815485088538381 ], [ -73.922698516962981, 40.81548287069009 ], [ -73.92269194133867, 40.815480609635124 ], [ -73.922685391838812, 40.815478307174573 ], [ -73.922678867282428, 40.815475959705289 ], [ -73.922672370034661, 40.815473571731658 ], [ -73.922665898912655, 40.815471141452022 ], [ -73.922659457473017, 40.815468667967842 ], [ -73.92265304334309, 40.815466153078596 ], [ -73.922646657708441, 40.815463596785555 ], [ -73.92264030056873, 40.815460999088209 ], [ -73.922633973109484, 40.815458359987709 ], [ -73.922627677702195, 40.815455678584769 ], [ -73.922621410788963, 40.815452956678428 ], [ -73.922615175924378, 40.815450195171216 ], [ -73.922608971925683, 40.815447392261554 ], [ -73.922602799977042, 40.815444548850792 ], [ -73.922596660078284, 40.815441664938731 ], [ -73.922590554598727, 40.815438741427606 ], [ -73.922584479982831, 40.815435778315091 ], [ -73.922578439785497, 40.815432776503876 ], [ -73.922572435193814, 40.815429734193913 ], [ -73.92256646383494, 40.815426653184488 ], [ -73.922560528080226, 40.815423533477535 ], [ -73.922554627928918, 40.815420375072499 ], [ -73.922548763381158, 40.815417177969834 ], [ -73.922542934436152, 40.815413943069949 ], [ -73.922537142279239, 40.815410670373588 ], [ -73.922531388095095, 40.815407359881334 ], [ -73.922525670698221, 40.81540401249341 ], [ -73.92251999127447, 40.815400627309636 ], [ -73.922514352192309, 40.815397206133071 ], [ -73.922508751083313, 40.815393747160591 ], [ -73.922503189130552, 40.815390252194248 ], [ -73.922497409826533, 40.815387141594066 ], [ -73.922492183879456, 40.81538315428098 ], [ -73.922486742951719, 40.81537955133566 ], [ -73.922481342364733, 40.815375913297878 ], [ -73.922475982118158, 40.815372240167399 ], [ -73.92247066339732, 40.815368531945239 ], [ -73.922465388572164, 40.815364789533412 ], [ -73.922460155271509, 40.815361012930474 ], [ -73.922454964680142, 40.815357203037472 ], [ -73.922449817984898, 40.815353358054651 ], [ -73.92244471399907, 40.815349479781574 ], [ -73.922439655091424, 40.815345569120886 ], [ -73.922434638893051, 40.81534162517022 ], [ -73.922429668958202, 40.815337648832823 ], [ -73.922424742916562, 40.815333640106466 ], [ -73.92241986432424, 40.81532959899414 ], [ -73.922415029623167, 40.8153255272941 ], [ -73.922410242369821, 40.815321424108447 ], [ -73.922405500194159, 40.815317289435463 ], [ -73.922400805466367, 40.815313123277022 ], [ -73.922396159369569, 40.81530892743438 ], [ -73.922391559534788, 40.815304701005957 ], [ -73.922387008330091, 40.815300445794207 ], [ -73.92238250457207, 40.815296159997295 ], [ -73.922378049445342, 40.815291844516452 ], [ -73.922373644134098, 40.815287500253284 ], [ -73.922369287449413, 40.815283129907925 ], [ -73.922364980582472, 40.815278728979322 ], [ -73.922360722344763, 40.815274300167708 ], [ -73.922356516290364, 40.815269844376147 ], [ -73.922343425191357, 40.815255477130229 ], [ -73.921397769211353, 40.814191290373749 ] ] ] ] } },
{ "type": "Feature", "properties": { "name": "PELHAM PARKWAY", "borough": "BRONX", "borough_primary": "BRONX", "hvi_score_zcta": 5.0, "avg_monthly_rent_usd": 643.0, "is_senior_development": false, "total_population": "2,297" }, "geometry": { "type": "MultiPolygon", "coordinates": [ [ [ [ -73.861975468751908, 40.858097657096302 ], [ -73.864501707158695, 40.858033139098069 ], [ -73.864452567187286, 40.859510294247933 ], [ -73.861930721251056, 40.859546377160775 ], [ -73.861975468751908, 40.858097657096302 ] ] ], [ [ [ -73.857518285908967, 40.859815683045689 ], [ -73.858670344283652, 40.859796721884187 ], [ -73.858633454811965, 40.86107813600298 ], [ -73.85769820406837, 40.861060254281981 ], [ -73.857518285908967, 40.859815683045689 ] ] ], [ [ [ -73.858906671302421, 40.86199293527573 ], [ -73.85871873519487, 40.861989435621709 ], [ -73.858628819935106, 40.862299923718716 ], [ -73.857872030655244, 40.862222381109078 ], [ -73.857733964676342, 40.861275853438386 ], [ -73.861530991527871, 40.861348284285924 ], [ -73.861478195616385, 40.86300172837484 ], [ -73.859598809134297, 40.86296675635392 ], [ -73.859629502300166, 40.862006394985244 ], [ -73.858906671302421, 40.86199293527573 ] ] ] ] } },
{ "type": "Feature", "properties": { "name": "PINK", "borough": "BROOKLYN", "borough_primary": "BROOKLYN", "hvi_score_zcta": 4.0, "avg_monthly_rent_usd": 604.0, "is_senior_development": false, "total_population": "3,168" }, "geometry": { "type": "MultiPolygon", "coordinates": [ [ [ [ -73.865854974102405, 40.665819315142798 ], [ -73.867391935517389, 40.665598604603652 ], [ -73.867716371904308, 40.666911825450605 ], [ -73.866184023856704, 40.667133954098794 ], [ -73.865854974102405, 40.665819315142798 ] ] ], [ [ [ -73.86220468901432, 40.666342414520329 ], [ -73.865579354590366, 40.665856868255631 ], [ -73.865906051058104, 40.667170584028348 ], [ -73.862532060267711, 40.667656274860434 ], [ -73.86220468901432, 40.666342414520329 ] ] ], [ [ [ -73.866226858589997, 40.667341085853479 ], [ -73.867775290617345, 40.667119421778906 ], [ -73.868106849411319, 40.668456722967846 ], [ -73.866560077694274, 40.668677685624438 ], [ -73.866226858589997, 40.667341085853479 ] ] ], [ [ [ -73.862579799881175, 40.667870481990263 ], [ -73.865962327007125, 40.667383513766396 ], [ -73.86629511176514, 40.668715959714817 ], [ -73.862914953887682, 40.669203868078597 ], [ -73.862579799881175, 40.667870481990263 ] ] ] ] } },
{ "type": "Feature", "properties": { "name": "POLO GROUNDS TOWERS", "borough": "MANHATTAN", "borough_primary": "MANHATTAN", "hvi_score_zcta": 5.0, "avg_monthly_rent_usd": 613.0, "is_senior_development": false, "total_population": "3,467" }, "geometry": { "type": "MultiPolygon", "coordinates": [ [ [ [ -73.935598854581187, 40.831764875987716 ], [ -73.93560793980248, 40.831752344373029 ], [ -73.936368696751273, 40.832073803793293 ], [ -73.936954351830536, 40.831277031811091 ], [ -73.936525232297811, 40.831095215248936 ], [ -73.936645376823535, 40.830926026104386 ], [ -73.936311060063574, 40.830782437254591 ], [ -73.937357466795888, 40.829338934321527 ], [ -73.939683933510523, 40.830325335904654 ], [ -73.937928219152838, 40.832756778373778 ], [ -73.935598854581187, 40.831764875987716 ] ] ] ] } },
{ "type": "Feature", "properties": { "name": "POMONOK", "borough": "QUEENS", "borough_primary": "QUEENS", "hvi_score_zcta": 2.0, "avg_monthly_rent_usd": 652.0, "is_senior_development": false, "total_population": "3,887" }, "geometry": { "type": "MultiPolygon", "coordinates": [ [ [ [ -73.810976764457152, 40.732201372501358 ], [ -73.811074176735332, 40.730413767917561 ], [ -73.813019125314852, 40.730331197743325 ], [ -73.813052084035974, 40.730780382659496 ], [ -73.813582463339031, 40.730783331695868 ], [ -73.813602738288182, 40.730318032036877 ], [ -73.813701970442665, 40.73032053485241 ], [ -73.813991239782425, 40.730343732275308 ], [ -73.814088014359825, 40.730359865417554 ], [ -73.814836902827025, 40.730493132836109 ], [ -73.814732737212168, 40.731923516949657 ], [ -73.814334820949057, 40.731908474200594 ], [ -73.813982427512983, 40.731906516897055 ], [ -73.81362410597589, 40.731915463105359 ], [ -73.81323187589453, 40.731937949111519 ], [ -73.812753415127602, 40.731983541171346 ], [ -73.812481721699697, 40.732018459396912 ], [ -73.812043095870663, 40.732089105230692 ], [ -73.811767778624144, 40.732134717522008 ], [ -73.8115471236096, 40.732162792036604 ], [ -73.811256900212854, 40.732188479234516 ], [ -73.810976764457152, 40.732201372501358 ] ] ], [ [ [ -73.810699215140829, 40.736283792316812 ], [ -73.810714544272244, 40.736057758929206 ], [ -73.810939828638894, 40.732466019571241 ], [ -73.811093780832564, 40.732469112437471 ], [ -73.811205644940813, 40.732468236892792 ], [ -73.811320999652736, 40.732464578978984 ], [ -73.811597945713117, 40.732444291868646 ], [ -73.811851787053641, 40.732411155685057 ], [ -73.812124204341146, 40.732359510445811 ], [ -73.812263109958167, 40.732334578534008 ], [ -73.812685484292473, 40.732270037902808 ], [ -73.813066501202229, 40.732226055681458 ], [ -73.81329635030842, 40.73220219764606 ], [ -73.813538191246764, 40.732183768836386 ], [ -73.813970650701947, 40.732174261900994 ], [ -73.814392171606201, 40.732175025841372 ], [ -73.814647105574508, 40.732183151141655 ], [ -73.814739373479796, 40.732187520312515 ], [ -73.814637967971635, 40.733903223355014 ], [ -73.814545909707149, 40.735460684464698 ], [ -73.813899757782124, 40.735434812318786 ], [ -73.813865702997319, 40.735433610030569 ], [ -73.813830041926167, 40.735433609117287 ], [ -73.813777121553301, 40.735436139533384 ], [ -73.813728868165782, 40.735441118756185 ], [ -73.813658785266426, 40.735453055097203 ], [ -73.813607001598314, 40.735465659477107 ], [ -73.813553434193722, 40.73548237177333 ], [ -73.813513513912241, 40.735497488829672 ], [ -73.813474613130282, 40.735514640874655 ], [ -73.813431869147678, 40.735536587298419 ], [ -73.813377077263922, 40.735570305458253 ], [ -73.813320303824113, 40.735613646830068 ], [ -73.813280112957258, 40.735651345451963 ], [ -73.813240542092785, 40.735696750727904 ], [ -73.813208969385329, 40.735742123037646 ], [ -73.813180710361252, 40.735795054190433 ], [ -73.813160613987876, 40.735847982370714 ], [ -73.813149259073455, 40.735893772881603 ], [ -73.813142797754296, 40.735945636265257 ], [ -73.813133853568715, 40.736093009991563 ], [ -73.812578387396101, 40.736068614816716 ], [ -73.812530429607278, 40.736749289716386 ], [ -73.812308969142961, 40.736740261584472 ], [ -73.812218883283535, 40.736736590131109 ], [ -73.812128799803958, 40.736732917710704 ], [ -73.812039121171424, 40.736729262089739 ], [ -73.811948217381456, 40.736725556671239 ], [ -73.811858132748512, 40.736721884037195 ], [ -73.811768565415989, 40.736718232889821 ], [ -73.811675252756316, 40.736714428765112 ], [ -73.811585365835725, 40.736710764345418 ], [ -73.811367471033691, 40.736701880715842 ], [ -73.811257225094963, 40.736697386639634 ], [ -73.811166859994898, 40.736693701298314 ], [ -73.811072839526219, 40.736689869409858 ], [ -73.810957446755495, 40.736685163988334 ], [ -73.810870967884043, 40.736681637880807 ], [ -73.810784490208704, 40.736678110809926 ], [ -73.810676391642446, 40.736673703453455 ], [ -73.810688218775823, 40.736445687704702 ], [ -73.810699215140829, 40.736283792316812 ] ] ] ] } },
{ "type": "Feature", "properties": { "name": "QUEENSBRIDGE NORTH", "borough": "QUEENS", "borough_primary": "QUEENS", "hvi_score_zcta": 4.0, "avg_monthly_rent_usd": 621.0, "is_senior_development": false, "total_population": "2,797" }, "geometry": { "type": "MultiPolygon", "coordinates": [ [ [ [ -73.941453904821785, 40.755220598169949 ], [ -73.942501900480735, 40.754131956464853 ], [ -73.943871365358063, 40.754827306205705 ], [ -73.942807910606973, 40.755932523680357 ], [ -73.941453904821785, 40.755220598169949 ] ] ], [ [ [ -73.942980822587216, 40.75602582881465 ], [ -73.944044813775704, 40.754911921042179 ], [ -73.944299660881939, 40.755040066718507 ], [ -73.944470949148311, 40.755298097408591 ], [ -73.944901829676681, 40.755522691353832 ], [ -73.94528408657969, 40.755541871518858 ], [ -73.94553149047988, 40.755673558011118 ], [ -73.944359584030181, 40.756746352565798 ], [ -73.942980822587216, 40.75602582881465 ] ] ], [ [ [ -73.944514309179041, 40.756847017234854 ], [ -73.945684008796491, 40.755775590650977 ], [ -73.947054581185398, 40.756514644916983 ], [ -73.945798634821543, 40.757659483647338 ], [ -73.944514309179041, 40.756847017234854 ] ] ] ] } },
{ "type": "Feature", "properties": { "name": "QUEENSBRIDGE SOUTH", "borough": "QUEENS", "borough_primary": "QUEENS", "hvi_score_zcta": 4.0, "avg_monthly_rent_usd": 611.0, "is_senior_development": false, "total_population": "2,937" }, "geometry": { "type": "MultiPolygon", "coordinates": [ [ [ [ -73.94414626771885, 40.754798191406707 ], [ -73.945301810099949, 40.753592669035868 ], [ -73.946902687106615, 40.754289187451043 ], [ -73.945649355318011, 40.755565153208281 ], [ -73.945380780082644, 40.755428113331362 ], [ -73.945236016532206, 40.755190013994188 ], [ -73.94475146972411, 40.754940741521168 ], [ -73.944401301211357, 40.754928326167253 ], [ -73.94414626771885, 40.754798191406707 ] ] ], [ [ [ -73.945272402331511, 40.753418407216969 ], [ -73.945258398469065, 40.753418306009728 ], [ -73.945241064938457, 40.753420835396298 ], [ -73.94522701231449, 40.75342531053191 ], [ -73.945215317431206, 40.753431142948756 ], [ -73.945204270819332, 40.753439204424474 ], [ -73.943978767184277, 40.754712721432178 ], [ -73.94261482709932, 40.754016724643172 ], [ -73.94399725701247, 40.75257468140213 ], [ -73.944607857414411, 40.752839424581502 ], [ -73.944694873367737, 40.752877152559442 ], [ -73.944792223396377, 40.752919360938527 ], [ -73.946284479595121, 40.753566342320504 ], [ -73.946409046196237, 40.753620348734991 ], [ -73.947179632964506, 40.753954431152138 ], [ -73.947373675346967, 40.754038555149471 ], [ -73.947980541714472, 40.754301649662025 ], [ -73.948197933890384, 40.754395894584682 ], [ -73.94871635258815, 40.75462063789066 ], [ -73.948706121592707, 40.754632444365626 ], [ -73.948831613143255, 40.754686846585678 ], [ -73.947862959121693, 40.755804630183619 ], [ -73.947263373104505, 40.756341684285168 ], [ -73.945822523575401, 40.755645558063598 ], [ -73.946998270558922, 40.754448575029528 ], [ -73.947132498529257, 40.754311920156056 ], [ -73.947137716722992, 40.754305083211129 ], [ -73.947141196992774, 40.75429916398398 ], [ -73.947143839872155, 40.754293464095994 ], [ -73.947146080772242, 40.754286953568531 ], [ -73.947147519870498, 40.75428058315179 ], [ -73.947148292971121, 40.754273334436505 ], [ -73.947147659134899, 40.754261771654136 ], [ -73.947146455901645, 40.754255934925283 ], [ -73.947145019712238, 40.754251177795965 ], [ -73.947141412278995, 40.754242751911093 ], [ -73.947136028870077, 40.754233956003389 ], [ -73.947126623241147, 40.754223115002532 ], [ -73.94529716032099, 40.753423403275995 ], [ -73.945286919638534, 40.753420538406274 ], [ -73.945272402331511, 40.753418407216969 ] ] ], [ [ [ -73.948060586178912, 40.755892124311906 ], [ -73.949076602919007, 40.754714536732351 ], [ -73.950199850225431, 40.755254200056065 ], [ -73.948857834321942, 40.756869741778893 ], [ -73.949051187831046, 40.756962638027503 ], [ -73.948778688338891, 40.757352453041584 ], [ -73.948694928609711, 40.757472271203611 ], [ -73.948598521185787, 40.757551813070258 ], [ -73.948515750470861, 40.757620102835581 ], [ -73.948474266012525, 40.757677409543732 ], [ -73.948369827686804, 40.757749298734247 ], [ -73.94811776103316, 40.758016096997835 ], [ -73.948093972251385, 40.758138700853145 ], [ -73.947913772355349, 40.758041413597532 ], [ -73.946525509299207, 40.757291896755426 ], [ -73.948060586178912, 40.755892124311906 ] ] ] ] } },
{ "type": "Feature", "properties": { "name": "RANDALL AVENUE-BALCOM AVENUE", "borough": "BRONX", "borough_primary": "BRONX", "hvi_score_zcta": 1.0, "avg_monthly_rent_usd": 387.0, "is_senior_development": true, "total_population": "248" }, "geometry": { "type": "MultiPolygon", "coordinates": [ [ [ [ -73.826920312312538, 40.821850941583484 ], [ -73.828346613222621, 40.821143785767283 ], [ -73.828636814879857, 40.821483571797827 ], [ -73.829333396283985, 40.822299152773532 ], [ -73.828856823625728, 40.822536737912564 ], [ -73.827910377847175, 40.823008559714935 ], [ -73.82732592618251, 40.822325206077231 ], [ -73.826920312312538, 40.821850941583484 ] ] ] ] } },
{ "type": "Feature", "properties": { "name": "RANGEL", "borough": "MANHATTAN", "borough_primary": "MANHATTAN", "hvi_score_zcta": 5.0, "avg_monthly_rent_usd": 631.0, "is_senior_development": false, "total_population": "1,920" }, "geometry": { "type": "MultiPolygon", "coordinates": [ [ [ [ -73.935598854581187, 40.831764875987716 ], [ -73.937928219152838, 40.832756778373778 ], [ -73.938318988657457, 40.832922348544649 ], [ -73.938180575029648, 40.83305315681158 ], [ -73.93803989565869, 40.833170745333788 ], [ -73.93792942058208, 40.833255742136473 ], [ -73.935667806953745, 40.834984551461929 ], [ -73.935433677496803, 40.832253636086968 ], [ -73.935433298720596, 40.832248124847681 ], [ -73.935432968555588, 40.832242610934017 ], [ -73.93543268581324, 40.832237097046864 ], [ -73.935432451681834, 40.832231580485512 ], [ -73.93543226497323, 40.832226063950699 ], [ -73.935432126874517, 40.832220545642052 ], [ -73.93543203619879, 40.832215027360043 ], [ -73.93543199413206, 40.83220950820467 ], [ -73.935432000672876, 40.832203989976982 ], [ -73.935432055822645, 40.832198470876122 ], [ -73.935432158394349, 40.832192952702172 ], [ -73.93543230957421, 40.832187434555507 ], [ -73.935432508175097, 40.832181918236337 ], [ -73.935432755384227, 40.832176401944416 ], [ -73.935433051198714, 40.832170888381192 ], [ -73.935433393250378, 40.832165374843804 ], [ -73.935433785093124, 40.832159864035745 ], [ -73.935434224356797, 40.832154355055252 ], [ -73.935434712225984, 40.832148848803463 ], [ -73.935435247516054, 40.832143344379212 ], [ -73.935435831410629, 40.8321378435841 ], [ -73.935436462725349, 40.832132345517024 ], [ -73.935437142644517, 40.832126851079146 ], [ -73.935437869983645, 40.832121359369275 ], [ -73.935438644740813, 40.832115872188446 ], [ -73.935439468102743, 40.83211038863675 ], [ -73.935440340068141, 40.83210490961477 ], [ -73.93544125826628, 40.832099435121094 ], [ -73.935442225067888, 40.832093965157064 ], [ -73.935443240472495, 40.832088500623264 ], [ -73.935444302109502, 40.832083040617789 ], [ -73.935445411162803, 40.832077586942233 ], [ -73.935446568819856, 40.832072137796459 ], [ -73.935447773892221, 40.832066695881068 ], [ -73.935449026381818, 40.832061259395211 ], [ -73.935450326287622, 40.832055829239273 ], [ -73.93545167242317, 40.832050406313236 ], [ -73.935453067160722, 40.83204498971778 ], [ -73.935454508128061, 40.832039580352173 ], [ -73.935455996510626, 40.832034178216958 ], [ -73.935457533493221, 40.832028784213442 ], [ -73.93545911551918, 40.832023398339608 ], [ -73.935460744960579, 40.8320180196962 ], [ -73.93546242181543, 40.832012650084167 ], [ -73.935464146084755, 40.832007288603144 ], [ -73.935465916582046, 40.832001936152892 ], [ -73.935467732121751, 40.831996592732821 ], [ -73.935469597447124, 40.831991257444969 ], [ -73.935471506627295, 40.831985932987585 ], [ -73.935473463221243, 40.831980617561605 ], [ -73.935475466041126, 40.831975312967387 ], [ -73.93547751508909, 40.83197001740394 ], [ -73.935479610362307, 40.831964733572818 ], [ -73.935481751862511, 40.831959459672873 ], [ -73.935484065453238, 40.831953995864779 ], [ -73.935486172355738, 40.831948944367689 ], [ -73.935488451347922, 40.831943703862763 ], [ -73.935490775378881, 40.83193847599005 ], [ -73.935493145636826, 40.831933258048501 ], [ -73.93549556211839, 40.831928053640162 ], [ -73.93549802245397, 40.831922860962777 ], [ -73.935500529013638, 40.831917680918075 ], [ -73.935503080612293, 40.831912513505465 ], [ -73.935505676064082, 40.831907358724315 ], [ -73.935508317739263, 40.831902217476234 ], [ -73.935511004453204, 40.831897088860252 ], [ -73.935513735017793, 40.831891975577108 ], [ -73.935516510621014, 40.831886874926042 ], [ -73.935519330076346, 40.831881787806836 ], [ -73.93552219456717, 40.831876716921613 ], [ -73.93552510409657, 40.831871658668433 ], [ -73.935528056289982, 40.83186661664795 ], [ -73.935531052335577, 40.83186158815937 ], [ -73.935534093416365, 40.831856575904659 ], [ -73.935537177162161, 40.831851578982253 ], [ -73.935598854581187, 40.831764875987716 ] ] ] ] } },
{ "type": "Feature", "properties": { "name": "RAVENSWOOD", "borough": "QUEENS", "borough_primary": "QUEENS", "hvi_score_zcta": 3.0, "avg_monthly_rent_usd": 704.0, "is_senior_development": false, "total_population": "3,926" }, "geometry": { "type": "MultiPolygon", "coordinates": [ [ [ [ -73.933114899832674, 40.760164590981148 ], [ -73.934320554692405, 40.758852190813386 ], [ -73.936555377924989, 40.759898871034956 ], [ -73.935316431827047, 40.761196117492368 ], [ -73.933114899832674, 40.760164590981148 ] ] ], [ [ [ -73.935621027961858, 40.761341725029332 ], [ -73.936861059857023, 40.760040026526219 ], [ -73.937408715014683, 40.760296115587799 ], [ -73.938906118001555, 40.76083491430834 ], [ -73.937948510076609, 40.762375792747051 ], [ -73.937436929172975, 40.762191495252722 ], [ -73.935621027961858, 40.761341725029332 ] ] ], [ [ [ -73.931793560393118, 40.761673514369022 ], [ -73.932938918743091, 40.760336083483395 ], [ -73.935161754453645, 40.761377528172424 ], [ -73.933911912736619, 40.762668397380182 ], [ -73.931793560393118, 40.761673514369022 ] ] ], [ [ [ -73.935401772458263, 40.763335848069694 ], [ -73.936295832605452, 40.761931499376281 ], [ -73.937317937408224, 40.762419883182893 ], [ -73.937797477407827, 40.762589285767504 ], [ -73.93690163044343, 40.76403110506768 ], [ -73.935401772458263, 40.763335848069694 ] ] ] ] } },
{ "type": "Feature", "properties": { "name": "RED HOOK EAST", "borough": "BROOKLYN", "borough_primary": "BROOKLYN", "hvi_score_zcta": 2.0, "avg_monthly_rent_usd": 590.0, "is_senior_development": false, "total_population": "2,377" }, "geometry": { "type": "MultiPolygon", "coordinates": [ [ [ [ -74.005752165404445, 40.674912396023956 ], [ -74.005757498040481, 40.674920155496139 ], [ -74.00552481560031, 40.675446775040385 ], [ -74.006922313762672, 40.675797147534098 ], [ -74.006747393472011, 40.676164823019441 ], [ -74.0068030668007, 40.676180351819681 ], [ -74.006374910356257, 40.677080305717951 ], [ -74.00489694104526, 40.676668057654034 ], [ -74.005124580705981, 40.676203531623123 ], [ -74.005173105905016, 40.676217067790496 ], [ -74.005259287028395, 40.676041202354469 ], [ -74.005190848029997, 40.676022111847672 ], [ -74.005215122062239, 40.675971676519175 ], [ -74.004987033881321, 40.67590782302333 ], [ -74.00496242265676, 40.675958958919217 ], [ -74.003687821028635, 40.675602122910945 ], [ -74.003710906302615, 40.675554161649558 ], [ -74.003480881162929, 40.675489069720989 ], [ -74.003456686415376, 40.675539338088939 ], [ -74.003386698978673, 40.675519768381022 ], [ -74.003301945955428, 40.675695852109911 ], [ -74.003353475917564, 40.675710258856547 ], [ -74.003303101519791, 40.675814912741416 ], [ -74.002987062597128, 40.675726541255408 ], [ -74.002936514940984, 40.675831556090564 ], [ -74.002597740656441, 40.675736826478797 ], [ -74.002472212930542, 40.675997613826468 ], [ -74.001533381947311, 40.675735085981117 ], [ -74.001961926600757, 40.674846656728128 ], [ -74.002011072314104, 40.674860399538041 ], [ -74.002334811031659, 40.674189231534122 ], [ -74.002285665746186, 40.674175488861302 ], [ -74.002500367062481, 40.673730363432036 ], [ -74.004097754686782, 40.674172190434014 ], [ -74.003978145289494, 40.674420415278568 ], [ -74.004366866169065, 40.674527418377522 ], [ -74.004448071734018, 40.674357216140095 ], [ -74.004247821906546, 40.674302072569333 ], [ -74.004482656750213, 40.673809861075561 ], [ -74.005885839752651, 40.674200081948726 ], [ -74.005816674247313, 40.674375008697787 ], [ -74.005762668976161, 40.674494157648169 ], [ -74.005732629832124, 40.674557383402409 ], [ -74.005704517818074, 40.674612163123214 ], [ -74.00566099921258, 40.674696960459833 ], [ -74.005460758982196, 40.674639283151905 ], [ -74.005375857185115, 40.674810086014112 ], [ -74.00575037621698, 40.674916047703363 ], [ -74.005752165404445, 40.674912396023956 ] ] ] ] } },
{ "type": "Feature", "properties": { "name": "RED HOOK WEST", "borough": "BROOKLYN", "borough_primary": "BROOKLYN", "hvi_score_zcta": 2.0, "avg_monthly_rent_usd": 604.0, "is_senior_development": false, "total_population": "2,698" }, "geometry": { "type": "MultiPolygon", "coordinates": [ [ [ [ -74.006922313762672, 40.675797147534098 ], [ -74.00552481560014, 40.675446775040385 ], [ -74.005757498040481, 40.674920155496139 ], [ -74.005752165404445, 40.674912396024006 ], [ -74.005869794608287, 40.674672317311746 ], [ -74.005994019244227, 40.674393199902994 ], [ -74.006053348517469, 40.67424479193059 ], [ -74.007522937278594, 40.674655086097069 ], [ -74.007102685372786, 40.675538470179056 ], [ -74.00705209034578, 40.675524359522356 ], [ -74.006922313762672, 40.675797147534098 ] ] ], [ [ [ -74.008682058780678, 40.676455815306788 ], [ -74.009883881464106, 40.67543055339187 ], [ -74.011214832008619, 40.676339718971597 ], [ -74.010007976799415, 40.67737170394831 ], [ -74.008682058780678, 40.676455815306788 ] ] ], [ [ [ -74.006429659643842, 40.677589057420612 ], [ -74.007085066296199, 40.676236652993026 ], [ -74.007135663099234, 40.676251190478141 ], [ -74.007451400239759, 40.675599655215827 ], [ -74.00740080504535, 40.67558511876917 ], [ -74.007807829124104, 40.674745193351306 ], [ -74.009429880613922, 40.675197314924254 ], [ -74.009149824588192, 40.675779859875121 ], [ -74.006761703681889, 40.677817324239406 ], [ -74.006429659643842, 40.677589057420612 ] ] ] ] } },
{ "type": "Feature", "properties": { "name": "REDFERN", "borough": "QUEENS", "borough_primary": "QUEENS", "hvi_score_zcta": null, "avg_monthly_rent_usd": 681.0, "is_senior_development": false, "total_population": "1,426" }, "geometry": { "type": "MultiPolygon", "coordinates": [ [ [ [ -73.74945441993701, 40.610761338929315 ], [ -73.749689806382165, 40.610628919876788 ], [ -73.751138133931846, 40.609506113167569 ], [ -73.752090968489398, 40.608419016884952 ], [ -73.752278759310116, 40.608657689914374 ], [ -73.752704522340011, 40.608463507090811 ], [ -73.753563777880501, 40.609557864177788 ], [ -73.753301297520949, 40.610750647933408 ], [ -73.750247119147517, 40.611715929320887 ], [ -73.750113855673519, 40.611469006628127 ], [ -73.74945441993701, 40.610761338929315 ] ] ] ] } },
{ "type": "Feature", "properties": { "name": "REHAB PROGRAM (COLLEGE POINT)", "borough": "QUEENS", "borough_primary": "QUEENS", "hvi_score_zcta": 3.0, "avg_monthly_rent_usd": 276.0, "is_senior_development": true, "total_population": "12" }, "geometry": { "type": "MultiPolygon", "coordinates": [ [ [ [ -73.842825911646614, 40.780509911690849 ], [ -73.842842543620804, 40.780220011011671 ], [ -73.843205845646992, 40.780218462658766 ], [ -73.843181614149785, 40.780640823390641 ], [ -73.84281831100121, 40.780642372569105 ], [ -73.842825911646614, 40.780509911690849 ] ] ] ] } },
{ "type": "Feature", "properties": { "name": "REHAB PROGRAM (DOUGLASS REHABS)", "borough": "MANHATTAN", "borough_primary": "MANHATTAN", "hvi_score_zcta": 2.0, "avg_monthly_rent_usd": 653.0, "is_senior_development": false, "total_population": "154" }, "geometry": { "type": "MultiPolygon", "coordinates": [ [ [ [ -73.969674989825364, 40.798345827564766 ], [ -73.96986147037255, 40.798091396222894 ], [ -73.970048263868733, 40.798170629433024 ], [ -73.969856852491304, 40.798431791918169 ], [ -73.969674989825364, 40.798345827564766 ] ] ], [ [ [ -73.968707169599682, 40.799921597628654 ], [ -73.968895857168505, 40.79966301630737 ], [ -73.96881664093992, 40.799629613396888 ], [ -73.969002579885696, 40.79937482044658 ], [ -73.969135666586638, 40.79943093745397 ], [ -73.969464124524421, 40.799569434374725 ], [ -73.96931255300855, 40.799774789000722 ], [ -73.969306167149739, 40.799772101111209 ], [ -73.969270716886285, 40.799821077924932 ], [ -73.96902412239443, 40.799717101513799 ], [ -73.968835437540562, 40.799975683043471 ], [ -73.968707169599682, 40.799921597628654 ] ] ] ] } },
{ "type": "Feature", "properties": { "name": "REHAB PROGRAM (WISE REHAB)", "borough": "MANHATTAN", "borough_primary": "MANHATTAN", "hvi_score_zcta": 2.0, "avg_monthly_rent_usd": 776.0, "is_senior_development": false, "total_population": "63" }, "geometry": { "type": "MultiPolygon", "coordinates": [ [ [ [ -73.967182903439337, 40.790925166466089 ], [ -73.967364037473189, 40.790677927845877 ], [ -73.967676264627755, 40.790809744654347 ], [ -73.96749513139477, 40.79105698376015 ], [ -73.967182903439337, 40.790925166466089 ] ] ] ] } },
{ "type": "Feature", "properties": { "name": "RICHMOND TERRACE", "borough": "STATEN ISLAND", "borough_primary": "STATEN ISLAND", "hvi_score_zcta": 2.0, "avg_monthly_rent_usd": 608.0, "is_senior_development": false, "total_population": "990" }, "geometry": { "type": "MultiPolygon", "coordinates": [ [ [ [ -74.086281751221819, 40.64535509633113 ], [ -74.086180657275875, 40.64523710426139 ], [ -74.086147564808869, 40.645198481505687 ], [ -74.086046999412844, 40.645081105775979 ], [ -74.085931420985105, 40.644946208982006 ], [ -74.085839140914985, 40.644838502047186 ], [ -74.085750927049986, 40.644735544941653 ], [ -74.085647342641366, 40.644614642876938 ], [ -74.085681319799818, 40.644596931384037 ], [ -74.085600228675162, 40.64453944503834 ], [ -74.085487119751761, 40.644459259656522 ], [ -74.085538166501777, 40.644421697092547 ], [ -74.085810690848021, 40.644221158409401 ], [ -74.085817002726756, 40.64421561370937 ], [ -74.085822815372197, 40.644209810932821 ], [ -74.085828734326142, 40.644203018406756 ], [ -74.08583408176068, 40.644195835481781 ], [ -74.085838046024406, 40.644189600034046 ], [ -74.085843093458948, 40.644179884174008 ], [ -74.085846842975656, 40.644170299857791 ], [ -74.085848307409762, 40.644165436865045 ], [ -74.085849479890484, 40.644160618215516 ], [ -74.085850497730249, 40.644155060355722 ], [ -74.085851076943058, 40.644150405143073 ], [ -74.085851433257673, 40.644145253010414 ], [ -74.08585146297473, 40.644138946656881 ], [ -74.085850940490928, 40.644131642941062 ], [ -74.085850062678432, 40.644125663252623 ], [ -74.085847912232111, 40.644116493076652 ], [ -74.085844858926805, 40.644107603635668 ], [ -74.085841161049714, 40.644099431488748 ], [ -74.085835132556596, 40.644089071920547 ], [ -74.085830205642324, 40.644082188431895 ], [ -74.085774367042831, 40.644003322155058 ], [ -74.086334956354349, 40.643569160684152 ], [ -74.085973962984298, 40.643100340172374 ], [ -74.085939135409632, 40.643112493489163 ], [ -74.085813169987404, 40.642925954162891 ], [ -74.086349660736929, 40.642738740874613 ], [ -74.086348008590903, 40.642853376342686 ], [ -74.086345043964499, 40.643177046588477 ], [ -74.086349824956059, 40.643281293340145 ], [ -74.086356091315011, 40.643354862807989 ], [ -74.086366832912091, 40.643443465774048 ], [ -74.086376054636474, 40.64350317583947 ], [ -74.086386487874236, 40.643560847120206 ], [ -74.086397545999517, 40.64361446199419 ], [ -74.086413610098305, 40.643683024415765 ], [ -74.086422514310669, 40.643717509387969 ], [ -74.086436853985987, 40.643769029886442 ], [ -74.086445045851647, 40.64379660751365 ], [ -74.086453910500381, 40.643825168901294 ], [ -74.086473130206969, 40.64387468837581 ], [ -74.086496307526204, 40.643928383276453 ], [ -74.086539490578033, 40.644015882093939 ], [ -74.086569639981349, 40.64406988331158 ], [ -74.086588245959732, 40.644100944398254 ], [ -74.086618572662687, 40.644148484248596 ], [ -74.086652681629332, 40.644198055512355 ], [ -74.087095656931183, 40.644817895375077 ], [ -74.08713911928821, 40.644884662912347 ], [ -74.087176298754258, 40.644938342557282 ], [ -74.087226583581355, 40.645006606052902 ], [ -74.087256668839359, 40.645045142530208 ], [ -74.087032209391509, 40.645131245492898 ], [ -74.086905755864166, 40.645181562135633 ], [ -74.086809515357771, 40.64521985732884 ], [ -74.086801872702338, 40.645211203712478 ], [ -74.086644215738502, 40.645286044019826 ], [ -74.086639111567919, 40.645280265636366 ], [ -74.086347762453286, 40.645432140168694 ], [ -74.086281751221819, 40.64535509633113 ] ] ], [ [ [ -74.086866416577223, 40.644082709836354 ], [ -74.0871934721321, 40.643947820392093 ], [ -74.087325630737595, 40.644148521345294 ], [ -74.087365526288778, 40.644209107649196 ], [ -74.087404569010786, 40.644268398740969 ], [ -74.087448653409865, 40.644335347597007 ], [ -74.087490270397524, 40.64439855035495 ], [ -74.087570890200723, 40.644520979324192 ], [ -74.087611729138771, 40.644582999348323 ], [ -74.087653418694742, 40.644646310952957 ], [ -74.087731861888685, 40.644765504101436 ], [ -74.087772446097816, 40.644827779107906 ], [ -74.087808059668205, 40.644882428702623 ], [ -74.087852895674871, 40.644951229192408 ], [ -74.087889974769865, 40.645008125335295 ], [ -74.087931874224665, 40.645072419141783 ], [ -74.087974722656185, 40.645138167444514 ], [ -74.088002090256069, 40.645180161995455 ], [ -74.088013692454908, 40.645196920770488 ], [ -74.088042186866062, 40.645238081469628 ], [ -74.088053769780629, 40.645255441801439 ], [ -74.08809953525288, 40.645324026257143 ], [ -74.088114404164557, 40.645341764984856 ], [ -74.088175806439793, 40.645415012919251 ], [ -74.08823615024815, 40.645486998205335 ], [ -74.088294980878345, 40.645557177280665 ], [ -74.088344371802336, 40.645616097191159 ], [ -74.088395411114988, 40.645676982545496 ], [ -74.08843078688497, 40.645719182458308 ], [ -74.088436322640007, 40.645730216756313 ], [ -74.088468887613672, 40.645795125390286 ], [ -74.08850088247695, 40.645858897098904 ], [ -74.08852067022076, 40.645898335381382 ], [ -74.088535611363071, 40.645914196417067 ], [ -74.088565555238404, 40.645945987775086 ], [ -74.088624533814013, 40.646008603110765 ], [ -74.088662471671853, 40.646048879270538 ], [ -74.088706355285822, 40.646095468868538 ], [ -74.088751398030809, 40.646143287662987 ], [ -74.088809570693783, 40.646205046231238 ], [ -74.088843058353476, 40.646240598045708 ], [ -74.089076241667811, 40.646488153871225 ], [ -74.088992448027128, 40.646533087069244 ], [ -74.087578103566301, 40.645001486000467 ], [ -74.08751893528013, 40.644948739048679 ], [ -74.087467645013646, 40.644895593448929 ], [ -74.087418667128219, 40.644844130037569 ], [ -74.087375898819246, 40.644793863179189 ], [ -74.087305096647057, 40.644710525336691 ], [ -74.086866416577223, 40.644082709836354 ] ] ], [ [ [ -74.087088374306532, 40.645206449395616 ], [ -74.087313319895614, 40.645117680420654 ], [ -74.087342875645078, 40.645154438752989 ], [ -74.088754116460308, 40.646652865484626 ], [ -74.087456988651951, 40.647491708620088 ], [ -74.087150902006513, 40.647105340392926 ], [ -74.087328133216332, 40.647018960614851 ], [ -74.087338228889692, 40.646984794489235 ], [ -74.087457032781714, 40.646922864714092 ], [ -74.08748454945615, 40.646835691625689 ], [ -74.087405661410997, 40.646756584344239 ], [ -74.087427862991021, 40.646681446231788 ], [ -74.087374771613, 40.646619842500037 ], [ -74.08732247010694, 40.646559155771712 ], [ -74.087277262432607, 40.646506698876252 ], [ -74.087226098986662, 40.646447330499257 ], [ -74.087127238114974, 40.646332618167932 ], [ -74.087020591230868, 40.646208868637096 ], [ -74.08697569306986, 40.646156770693821 ], [ -74.086848843325825, 40.646009578676221 ], [ -74.087451610132874, 40.6456829352244 ], [ -74.087088374306532, 40.645206449395616 ] ] ] ] } },
{ "type": "Feature", "properties": { "name": "RIIS", "borough": "MANHATTAN", "borough_primary": "MANHATTAN", "hvi_score_zcta": 2.0, "avg_monthly_rent_usd": 666.0, "is_senior_development": false, "total_population": "2,408" }, "geometry": { "type": "MultiPolygon", "coordinates": [ [ [ [ -73.974373050494393, 40.72421149301649 ], [ -73.974339853376705, 40.724209879114639 ], [ -73.974306597410177, 40.72421047413895 ], [ -73.974273535894511, 40.724213270942293 ], [ -73.974240919768334, 40.724218248869271 ], [ -73.974208998791099, 40.724225371955662 ], [ -73.97417801562996, 40.724234584425062 ], [ -73.974148204671849, 40.724245814290022 ], [ -73.974119795574424, 40.724258979656426 ], [ -73.974094609207356, 40.724272997622862 ], [ -73.973647662860728, 40.72408378835275 ], [ -73.974300227211927, 40.723043625160635 ], [ -73.975853318149092, 40.723697874316073 ], [ -73.975116134863526, 40.724708021190807 ], [ -73.97471128649245, 40.724531024350568 ], [ -73.974713406528195, 40.724505767333902 ], [ -73.974712625448859, 40.724480466455525 ], [ -73.974708949103814, 40.724455313525361 ], [ -73.974702405830854, 40.724430499456759 ], [ -73.974693042907433, 40.724406214267852 ], [ -73.974680934835988, 40.724382642577737 ], [ -73.974666172692054, 40.72435996360781 ], [ -73.974648867674929, 40.724338349378478 ], [ -73.974629152293247, 40.72431796381052 ], [ -73.974607177994343, 40.724298964525261 ], [ -73.97458310925137, 40.724281494738342 ], [ -73.974557133030459, 40.724265685964781 ], [ -73.974529442218852, 40.724251661614893 ], [ -73.974500251015456, 40.724239524393823 ], [ -73.974469780724178, 40.724229370703299 ], [ -73.97443826330904, 40.724221275336667 ], [ -73.97440593783989, 40.724215300480743 ], [ -73.974373050494393, 40.72421149301649 ] ] ], [ [ [ -73.972252884164334, 40.72619438287397 ], [ -73.972410679232013, 40.725897967816017 ], [ -73.973445204386266, 40.724267065710379 ], [ -73.973921351044041, 40.724467943973266 ], [ -73.973917008698706, 40.724493957800398 ], [ -73.973917247301998, 40.7245133665295 ], [ -73.973918715772896, 40.724529617451388 ], [ -73.973921228478105, 40.724545222944641 ], [ -73.973925901033837, 40.724564665996546 ], [ -73.973932331330772, 40.724584073425916 ], [ -73.973938757275718, 40.724599486195046 ], [ -73.973947573372499, 40.72461702740781 ], [ -73.973956887344215, 40.724632685767823 ], [ -73.97396577267304, 40.724645735255095 ], [ -73.973975743426493, 40.724658759772424 ], [ -73.97398685998786, 40.724671717009734 ], [ -73.97399642471531, 40.724681811176843 ], [ -73.974004769858738, 40.724689952763761 ], [ -73.974006738744535, 40.724691790247014 ], [ -73.974009812783905, 40.724694602330558 ], [ -73.974021115246799, 40.724704382610057 ], [ -73.974033736226659, 40.724714364899988 ], [ -73.974043768409572, 40.724721681097428 ], [ -73.974057166251285, 40.724730695512491 ], [ -73.974072640060299, 40.724740143538263 ], [ -73.97408370720477, 40.724746334328778 ], [ -73.974095036057363, 40.724752220805165 ], [ -73.974107169818481, 40.724758056132451 ], [ -73.974118218524922, 40.724762973595624 ], [ -73.974130569193335, 40.724768050740622 ], [ -73.974144040792169, 40.724773113727537 ], [ -73.974160554197312, 40.724778676277801 ], [ -73.974174932777373, 40.724782975832973 ], [ -73.974192620736574, 40.72478760481394 ], [ -73.97421804713278, 40.724793047784559 ], [ -73.974241615815984, 40.72479687572109 ], [ -73.974261364230202, 40.724799217859314 ], [ -73.974279744667641, 40.724800706005574 ], [ -73.974301574504835, 40.724801619493668 ], [ -73.974321645768015, 40.724801650086633 ], [ -73.974337018117168, 40.724801148328034 ], [ -73.974352368152466, 40.724800190004544 ], [ -73.974368254582899, 40.724798714005608 ], [ -73.974384073732992, 40.724796747211933 ], [ -73.974403779286575, 40.72479358720512 ], [ -73.974422696767448, 40.724789789459201 ], [ -73.974441567192983, 40.724785227167601 ], [ -73.974467347767572, 40.72477767221217 ], [ -73.974493334953209, 40.72476839102103 ], [ -73.974515870689487, 40.724758847912021 ], [ -73.974542130374402, 40.724745754914601 ], [ -73.974558125070331, 40.724736584962969 ], [ -73.974976459905704, 40.724913068376203 ], [ -73.973941374204728, 40.726337372985192 ], [ -73.973309392825527, 40.726072390326266 ], [ -73.973133600536755, 40.726314278391783 ], [ -73.973765583511607, 40.726579261106245 ], [ -73.973626669459975, 40.726770402919229 ], [ -73.972252884164334, 40.72619438287397 ] ] ] ] } },
{ "type": "Feature", "properties": { "name": "RIIS II", "borough": "MANHATTAN", "borough_primary": "MANHATTAN", "hvi_score_zcta": 2.0, "avg_monthly_rent_usd": 667.0, "is_senior_development": false, "total_population": "1,143" }, "geometry": { "type": "MultiPolygon", "coordinates": [ [ [ [ -73.974300227211927, 40.723043625160635 ], [ -73.974366009995492, 40.722937950639434 ], [ -73.974414471412757, 40.722860102474755 ], [ -73.974472540207884, 40.722757437479231 ], [ -73.974526845308745, 40.722653744139102 ], [ -73.974577342891394, 40.722549139516225 ], [ -73.974599900030739, 40.722500072132718 ], [ -73.974642649223767, 40.722399152455196 ], [ -73.974681006346216, 40.722297059331432 ], [ -73.974714880178936, 40.722194054793917 ], [ -73.974744072853994, 40.722090731338326 ], [ -73.974767450189972, 40.722006656791599 ], [ -73.974787944520912, 40.721921741432489 ], [ -73.974805401814663, 40.721836444488716 ], [ -73.974822844601434, 40.721733034689088 ], [ -73.976707725421093, 40.722527053154771 ], [ -73.975853318149092, 40.723697874316073 ], [ -73.974300227211927, 40.723043625160635 ] ] ] ] } },
{ "type": "Feature", "properties": { "name": "ROBBINS PLAZA", "borough": "MANHATTAN", "borough_primary": "MANHATTAN", "hvi_score_zcta": 2.0, "avg_monthly_rent_usd": 409.0, "is_senior_development": true, "total_population": "164" }, "geometry": { "type": "MultiPolygon", "coordinates": [ [ [ [ -73.957196779886786, 40.767006818315814 ], [ -73.957122059422545, 40.766975164837341 ], [ -73.956863606308332, 40.766865676954978 ], [ -73.957046849285589, 40.766615690798631 ], [ -73.957456270995223, 40.766789132073242 ], [ -73.957273029077541, 40.767039118874372 ], [ -73.957196779886786, 40.767006818315814 ] ] ] ] } },
{ "type": "Feature", "properties": { "name": "ROOSEVELT I", "borough": "BROOKLYN", "borough_primary": "BROOKLYN", "hvi_score_zcta": 4.0, "avg_monthly_rent_usd": 598.0, "is_senior_development": true, "total_population": "1,632" }, "geometry": { "type": "MultiPolygon", "coordinates": [ [ [ [ -73.937022696831804, 40.692354818290788 ], [ -73.93784368708738, 40.692260516236104 ], [ -73.937898593711992, 40.692545160273141 ], [ -73.937952673090749, 40.692825508379819 ], [ -73.937132251855601, 40.692920174426519 ], [ -73.937022696831804, 40.692354818290788 ] ] ], [ [ [ -73.937190250286179, 40.693100045768716 ], [ -73.939856051698698, 40.692791264647617 ], [ -73.939970898734899, 40.693348608037184 ], [ -73.937299110634001, 40.693654580747157 ], [ -73.937190250286179, 40.693100045768716 ] ] ], [ [ [ -73.934729686704671, 40.693939956600076 ], [ -73.934702828147806, 40.693804249358237 ], [ -73.934346259622799, 40.693845236865378 ], [ -73.934266311847011, 40.693441275097776 ], [ -73.936942702814392, 40.693132882686776 ], [ -73.937052081163287, 40.693672973952104 ], [ -73.934729686704671, 40.693939956600076 ] ] ] ] } },
{ "type": "Feature", "properties": { "name": "ROOSEVELT II", "borough": "BROOKLYN", "borough_primary": "BROOKLYN", "hvi_score_zcta": 4.0, "avg_monthly_rent_usd": 613.0, "is_senior_development": false, "total_population": "646" }, "geometry": { "type": "MultiPolygon", "coordinates": [ [ [ [ -73.934516819647143, 40.694716545239835 ], [ -73.934406679433906, 40.694166662615054 ], [ -73.935560428563079, 40.694032812882128 ], [ -73.935614942248236, 40.694312700319315 ], [ -73.93598327633245, 40.694270349350084 ], [ -73.93600338086496, 40.694268038108376 ], [ -73.936359950639343, 40.694227038265495 ], [ -73.936305286731624, 40.693946393765088 ], [ -73.937096219427332, 40.693854623459778 ], [ -73.937203934086995, 40.694407581050669 ], [ -73.936036160218066, 40.694541860000989 ], [ -73.934516819647143, 40.694716545239835 ] ] ], [ [ [ -73.933994034519003, 40.694779468908841 ], [ -73.933938139713888, 40.694501709637066 ], [ -73.933863098938303, 40.694510295253728 ], [ -73.93385140113817, 40.694452160418173 ], [ -73.933906829436438, 40.694445818432328 ], [ -73.933895578982415, 40.694389914428285 ], [ -73.933915192563134, 40.694387670807878 ], [ -73.933883543960462, 40.694230394245054 ], [ -73.934177744480337, 40.694196727909308 ], [ -73.934288295102391, 40.694746083285793 ], [ -73.933994034519003, 40.694779468908841 ] ] ] ] } },
{ "type": "Feature", "properties": { "name": "RUTGERS", "borough": "MANHATTAN", "borough_primary": "MANHATTAN", "hvi_score_zcta": 3.0, "avg_monthly_rent_usd": 626.0, "is_senior_development": false, "total_population": "1,471" }, "geometry": { "type": "MultiPolygon", "coordinates": [ [ [ [ -73.990308052566178, 40.711246439980414 ], [ -73.990358888688135, 40.711597556093587 ], [ -73.990435958806245, 40.711591284161578 ], [ -73.990435777922798, 40.711590028834642 ], [ -73.990527596005805, 40.711582557684785 ], [ -73.990564256904932, 40.711835782508885 ], [ -73.990933642849313, 40.711805724329579 ], [ -73.990896952198881, 40.711552224063631 ], [ -73.990990202134057, 40.711544636492157 ], [ -73.990980137074303, 40.711475100965934 ], [ -73.991073385708674, 40.711467512426417 ], [ -73.991028838205381, 40.711159840455153 ], [ -73.991104671635156, 40.711158319974174 ], [ -73.991894611248597, 40.711045368702671 ], [ -73.99197396249015, 40.711311907443346 ], [ -73.992033498881128, 40.711709358298229 ], [ -73.992054330127672, 40.711863121040984 ], [ -73.992126579346603, 40.712365808170581 ], [ -73.99010454510109, 40.712530356412742 ], [ -73.99003473112775, 40.712035183896809 ], [ -73.990011457122336, 40.711881658314617 ], [ -73.989928263809659, 40.711322456413747 ], [ -73.990308052566178, 40.711246439980414 ] ] ] ] } },
{ "type": "Feature", "properties": { "name": "SAINT MARY'S PARK", "borough": "BRONX", "borough_primary": "BRONX", "hvi_score_zcta": 5.0, "avg_monthly_rent_usd": 615.0, "is_senior_development": false, "total_population": "1,881" }, "geometry": { "type": "MultiPolygon", "coordinates": [ [ [ [ -73.909285268188967, 40.815799381163551 ], [ -73.910077021179688, 40.813582438908576 ], [ -73.910797389738832, 40.813728755750304 ], [ -73.910065367541961, 40.815796510964461 ], [ -73.909285268188967, 40.815799381163551 ] ] ], [ [ [ -73.907405453709757, 40.817752453912512 ], [ -73.90668179979869, 40.817579298341492 ], [ -73.906459731715501, 40.818116078508552 ], [ -73.906390813289676, 40.818099586705664 ], [ -73.906722149863725, 40.817298674847763 ], [ -73.906821954395525, 40.817240511388455 ], [ -73.908694489890109, 40.816149183090765 ], [ -73.909060661524848, 40.816083295831454 ], [ -73.909746937440801, 40.816071622523843 ], [ -73.909280278671673, 40.817199786441236 ], [ -73.908927945914414, 40.817115487799448 ], [ -73.908897358779456, 40.8171894331741 ], [ -73.90887734034682, 40.817237825380765 ], [ -73.908858697832116, 40.817282894035849 ], [ -73.908838487874277, 40.817331749839546 ], [ -73.908819785849289, 40.817376958918217 ], [ -73.908798731465893, 40.817427859075593 ], [ -73.908780390916988, 40.817472194950547 ], [ -73.908760054780757, 40.817521357709069 ], [ -73.908741564333937, 40.817566056359141 ], [ -73.908721111594858, 40.817615499972717 ], [ -73.908702650828403, 40.817660125699227 ], [ -73.908682142138133, 40.817709703434929 ], [ -73.908663552875836, 40.817754642425527 ], [ -73.90864295255777, 40.817804438901703 ], [ -73.90862494835342, 40.817847967270396 ], [ -73.908604325382427, 40.817897817750804 ], [ -73.908585319774886, 40.817943761352431 ], [ -73.908565076110847, 40.817992701723114 ], [ -73.908546778067802, 40.818036931332308 ], [ -73.908526396394421, 40.818086202969205 ], [ -73.90850784022463, 40.818131059112737 ], [ -73.908488218436588, 40.818178495231713 ], [ -73.908467944903975, 40.818227503097475 ], [ -73.908437332966955, 40.818301501447102 ], [ -73.908439952848781, 40.818302128472361 ], [ -73.908331633144257, 40.81856397356529 ], [ -73.907183392071559, 40.818289235458984 ], [ -73.907405453709757, 40.817752453912512 ] ] ] ] } },
{ "type": "Feature", "properties": { "name": "SAINT NICHOLAS", "borough": "MANHATTAN", "borough_primary": "MANHATTAN", "hvi_score_zcta": 4.0, "avg_monthly_rent_usd": 645.0, "is_senior_development": false, "total_population": "2,965" }, "geometry": { "type": "MultiPolygon", "coordinates": [ [ [ [ -73.946762407941094, 40.811510281982585 ], [ -73.947514848463243, 40.810479184259378 ], [ -73.949983232828544, 40.811520742735738 ], [ -73.949230818772577, 40.812551856394229 ], [ -73.94792986588898, 40.812002914600413 ], [ -73.946762407941094, 40.811510281982585 ] ] ], [ [ [ -73.948337829983302, 40.813775567984941 ], [ -73.945869388926297, 40.812733974661846 ], [ -73.946461859705252, 40.811922124981628 ], [ -73.946707576709656, 40.812025813156296 ], [ -73.946868509382966, 40.812093721915858 ], [ -73.947051010724365, 40.812170732681537 ], [ -73.947227963016147, 40.811928253080552 ], [ -73.947552188246576, 40.812065065947337 ], [ -73.947838270718179, 40.81218578226423 ], [ -73.947696057193752, 40.812380334266244 ], [ -73.947789475724946, 40.81241975356469 ], [ -73.947763026498393, 40.812455937982641 ], [ -73.948120500515287, 40.812606777839534 ], [ -73.948123551706374, 40.812746107785941 ], [ -73.948069081947907, 40.812746796458448 ], [ -73.948071566564778, 40.812860220637042 ], [ -73.948140484432273, 40.812859349358554 ], [ -73.94814224357458, 40.812939620493012 ], [ -73.948364132884436, 40.812936815077421 ], [ -73.948364192386705, 40.812939559820187 ], [ -73.948411475026148, 40.812938961444253 ], [ -73.948409508373501, 40.812849221490303 ], [ -73.948394988060983, 40.81284940499696 ], [ -73.948391200227036, 40.812676511388261 ], [ -73.948436616055091, 40.812695674484168 ], [ -73.948467344632405, 40.812653634990284 ], [ -73.948488125414926, 40.81266240431642 ], [ -73.948545287399824, 40.812584203624006 ], [ -73.948547403509409, 40.812585096961584 ], [ -73.948603319564398, 40.812508600325259 ], [ -73.949107227476361, 40.812721223303761 ], [ -73.948337829983302, 40.813775567984941 ] ] ] ] } },
{ "type": "Feature", "properties": { "name": "SEDGWICK", "borough": "BRONX", "borough_primary": "BRONX", "hvi_score_zcta": 5.0, "avg_monthly_rent_usd": 585.0, "is_senior_development": false, "total_population": "1,445" }, "geometry": { "type": "MultiPolygon", "coordinates": [ [ [ [ -73.922681129461736, 40.845591727476055 ], [ -73.923839338582994, 40.846104832396968 ], [ -73.923202333509067, 40.847367265292057 ], [ -73.923116345414854, 40.847524732053436 ], [ -73.921287909349459, 40.847097078817413 ], [ -73.920843448140246, 40.846923723434827 ], [ -73.922681129461736, 40.845591727476055 ] ] ] ] } },
{ "type": "Feature", "properties": { "name": "SEWARD PARK EXTENSION", "borough": "MANHATTAN", "borough_primary": "MANHATTAN", "hvi_score_zcta": 3.0, "avg_monthly_rent_usd": 645.0, "is_senior_development": false, "total_population": "686" }, "geometry": { "type": "MultiPolygon", "coordinates": [ [ [ [ -73.984407138258362, 40.716866471075029 ], [ -73.984605709259839, 40.716489609092797 ], [ -73.985613584078052, 40.716794547724177 ], [ -73.985418860517967, 40.71717252584731 ], [ -73.984407138258362, 40.716866471075029 ] ] ], [ [ [ -73.988001985920633, 40.717359867170558 ], [ -73.988397672022288, 40.716595193655671 ], [ -73.988973486456317, 40.716770253582922 ], [ -73.988578433180749, 40.717534993057399 ], [ -73.988001985920633, 40.717359867170558 ] ] ] ] } },
{ "type": "Feature", "properties": { "name": "SHEEPSHEAD BAY", "borough": "BROOKLYN", "borough_primary": "BROOKLYN", "hvi_score_zcta": 3.0, "avg_monthly_rent_usd": 653.0, "is_senior_development": false, "total_population": "2,083" }, "geometry": { "type": "MultiPolygon", "coordinates": [ [ [ [ -73.9379195114564, 40.594205747709097 ], [ -73.940512005786474, 40.593924008102341 ], [ -73.94087408559902, 40.595825309632609 ], [ -73.938283397482337, 40.5961120427582 ], [ -73.9379195114564, 40.594205747709097 ] ] ], [ [ [ -73.938323302326936, 40.596327843859918 ], [ -73.940914613562086, 40.596043099411617 ], [ -73.94132820446282, 40.598217346979233 ], [ -73.938736324712991, 40.598502464245023 ], [ -73.938323302326936, 40.596327843859918 ] ] ] ] } },
{ "type": "Feature", "properties": { "name": "SHELTON HOUSE", "borough": "QUEENS", "borough_primary": "QUEENS", "hvi_score_zcta": 3.0, "avg_monthly_rent_usd": 374.0, "is_senior_development": true, "total_population": "156" }, "geometry": { "type": "MultiPolygon", "coordinates": [ [ [ [ -73.798447998495448, 40.706573223056012 ], [ -73.798382869498056, 40.706468539545128 ], [ -73.798332093370334, 40.706386927090051 ], [ -73.79832421046774, 40.706374257459068 ], [ -73.798748676216363, 40.706220793690797 ], [ -73.79900949814909, 40.706646048739849 ], [ -73.79859194814486, 40.706804590955208 ], [ -73.798447998495448, 40.706573223056012 ] ] ] ] } },
{ "type": "Feature", "properties": { "name": "SMITH", "borough": "MANHATTAN", "borough_primary": "MANHATTAN", "hvi_score_zcta": 2.0, "avg_monthly_rent_usd": 631.0, "is_senior_development": false, "total_population": "3,708" }, "geometry": { "type": "MultiPolygon", "coordinates": [ [ [ [ -73.99693010018342, 40.711308084096267 ], [ -73.997481528582782, 40.71122424281873 ], [ -73.997443941472525, 40.711086455736364 ], [ -73.99758976213343, 40.711074347912223 ], [ -73.998348287883331, 40.711011363360591 ], [ -73.998211536567112, 40.710428510183924 ], [ -73.998104116813366, 40.709970661711367 ], [ -73.996629417411754, 40.710185642967403 ], [ -73.996395827556668, 40.709313628816744 ], [ -73.999177892205068, 40.708870013129527 ], [ -74.000892728679418, 40.710238275085388 ], [ -74.000495427999184, 40.710786764235166 ], [ -73.99955128575985, 40.711693216766612 ], [ -73.997098101602461, 40.711935213127894 ], [ -73.99693010018342, 40.711308084096267 ] ] ] ] } },
{ "type": "Feature", "properties": { "name": "SOTOMAYOR HOUSES", "borough": "BRONX", "borough_primary": "BRONX", "hvi_score_zcta": 4.0, "avg_monthly_rent_usd": 601.0, "is_senior_development": false, "total_population": "2,913" }, "geometry": { "type": "MultiPolygon", "coordinates": [ [ [ [ -73.868467960937366, 40.82728441783361 ], [ -73.868000244035102, 40.825276230430809 ], [ -73.869718263878937, 40.825021545417357 ], [ -73.87166139827788, 40.826853375329627 ], [ -73.870201917426328, 40.827050384092381 ], [ -73.870120237890561, 40.826690308860684 ], [ -73.870124762921179, 40.826686012286444 ], [ -73.870129033358026, 40.826681570445487 ], [ -73.8701330456297, 40.826676991438106 ], [ -73.870136790238277, 40.826672282457686 ], [ -73.870140258864225, 40.826667454300846 ], [ -73.870143447933501, 40.826662515968607 ], [ -73.870146349132369, 40.826657475556125 ], [ -73.870148956512125, 40.826652343862371 ], [ -73.870151266499263, 40.82664712988867 ], [ -73.870153274330264, 40.826641844435514 ], [ -73.870154975244859, 40.826636497402987 ], [ -73.870156366850338, 40.826631099594316 ], [ -73.870157445573412, 40.826625660010606 ], [ -73.870158211390688, 40.826620190358234 ], [ -73.870158660728578, 40.826614699637844 ], [ -73.87015879475004, 40.826609199557623 ], [ -73.87015860987718, 40.826603700919527 ], [ -73.870158109647406, 40.826598213632522 ], [ -73.870157295226946, 40.826592747603719 ], [ -73.870156165409369, 40.826587313637738 ], [ -73.870154723730025, 40.826581922544278 ], [ -73.870152972538619, 40.826576585132152 ], [ -73.870150916559652, 40.826571310411445 ], [ -73.870148558141423, 40.826566110091399 ], [ -73.870145903195393, 40.826560992283085 ], [ -73.870142956443985, 40.826555966897281 ], [ -73.870139722608258, 40.826551044745159 ], [ -73.870136208781659, 40.82654623573999 ], [ -73.870132420877667, 40.826541547092816 ], [ -73.870128367174871, 40.826536988717983 ], [ -73.870124053581691, 40.826532570527689 ], [ -73.870119491940073, 40.826528298838745 ], [ -73.87011468578936, 40.826524182660073 ], [ -73.870109649338801, 40.826520230112159 ], [ -73.870104389685849, 40.82651644930732 ], [ -73.870098917486985, 40.8265128465613 ], [ -73.870093242213784, 40.826509428187748 ], [ -73.87008737688906, 40.826506203206627 ], [ -73.870081329801678, 40.826503176129563 ], [ -73.870075116352382, 40.826500352376904 ], [ -73.870068744828714, 40.82649773736091 ], [ -73.87006222826065, 40.826495336499477 ], [ -73.870055580864317, 40.826493154310469 ], [ -73.870048813300514, 40.826491195309004 ], [ -73.87004194097139, 40.826489464014664 ], [ -73.870034974542321, 40.826487962240144 ], [ -73.870027928233654, 40.826486692703448 ], [ -73.870020815078192, 40.826485659020825 ], [ -73.870013650485475, 40.826484862110419 ], [ -73.870006446305979, 40.8264843037866 ], [ -73.869999215577266, 40.826483985864492 ], [ -73.869991974893225, 40.826483909264049 ], [ -73.869984737297315, 40.826484072198632 ], [ -73.869977514642912, 40.82648447558217 ], [ -73.869970323525919, 40.82648511943308 ], [ -73.869963174620707, 40.826486001062108 ], [ -73.869956084527885, 40.826487118687297 ], [ -73.869949065103185, 40.826488471421129 ], [ -73.86994213057757, 40.826490056578351 ], [ -73.869935293998012, 40.82649187057163 ], [ -73.869928567227902, 40.826493908912042 ], [ -73.869921965682011, 40.826496169815961 ], [ -73.869915500041486, 40.826498646991773 ], [ -73.869909183353911, 40.826501336852395 ], [ -73.869903027483659, 40.826504234008219 ], [ -73.869897045480428, 40.826507333971676 ], [ -73.869891245657925, 40.826510628647348 ], [ -73.869885642252143, 40.82651411264861 ], [ -73.869880244759386, 40.826517779682852 ], [ -73.869875063860832, 40.826521623458376 ], [ -73.869870109058141, 40.826525634981394 ], [ -73.869865389848925, 40.82652980705803 ], [ -73.869860914545654, 40.826534132494089 ], [ -73.869856693834862, 40.826538602296957 ], [ -73.869852733660323, 40.826543208368342 ], [ -73.869849042339311, 40.82654794081288 ], [ -73.869845628186027, 40.826552791534702 ], [ -73.869842497145228, 40.826557751536285 ], [ -73.869839652793246, 40.826562810915838 ], [ -73.869837103447267, 40.826567959777655 ], [ -73.869834852685202, 40.826573187319482 ], [ -73.869832905263323, 40.826578486342669 ], [ -73.869831264763874, 40.826583843344153 ], [ -73.86982993475776, 40.826589251123949 ], [ -73.869828916455162, 40.826594697076374 ], [ -73.869828213430225, 40.8266001722006 ], [ -73.869827825705826, 40.826605664790307 ], [ -73.869827755672333, 40.826611164942328 ], [ -73.869828002163828, 40.826616662750155 ], [ -73.869828564015947, 40.826622147406532 ], [ -73.869829442435659, 40.826627608106918 ], [ -73.869830632703668, 40.826633033139501 ], [ -73.869832136021842, 40.826638414400946 ], [ -73.869833946483467, 40.826643741078925 ], [ -73.869836062926566, 40.826649001465412 ], [ -73.869838479439323, 40.826654187449655 ], [ -73.869841192488707, 40.82665928732051 ], [ -73.869844197348542, 40.826664292968729 ], [ -73.869847486927043, 40.826669193580102 ], [ -73.869851055318165, 40.826673978341987 ], [ -73.869854895418328, 40.826678642744078 ], [ -73.8698590013244, 40.826683174172416 ], [ -73.869863364754124, 40.826687564513477 ], [ -73.869867975052344, 40.826691806550897 ], [ -73.869872826311308, 40.826695890372584 ], [ -73.869877907873928, 40.826699809663388 ], [ -73.869883210272135, 40.826703556307571 ], [ -73.869888724036926, 40.826707123090962 ], [ -73.869894437325542, 40.826710503696482 ], [ -73.869900340669773, 40.826713690009058 ], [ -73.869906419851191, 40.826716678410207 ], [ -73.869554549074664, 40.826765837029065 ], [ -73.869638750945853, 40.827126398177548 ], [ -73.868467960937366, 40.82728441783361 ] ] ], [ [ [ -73.86506445799526, 40.825666697994556 ], [ -73.867469016224092, 40.825342262365119 ], [ -73.86793319355364, 40.827349037687817 ], [ -73.867109591836879, 40.827459180349521 ], [ -73.865527917521192, 40.827670683389712 ], [ -73.86506445799526, 40.825666697994556 ] ] ], [ [ [ -73.863489629421252, 40.827456068635428 ], [ -73.863461087520704, 40.827453841236427 ], [ -73.863435556477128, 40.827455213977863 ], [ -73.863080748055168, 40.825923893627809 ], [ -73.864368992677996, 40.825751845307678 ], [ -73.864395927596831, 40.825868081550539 ], [ -73.864819352357884, 40.825811528636038 ], [ -73.865259582546983, 40.827715008674247 ], [ -73.863661562051362, 40.827931356715453 ], [ -73.863595038504528, 40.827654741074575 ], [ -73.863606565700309, 40.827639944247842 ], [ -73.863614091389778, 40.827626538456656 ], [ -73.86362050806818, 40.827609365478082 ], [ -73.86362383707565, 40.827590200552287 ], [ -73.863623384225562, 40.827571110397471 ], [ -73.863618681504477, 40.827550815755934 ], [ -73.863609785177488, 40.827531365322038 ], [ -73.863595604255536, 40.827511770860852 ], [ -73.863576630143726, 40.827493470143899 ], [ -73.863554280006696, 40.827477949763271 ], [ -73.863525279205689, 40.82746479251449 ], [ -73.863489629421252, 40.827456068635428 ] ] ] ] } },
{ "type": "Feature", "properties": { "name": "SOUNDVIEW", "borough": "BRONX", "borough_primary": "BRONX", "hvi_score_zcta": 4.0, "avg_monthly_rent_usd": 559.0, "is_senior_development": false, "total_population": "2,642" }, "geometry": { "type": "MultiPolygon", "coordinates": [ [ [ [ -73.865824555015593, 40.816505478487585 ], [ -73.865441678038948, 40.814851159746674 ], [ -73.866599562407018, 40.814698488555123 ], [ -73.86667588090468, 40.814746523851163 ], [ -73.866942414077187, 40.814802541961278 ], [ -73.867012051996326, 40.814817177955447 ], [ -73.867010807443904, 40.815439988858806 ], [ -73.867654010816764, 40.815440728955302 ], [ -73.867653437367593, 40.815464458219104 ], [ -73.867807145481663, 40.815463960979095 ], [ -73.868038642148122, 40.815588189609294 ], [ -73.868121154448019, 40.815715840446472 ], [ -73.868513144447675, 40.815757609283622 ], [ -73.86851232126017, 40.816145459078875 ], [ -73.865824555015593, 40.816505478487585 ] ] ], [ [ [ -73.869410328674377, 40.816581469626101 ], [ -73.869498364450621, 40.816578105987219 ], [ -73.869556211156564, 40.816580639710068 ], [ -73.869635673221836, 40.816587814697257 ], [ -73.869701550292731, 40.816598821204813 ], [ -73.869784180319925, 40.816622535509595 ], [ -73.870136454328986, 40.81811524559334 ], [ -73.866301681813709, 40.818634593083708 ], [ -73.865929879515619, 40.817039281918284 ], [ -73.869291292993736, 40.816586540522295 ], [ -73.869362765381695, 40.816582647626838 ], [ -73.869410328674377, 40.816581469626101 ] ] ] ] } },
{ "type": "Feature", "properties": { "name": "SOUTH BEACH", "borough": "STATEN ISLAND", "borough_primary": "STATEN ISLAND", "hvi_score_zcta": 2.0, "avg_monthly_rent_usd": 635.0, "is_senior_development": false, "total_population": "755" }, "geometry": { "type": "MultiPolygon", "coordinates": [ [ [ [ -74.080110934203205, 40.594016245665046 ], [ -74.080829114683539, 40.59514394693943 ], [ -74.080761031387709, 40.595169027548287 ], [ -74.081221986411222, 40.595892808752346 ], [ -74.079554196293316, 40.596507167639636 ], [ -74.078736543890173, 40.596808349636362 ], [ -74.077336459053711, 40.594590984442931 ], [ -74.078061831093478, 40.594348340616598 ], [ -74.078083261825924, 40.594341226332197 ], [ -74.07813421706868, 40.594324309590121 ], [ -74.078157427379139, 40.594316603338733 ], [ -74.078172444701636, 40.594311617733517 ], [ -74.078196863049371, 40.594303510820062 ], [ -74.078211698184774, 40.594299316893597 ], [ -74.078242018334933, 40.594292061450524 ], [ -74.078277541696181, 40.594285299543948 ], [ -74.078296489453606, 40.594282431076586 ], [ -74.078322975006301, 40.594279256694008 ], [ -74.078339778708127, 40.594277469408077 ], [ -74.078357885246476, 40.5942765313252 ], [ -74.078385112874827, 40.594275537489267 ], [ -74.078412106566702, 40.594275524476259 ], [ -74.078448128999824, 40.594277292832068 ], [ -74.078490502217178, 40.594280966848473 ], [ -74.078867188456826, 40.594347439504979 ], [ -74.078914937832778, 40.594355932876923 ], [ -74.078944741309812, 40.594360351084553 ], [ -74.078956237292275, 40.594361612923976 ], [ -74.078972574565228, 40.594362990304269 ], [ -74.078992189644822, 40.594364006120429 ], [ -74.079005914872525, 40.594364307365296 ], [ -74.079028878753846, 40.594364060140357 ], [ -74.079047030285537, 40.594363196661384 ], [ -74.079069190121587, 40.594361335343443 ], [ -74.079090884700292, 40.594358640457131 ], [ -74.079110558567194, 40.594355430958025 ], [ -74.079121129199009, 40.59435339840384 ], [ -74.079146253166655, 40.594347669984941 ], [ -74.0791889648862, 40.594332884587374 ], [ -74.080110934203205, 40.594016245665046 ] ] ] ] } },
{ "type": "Feature", "properties": { "name": "SOUTH JAMAICA I", "borough": "QUEENS", "borough_primary": "QUEENS", "hvi_score_zcta": 5.0, "avg_monthly_rent_usd": 609.0, "is_senior_development": false, "total_population": "798" }, "geometry": { "type": "MultiPolygon", "coordinates": [ [ [ [ -73.793068522112023, 40.693867227633447 ], [ -73.793651388964975, 40.693620660391026 ], [ -73.794747660500647, 40.695119124860454 ], [ -73.794164240288907, 40.695364953709806 ], [ -73.793068522112023, 40.693867227633447 ] ] ], [ [ [ -73.796008081167713, 40.697902079385415 ], [ -73.795242643474822, 40.696858078871252 ], [ -73.794762374584835, 40.697061407983021 ], [ -73.793707550586788, 40.695617607605648 ], [ -73.794197919360826, 40.695410990638578 ], [ -73.794184761591481, 40.695393004534445 ], [ -73.79476818433892, 40.69514717558625 ], [ -73.796440041604384, 40.69743224055857 ], [ -73.796325684937614, 40.697480426506324 ], [ -73.796303672755428, 40.697493720572638 ], [ -73.796278066697425, 40.697516491594804 ], [ -73.796260354297559, 40.697545613507536 ], [ -73.796256454300789, 40.697567762870015 ], [ -73.796257160416445, 40.697587587152107 ], [ -73.796261701201928, 40.697606252956518 ], [ -73.796273897083964, 40.697627263743939 ], [ -73.796286110781622, 40.697642446429732 ], [ -73.796303453182773, 40.697655817350586 ], [ -73.796323922285538, 40.697667785396746 ], [ -73.796346812292569, 40.697677004849531 ], [ -73.796370315543584, 40.69768301054458 ], [ -73.796392659998858, 40.697685295059088 ], [ -73.796411944527776, 40.697685329173105 ], [ -73.796424365944233, 40.69768442181325 ], [ -73.796435588512566, 40.697683608686972 ], [ -73.796444817542067, 40.697682756913622 ], [ -73.796450313314153, 40.697683562688468 ], [ -73.796457522104234, 40.697685992419096 ], [ -73.796462394485062, 40.697689851637051 ], [ -73.796465726743264, 40.697694362805436 ], [ -73.796467813678902, 40.697698688966959 ], [ -73.796469114092162, 40.697703307305403 ], [ -73.796469167117635, 40.697703378539941 ], [ -73.796008081167713, 40.697902079385415 ] ] ] ] } },
{ "type": "Feature", "properties": { "name": "SOUTH JAMAICA II", "borough": "QUEENS", "borough_primary": "QUEENS", "hvi_score_zcta": 5.0, "avg_monthly_rent_usd": 676.0, "is_senior_development": false, "total_population": "1,295" }, "geometry": { "type": "MultiPolygon", "coordinates": [ [ [ [ -73.792170946679988, 40.693980263855074 ], [ -73.791136827044525, 40.69256225560887 ], [ -73.792302514656726, 40.692069938148173 ], [ -73.792326392849859, 40.692102191779625 ], [ -73.792354136233058, 40.692091504093511 ], [ -73.792561051230862, 40.692270526915223 ], [ -73.79312666062502, 40.692893229385717 ], [ -73.793506188534494, 40.693419370714352 ], [ -73.793632973732272, 40.693595488585558 ], [ -73.793651388964975, 40.693620660391026 ], [ -73.793068522112023, 40.693867227633447 ], [ -73.792920784802845, 40.693665283389286 ], [ -73.792170946679988, 40.693980263855074 ] ] ], [ [ [ -73.792304246406843, 40.694165374884456 ], [ -73.792884194473316, 40.693916767492865 ], [ -73.793912390578924, 40.69532932347969 ], [ -73.793335040954418, 40.69557588751497 ], [ -73.792304246406843, 40.694165374884456 ] ] ], [ [ [ -73.793446047130274, 40.69572779116811 ], [ -73.793707550586788, 40.695617607605648 ], [ -73.794762374584835, 40.697061407983021 ], [ -73.794501152288106, 40.697171998762215 ], [ -73.793446047130274, 40.69572779116811 ] ] ], [ [ [ -73.796450313314153, 40.697683562688468 ], [ -73.796444817542067, 40.697682756913622 ], [ -73.796435588512566, 40.697683608686972 ], [ -73.796424365944233, 40.69768442181325 ], [ -73.796411944527776, 40.697685329173105 ], [ -73.796392659998858, 40.697685295059088 ], [ -73.796370315543584, 40.69768301054458 ], [ -73.796346812292569, 40.697677004849531 ], [ -73.796323922285538, 40.697667785396746 ], [ -73.796303453182773, 40.697655817350586 ], [ -73.796286110781622, 40.697642446429732 ], [ -73.796273897083964, 40.697627263743939 ], [ -73.796261701201928, 40.697606252956518 ], [ -73.796257160416445, 40.697587587152107 ], [ -73.796256454300789, 40.697567762870015 ], [ -73.796260354297559, 40.697545613507536 ], [ -73.796278066697425, 40.697516491594804 ], [ -73.796303672755428, 40.697493720572638 ], [ -73.796325684937614, 40.697480426506324 ], [ -73.796440041604384, 40.69743224055857 ], [ -73.796525266303533, 40.697548719763027 ], [ -73.797057807535552, 40.698276547416299 ], [ -73.79648885727201, 40.698557768605134 ], [ -73.796008081167713, 40.697902079385415 ], [ -73.796469167117635, 40.697703378539941 ], [ -73.796469114092162, 40.697703307305403 ], [ -73.796467813678902, 40.697698688966959 ], [ -73.796465726743264, 40.697694362805436 ], [ -73.796462394485062, 40.697689851637051 ], [ -73.796457522104234, 40.697685992419096 ], [ -73.796450313314153, 40.697683562688468 ] ] ], [ [ [ -73.794609046214632, 40.697306971419785 ], [ -73.79517068425524, 40.697069620456119 ], [ -73.796321210986306, 40.698645122745546 ], [ -73.796137527930895, 40.698731077654166 ], [ -73.795761672020788, 40.698880617150792 ], [ -73.794609046214632, 40.697306971419785 ] ] ] ] } },
{ "type": "Feature", "properties": { "name": "STANTON STREET", "borough": "MANHATTAN", "borough_primary": "MANHATTAN", "hvi_score_zcta": 3.0, "avg_monthly_rent_usd": 735.0, "is_senior_development": false, "total_population": "34" }, "geometry": { "type": "MultiPolygon", "coordinates": [ [ [ [ -73.983419824749035, 40.719847120059484 ], [ -73.983557448886828, 40.719578876134733 ], [ -73.983730995006084, 40.719631922805064 ], [ -73.983593372640954, 40.719900166935524 ], [ -73.983419824749035, 40.719847120059484 ] ] ] ] } },
{ "type": "Feature", "properties": { "name": "STAPLETON", "borough": "STATEN ISLAND", "borough_primary": "STATEN ISLAND", "hvi_score_zcta": 3.0, "avg_monthly_rent_usd": 631.0, "is_senior_development": false, "total_population": "1,829" }, "geometry": { "type": "MultiPolygon", "coordinates": [ [ [ [ -74.080287934604002, 40.623292188882175 ], [ -74.080024706708031, 40.62277971056983 ], [ -74.07979925609024, 40.622340775246023 ], [ -74.079478197501459, 40.621715685132884 ], [ -74.0807578126051, 40.621290621989878 ], [ -74.081129534431014, 40.621175723972407 ], [ -74.081818008370618, 40.620947203477442 ], [ -74.082660185401394, 40.622499547140372 ], [ -74.082671199980666, 40.622522284569904 ], [ -74.082683025487285, 40.622548979203295 ], [ -74.082692496435911, 40.62257254351826 ], [ -74.082701493763778, 40.622597297760912 ], [ -74.082709383080697, 40.622621544906295 ], [ -74.082715864857107, 40.622643910975782 ], [ -74.082721779125663, 40.622667048298787 ], [ -74.082727387894366, 40.622692572220878 ], [ -74.082732145316285, 40.622718710009899 ], [ -74.082736121190223, 40.622746471999683 ], [ -74.08273932922188, 40.622778334612136 ], [ -74.082741178894636, 40.622812720560233 ], [ -74.082741005686714, 40.622859858435085 ], [ -74.082738890481195, 40.622894427340562 ], [ -74.082734524119218, 40.622933029496629 ], [ -74.082728429650587, 40.622969535583458 ], [ -74.08262600769892, 40.623511552413341 ], [ -74.081196990515323, 40.62396601326401 ], [ -74.080777132976237, 40.623148955201472 ], [ -74.080287934604002, 40.623292188882175 ] ] ] ] } },
{ "type": "Feature", "properties": { "name": "STRAUS", "borough": "MANHATTAN", "borough_primary": "MANHATTAN", "hvi_score_zcta": 2.0, "avg_monthly_rent_usd": 614.0, "is_senior_development": false, "total_population": "503" }, "geometry": { "type": "MultiPolygon", "coordinates": [ [ [ [ -73.978995130896209, 40.740779129860279 ], [ -73.979171928151445, 40.740538847218417 ], [ -73.979652422627055, 40.740741536424686 ], [ -73.979475627750716, 40.740981819797533 ], [ -73.979444301101083, 40.740968605571695 ], [ -73.979337481853662, 40.740923544889931 ], [ -73.978995130896209, 40.740779129860279 ] ] ], [ [ [ -73.97955813209316, 40.741016623763706 ], [ -73.979734926764309, 40.740776340265526 ], [ -73.980125799499575, 40.740941220101149 ], [ -73.97994900461633, 40.741181504193811 ], [ -73.980115464532005, 40.7412517212802 ], [ -73.980157773569601, 40.741269567623263 ], [ -73.979978234771906, 40.741513582978286 ], [ -73.979378425958586, 40.741260862389346 ], [ -73.97955813209316, 40.741016623763706 ] ] ] ] } },
{ "type": "Feature", "properties": { "name": "SUMNER", "borough": "BROOKLYN", "borough_primary": "BROOKLYN", "hvi_score_zcta": 4.0, "avg_monthly_rent_usd": 608.0, "is_senior_development": false, "total_population": "2,013" }, "geometry": { "type": "MultiPolygon", "coordinates": [ [ [ [ -73.941253566528374, 40.698401043870049 ], [ -73.940867403254487, 40.696446820251346 ], [ -73.943367799683756, 40.696160798007533 ], [ -73.943503742502074, 40.69683914537557 ], [ -73.942056505215177, 40.69700470281353 ], [ -73.942176349503598, 40.697612630698892 ], [ -73.942870151791183, 40.697533361963373 ], [ -73.943003981080579, 40.698201177261602 ], [ -73.941253566528374, 40.698401043870049 ] ] ], [ [ [ -73.937964114909846, 40.696773536037185 ], [ -73.940575902391004, 40.69647349368396 ], [ -73.940959434398067, 40.698443465090683 ], [ -73.938616925821037, 40.698711325338984 ], [ -73.938310718701715, 40.69854509902008 ], [ -73.937964114909846, 40.696773536037185 ] ] ] ] } },
{ "type": "Feature", "properties": { "name": "SURFSIDE GARDENS", "borough": "BROOKLYN", "borough_primary": "BROOKLYN", "hvi_score_zcta": 5.0, "avg_monthly_rent_usd": 514.0, "is_senior_development": true, "total_population": "1,031" }, "geometry": { "type": "MultiPolygon", "coordinates": [ [ [ [ -73.997523708805375, 40.57482746035442 ], [ -73.997153011003121, 40.572883215800651 ], [ -73.997331846955063, 40.572881877411454 ], [ -73.997434156305445, 40.572882175114408 ], [ -73.99753850510568, 40.572884574594013 ], [ -73.997596250484321, 40.573187436631727 ], [ -73.997648611374714, 40.573181617625295 ], [ -73.997660000921883, 40.573241347849311 ], [ -73.997664631528636, 40.573240833744038 ], [ -73.997676019919169, 40.57330056396632 ], [ -73.99774369697883, 40.573293043234095 ], [ -73.997754713508272, 40.573350821103546 ], [ -73.998106896211354, 40.573311685248072 ], [ -73.998315164859108, 40.573288542309406 ], [ -73.998576076361559, 40.57465037298288 ], [ -73.998360784896235, 40.574673448752478 ], [ -73.99837217533441, 40.574733179798244 ], [ -73.997941820642225, 40.574781000646205 ], [ -73.997877700459014, 40.574788126229826 ], [ -73.997732138274216, 40.574804300468855 ], [ -73.997523708805375, 40.57482746035442 ] ] ], [ [ [ -73.998731570819132, 40.575471374783447 ], [ -73.999583480564922, 40.575376207313347 ], [ -73.99991740989428, 40.577139736271867 ], [ -73.999066308479797, 40.577229427420733 ], [ -73.998731570819132, 40.575471374783447 ] ] ] ] } },
{ "type": "Feature", "properties": { "name": "TAFT", "borough": "MANHATTAN", "borough_primary": "MANHATTAN", "hvi_score_zcta": 4.0, "avg_monthly_rent_usd": 660.0, "is_senior_development": false, "total_population": "2,609" }, "geometry": { "type": "MultiPolygon", "coordinates": [ [ [ [ -73.94402779778423, 40.798617468378865 ], [ -73.945232003186803, 40.796968485439791 ], [ -73.946506656816709, 40.797508114164884 ], [ -73.946470636148632, 40.797557432218539 ], [ -73.946031606755383, 40.798158529832577 ], [ -73.945632866362047, 40.797989723000889 ], [ -73.94557108398331, 40.798032975458099 ], [ -73.945572970999024, 40.798038087584963 ], [ -73.945574645872597, 40.798043241935069 ], [ -73.94557610742352, 40.798048433105123 ], [ -73.945577353285117, 40.798053657491522 ], [ -73.945578382276864, 40.79805890879053 ], [ -73.945579193218975, 40.798064181598619 ], [ -73.945579787299437, 40.79806947141401 ], [ -73.945580162152609, 40.798074772832088 ], [ -73.945580317783481, 40.798080080450241 ], [ -73.94558025419505, 40.798085389766065 ], [ -73.945579970208499, 40.798090693574629 ], [ -73.945579468195774, 40.798095989175785 ], [ -73.945578746977219, 40.798101270265505 ], [ -73.945577807742694, 40.798106530540778 ], [ -73.945576650495241, 40.798111766399771 ], [ -73.945574836806131, 40.798116969530476 ], [ -73.945572821707614, 40.798122130242959 ], [ -73.945570612313162, 40.798127244937916 ], [ -73.945568205072689, 40.798132307310446 ], [ -73.945565608282919, 40.798137314662888 ], [ -73.945562818392645, 40.798142262491211 ], [ -73.945559841329413, 40.798147147196211 ], [ -73.945556678283197, 40.798151963375034 ], [ -73.945553331626158, 40.798156707427189 ], [ -73.945549804916809, 40.798161375752329 ], [ -73.945546101712296, 40.798165964749991 ], [ -73.945542224386458, 40.798170469918645 ], [ -73.945538175313459, 40.798174885856618 ], [ -73.945533673432877, 40.798179487083424 ], [ -73.945529578522937, 40.79818344194365 ], [ -73.945525040291102, 40.798187573992699 ], [ -73.945520342173054, 40.798191603308993 ], [ -73.945515494835945, 40.798195527196107 ], [ -73.945510497096052, 40.798199342952103 ], [ -73.945505358437188, 40.798203046078584 ], [ -73.945500077676982, 40.798206633873875 ], [ -73.9454946607419, 40.798210103638965 ], [ -73.945489114744049, 40.798213452676009 ], [ -73.945483443241784, 40.798216677384239 ], [ -73.94547782617623, 40.798219988566082 ], [ -73.945472166486113, 40.798223257403791 ], [ -73.945466462987298, 40.798226482996704 ], [ -73.945460715680582, 40.798229664444243 ], [ -73.945454928121279, 40.798232800847131 ], [ -73.945449099123991, 40.798235893105911 ], [ -73.945443228688376, 40.798238941220198 ], [ -73.945437318002249, 40.798241942489014 ], [ -73.945431367062866, 40.798244899614275 ], [ -73.945425378242589, 40.798247809895251 ], [ -73.945419350356332, 40.798250673331239 ], [ -73.945413284587758, 40.798253491724161 ], [ -73.945407180938275, 40.798256263272634 ], [ -73.945401042963127, 40.798258987078199 ], [ -73.94539486710751, 40.798261664039472 ], [ -73.94538865692661, 40.798264293257766 ], [ -73.945382410051053, 40.798266873831395 ], [ -73.945382220439242, 40.798339107315428 ], [ -73.945777492715763, 40.798506445558445 ], [ -73.94533986607567, 40.799105602338166 ], [ -73.945304080940687, 40.799154595947392 ], [ -73.94402779778423, 40.798617468378865 ] ] ], [ [ [ -73.945562267588286, 40.79923747226686 ], [ -73.946754213478258, 40.797603866353704 ], [ -73.94807656189856, 40.798161103541219 ], [ -73.947532371876861, 40.798906667947762 ], [ -73.947232302531788, 40.798780220611782 ], [ -73.947130248234018, 40.798920093459742 ], [ -73.947430286031164, 40.799046528437167 ], [ -73.946886831266056, 40.799791062563855 ], [ -73.945562267588286, 40.79923747226686 ] ] ] ] } },
{ "type": "Feature", "properties": { "name": "TAYLOR STREET-WYTHE AVENUE", "borough": "BROOKLYN", "borough_primary": "BROOKLYN", "hvi_score_zcta": 3.0, "avg_monthly_rent_usd": 587.0, "is_senior_development": false, "total_population": "1,186" }, "geometry": { "type": "MultiPolygon", "coordinates": [ [ [ [ -73.965047328877375, 40.704770847140139 ], [ -73.964289506387246, 40.704089523349772 ], [ -73.964128926433972, 40.704191554522275 ], [ -73.963873868019988, 40.703962239597509 ], [ -73.963636438368155, 40.703748771473222 ], [ -73.964396792968401, 40.703256289664139 ], [ -73.964546177638212, 40.703390180640255 ], [ -73.965132580980423, 40.703915758837255 ], [ -73.965981960172002, 40.704677014685537 ], [ -73.966128099792442, 40.704807988567573 ], [ -73.965564563922371, 40.705172249387047 ], [ -73.965372134734665, 40.705296630647872 ], [ -73.964908825587997, 40.704881388723891 ], [ -73.965060845279126, 40.704782998244738 ], [ -73.965047328877375, 40.704770847140139 ] ] ] ] } },
{ "type": "Feature", "properties": { "name": "TELLER AVENUE-EAST 166TH STREET", "borough": "BRONX", "borough_primary": "BRONX", "hvi_score_zcta": 5.0, "avg_monthly_rent_usd": 514.0, "is_senior_development": false, "total_population": "159" }, "geometry": { "type": "MultiPolygon", "coordinates": [ [ [ [ -73.912240395643977, 40.830323296802881 ], [ -73.912387024583097, 40.830071500168494 ], [ -73.912568671254419, 40.829759566904315 ], [ -73.912642425441874, 40.829632912309116 ], [ -73.912981559550857, 40.829741725207043 ], [ -73.912576974121933, 40.830431287679389 ], [ -73.912240395643977, 40.830323296802881 ] ] ] ] } },
{ "type": "Feature", "properties": { "name": "THOMAS APARTMENTS", "borough": "MANHATTAN", "borough_primary": "MANHATTAN", "hvi_score_zcta": 1.0, "avg_monthly_rent_usd": 466.0, "is_senior_development": true, "total_population": "94" }, "geometry": { "type": "MultiPolygon", "coordinates": [ [ [ [ -73.97017084572839, 40.789740313691759 ], [ -73.970286925323734, 40.789580947851881 ], [ -73.970350136086211, 40.78960750008499 ], [ -73.970406112207073, 40.789530646832063 ], [ -73.97069530828152, 40.789652129831424 ], [ -73.970523281833593, 40.789888314302267 ], [ -73.97017084572839, 40.789740313691759 ] ] ] ] } },
{ "type": "Feature", "properties": { "name": "THROGGS NECK", "borough": "BRONX", "borough_primary": "BRONX", "hvi_score_zcta": 1.0, "avg_monthly_rent_usd": 592.0, "is_senior_development": false, "total_population": "2,396" }, "geometry": { "type": "MultiPolygon", "coordinates": [ [ [ [ -73.82182616286677, 40.819332439378826 ], [ -73.824122672285696, 40.818544781105771 ], [ -73.824602024779423, 40.819357292410736 ], [ -73.824630201781005, 40.819404875267871 ], [ -73.824677600258283, 40.819483535620435 ], [ -73.824753634400125, 40.81960631165645 ], [ -73.824867845625434, 40.819783472680271 ], [ -73.824970790475277, 40.819936377777509 ], [ -73.825042883868534, 40.820039958917413 ], [ -73.825091513530921, 40.820108304852823 ], [ -73.825128796020323, 40.820159907708465 ], [ -73.822827289638155, 40.820946497602328 ], [ -73.822798395203165, 40.820906382843965 ], [ -73.822766562672527, 40.820861668321008 ], [ -73.82265724683981, 40.820703763616926 ], [ -73.822534532456828, 40.820517755252638 ], [ -73.822372129691132, 40.820255253144339 ], [ -73.8223094963992, 40.820148339560753 ], [ -73.82182616286677, 40.819332439378826 ] ] ], [ [ [ -73.821271711911891, 40.821769775199705 ], [ -73.824187312280984, 40.820771864862841 ], [ -73.824199245009837, 40.820785337190301 ], [ -73.824599688171844, 40.82127424622162 ], [ -73.825439139897398, 40.82229912159471 ], [ -73.825439445383722, 40.822299667516162 ], [ -73.822789907216105, 40.823601016594495 ], [ -73.82186250000791, 40.822482396031475 ], [ -73.821271711911891, 40.821769775199705 ] ] ], [ [ [ -73.823076273332916, 40.823750748005423 ], [ -73.825781359156764, 40.822421818663805 ], [ -73.826745489875222, 40.823534960607631 ], [ -73.825040102663479, 40.82437368642335 ], [ -73.823076273332916, 40.823750748005423 ] ] ] ] } },
{ "type": "Feature", "properties": { "name": "THROGGS NECK ADDITION", "borough": "BRONX", "borough_primary": "BRONX", "hvi_score_zcta": 1.0, "avg_monthly_rent_usd": 613.0, "is_senior_development": false, "total_population": "635" }, "geometry": { "type": "MultiPolygon", "coordinates": [ [ [ [ -73.824188002580669, 40.820771628584431 ], [ -73.825299583090228, 40.820391145230822 ], [ -73.82555061396225, 40.820691790030843 ], [ -73.826470366961161, 40.821793289046404 ], [ -73.825439491240701, 40.822299644992064 ], [ -73.825439139897398, 40.82229912159471 ], [ -73.824784733385485, 40.821500168697824 ], [ -73.824199245009837, 40.820785337190301 ], [ -73.824188002580669, 40.820771628584431 ] ] ], [ [ [ -73.825781359156764, 40.822421818663805 ], [ -73.826674073711033, 40.821983228540752 ], [ -73.827623248818114, 40.823103252207304 ], [ -73.826745489875222, 40.823534960607631 ], [ -73.825781359156764, 40.822421818663805 ] ] ] ] } },
{ "type": "Feature", "properties": { "name": "TILDEN", "borough": "BROOKLYN", "borough_primary": "BROOKLYN", "hvi_score_zcta": 5.0, "avg_monthly_rent_usd": 600.0, "is_senior_development": false, "total_population": "2,263" }, "geometry": { "type": "MultiPolygon", "coordinates": [ [ [ [ -73.905666269899328, 40.664137813638163 ], [ -73.905930755046654, 40.664098651534452 ], [ -73.905835186544465, 40.663738032613736 ], [ -73.905570703953558, 40.663777194500319 ], [ -73.905407530331701, 40.663161452849444 ], [ -73.908776033924838, 40.662671483690232 ], [ -73.909118628266, 40.664019601319126 ], [ -73.905766492742913, 40.664516000169854 ], [ -73.905666269899328, 40.664137813638163 ] ] ] ] } },
{ "type": "Feature", "properties": { "name": "TODT HILL", "borough": "STATEN ISLAND", "borough_primary": "STATEN ISLAND", "hvi_score_zcta": 1.0, "avg_monthly_rent_usd": 689.0, "is_senior_development": false, "total_population": "873" }, "geometry": { "type": "MultiPolygon", "coordinates": [ [ [ [ -74.120214077088292, 40.608833128845241 ], [ -74.120320539687128, 40.608681821547535 ], [ -74.119705735293394, 40.608442339211607 ], [ -74.11966958931329, 40.608429266146182 ], [ -74.119629533059666, 40.608417953158011 ], [ -74.119583531146048, 40.608408680621935 ], [ -74.119534699599413, 40.608402860011012 ], [ -74.11948552773903, 40.608400987622957 ], [ -74.119423649901478, 40.608404234378348 ], [ -74.119365808926617, 40.608413070952899 ], [ -74.119316789832823, 40.608425274399032 ], [ -74.119272863724746, 40.608440307383674 ], [ -74.119232174383342, 40.608458208759586 ], [ -74.119198821798307, 40.608476250198279 ], [ -74.119156073200159, 40.608504915825343 ], [ -74.11912386974214, 40.60853193515905 ], [ -74.119093592051257, 40.608563473110443 ], [ -74.119065314496936, 40.608601479234785 ], [ -74.119039875708808, 40.608649760973805 ], [ -74.119024839878549, 40.608696161549766 ], [ -74.119018694589656, 40.608734721075081 ], [ -74.119018039557332, 40.608772923711307 ], [ -74.119021012016589, 40.608801170918881 ], [ -74.119049975190578, 40.608962710835122 ], [ -74.118480582721403, 40.609026088098737 ], [ -74.118310844327112, 40.606702714356324 ], [ -74.120807415750036, 40.606470433667738 ], [ -74.120864810595322, 40.60715798710882 ], [ -74.120997373236136, 40.608745930627705 ], [ -74.120214077088292, 40.608833128845241 ] ] ] ] } },
{ "type": "Feature", "properties": { "name": "TOMPKINS", "borough": "BROOKLYN", "borough_primary": "BROOKLYN", "hvi_score_zcta": 4.0, "avg_monthly_rent_usd": 651.0, "is_senior_development": false, "total_population": "2,486" }, "geometry": { "type": "MultiPolygon", "coordinates": [ [ [ [ -73.943690731771994, 40.696118919624354 ], [ -73.946213144565732, 40.695826965085104 ], [ -73.946604920594311, 40.697801266586623 ], [ -73.944082289445674, 40.698090220054731 ], [ -73.943690731771994, 40.696118919624354 ] ] ] ] } },
{ "type": "Feature", "properties": { "name": "TWO BRIDGES URA (SITE 7)", "borough": "MANHATTAN", "borough_primary": "MANHATTAN", "hvi_score_zcta": 3.0, "avg_monthly_rent_usd": 769.0, "is_senior_development": false, "total_population": "535" }, "geometry": { "type": "MultiPolygon", "coordinates": [ [ [ [ -73.985868353119713, 40.710644675287917 ], [ -73.986471076088236, 40.710573664075106 ], [ -73.986554993263141, 40.711127173786984 ], [ -73.985956385141861, 40.711185559874913 ], [ -73.985933610532655, 40.711055539544546 ], [ -73.98593415728125, 40.711055482879217 ], [ -73.985868353119713, 40.710644675287917 ] ] ] ] } },
{ "type": "Feature", "properties": { "name": "UNITY PLAZA (SITES 17,24,25A)", "borough": "BROOKLYN", "borough_primary": "BROOKLYN", "hvi_score_zcta": 5.0, "avg_monthly_rent_usd": 700.0, "is_senior_development": false, "total_population": "383" }, "geometry": { "type": "MultiPolygon", "coordinates": [ [ [ [ -73.896907204720549, 40.667911093259164 ], [ -73.897273738374821, 40.66785722806987 ], [ -73.897477145329987, 40.668665963235313 ], [ -73.897110607397323, 40.668719828166978 ], [ -73.896907204720549, 40.667911093259164 ] ] ], [ [ [ -73.896580364041242, 40.66888310258085 ], [ -73.89655981287288, 40.668802260075502 ], [ -73.896550869897837, 40.66880357129034 ], [ -73.896331922063681, 40.66794223123734 ], [ -73.895990376562708, 40.667992308638247 ], [ -73.895934245009101, 40.667772130270357 ], [ -73.896626490112823, 40.667668435879875 ], [ -73.896922503943401, 40.668832937513031 ], [ -73.896580364041242, 40.66888310258085 ] ] ] ] } },
{ "type": "Feature", "properties": { "name": "UNITY PLAZA (SITES 4-27)", "borough": "BROOKLYN", "borough_primary": "BROOKLYN", "hvi_score_zcta": 5.0, "avg_monthly_rent_usd": 676.0, "is_senior_development": false, "total_population": "907" }, "geometry": { "type": "MultiPolygon", "coordinates": [ [ [ [ -73.89828175977199, 40.66581988240042 ], [ -73.898995497655804, 40.665713636187817 ], [ -73.899066274299329, 40.665989623758996 ], [ -73.89870880062081, 40.666041108165409 ], [ -73.89872690100097, 40.666111689471066 ], [ -73.898738599962556, 40.666157308225849 ], [ -73.898752005993884, 40.666209585999482 ], [ -73.898763260592744, 40.666253469965554 ], [ -73.898776084706128, 40.666303480623988 ], [ -73.898789099304068, 40.666354228971045 ], [ -73.898801027600797, 40.666400744834213 ], [ -73.898813077010686, 40.666447730871973 ], [ -73.898825887089245, 40.666497687480295 ], [ -73.898837917728599, 40.666544596954473 ], [ -73.898850745485518, 40.666594618412176 ], [ -73.89886280319763, 40.666641635068444 ], [ -73.898882184220071, 40.666717206330823 ], [ -73.898985812560468, 40.667121297826164 ], [ -73.898628943126283, 40.66717269516316 ], [ -73.89828175977199, 40.66581988240042 ] ] ], [ [ [ -73.89595190249112, 40.666451085121352 ], [ -73.896297628288551, 40.666401449252049 ], [ -73.896503705328456, 40.667209804179187 ], [ -73.896157974310569, 40.667259441562337 ], [ -73.89595190249112, 40.666451085121352 ] ] ], [ [ [ -73.896787908214293, 40.667435970245421 ], [ -73.896587031492473, 40.666636183538117 ], [ -73.896940800760277, 40.666583515525126 ], [ -73.896873088927848, 40.666313921271609 ], [ -73.897226855077477, 40.666261252375811 ], [ -73.897158445398688, 40.665988886767785 ], [ -73.897370705879339, 40.665957284494553 ], [ -73.897439116392462, 40.666229649977282 ], [ -73.897792881649565, 40.666176978439729 ], [ -73.897928314201764, 40.666716165825683 ], [ -73.898273062079198, 40.666664836486461 ], [ -73.898411666202406, 40.667200403295048 ], [ -73.896787908214293, 40.667435970245421 ] ] ] ] } },
{ "type": "Feature", "properties": { "name": "VAN DYKE I", "borough": "BROOKLYN", "borough_primary": "BROOKLYN", "hvi_score_zcta": 5.0, "avg_monthly_rent_usd": 666.0, "is_senior_development": false, "total_population": "3,294" }, "geometry": { "type": "MultiPolygon", "coordinates": [ [ [ [ -73.903610470522707, 40.66484940794922 ], [ -73.903429344490746, 40.664124559463801 ], [ -73.902721094282029, 40.664228048727658 ], [ -73.902549566271517, 40.663559708903271 ], [ -73.90502273706079, 40.663201276319199 ], [ -73.905212639824171, 40.663968979307462 ], [ -73.904880051007652, 40.664018243095626 ], [ -73.904962118789911, 40.664350016208139 ], [ -73.904958573833341, 40.664350541882349 ], [ -73.90502996829315, 40.664639162367358 ], [ -73.903610470522707, 40.66484940794922 ] ] ], [ [ [ -73.903315830394249, 40.666464646401074 ], [ -73.902979282136798, 40.665150669880603 ], [ -73.903773420350532, 40.665032423704538 ], [ -73.903868645369911, 40.66540419509905 ], [ -73.90441166272818, 40.665323336359613 ], [ -73.904408949916714, 40.665312554022805 ], [ -73.904688418070805, 40.665270938009719 ], [ -73.904597520813539, 40.664909709625164 ], [ -73.905421767282249, 40.664786967250151 ], [ -73.905753215375356, 40.66610407166479 ], [ -73.903315830394249, 40.666464646401074 ] ] ], [ [ [ -73.903358263092173, 40.666684894322287 ], [ -73.905819219524716, 40.666315157225597 ], [ -73.906154832434552, 40.667630948888558 ], [ -73.903692583391376, 40.66799700895249 ], [ -73.903358263092173, 40.666684894322287 ] ] ] ] } },
{ "type": "Feature", "properties": { "name": "VAN DYKE II", "borough": "BROOKLYN", "borough_primary": "BROOKLYN", "hvi_score_zcta": 5.0, "avg_monthly_rent_usd": 390.0, "is_senior_development": true, "total_population": "125" }, "geometry": { "type": "MultiPolygon", "coordinates": [ [ [ [ -73.90272109433451, 40.664228048719913 ], [ -73.903429344490746, 40.664124559463744 ], [ -73.903610470522707, 40.664849407949141 ], [ -73.90290729687085, 40.664953550019241 ], [ -73.90272109433451, 40.664228048719913 ] ] ] ] } },
{ "type": "Feature", "properties": { "name": "VANDALIA AVENUE", "borough": "BROOKLYN", "borough_primary": "BROOKLYN", "hvi_score_zcta": 3.0, "avg_monthly_rent_usd": 455.0, "is_senior_development": true, "total_population": "321" }, "geometry": { "type": "MultiPolygon", "coordinates": [ [ [ [ -73.88581481346101, 40.650446235567912 ], [ -73.886270021672345, 40.650242652585845 ], [ -73.887655295589141, 40.6493269532874 ], [ -73.888310574098625, 40.649832278892085 ], [ -73.887777350516345, 40.650222121884639 ], [ -73.887584984468191, 40.650305011330772 ], [ -73.887101195621497, 40.650513472080398 ], [ -73.886167954111841, 40.650915588122238 ], [ -73.886164817401919, 40.65091694029757 ], [ -73.88581481346101, 40.650446235567912 ] ] ] ] } },
{ "type": "Feature", "properties": { "name": "VLADECK", "borough": "MANHATTAN", "borough_primary": "MANHATTAN", "hvi_score_zcta": 3.0, "avg_monthly_rent_usd": 601.0, "is_senior_development": false, "total_population": "2,614" }, "geometry": { "type": "MultiPolygon", "coordinates": [ [ [ [ -73.982008102586008, 40.711490281849422 ], [ -73.983520076211164, 40.711386082299732 ], [ -73.983761402145589, 40.713141373970188 ], [ -73.982222064798165, 40.71331935938214 ], [ -73.982032689805934, 40.713341254711601 ], [ -73.980962490466808, 40.713464981249786 ], [ -73.980741735475263, 40.711577539068422 ], [ -73.981817706720733, 40.711503402093463 ], [ -73.982008102586008, 40.711490281849422 ] ] ], [ [ [ -73.982003117280115, 40.714039598684472 ], [ -73.981970848153608, 40.71378857364013 ], [ -73.981958700733557, 40.713789941413616 ], [ -73.981924170345735, 40.713521322719281 ], [ -73.982917551349772, 40.713409151931764 ], [ -73.98293719319382, 40.713561541035844 ], [ -73.982985287989763, 40.713936032644895 ], [ -73.982003117280115, 40.714039598684472 ] ] ] ] } },
{ "type": "Feature", "properties": { "name": "VLADECK II", "borough": "MANHATTAN", "borough_primary": "MANHATTAN", "hvi_score_zcta": 3.0, "avg_monthly_rent_usd": 607.0, "is_senior_development": false, "total_population": "465" }, "geometry": { "type": "MultiPolygon", "coordinates": [ [ [ [ -73.979870356395537, 40.71233895280205 ], [ -73.980601183718832, 40.712289957218779 ], [ -73.980745357068869, 40.713469144218195 ], [ -73.980020102596768, 40.713546583402888 ], [ -73.979990169540173, 40.713301739295432 ], [ -73.979907337993922, 40.713307291824336 ], [ -73.979906669807292, 40.713301825608724 ], [ -73.979637943558402, 40.713319839931181 ], [ -73.979606060646091, 40.713059046428548 ], [ -73.979957618253692, 40.713035479674375 ], [ -73.97993752307255, 40.712871107777104 ], [ -73.979935259524581, 40.712869835861646 ], [ -73.979870356395537, 40.71233895280205 ] ] ] ] } },
{ "type": "Feature", "properties": { "name": "WAGNER", "borough": "MANHATTAN", "borough_primary": "MANHATTAN", "hvi_score_zcta": 5.0, "avg_monthly_rent_usd": 630.0, "is_senior_development": false, "total_population": "4,176" }, "geometry": { "type": "MultiPolygon", "coordinates": [ [ [ [ -73.929801173437738, 40.797156005568517 ], [ -73.929818824868804, 40.797155526445202 ], [ -73.92983983492573, 40.797156826950228 ], [ -73.929862108000748, 40.797160502838082 ], [ -73.929875436210693, 40.7971639166378 ], [ -73.93217437522118, 40.798122986423941 ], [ -73.931840508307033, 40.798579487803039 ], [ -73.932352068925695, 40.7987930004522 ], [ -73.93298522317555, 40.79905725809062 ], [ -73.932030446370518, 40.800362733070784 ], [ -73.932012789719479, 40.80038374931889 ], [ -73.931981250199726, 40.800412272941145 ], [ -73.931946288988726, 40.800435550926608 ], [ -73.931904276502181, 40.800455826973931 ], [ -73.931866938278134, 40.800468535270397 ], [ -73.931825898107363, 40.800477755532476 ], [ -73.93178105479555, 40.800482793411064 ], [ -73.931738458455115, 40.800483002324299 ], [ -73.93170161308187, 40.800479603626876 ], [ -73.931660571480194, 40.800471720644829 ], [ -73.931616887348625, 40.800458053073228 ], [ -73.930669002138998, 40.800061257216989 ], [ -73.930640420573468, 40.800048236810824 ], [ -73.930604711981999, 40.800029989210678 ], [ -73.930564588811549, 40.800006534053281 ], [ -73.930537230707912, 40.79998848867119 ], [ -73.93050538239585, 40.799965036678245 ], [ -73.930474562617206, 40.799939376371555 ], [ -73.930451661216495, 40.799918032425765 ], [ -73.930432920480342, 40.799898822468613 ], [ -73.930413142591846, 40.799876493452608 ], [ -73.930393698783476, 40.799851994431201 ], [ -73.930378231345216, 40.799830216415941 ], [ -73.930363714201434, 40.799807380885746 ], [ -73.930353407055648, 40.799789347559582 ], [ -73.930345429111867, 40.799774052257995 ], [ -73.930338866729599, 40.799760372406737 ], [ -73.930333401421393, 40.799748043967234 ], [ -73.930328037684077, 40.799734908741399 ], [ -73.929807201019969, 40.79840698892319 ], [ -73.929769319798368, 40.798289263335811 ], [ -73.92973702028965, 40.798184623596121 ], [ -73.929709027163454, 40.798083222867739 ], [ -73.929690436826149, 40.797998597873253 ], [ -73.929674494711065, 40.797925383822204 ], [ -73.929659954631006, 40.797814976381446 ], [ -73.929646444669984, 40.797685180904573 ], [ -73.929636791520778, 40.79751863387839 ], [ -73.929639718397326, 40.797433383546633 ], [ -73.929640749329124, 40.797354880401898 ], [ -73.929652689781292, 40.797259819220201 ], [ -73.929654596760912, 40.797252710937904 ], [ -73.929659630028624, 40.797239615338583 ], [ -73.929667746868574, 40.797225070014974 ], [ -73.929677132918357, 40.797212638037728 ], [ -73.929691528619117, 40.797198238821842 ], [ -73.929706881193553, 40.797186610125024 ], [ -73.929723602764042, 40.797176856201254 ], [ -73.929744018063161, 40.797167976210211 ], [ -73.929762826913631, 40.797162142528229 ], [ -73.929779665198851, 40.797158555290345 ], [ -73.929801173437738, 40.797156005568517 ] ] ], [ [ [ -73.93197856116204, 40.800961050959657 ], [ -73.933121467125758, 40.799398186198964 ], [ -73.933918137127861, 40.79973421769607 ], [ -73.935074744687071, 40.800222052331733 ], [ -73.933931871624324, 40.801784935354313 ], [ -73.93197856116204, 40.800961050959657 ] ] ], [ [ [ -73.931811887917931, 40.801220332300375 ], [ -73.931858521240969, 40.801156117357777 ], [ -73.93359329530746, 40.801889523789818 ], [ -73.933546663144014, 40.801953739426807 ], [ -73.933366420566713, 40.802201945313499 ], [ -73.931631640857859, 40.801468535503638 ], [ -73.931811887917931, 40.801220332300375 ] ] ] ] } },
{ "type": "Feature", "properties": { "name": "WALD", "borough": "MANHATTAN", "borough_primary": "MANHATTAN", "hvi_score_zcta": 2.0, "avg_monthly_rent_usd": 631.0, "is_senior_development": false, "total_population": "3,527" }, "geometry": { "type": "MultiPolygon", "coordinates": [ [ [ [ -73.976795317749193, 40.719396339231736 ], [ -73.97679297494372, 40.719401282558465 ], [ -73.976787278816232, 40.719400269237106 ], [ -73.976781592950474, 40.719400377052288 ], [ -73.97677648567317, 40.719400981164831 ], [ -73.976770855014649, 40.719402293872726 ], [ -73.976763560895478, 40.719405203749062 ], [ -73.976759866857691, 40.719409007657497 ], [ -73.976757678038283, 40.719413589910097 ], [ -73.976755895706802, 40.719420055210783 ], [ -73.97660070749599, 40.719853829060675 ], [ -73.976598683167381, 40.719868523167655 ], [ -73.976601404130676, 40.719882188055877 ], [ -73.976611716048794, 40.71989380402561 ], [ -73.976621962184979, 40.719904010683265 ], [ -73.976923900864648, 40.72003260045409 ], [ -73.977456378516266, 40.720259370551297 ], [ -73.977685879013279, 40.719947454373361 ], [ -73.977836865571803, 40.719742245654786 ], [ -73.978544630576764, 40.720036277295428 ], [ -73.97684259133986, 40.722370684379797 ], [ -73.974906096758417, 40.721554092798655 ], [ -73.975034035634749, 40.72046704969506 ], [ -73.975050053627214, 40.720288392040636 ], [ -73.975043981244127, 40.720119396565664 ], [ -73.975062347492639, 40.719772659260855 ], [ -73.975131883813546, 40.719152709309618 ], [ -73.975150512460473, 40.719116059879035 ], [ -73.975182917499993, 40.71909576937631 ], [ -73.975206713732106, 40.719090325518067 ], [ -73.975218647868914, 40.719089399661762 ], [ -73.975284010900424, 40.719089447931744 ], [ -73.975392137097643, 40.719105217408725 ], [ -73.976795317749193, 40.719396339231736 ] ] ] ] } },
{ "type": "Feature", "properties": { "name": "WASHINGTON", "borough": "MANHATTAN", "borough_primary": "MANHATTAN", "hvi_score_zcta": 4.0, "avg_monthly_rent_usd": 642.0, "is_senior_development": false, "total_population": "3,122" }, "geometry": { "type": "MultiPolygon", "coordinates": [ [ [ [ -73.945906986726058, 40.78614394761442 ], [ -73.946662963785471, 40.785105624776342 ], [ -73.948579691987334, 40.7859162222422 ], [ -73.94782551235906, 40.786955068011096 ], [ -73.945906986726058, 40.78614394761442 ] ] ], [ [ [ -73.944550261670841, 40.788006503686361 ], [ -73.945782413513726, 40.786319181556273 ], [ -73.946586074727421, 40.786657885051767 ], [ -73.946230046341938, 40.787145682174689 ], [ -73.946706895852671, 40.787346646978129 ], [ -73.947062921818429, 40.78685884929773 ], [ -73.947704519136323, 40.787129240334941 ], [ -73.946472133503832, 40.788817741623006 ], [ -73.944550261670841, 40.788006503686361 ] ] ], [ [ [ -73.944660073901446, 40.789067462767953 ], [ -73.944326508823892, 40.78892726612542 ], [ -73.943974479504007, 40.789404487074805 ], [ -73.94364304666621, 40.789264479503508 ], [ -73.944422605371741, 40.788207680763747 ], [ -73.944741582539393, 40.788341898930014 ], [ -73.944383810074669, 40.788826915853832 ], [ -73.944860467533516, 40.789027253295735 ], [ -73.945039505042928, 40.788784538552711 ], [ -73.944958997768566, 40.788750701631599 ], [ -73.945137623778947, 40.788508543939926 ], [ -73.946327428049813, 40.789012309490118 ], [ -73.945547888974133, 40.79006912098135 ], [ -73.94458557355739, 40.789662627415971 ], [ -73.944660073901446, 40.789067462767953 ] ] ] ] } },
{ "type": "Feature", "properties": { "name": "WEBSTER", "borough": "BRONX", "borough_primary": "BRONX", "hvi_score_zcta": 5.0, "avg_monthly_rent_usd": 597.0, "is_senior_development": false, "total_population": "1,423" }, "geometry": { "type": "MultiPolygon", "coordinates": [ [ [ [ -73.907460529074612, 40.833434192392374 ], [ -73.907945788677438, 40.832572287630704 ], [ -73.907964114324116, 40.832578132960855 ], [ -73.908298369703147, 40.83198442197839 ], [ -73.908310363528571, 40.831988248712648 ], [ -73.908311700558414, 40.831985876070902 ], [ -73.90939756768465, 40.83233222442886 ], [ -73.908569280944931, 40.833800302950806 ], [ -73.907460529074612, 40.833434192392374 ] ] ] ] } },
{ "type": "Feature", "properties": { "name": "WEST FARMS ROAD REHAB", "borough": "BRONX", "borough_primary": "BRONX", "hvi_score_zcta": 5.0, "avg_monthly_rent_usd": 620.0, "is_senior_development": false, "total_population": "427" }, "geometry": { "type": "MultiPolygon", "coordinates": [ [ [ [ -73.88949810081904, 40.826064395958106 ], [ -73.889726749612336, 40.825946513871919 ], [ -73.889930269380201, 40.826174127689235 ], [ -73.88995859983153, 40.82618900210565 ], [ -73.889716392694098, 40.826310324183275 ], [ -73.889689470978041, 40.826323810376479 ], [ -73.890062812483322, 40.826512654223251 ], [ -73.88991968754425, 40.826676694313967 ], [ -73.889504676011626, 40.82667509884692 ], [ -73.889507247947094, 40.826444830979348 ], [ -73.889489150588261, 40.82642415085634 ], [ -73.889274993262433, 40.826179419332448 ], [ -73.88949810081904, 40.826064395958106 ] ] ], [ [ [ -73.886594972950022, 40.830070521790006 ], [ -73.887158275081006, 40.829735954033943 ], [ -73.887492085785567, 40.829851576022385 ], [ -73.887439885275626, 40.829907278364196 ], [ -73.887117348731564, 40.830251458462932 ], [ -73.886594972950022, 40.830070521790006 ] ] ] ] } },
{ "type": "Feature", "properties": { "name": "WEST FARMS SQUARE CONVENTIONAL", "borough": "BRONX", "borough_primary": "BRONX", "hvi_score_zcta": 5.0, "avg_monthly_rent_usd": 625.0, "is_senior_development": false, "total_population": "44" }, "geometry": { "type": "MultiPolygon", "coordinates": [ [ [ [ -73.888057534045501, 40.827448379991658 ], [ -73.888434634513814, 40.827429783689794 ], [ -73.888442393711244, 40.827520167662705 ], [ -73.888446395998713, 40.827566783901304 ], [ -73.888069294757472, 40.827585380241203 ], [ -73.888057534045501, 40.827448379991658 ] ] ] ] } },
{ "type": "Feature", "properties": { "name": "WEST TREMONT AVENUE-SEDGWICK AVENUE AREA", "borough": "BRONX", "borough_primary": "BRONX", "hvi_score_zcta": 5.0, "avg_monthly_rent_usd": 346.0, "is_senior_development": true, "total_population": "145" }, "geometry": { "type": "MultiPolygon", "coordinates": [ [ [ [ -73.917684853911908, 40.852217395285088 ], [ -73.917882467088205, 40.852073220611501 ], [ -73.917929011373033, 40.852134421435757 ], [ -73.917975554555383, 40.852195624040782 ], [ -73.918238564066655, 40.852003735855078 ], [ -73.91833165209286, 40.852126138098072 ], [ -73.918068642366151, 40.852318026491865 ], [ -73.918115184621712, 40.852379227236781 ], [ -73.918161729333661, 40.852440428864455 ], [ -73.918205573392243, 40.852498078819636 ], [ -73.918273736580019, 40.852512010908697 ], [ -73.918518899524656, 40.852372352376264 ], [ -73.918589511062351, 40.852465198796331 ], [ -73.918635459553855, 40.852445123233132 ], [ -73.91880773412835, 40.852685587633104 ], [ -73.918608736494718, 40.852757613709237 ], [ -73.918354488859265, 40.852790329913297 ], [ -73.918309647188096, 40.852793448088988 ], [ -73.918276652305181, 40.852792311712726 ], [ -73.918243065479189, 40.852788413099603 ], [ -73.918210213728017, 40.852780826584215 ], [ -73.918174679773259, 40.85277004411315 ], [ -73.918143069565758, 40.852756795267197 ], [ -73.91810654637267, 40.852736537100242 ], [ -73.918075047552207, 40.852713757511005 ], [ -73.91805058640054, 40.852690719969097 ], [ -73.918029112170728, 40.852667093821665 ], [ -73.918022222341278, 40.85265903763009 ], [ -73.918016365061433, 40.85265130544834 ], [ -73.917981864097371, 40.852609793473292 ], [ -73.917916148729347, 40.852525632707788 ], [ -73.917883291103678, 40.852483555462193 ], [ -73.917850433528457, 40.852441471003097 ], [ -73.917817535720317, 40.852399348684933 ], [ -73.917785623431385, 40.852356289647496 ], [ -73.917753740783965, 40.852313269343185 ], [ -73.917721775281109, 40.852270153518525 ], [ -73.917710349480032, 40.852252417388485 ], [ -73.917698267326202, 40.852235119328462 ], [ -73.91768599889393, 40.852218855799208 ], [ -73.917684853911908, 40.852217395285088 ] ] ] ] } },
{ "type": "Feature", "properties": { "name": "WHITMAN", "borough": "BROOKLYN", "borough_primary": "BROOKLYN", "hvi_score_zcta": 4.0, "avg_monthly_rent_usd": 609.0, "is_senior_development": false, "total_population": "3,326" }, "geometry": { "type": "MultiPolygon", "coordinates": [ [ [ [ -73.976099290160249, 40.694049445931952 ], [ -73.975985925189349, 40.693462666179755 ], [ -73.977722556655181, 40.693528883459379 ], [ -73.977850391313368, 40.694189826909685 ], [ -73.976150558149499, 40.694323326819706 ], [ -73.976129953694269, 40.694218941410575 ], [ -73.976099290160249, 40.694049445931952 ] ] ], [ [ [ -73.973322193254361, 40.693381170251463 ], [ -73.973352733594126, 40.693363878474322 ], [ -73.975738820805006, 40.693455005919752 ], [ -73.976235680388783, 40.695958131539697 ], [ -73.973621207351115, 40.695860385880998 ], [ -73.973176189633122, 40.693650952483054 ], [ -73.973172348921807, 40.69363125286911 ], [ -73.97317159389344, 40.693620008889503 ], [ -73.973171990993393, 40.693609299182576 ], [ -73.973174990257746, 40.693585532645841 ], [ -73.973180080294725, 40.693561187566324 ], [ -73.973188298955037, 40.693535587900413 ], [ -73.973199117647809, 40.693511029832393 ], [ -73.973213176916261, 40.693486298718625 ], [ -73.973229316494695, 40.693463445656064 ], [ -73.973248456201873, 40.693441098476676 ], [ -73.973270759231113, 40.693419435517697 ], [ -73.973293623026578, 40.69340074887991 ], [ -73.973322193254361, 40.693381170251463 ] ] ] ] } },
{ "type": "Feature", "properties": { "name": "WILSON", "borough": "MANHATTAN", "borough_primary": "MANHATTAN", "hvi_score_zcta": 4.0, "avg_monthly_rent_usd": 786.0, "is_senior_development": false, "total_population": "1,075" }, "geometry": { "type": "MultiPolygon", "coordinates": [ [ [ [ -73.93801267563974, 40.788534177643676 ], [ -73.9382232833035, 40.788056096755831 ], [ -73.940349279918308, 40.78895516299864 ], [ -73.939985507872862, 40.789453278029889 ], [ -73.937981183663453, 40.788605666785074 ], [ -73.93801267563974, 40.788534177643676 ] ] ] ] } },
{ "type": "Feature", "properties": { "name": "WOODSIDE", "borough": "QUEENS", "borough_primary": "QUEENS", "hvi_score_zcta": 3.0, "avg_monthly_rent_usd": 661.0, "is_senior_development": false, "total_population": "2,648" }, "geometry": { "type": "MultiPolygon", "coordinates": [ [ [ [ -73.910170601577917, 40.753221853925226 ], [ -73.910316558049999, 40.753104781203426 ], [ -73.91058896630912, 40.753120374513976 ], [ -73.91178363683666, 40.755436195447899 ], [ -73.911754429698163, 40.755454950422532 ], [ -73.909209699141314, 40.754245734080875 ], [ -73.90931906373666, 40.754098175979237 ], [ -73.909439394635314, 40.753947904163439 ], [ -73.90957127358989, 40.753795487275021 ], [ -73.909854784971756, 40.753503039648216 ], [ -73.9099895345894, 40.753378004404425 ], [ -73.910170601577917, 40.753221853925226 ] ] ], [ [ [ -73.908038336991339, 40.756946793070533 ], [ -73.908611109077924, 40.755383933252595 ], [ -73.908730745621412, 40.755092492060633 ], [ -73.908866055243067, 40.754813906147717 ], [ -73.908963283984932, 40.754645271458436 ], [ -73.909066734751207, 40.754474310185387 ], [ -73.909089280920583, 40.754443596417453 ], [ -73.911833709595641, 40.755731476282662 ], [ -73.91095527630651, 40.756813205657387 ], [ -73.910817267180505, 40.75674727374129 ], [ -73.91079096457004, 40.756735614340982 ], [ -73.91074382257743, 40.756725274239571 ], [ -73.910716543984378, 40.756724367903466 ], [ -73.910683561980363, 40.756728014597563 ], [ -73.910656655086228, 40.756735164458043 ], [ -73.910637804971685, 40.756742823945324 ], [ -73.91061970730874, 40.756752778501379 ], [ -73.910595125084626, 40.756772241863032 ], [ -73.91058222782695, 40.756787129816495 ], [ -73.910572281085066, 40.756803324891834 ], [ -73.91056473198374, 40.756823356179957 ], [ -73.910561798746571, 40.756842690458399 ], [ -73.910562820341724, 40.756861504613219 ], [ -73.910568541691262, 40.756882415191832 ], [ -73.910572672740031, 40.75689177375088 ], [ -73.910579631204513, 40.756903285812335 ], [ -73.910588099009004, 40.756914328080526 ], [ -73.910590478668666, 40.756918333575051 ], [ -73.910592063930636, 40.756922175461597 ], [ -73.910593166175332, 40.756926789607078 ], [ -73.91059345631065, 40.756931201408861 ], [ -73.91059302176285, 40.756935564921349 ], [ -73.910591930276951, 40.756939698294957 ], [ -73.910590499892024, 40.756943105598388 ], [ -73.910588560338482, 40.756946475585487 ], [ -73.909892682796453, 40.757810315074181 ], [ -73.908038336991339, 40.756946793070533 ] ] ] ] } },
{ "type": "Feature", "properties": { "name": "WOODSON", "borough": "BROOKLYN", "borough_primary": "BROOKLYN", "hvi_score_zcta": 5.0, "avg_monthly_rent_usd": 382.0, "is_senior_development": true, "total_population": "450" }, "geometry": { "type": "MultiPolygon", "coordinates": [ [ [ [ -73.901570172225021, 40.663722697038033 ], [ -73.902287069556849, 40.663612329449656 ], [ -73.902638468593139, 40.664993653342123 ], [ -73.901919676665145, 40.665099197432305 ], [ -73.901570172225021, 40.663722697038033 ] ] ], [ [ [ -73.902474074754039, 40.665761986937071 ], [ -73.902423958502041, 40.665566881769607 ], [ -73.902418310256238, 40.665567769390329 ], [ -73.902398104625007, 40.665489108345007 ], [ -73.902327143641358, 40.665212855208914 ], [ -73.902685167912566, 40.665158365808239 ], [ -73.902957734901577, 40.666244168630683 ], [ -73.902606240307009, 40.666299383017765 ], [ -73.902502341169736, 40.665894902808475 ], [ -73.902468426492533, 40.665762874560215 ], [ -73.902474074754039, 40.665761986937071 ] ] ] ] } },
{ "type": "Feature", "properties": { "name": "WSUR (BROWNSTONES)", "borough": "MANHATTAN", "borough_primary": "MANHATTAN", "hvi_score_zcta": 2.0, "avg_monthly_rent_usd": 609.0, "is_senior_development": false, "total_population": "285" }, "geometry": { "type": "MultiPolygon", "coordinates": [ [ [ [ -73.96926579680742, 40.788197098430892 ], [ -73.969447174198692, 40.787946768683213 ], [ -73.969650844898212, 40.788032670850342 ], [ -73.969469471592191, 40.788283002717058 ], [ -73.969513883004069, 40.78830173498595 ], [ -73.969431507598856, 40.788414393740531 ], [ -73.969431887841992, 40.788414554130512 ], [ -73.969331895079989, 40.788551303739503 ], [ -73.969150854177514, 40.788474946080775 ], [ -73.969333221629014, 40.78822553709994 ], [ -73.96926579680742, 40.788197098430892 ] ] ], [ [ [ -73.967828713777891, 40.788736779829314 ], [ -73.968008369282458, 40.788489235332563 ], [ -73.968026689530532, 40.788496952305806 ], [ -73.968203637005843, 40.788253137519874 ], [ -73.96849275091887, 40.788375305927921 ], [ -73.968316010466992, 40.788618835751208 ], [ -73.968367178490823, 40.788640392487842 ], [ -73.968416452444046, 40.788661149038028 ], [ -73.968632496766531, 40.788752161324219 ], [ -73.968452841687665, 40.788999707683914 ], [ -73.967828713777891, 40.788736779829314 ] ] ], [ [ [ -73.9690378078664, 40.789246131663099 ], [ -73.969217461435221, 40.788998584401185 ], [ -73.969248415382665, 40.789011624711627 ], [ -73.969309376843981, 40.789037304332538 ], [ -73.96936686282335, 40.789061520584355 ], [ -73.969424980220808, 40.789086003523032 ], [ -73.969482782564938, 40.789110353074811 ], [ -73.96930312968145, 40.789357899845619 ], [ -73.9690378078664, 40.789246131663099 ] ] ], [ [ [ -73.969666537386132, 40.791621195318854 ], [ -73.969830452228962, 40.791396775103848 ], [ -73.970430414508442, 40.791649843334326 ], [ -73.970252959427654, 40.791892803102556 ], [ -73.969666537386132, 40.791621195318854 ] ] ] ] } },
{ "type": "Feature", "properties": { "name": "WSUR (SITE A) 120 WEST 94TH STREET", "borough": "MANHATTAN", "borough_primary": "MANHATTAN", "hvi_score_zcta": 2.0, "avg_monthly_rent_usd": 788.0, "is_senior_development": false, "total_population": "139" }, "geometry": { "type": "MultiPolygon", "coordinates": [ [ [ [ -73.969401558097118, 40.79185946881973 ], [ -73.969598583113282, 40.79158972113418 ], [ -73.969666537386132, 40.791621195318818 ], [ -73.970252959427825, 40.791892803102513 ], [ -73.97007104644139, 40.792141864121916 ], [ -73.969401558097118, 40.79185946881973 ] ] ] ] } },
{ "type": "Feature", "properties": { "name": "WSUR (SITE B) 74 WEST 92ND STREET", "borough": "MANHATTAN", "borough_primary": "MANHATTAN", "hvi_score_zcta": 2.0, "avg_monthly_rent_usd": 653.0, "is_senior_development": false, "total_population": "280" }, "geometry": { "type": "MultiPolygon", "coordinates": [ [ [ [ -73.968888781125983, 40.789996322069229 ], [ -73.969242038447433, 40.789507343263892 ], [ -73.969641920689128, 40.789675794289927 ], [ -73.969289227374048, 40.790163996425321 ], [ -73.968888781125983, 40.789996322069229 ] ] ] ] } },
{ "type": "Feature", "properties": { "name": "WSUR (SITE C) 589 AMSTERDAM AVENUE", "borough": "MANHATTAN", "borough_primary": "MANHATTAN", "hvi_score_zcta": 1.0, "avg_monthly_rent_usd": 621.0, "is_senior_development": false, "total_population": "287" }, "geometry": { "type": "MultiPolygon", "coordinates": [ [ [ [ -73.973184054025225, 40.789349439918176 ], [ -73.973363668217644, 40.789103242345803 ], [ -73.973204211611304, 40.789036148694066 ], [ -73.973383035379001, 40.788791030596478 ], [ -73.973854644413834, 40.788989465738858 ], [ -73.973496207272348, 40.789480782614078 ], [ -73.973184054025225, 40.789349439918176 ] ] ] ] } },
{ "type": "Feature", "properties": { "name": "WYCKOFF GARDENS", "borough": "BROOKLYN", "borough_primary": "BROOKLYN", "hvi_score_zcta": 2.0, "avg_monthly_rent_usd": 712.0, "is_senior_development": false, "total_population": "988" }, "geometry": { "type": "MultiPolygon", "coordinates": [ [ [ [ -73.982580612375386, 40.682755900914835 ], [ -73.983323055277808, 40.681655593472264 ], [ -73.985059037930867, 40.682327333664418 ], [ -73.984313167416147, 40.683430023700836 ], [ -73.982580612375386, 40.682755900914835 ] ] ] ] } }
]
}
